"rank","variable","data_type","Gain","cumulative_gain","in_80pct"
1,"purity","clin",0.115791187229256,0.115791187229256,TRUE
2,"PCDHGA4;PCDHGA11;PCDHGA12;PCDHGA9;PCDHGA1;PCDHGB1;PCDHGB6;PCDHGB3;PCDHGB7;PCDHGA6;PCDHGA8;PCDHGA10;PCDHGA5;PCDHGB4;PCDHGA3;PCDHGA2;PCDHGA7;PCDHGB2;PCDHGB5","meth",0.0168645369960524,0.132655724225309,TRUE
3,"DSN1","exp",0.0159814929689396,0.148637217194248,TRUE
4,"DEFB119","meth",0.0149559926231731,0.163593209817421,TRUE
5,"KIR3DX1","meth",0.0117051181103841,0.175298327927805,TRUE
6,"KRTAP13-4","meth",0.00806426480866307,0.183362592736468,TRUE
7,"C6orf227","meth",0.00669883384025722,0.190061426576726,TRUE
8,"DPM1","exp",0.00653883034290854,0.196600256919634,TRUE
9,"OR1G1","meth",0.00421367917614835,0.200813936095783,TRUE
10,"GP2","meth",0.00414417347884783,0.20495810957463,TRUE
11,"SPATA18","exp",0.00378167908750144,0.208739788662132,TRUE
12,"INPP5J.1","meth",0.00361227502785326,0.212352063689985,TRUE
13,"IFT140;TMEM204","meth",0.0034911240968242,0.215843187786809,TRUE
14,"SEMG2","meth",0.00327656709828543,0.219119754885095,TRUE
15,"TAL1.1","meth",0.00315672212570751,0.222276477010802,TRUE
16,"EDA2R.1","meth",0.00296049995323463,0.225236976964037,TRUE
17,"HOXD3","meth",0.00286247162339587,0.228099448587433,TRUE
18,"RPS27L","exp",0.00277927997342913,0.230878728560862,TRUE
19,"ELF4.1","meth",0.00271254787544485,0.233591276436307,TRUE
20,"FBXO25","exp",0.00271019763407046,0.236301474070377,TRUE
21,"ACAP1","exp",0.00262477488775011,0.238926248958127,TRUE
22,"DHX35","exp",0.00257661046269975,0.241502859420827,TRUE
23,"KRTAP8-1","meth",0.00250805893356058,0.244010918354388,TRUE
24,"SST","meth",0.00240980158723518,0.246420719941623,TRUE
25,"HOXC10","meth",0.0023269363260817,0.248747656267705,TRUE
26,"ZNF572.1","meth",0.00231646668417949,0.251064122951884,TRUE
27,"RPP21.1","meth",0.00217250038886652,0.253236623340751,TRUE
28,"SOX12","exp",0.00212808409279477,0.255364707433545,TRUE
29,"HIRIP3","exp",0.00203800823949533,0.257402715673041,TRUE
30,"MOBKL2B","exp",0.00199868917304358,0.259401404846084,TRUE
31,"SLC25A15.1","meth",0.00197286353219401,0.261374268378278,TRUE
32,"PRSS1","meth",0.00197224301041066,0.263346511388689,TRUE
33,"TAF4","exp",0.00194724553833498,0.265293756927024,TRUE
34,"C2orf60;C2orf47","meth",0.00194587184261315,0.267239628769637,TRUE
35,"ZIC1","meth",0.00190508190971196,0.269144710679349,TRUE
36,"TLX3","meth",0.0018764568648716,0.271021167544221,TRUE
37,"CELSR3","exp",0.00184227978302227,0.272863447327243,TRUE
38,"MTMR11.1","meth",0.0018337644420193,0.274697211769262,TRUE
39,"RNF113A;NDUFA1","meth",0.00182809346158857,0.276525305230851,TRUE
40,"NPY","meth",0.00177045569699251,0.278295760927843,TRUE
41,"SSBP3.1","meth",0.00174345312106458,0.280039214048908,TRUE
42,"C9orf167.1","meth",0.00173555810024594,0.281774772149154,TRUE
43,"MAPKBP1","exp",0.00173126262992822,0.283506034779082,TRUE
44,"JRK","exp",0.00173007319571061,0.285236107974793,TRUE
45,"ELSPBP1","meth",0.00168222145074017,0.286918329425533,TRUE
46,"ZKSCAN4","exp",0.00166285846967261,0.288581187895205,TRUE
47,"MLPH","meth",0.00165756236261945,0.290238750257825,TRUE
48,"RPH3A.1","meth",0.00160824327918242,0.291846993537007,TRUE
49,"KLHL4.1","meth",0.00159440945363507,0.293441402990642,TRUE
50,"AMPH.1","meth",0.00157753057569114,0.295018933566333,TRUE
51,"CCL18.1","meth",0.00157171373836949,0.296590647304703,TRUE
52,"FRY","exp",0.00157061401571575,0.298161261320419,TRUE
53,"MSX1.1","meth",0.00156528414082675,0.299726545461245,TRUE
54,"C13orf18","exp",0.00155439597935916,0.301280941440605,TRUE
55,"C12orf60","exp",0.00154254175538805,0.302823483195993,TRUE
56,"ZNF322A.1","meth",0.00153461064834484,0.304358093844337,TRUE
57,"PYCR1.1","meth",0.00153205628796277,0.3058901501323,TRUE
58,"EBF1.1","meth",0.00152698849179968,0.3074171386241,TRUE
59,"NKRF","meth",0.00152396007132224,0.308941098695422,TRUE
60,"SERPINI1.1","meth",0.00150150425889038,0.310442602954312,TRUE
61,"GLYCTK.1","meth",0.00148219883434301,0.311924801788656,TRUE
62,"B4GALT2.1","meth",0.00146375232242008,0.313388554111076,TRUE
63,"C5orf24","exp",0.00146262115031923,0.314851175261395,TRUE
64,"XPNPEP3;ST13","meth",0.00145700006564593,0.316308175327041,TRUE
65,"GNS","meth",0.0014348975554965,0.317743072882537,TRUE
66,"EVC2.1","meth",0.00142363865343125,0.319166711535969,TRUE
67,"KLK3","meth",0.00140961290561693,0.320576324441585,TRUE
68,"SSTR5;LOC146336","meth",0.00139450467186507,0.321970829113451,TRUE
69,"TMED6.1","meth",0.00138519654271621,0.323356025656167,TRUE
70,"TRIM3.1","meth",0.00138506046337775,0.324741086119544,TRUE
71,"PLEKHG5","exp",0.0013744437549905,0.326115529874535,TRUE
72,"TCTEX1D1.1","meth",0.00137381285085762,0.327489342725393,TRUE
73,"FLJ13224","exp",0.00136450925768671,0.328853851983079,TRUE
74,"LPHN3","exp",0.0013242035656314,0.330178055548711,TRUE
75,"PHOX2B","meth",0.00132069433149142,0.331498749880202,TRUE
76,"MED1","exp",0.00131772608832143,0.332816475968524,TRUE
77,"GGT7","exp",0.00131530619448565,0.334131782163009,TRUE
78,"OR7C1","meth",0.00130286269657928,0.335434644859589,TRUE
79,"FAM95B1","exp",0.00129673862235125,0.33673138348194,TRUE
80,"BANK1.1","meth",0.00128728251952175,0.338018666001462,TRUE
81,"MBL2","meth",0.00128407003913911,0.339302736040601,TRUE
82,"CSRNP2.1","meth",0.00127609578990564,0.340578831830506,TRUE
83,"RAMP3","exp",0.00125495924146022,0.341833791071966,TRUE
84,"ERBB3.1","meth",0.00125489150418952,0.343088682576156,TRUE
85,"CBFA2T3","exp",0.00124357383600997,0.344332256412166,TRUE
86,"SP3","meth",0.00123848204956351,0.34557073846173,TRUE
87,"OPRD1","meth",0.00122531047679664,0.346796048938526,TRUE
88,"RNASE6.1","meth",0.00121832335716427,0.34801437229569,TRUE
89,"CCBL2","exp",0.00121763933168964,0.34923201162738,TRUE
90,"SIGLEC12.1","meth",0.00121549925729353,0.350447510884674,TRUE
91,"GALNT9","exp",0.00121523506177791,0.351662745946451,TRUE
92,"NXPH3.1","meth",0.00120273693053713,0.352865482876989,TRUE
93,"KITLG.1","meth",0.0012022086403054,0.354067691517294,TRUE
94,"IL1RAPL1","meth",0.00120198577258886,0.355269677289883,TRUE
95,"HNRNPA0","meth",0.00120047781191976,0.356470155101803,TRUE
96,"FGF12","meth",0.00119547351944795,0.35766562862125,TRUE
97,"DMPK","exp",0.00118631709356159,0.358851945714812,TRUE
98,"SPTLC3.1","meth",0.00118407410286581,0.360036019817678,TRUE
99,"GP1BB;SEPT5","meth",0.00117101199836676,0.361207031816045,TRUE
100,"IRF5","exp",0.00116559190791634,0.362372623723961,TRUE
101,"POLR3E","meth",0.00116376542079574,0.363536389144757,TRUE
102,"NCOR2","meth",0.00115796461059618,0.364694353755353,TRUE
103,"FAM127A.1","meth",0.00114900252616503,0.365843356281518,TRUE
104,"LOC284900","exp",0.00114628396338123,0.366989640244899,TRUE
105,"TBX20","meth",0.00114418824076951,0.368133828485669,TRUE
106,"GATA4","meth",0.00113967726109948,0.369273505746768,TRUE
107,"LOC100128191","exp",0.00113810176475869,0.370411607511527,TRUE
108,"MKNK2","exp",0.00113215832325252,0.371543765834779,TRUE
109,"MYO16.1","meth",0.00112424142894022,0.37266800726372,TRUE
110,"MAP2K3.1","meth",0.00112304534195496,0.373791052605675,TRUE
111,"TMEM147","exp",0.00111321023296799,0.374904262838643,TRUE
112,"VANGL2","exp",0.00110766958630365,0.376011932424946,TRUE
113,"STRA6","meth",0.00109707737219732,0.377109009797144,TRUE
114,"C6orf182","exp",0.00108865607713715,0.378197665874281,TRUE
115,"HDAC6","meth",0.00107989659972104,0.379277562474002,TRUE
116,"LTBR.1","meth",0.0010787635124295,0.380356325986431,TRUE
117,"TCF7L1","exp",0.00107843762761378,0.381434763614045,TRUE
118,"NPR3.1","meth",0.00106892003708321,0.382503683651128,TRUE
119,"EXD3;NOXA1","meth",0.00106449685378635,0.383568180504915,TRUE
120,"TTLL11","exp",0.00103766029465133,0.384605840799566,TRUE
121,"CPVL","exp",0.00102688563343197,0.385632726432998,TRUE
122,"C9orf78;USP20","meth",0.00102631430180948,0.386659040734807,TRUE
123,"BAIAP3.1","meth",0.00102070097869845,0.387679741713506,TRUE
124,"Cellular senescence ","path_mut",0.00101671103169543,0.388696452745201,TRUE
125,"CCDC47","meth",0.00101597721126287,0.389712429956464,TRUE
126,"WWC3.1","meth",0.00101571714852716,0.390728147104991,TRUE
127,"TNFSF14","exp",0.0010022320892843,0.391730379194276,TRUE
128,"MCM3APAS","exp",0.00100197686492506,0.392732356059201,TRUE
129,"NUMBL.1","meth",0.00100081797295897,0.39373317403216,TRUE
130,"MLF1","exp",0.000994641583785269,0.394727815615945,TRUE
131,"SGK2.1","meth",0.000993832365319256,0.395721647981264,TRUE
132,"MSL3","meth",0.000992959643161963,0.396714607624426,TRUE
133,"CDK10","exp",0.000984091907072148,0.397698699531498,TRUE
134,"HIST1H3H","exp",0.00097419853596842,0.398672898067467,TRUE
135,"PLXNB1.1","meth",0.000971950807695671,0.399644848875162,TRUE
136,"LOC653113","exp",0.000965499639057798,0.40061034851422,TRUE
137,"SH3RF2","exp",0.000964363930979003,0.401574712445199,TRUE
138,"C1orf35.1","meth",0.000962057839789983,0.402536770284989,TRUE
139,"GPR56.1","meth",0.000958260823049045,0.403495031108038,TRUE
140,"DICER1","exp",0.000957526397819427,0.404452557505858,TRUE
141,"PPP2R3A.1","meth",0.000943793573381065,0.405396351079239,TRUE
142,"MAPKSP1","meth",0.000943669892382336,0.406340020971621,TRUE
143,"SLC10A4.1","meth",0.000942690322744479,0.407282711294366,TRUE
144,"NUP210L","exp",0.000940884600322935,0.408223595894688,TRUE
145,"DLG2.1","meth",0.000931036689798202,0.409154632584487,TRUE
146,"MPP2.1","meth",0.000930665949200544,0.410085298533687,TRUE
147,"LPCAT1","exp",0.00092794879760988,0.411013247331297,TRUE
148,"SEPT5;GP1BB","meth",0.000924511534320013,0.411937758865617,TRUE
149,"DIO2","exp",0.000923282485894989,0.412861041351512,TRUE
150,"C6orf145.1","meth",0.000922887351815919,0.413783928703328,TRUE
151,"HDAC1","exp",0.000921696405605662,0.414705625108934,TRUE
152,"EFCAB4B","exp",0.000917775909465014,0.415623401018399,TRUE
153,"MGC3771","exp",0.000916754407231011,0.41654015542563,TRUE
154,"MIR1181;CDC37","meth",0.000915350874854234,0.417455506300484,TRUE
155,"FGF10","meth",0.000914872681978952,0.418370378982463,TRUE
156,"SCML2","exp",0.00091229906889048,0.419282678051353,TRUE
157,"ZNF548","exp",0.00091078385065666,0.42019346190201,TRUE
158,"SAT1","exp",0.000910730124517848,0.421104192026528,TRUE
159,"KCNE4.1","meth",0.000909810026590871,0.422014002053119,TRUE
160,"STK3","exp",0.000903583741659734,0.422917585794778,TRUE
161,"AGA.1","meth",0.000901350326917401,0.423818936121696,TRUE
162,"TSTD1.1","meth",0.000900814779120947,0.424719750900817,TRUE
163,"WFDC6","meth",0.000894332060236455,0.425614082961053,TRUE
164,"SERPINE1","exp",0.000894090847009104,0.426508173808062,TRUE
165,"C13orf1","exp",0.00089389065918231,0.427402064467245,TRUE
166,"CCDC45;DDX5","meth",0.000892938305412144,0.428295002772657,TRUE
167,"NPR2","exp",0.000892849702642883,0.4291878524753,TRUE
168,"ZNRF1.1","meth",0.000888837176549637,0.430076689651849,TRUE
169,"WARS2","exp",0.00088330862582649,0.430959998277676,TRUE
170,"SORD.1","meth",0.000875080966624963,0.431835079244301,TRUE
171,"UCHL1","exp",0.000874880375600129,0.432709959619901,TRUE
172,"OLFM1.1","meth",0.000874636944783559,0.433584596564685,TRUE
173,"BLNK.1","meth",0.000874364382908609,0.434458960947593,TRUE
174,"HMGN3","exp",0.000866342959504474,0.435325303907098,TRUE
175,"ZNF814","exp",0.00086510987909905,0.436190413786197,TRUE
176,"KPNA1","meth",0.000861931166552248,0.437052344952749,TRUE
177,"ZBTB7A","exp",0.000861445514513229,0.437913790467262,TRUE
178,"ZNF138","exp",0.000860725201215006,0.438774515668477,TRUE
179,"HIRA.1","meth",0.000860655548753619,0.439635171217231,TRUE
180,"MGC72080","exp",0.000859819215219425,0.44049499043245,TRUE
181,"PIWIL2","exp",0.00085219201869877,0.441347182451149,TRUE
182,"C9orf95","exp",0.000851202268310406,0.44219838471946,TRUE
183,"ELF4","exp",0.000847286711345747,0.443045671430805,TRUE
184,"LOC100134368","exp",0.000844509987244693,0.44389018141805,TRUE
185,"RAD17;TAF9","meth",0.000844139952243605,0.444734321370294,TRUE
186,"RRM2B","exp",0.000844108301197475,0.445578429671491,TRUE
187,"COL2A1.1","meth",0.000840321616406309,0.446418751287897,TRUE
188,"ARL4D","exp",0.000837307660658548,0.447256058948556,TRUE
189,"PHF13","exp",0.000835040982077925,0.448091099930634,TRUE
190,"ZNF341.1","meth",0.0008317214526157,0.448922821383249,TRUE
191,"STIM2","exp",0.000830574253392768,0.449753395636642,TRUE
192,"ATPIF1.1","meth",0.000820712382135905,0.450574108018778,TRUE
193,"COMMD6","meth",0.000820224663706931,0.451394332682485,TRUE
194,"SNAPC5.1","meth",0.000818209883101715,0.452212542565587,TRUE
195,"UBE2R2","meth",0.000817933238846611,0.453030475804433,TRUE
196,"TIA1.1","meth",0.000813453759023443,0.453843929563457,TRUE
197,"SCGB1D1","meth",0.000811616032757484,0.454655545596214,TRUE
198,"APOM","exp",0.000811306225463601,0.455466851821678,TRUE
199,"C3orf39","exp",0.000810168450994852,0.456277020272673,TRUE
200,"FOXL1","meth",0.000808010383886218,0.457085030656559,TRUE
201,"C4orf50","meth",0.000805531623136626,0.457890562279695,TRUE
202,"CNDP2","exp",0.000804806269862905,0.458695368549558,TRUE
203,"TMEM65","exp",0.000801316994025895,0.459496685543584,TRUE
204,"BCAS3","exp",0.000798453027948965,0.460295138571533,TRUE
205,"TLR3","exp",0.000798014247682079,0.461093152819215,TRUE
206,"AQP4;C18orf16","meth",0.000797300687951025,0.461890453507166,TRUE
207,"LTBP4","exp",0.000791702131968206,0.462682155639135,TRUE
208,"SLCO4A1.1","meth",0.000790333022624082,0.463472488661759,TRUE
209,"CHL1","exp",0.000788511525079228,0.464261000186838,TRUE
210,"H2AFY2","exp",0.000787787482199136,0.465048787669037,TRUE
211,"CDH22","exp",0.000787444713465495,0.465836232382503,TRUE
212,"OSTF1","exp",0.000786996054846632,0.466623228437349,TRUE
213,"MTBP","exp",0.000786505614830889,0.46740973405218,TRUE
214,"Apoptosis ","path_mut",0.000786401136138809,0.468196135188319,TRUE
215,"HIST1H2AC","exp",0.000785727341814436,0.468981862530133,TRUE
216,"EXTL3","exp",0.000785174960499818,0.469767037490633,TRUE
217,"ZNF689","exp",0.000784651206246031,0.470551688696879,TRUE
218,"ENY2","exp",0.000783973631940034,0.471335662328819,TRUE
219,"LOC222699","exp",0.000783324634295113,0.472118986963114,TRUE
220,"S100A8.1","meth",0.000781830432759121,0.472900817395873,TRUE
221,"ENOX2","exp",0.000781630799329632,0.473682448195203,TRUE
222,"RBMS1","exp",0.000776470721215168,0.474458918916418,TRUE
223,"TBCD;ZNF750","meth",0.000775788207733183,0.475234707124151,TRUE
224,"C4orf42;CTBP1","meth",0.000775176354707685,0.476009883478859,TRUE
225,"RAB6C","exp",0.000773452884686273,0.476783336363545,TRUE
226,"SNX12.1","meth",0.000773443308732826,0.477556779672278,TRUE
227,"NFATC4","exp",0.000771468142335028,0.478328247814613,TRUE
228,"CUL7","exp",0.000770411864270086,0.479098659678883,TRUE
229,"RNASEH2B","exp",0.000770232340342835,0.479868892019226,TRUE
230,"PCDHGA4;PCDHGA11;PCDHGA9;PCDHGA1;PCDHGB1;PCDHGB6;PCDHGA12;PCDHGB3;PCDHGB7;PCDHGA6;PCDHGA8;PCDHGA10;PCDHGA5;PCDHGB4;PCDHGA3;PCDHGA2;PCDHGB2;PCDHGA7;PCDHGB5","meth",0.00076909602746698,0.480637988046693,TRUE
231,"EDN1","exp",0.000767469274575381,0.481405457321269,TRUE
232,"C11orf82","exp",0.000767017339972445,0.482172474661241,TRUE
233,"C10orf105","exp",0.000764266067747657,0.482936740728989,TRUE
234,"PLEKHA7","exp",0.000763169621077994,0.483699910350067,TRUE
235,"HTR7P1","exp",0.000758494338206716,0.484458404688273,TRUE
236,"RHEB","meth",0.000758034894040287,0.485216439582314,TRUE
237,"HMGCS1","exp",0.000757517994153178,0.485973957576467,TRUE
238,"SLC1A4.1","meth",0.000756750204285761,0.486730707780753,TRUE
239,"BBOX1","meth",0.000755910745966757,0.487486618526719,TRUE
240,"SFTA2","meth",0.000754829368823834,0.488241447895543,TRUE
241,"BMI1","exp",0.000754094993993971,0.488995542889537,TRUE
242,"POM121L10P","exp",0.000749857936992273,0.489745400826529,TRUE
243,"MDC1","meth",0.000748900644046119,0.490494301470576,TRUE
244,"ABR.1","meth",0.000748224279334242,0.49124252574991,TRUE
245,"C17orf44","exp",0.000746621163927731,0.491989146913838,TRUE
246,"C11orf1","exp",0.000744297281625202,0.492733444195463,TRUE
247,"LTC4S.1","meth",0.000742333656771294,0.493475777852234,TRUE
248,"ZNF184","exp",0.000741313313731656,0.494217091165966,TRUE
249,"C12orf24","exp",0.000740667239272524,0.494957758405238,TRUE
250,"SIX1.1","meth",0.0007401026612172,0.495697861066455,TRUE
251,"KCTD1.1","meth",0.000739660352967466,0.496437521419423,TRUE
252,"H2AFY","meth",0.000734132255842114,0.497171653675265,TRUE
253,"ZNF276","exp",0.000732191714075989,0.497903845389341,TRUE
254,"FITM1","exp",0.000728390161357102,0.498632235550698,TRUE
255,"CDKAL1","exp",0.000727161465730362,0.499359397016429,TRUE
256,"BTBD3","exp",0.000726097123704623,0.500085494140133,TRUE
257,"PTGDR","exp",0.000725918557372717,0.500811412697506,TRUE
258,"HTRA4.1","meth",0.00072413516204263,0.501535547859548,TRUE
259,"URGCP;UBE2D4","meth",0.000723749855915782,0.502259297715464,TRUE
260,"TRIM21.1","meth",0.000719590313737249,0.502978888029202,TRUE
261,"MAPK12.1","meth",0.000719466380739745,0.503698354409941,TRUE
262,"PDZD2","exp",0.00071860202494178,0.504416956434883,TRUE
263,"OSMR.1","meth",0.000716661785574184,0.505133618220457,TRUE
264,"TMOD3.1","meth",0.000715322412085501,0.505848940632543,TRUE
265,"PTGR2","exp",0.000713235660630169,0.506562176293173,TRUE
266,"HDC","exp",0.000711117862925767,0.507273294156099,TRUE
267,"ATF5","exp",0.000710410804763106,0.507983704960862,TRUE
268,"CREB5.1","meth",0.000710056292886552,0.508693761253748,TRUE
269,"NSMCE2;KIAA0196","meth",0.000709339104373139,0.509403100358121,TRUE
270,"PRPS2","exp",0.000708578723269705,0.510111679081391,TRUE
271,"DPM2","meth",0.000708089644047346,0.510819768725438,TRUE
272,"HAPLN2.1","meth",0.000707281584775697,0.511527050310214,TRUE
273,"BTN3A1","exp",0.000705421783417056,0.512232472093631,TRUE
274,"TNFAIP6","exp",0.000704896113972579,0.512937368207604,TRUE
275,"FLJ39739","exp",0.000697557607248469,0.513634925814852,TRUE
276,"EFCAB5;SSH2","meth",0.000697149570832123,0.514332075385684,TRUE
277,"CCDC22","meth",0.000695530277104262,0.515027605662789,TRUE
278,"CPEB3","exp",0.000695244510493506,0.515722850173282,TRUE
279,"RGL3.1","meth",0.000694772315189067,0.516417622488471,TRUE
280,"DDX60.1","meth",0.000694319523790297,0.517111942012262,TRUE
281,"TMEM141","exp",0.000690915070740924,0.517802857083002,TRUE
282,"DTNB","exp",0.000690343184721128,0.518493200267724,TRUE
283,"CDH26.1","meth",0.000689188022336909,0.51918238829006,TRUE
284,"SYTL4.1","meth",0.000689007792813088,0.519871396082874,TRUE
285,"CHRDL1.1","meth",0.000688688157566983,0.520560084240441,TRUE
286,"ACACB","exp",0.000685951652470406,0.521246035892911,TRUE
287,"EOMES.1","meth",0.000684031673804314,0.521930067566715,TRUE
288,"ZFP2","exp",0.000681717972252292,0.522611785538967,TRUE
289,"PSPH","exp",0.000680143332707346,0.523291928871675,TRUE
290,"TXNRD2;COMT","meth",0.000677691183028384,0.523969620054703,TRUE
291,"HES5","exp",0.000676183020760262,0.524645803075463,TRUE
292,"CCRL1","exp",0.000675351273603771,0.525321154349067,TRUE
293,"FBXO17","exp",0.000673886051926894,0.525995040400994,TRUE
294,"SAA1","meth",0.000673620445218132,0.526668660846212,TRUE
295,"ARL14","meth",0.000673102335736903,0.527341763181949,TRUE
296,"SLFN13","exp",0.000672336057862135,0.528014099239811,TRUE
297,"GOT1","exp",0.000668768864003921,0.528682868103815,TRUE
298,"SLCO4A1","exp",0.000666863249268,0.529349731353083,TRUE
299,"ENO2.1","meth",0.00066454299574783,0.530014274348831,TRUE
300,"UQCRC1","meth",0.000661806742650027,0.530676081091481,TRUE
301,"C21orf122","exp",0.000661362922407644,0.531337444013889,TRUE
302,"TRIM2","exp",0.000660726171903183,0.531998170185792,TRUE
303,"ADAM12.1","meth",0.000660507588165821,0.532658677773958,TRUE
304,"ARMCX2","exp",0.000659131271656734,0.533317809045614,TRUE
305,"SGOL2","exp",0.000658683066635667,0.53397649211225,TRUE
306,"ERP27.1","meth",0.000655984310955572,0.534632476423206,TRUE
307,"PARP14","exp",0.000654727794664081,0.53528720421787,TRUE
308,"ZFAND6","meth",0.000653477779940984,0.535940681997811,TRUE
309,"IL18R1","exp",0.000652172174288139,0.536592854172099,TRUE
310,"OR1E2","meth",0.000649401044559888,0.537242255216659,TRUE
311,"NHS","exp",0.000646822996292978,0.537889078212952,TRUE
312,"PER1","exp",0.000646796687620877,0.538535874900573,TRUE
313,"SFT2D3","meth",0.00064205588506812,0.539177930785641,TRUE
314,"BMPER","exp",0.00064193250646792,0.539819863292109,TRUE
315,"SLC44A2.1","meth",0.000639196807767422,0.540459060099876,TRUE
316,"PHTF1","exp",0.00063705290298994,0.541096113002866,TRUE
317,"ERI1.1","meth",0.000635533703175475,0.541731646706042,TRUE
318,"RNU5E;RNU5D;ZCCHC9","meth",0.000631721616907797,0.54236336832295,TRUE
319,"NRM.1","meth",0.000628828922970526,0.54299219724592,TRUE
320,"EFNA3.1","meth",0.000628388580311236,0.543620585826231,TRUE
321,"ANKH.1","meth",0.000628343069332486,0.544248928895564,TRUE
322,"ZFP112.1","meth",0.000627626233617358,0.544876555129181,TRUE
323,"CBR3","exp",0.000623176842447915,0.545499731971629,TRUE
324,"FAM109A.1","meth",0.000622012255309514,0.546121744226939,TRUE
325,"HEBP2","exp",0.000621675836945,0.546743420063884,TRUE
326,"KCNC1.1","meth",0.000619303520477932,0.547362723584361,TRUE
327,"RCN1.1","meth",0.000618302530944207,0.547981026115306,TRUE
328,"LOC442308","exp",0.000616699113139166,0.548597725228445,TRUE
329,"ZFYVE19","exp",0.000613005869493739,0.549210731097939,TRUE
330,"WBP5","exp",0.000612264186699403,0.549822995284638,TRUE
331,"C2CD2L","exp",0.000612246899583444,0.550435242184221,TRUE
332,"PPAP2C","exp",0.000611806859322684,0.551047049043544,TRUE
333,"LOC338799","exp",0.000611218391783498,0.551658267435328,TRUE
334,"CHKB-CPT1B","exp",0.000611066789320508,0.552269334224648,TRUE
335,"NR2C2AP","exp",0.000610962562627202,0.552880296787275,TRUE
336,"SLC15A4","exp",0.000610688186361073,0.553490984973636,TRUE
337,"DCAF10","exp",0.00061030272903496,0.554101287702671,TRUE
338,"FAM26E","exp",0.000603827570113715,0.554705115272785,TRUE
339,"LIMK2","exp",0.000603397105806402,0.555308512378591,TRUE
340,"AQP6","exp",0.000599798109702794,0.555908310488294,TRUE
341,"MAMDC2.1","meth",0.000598681452731382,0.556506991941025,TRUE
342,"TEKT4.1","meth",0.000597781161908114,0.557104773102934,TRUE
343,"SLC20A2","exp",0.000597182916816461,0.55770195601975,TRUE
344,"CLECL1","exp",0.000595693654456457,0.558297649674206,TRUE
345,"KRTAP13-3","meth",0.000595541245597387,0.558893190919804,TRUE
346,"PIGW","exp",0.000594116847722047,0.559487307767526,TRUE
347,"PCSK6","exp",0.000594089631854356,0.56008139739938,TRUE
348,"WFDC3","exp",0.000593245939955934,0.560674643339336,TRUE
349,"ID2","exp",0.000591038380287907,0.561265681719624,TRUE
350,"AEN","exp",0.000590235814589552,0.561855917534214,TRUE
351,"CD164","meth",0.000590202197952978,0.562446119732167,TRUE
352,"ARL6IP1","meth",0.000590042985126985,0.563036162717294,TRUE
353,"TOB2","meth",0.00058984733327814,0.563626010050572,TRUE
354,"KCTD13.1","meth",0.00058957255381397,0.564215582604386,TRUE
355,"SLC26A11","exp",0.000588352728544108,0.56480393533293,TRUE
356,"APCS","meth",0.000587577328313688,0.565391512661244,TRUE
357,"SLC8A2.1","meth",0.000585962620963531,0.565977475282207,TRUE
358,"NDUFV2.1","meth",0.000582048626391276,0.566559523908598,TRUE
359,"OCA2","meth",0.000581586158239549,0.567141110066838,TRUE
360,"SBNO1","exp",0.000581436470967248,0.567722546537805,TRUE
361,"GTPBP10.1","meth",0.000580563446411426,0.568303109984217,TRUE
362,"FAM131A","exp",0.000580419252712419,0.568883529236929,TRUE
363,"TBC1D10A.1","meth",0.000579976037267095,0.569463505274196,TRUE
364,"Breast cancer ","path_mut",0.000579747978375795,0.570043253252572,TRUE
365,"SFPQ","meth",0.00057906546489381,0.570622318717466,TRUE
366,"CLVS1.1","meth",0.00057897504773337,0.571201293765199,TRUE
367,"TSC22D4","exp",0.000578545188223117,0.571779838953422,TRUE
368,"RHOT2;WDR90","meth",0.000578184376377191,0.5723580233298,TRUE
369,"SULT2A1","meth",0.000577041713132207,0.572935065042932,TRUE
370,"TSC22D1","exp",0.000575248893047939,0.57351031393598,TRUE
371,"DMPK;DMWD","meth",0.000573251550757947,0.574083565486738,TRUE
372,"SLC12A7.1","meth",0.000573189760658338,0.574656755247396,TRUE
373,"SEPW1","exp",0.000571568854138317,0.575228324101534,TRUE
374,"PALB2;DCTN5","meth",0.000570586159715651,0.57579891026125,TRUE
375,"C16orf86","exp",0.000570236183817046,0.576369146445067,TRUE
376,"HS6ST2","exp",0.000569388611137491,0.576938535056205,TRUE
377,"CDKN2BAS","exp",0.000567695128970294,0.577506230185175,TRUE
378,"VOPP1.1","meth",0.000565469475790228,0.578071699660965,TRUE
379,"XPA","exp",0.000564981757361254,0.578636681418326,TRUE
380,"SHROOM2","exp",0.0005642955142974,0.579200976932624,TRUE
381,"FLNA.1","meth",0.000563034361228451,0.579764011293852,TRUE
382,"FIBIN","meth",0.000562048088423181,0.580326059382275,TRUE
383,"TCF7","exp",0.00056173243475772,0.580887791817033,TRUE
384,"C3orf75","exp",0.000561529676543422,0.581449321493577,TRUE
385,"MAMSTR.1","meth",0.000561136457655042,0.582010457951232,TRUE
386,"IFFO1.1","meth",0.000559898992470935,0.582570356943702,TRUE
387,"MINA","exp",0.000559811952094079,0.583130168895796,TRUE
388,"WNT6","exp",0.000559741795635142,0.583689910691432,TRUE
389,"TRAK2","exp",0.000559561868509851,0.584249472559941,TRUE
390,"ZCCHC4","exp",0.000559279932280474,0.584808752492222,TRUE
391,"C2CD2","exp",0.000558968562594187,0.585367721054816,TRUE
392,"S100A16.1","meth",0.000558410334907991,0.585926131389724,TRUE
393,"HSPA13","exp",0.000556700372020915,0.586482831761745,TRUE
394,"TUSC3","exp",0.000555721759978402,0.587038553521723,TRUE
395,"FAM188A.1","meth",0.000554868643325799,0.587593422165049,TRUE
396,"PCDHB3.1","meth",0.000552038293885442,0.588145460458935,TRUE
397,"WISP1.1","meth",0.00055022480990163,0.588695685268836,TRUE
398,"KCNH1.1","meth",0.000549818587876464,0.589245503856713,TRUE
399,"ZDHHC21.1","meth",0.000549339437405837,0.589794843294119,TRUE
400,"TMEM107.1","meth",0.000548658990313806,0.590343502284432,TRUE
401,"TRIB3.1","meth",0.000546945197045351,0.590890447481478,TRUE
402,"Chemokine signaling pathway ","path_mut",0.000546207747830435,0.591436655229308,TRUE
403,"KLF4.1","meth",0.000544120794776083,0.591980776024084,TRUE
404,"FCRL2.1","meth",0.000543744560605132,0.592524520584689,TRUE
405,"SLC12A6","exp",0.000542781118888869,0.593067301703578,TRUE
406,"SNX16.1","meth",0.00054151996581992,0.593608821669398,TRUE
407,"ARHGEF2","exp",0.000541162732356598,0.594149984401755,TRUE
408,"KIFAP3","exp",0.000540636760513591,0.594690621162268,TRUE
409,"ARSA.1","meth",0.000540177316347163,0.595230798478615,TRUE
410,"IL17RC.1","meth",0.000539921134392583,0.595770719613008,TRUE
411,"MGC23270","exp",0.000539385636995884,0.596310105250004,TRUE
412,"GALNTL4","exp",0.000538911526500755,0.596849016776505,TRUE
413,"SLC35A3.1","meth",0.000538842730835203,0.59738785950734,TRUE
414,"C3orf14","exp",0.000538400825783509,0.597926260333123,TRUE
415,"CYB5D2","exp",0.000537646492650673,0.598463906825774,TRUE
416,"CDKN1C","exp",0.000535104782607106,0.598999011608381,TRUE
417,"ITGA10","exp",0.000534559255659165,0.59953357086404,TRUE
418,"CHSY3","exp",0.000534304484897724,0.600067875348938,TRUE
419,"MSH5.1","meth",0.000533993871207762,0.600601869220146,TRUE
420,"SRGN.1","meth",0.000533753464376491,0.601135622684522,TRUE
421,"DHX16","meth",0.000533440683497064,0.601669063368019,TRUE
422,"DACT3.1","meth",0.000533320429681674,0.602202383797701,TRUE
423,"UHRF2","exp",0.000532592354821184,0.602734976152522,TRUE
424,"GTPBP8","exp",0.000532534042304668,0.603267510194827,TRUE
425,"PGBD3","exp",0.000531676893671666,0.603799187088498,TRUE
426,"CYTH3","exp",0.000531381853505993,0.604330568942004,TRUE
427,"PRKG2.1","meth",0.000530641934703082,0.604861210876708,TRUE
428,"GPR114","exp",0.000530270992506405,0.605391481869214,TRUE
429,"KANK1.1","meth",0.000530196249669764,0.605921678118884,TRUE
430,"CRISP2","meth",0.000529675620200786,0.606451353739084,TRUE
431,"CCT6A;PSPH","meth",0.000527503289961492,0.606978857029046,TRUE
432,"TTC23","exp",0.00052714444370601,0.607506001472752,TRUE
433,"DHCR7","exp",0.000526454924658083,0.60803245639741,TRUE
434,"TMEM31","exp",0.000526339962816966,0.608558796360227,TRUE
435,"HIST1H2AE","exp",0.00052605500260229,0.609084851362829,TRUE
436,"SLC22A4","exp",0.000525497278913644,0.609610348641743,TRUE
437,"LOC253724","exp",0.0005254776230092,0.610135826264752,TRUE
438,"SIGLEC10;LOC100129083","meth",0.000525278291978241,0.61066110455673,TRUE
439,"CHN2.1","meth",0.000523557543543598,0.611184662100274,TRUE
440,"PPIL3","exp",0.0005234144586392,0.611708076558913,TRUE
441,"DGKH","exp",0.000522305462430546,0.612230382021344,TRUE
442,"DACT1.1","meth",0.000522272601790297,0.612752654623134,TRUE
443,"HAUS4","exp",0.000521654751193956,0.613274309374328,TRUE
444,"ACTN1.1","meth",0.0005196238930669,0.613793933267395,TRUE
445,"LOC100134868","exp",0.000518791087515555,0.61431272435491,TRUE
446,"GSTP1.1","meth",0.000518628598705488,0.614831352953616,TRUE
447,"APC2.1","meth",0.000517715859142739,0.615349068812759,TRUE
448,"CCT6P1","exp",0.000514720500904567,0.615863789313663,TRUE
449,"HLA-DPB2","exp",0.000514358227465747,0.616378147541129,TRUE
450,"HYAL3","exp",0.000514242005630755,0.61689238954676,TRUE
451,"INTS4L1","exp",0.00051312106468017,0.61740551061144,TRUE
452,"SLCO1B1","meth",0.000512271879208455,0.617917782490648,TRUE
453,"XYLT2","meth",0.000511598790480651,0.618429381281129,TRUE
454,"FAM178B","exp",0.000510922929766324,0.618940304210895,TRUE
455,"MAGEB18","meth",0.00051037634442353,0.619450680555319,TRUE
456,"TPMT;KDM1B","meth",0.000509274555379838,0.619959955110699,TRUE
457,"C4orf49","exp",0.000509107278593048,0.620469062389292,TRUE
458,"LOC388428;AATK","meth",0.000507732070878571,0.62097679446017,TRUE
459,"CHODL","exp",0.000505544822311803,0.621482339282482,TRUE
460,"C8orf83","exp",0.000504864324820017,0.621987203607302,TRUE
461,"SPTBN4","exp",0.000504664741790283,0.622491868349092,TRUE
462,"MGEA5","meth",0.000504454927610287,0.622996323276703,TRUE
463,"TBX3","exp",0.000503879816006172,0.623500203092709,TRUE
464,"PIGB","exp",0.000503485891521222,0.62400368898423,TRUE
465,"SQSTM1","meth",0.0005023084524453,0.624505997436675,TRUE
466,"RBL1.1","meth",0.000501237961649453,0.625007235398325,TRUE
467,"NUDT13","exp",0.000500155929309715,0.625507391327635,TRUE
468,"GFER","exp",0.000499970307012111,0.626007361634647,TRUE
469,"TRPM6.1","meth",0.000499114015174943,0.626506475649822,TRUE
470,"NCCRP1.1","meth",0.000497321799887734,0.62700379744971,TRUE
471,"CBX3;HNRNPA2B1","meth",0.000496903078723332,0.627500700528433,TRUE
472,"NOL4","meth",0.000496063822003349,0.627996764350436,TRUE
473,"GDF15.1","meth",0.000493535316695588,0.628490299667132,TRUE
474,"HES2","exp",0.00049230057309825,0.62898260024023,TRUE
475,"CLDN20","exp",0.000491975444278852,0.629474575684509,TRUE
476,"HIP1R","exp",0.000491886690310326,0.629966462374819,TRUE
477,"WDR69","meth",0.000491856652056356,0.630458319026876,TRUE
478,"ZNF653.1","meth",0.000491476385905007,0.63094979541278,TRUE
479,"CLEC10A.1","meth",0.000491453252417469,0.631441248665198,TRUE
480,"TERC.1","meth",0.000491331537009184,0.631932580202207,TRUE
481,"FGFR1OP2","exp",0.00049028402850161,0.632422864230709,TRUE
482,"CXorf42.1","meth",0.000488700619399297,0.632911564850108,TRUE
483,"BCO2.1","meth",0.000488439649467993,0.633400004499576,TRUE
484,"HARS2;HARS","meth",0.000488334112381058,0.633888338611957,TRUE
485,"C5orf30","exp",0.000487588196007304,0.634375926807964,TRUE
486,"CCR5","exp",0.000486570171356394,0.634862496979321,TRUE
487,"DISP2","exp",0.000486221606650929,0.635348718585972,TRUE
488,"MKS1","exp",0.000485104697680743,0.635833823283652,TRUE
489,"IL22RA1","meth",0.000484558918734027,0.636318382202386,TRUE
490,"PSMD12","meth",0.000484489215872885,0.636802871418259,TRUE
491,"WDR4","exp",0.000484072157900398,0.63728694357616,TRUE
492,"MINPP1","exp",0.000483600164194979,0.637770543740355,TRUE
493,"ZNF621.1","meth",0.000483003632694995,0.63825354737305,TRUE
494,"CLDN18.1","meth",0.00048250286072948,0.638736050233779,TRUE
495,"PFKFB3","exp",0.000482152632832101,0.639218202866611,TRUE
496,"MYO1A.1","meth",0.000482112262628359,0.63970031512924,TRUE
497,"AFAP1L1","exp",0.000481511195150427,0.64018182632439,TRUE
498,"WBP11P1","exp",0.000479931767628758,0.640661758092019,TRUE
499,"HSD17B12","exp",0.000479917202099568,0.641141675294118,TRUE
500,"REC8","exp",0.00047901550008316,0.641620690794202,TRUE
501,"FANCL","exp",0.000478915557369028,0.642099606351571,TRUE
502,"CLIC2.1","meth",0.000478889500695702,0.642578495852266,TRUE
503,"GJA5.1","meth",0.000477718915986458,0.643056214768253,TRUE
504,"LYPLAL1.1","meth",0.000477071329534676,0.643533286097787,TRUE
505,"HERC1.1","meth",0.000476404994374041,0.644009691092162,TRUE
506,"STAG3L2","exp",0.000475569265636907,0.644485260357798,TRUE
507,"COL18A1","exp",0.000475357082668427,0.644960617440467,TRUE
508,"EPRS","meth",0.000475220902530462,0.645435838342997,TRUE
509,"CHST8","exp",0.000474370154666342,0.645910208497664,TRUE
510,"RPA3","exp",0.000473019189234013,0.646383227686898,TRUE
511,"DENND5B","exp",0.000472199437219208,0.646855427124117,TRUE
512,"ECT2","exp",0.000471360583697264,0.647326787707814,TRUE
513,"ZNF587","exp",0.00046973650199268,0.647796524209807,TRUE
514,"C12orf62.1","meth",0.000468628009781576,0.648265152219588,TRUE
515,"RASGRP1.1","meth",0.000468362604671833,0.64873351482426,TRUE
516,"DGKZ","exp",0.000468210800609823,0.64920172562487,TRUE
517,"TRIM13","exp",0.000467403396534989,0.649669129021405,TRUE
518,"MDM2","exp",0.000466586164507934,0.650135715185913,TRUE
519,"DUSP28","exp",0.000464773234921427,0.650600488420834,TRUE
520,"CTSB","exp",0.000464391759175957,0.65106488018001,TRUE
521,"EXOSC6.1","meth",0.000464388634391148,0.651529268814401,TRUE
522,"SDS","exp",0.000463419195104043,0.651992688009505,TRUE
523,"GRPEL2","exp",0.00046341178634006,0.652456099795846,TRUE
524,"UBTF","meth",0.000462410645607071,0.652918510441453,TRUE
525,"MS4A7","exp",0.000461978366908578,0.653380488808361,TRUE
526,"HMOX2;NMRAL1","meth",0.000461942633482295,0.653842431441843,TRUE
527,"CNPY3","meth",0.000461109374333155,0.654303540816177,TRUE
528,"PAX4","meth",0.000459988433382569,0.654763529249559,TRUE
529,"NDC80","exp",0.000459756544109891,0.655223285793669,TRUE
530,"RGR","meth",0.000459148571865526,0.655682434365535,TRUE
531,"CCDC88A","exp",0.000458917438589172,0.656141351804124,TRUE
532,"ZNF274.1","meth",0.000458346762163496,0.656599698566287,TRUE
533,"TCP1;MRPL18","meth",0.000456793996112213,0.6570564925624,TRUE
534,"TPST1","exp",0.000456087189948326,0.657512579752348,TRUE
535,"MFSD8","exp",0.000455704857407022,0.657968284609755,TRUE
536,"SLC39A6;ELP2","meth",0.000455188209518687,0.658423472819273,TRUE
537,"KIF20B.1","meth",0.000455038875044671,0.658878511694318,TRUE
538,"CTCF","meth",0.000454756787616029,0.659333268481934,TRUE
539,"FAAH.1","meth",0.000454701297485793,0.65978796977942,TRUE
540,"ZNF629","exp",0.000454637440996229,0.660242607220416,TRUE
541,"C13orf28","meth",0.000453638719451478,0.660696245939868,TRUE
542,"SARM1.1","meth",0.000452946226818006,0.661149192166686,TRUE
543,"ZNF512B","exp",0.000452079149433272,0.661601271316119,TRUE
544,"ZNF385D.1","meth",0.000451669097026728,0.662052940413146,TRUE
545,"FUNDC1","exp",0.000451568700714801,0.662504509113861,TRUE
546,"ZFP92","exp",0.000451516788967168,0.662956025902828,TRUE
547,"IFNGR1","exp",0.000450020470641466,0.663406046373469,TRUE
548,"HLTF","exp",0.000449365223426927,0.663855411596896,TRUE
549,"SLC22A3.1","meth",0.00044918988267934,0.664304601479576,TRUE
550,"CEACAM4.1","meth",0.000448607110312467,0.664753208589888,TRUE
551,"KCNJ4","meth",0.000446846445271878,0.66520005503516,TRUE
552,"TUBGCP4","exp",0.000446267654485649,0.665646322689646,TRUE
553,"C6orf48","exp",0.000445868337226915,0.666092191026873,TRUE
554,"ASAH1.1","meth",0.000444405282739503,0.666536596309612,TRUE
555,"WDFY2.1","meth",0.000444222533227933,0.66698081884284,TRUE
556,"THAP3.1","meth",0.000444197333350441,0.66742501617619,TRUE
557,"IVD","exp",0.000443601003449478,0.66786861717964,TRUE
558,"FGD1.1","meth",0.000443382016514075,0.668311999196154,TRUE
559,"SLC1A4","exp",0.000443009259926218,0.66875500845608,TRUE
560,"CDADC1","exp",0.000442839664750699,0.669197848120831,TRUE
561,"CCDC89","exp",0.000441736010916073,0.669639584131747,TRUE
562,"BFSP1","exp",0.000440487205787095,0.670080071337534,TRUE
563,"PKDREJ","exp",0.00044001758087016,0.670520088918404,TRUE
564,"ITPRIPL1","exp",0.000439975799473278,0.670960064717878,TRUE
565,"SCN4B","exp",0.000439907155006991,0.671399971872885,TRUE
566,"C17orf82","exp",0.000437664920307535,0.671837636793192,TRUE
567,"RWDD3","exp",0.000437491746749412,0.672275128539942,TRUE
568,"GUCY2D.1","meth",0.000436732625639853,0.672711861165581,TRUE
569,"NAT8L.1","meth",0.000436191029872801,0.673148052195454,TRUE
570,"MCEE;MPHOSPH10","meth",0.000435327278871896,0.673583379474326,TRUE
571,"PAPSS1","exp",0.000433883023493092,0.674017262497819,TRUE
572,"MDM4.1","meth",0.000433500539752523,0.674450763037572,TRUE
573,"TSPAN12.1","meth",0.000433481236646365,0.674884244274218,TRUE
574,"P2RX5","exp",0.000432097007375746,0.675316341281594,TRUE
575,"WSCD2","exp",0.000431627735257096,0.675747969016851,TRUE
576,"POLR2E","meth",0.000431397509176332,0.676179366526027,TRUE
577,"KDM4C","exp",0.00043093438582779,0.676610300911855,TRUE
578,"PITX1.1","meth",0.000430930757045431,0.6770412316689,TRUE
579,"GPR176.1","meth",0.000430336997531972,0.677471568666432,TRUE
580,"AASDH.1","meth",0.000430177331108184,0.67790174599754,TRUE
581,"ST8SIA4.1","meth",0.000429706748595904,0.678331452746136,TRUE
582,"HCG9","meth",0.000429645714492619,0.678761098460629,TRUE
583,"OR1D2","meth",0.000429553936538795,0.679190652397168,TRUE
584,"TMEM52.1","meth",0.0004292940754021,0.67961994647257,TRUE
585,"CHST10.1","meth",0.000429056642156374,0.680049003114726,TRUE
586,"ASCL1","meth",0.000428040280697379,0.680477043395424,TRUE
587,"TMEM63C","exp",0.000428031712739032,0.680905075108163,TRUE
588,"TMEM55A","exp",0.000427623222724891,0.681332698330888,TRUE
589,"ARPC5;RGL1","meth",0.000427032638395996,0.681759730969284,TRUE
590,"MRPS26.1","meth",0.000426016024938226,0.682185746994222,TRUE
591,"USP16","meth",0.000425788318845211,0.682611535313067,TRUE
592,"HMGN1","meth",0.000425715239200485,0.683037250552268,TRUE
593,"ZFP37.1","meth",0.000424581244713359,0.683461831796981,TRUE
594,"ST3GAL1","exp",0.000424534876938775,0.68388636667392,TRUE
595,"ARHGAP10","exp",0.000424028863398742,0.684310395537318,TRUE
596,"KLHL3","exp",0.000423279570241404,0.68473367510756,TRUE
597,"RHBDL1.1","meth",0.000423191824267978,0.685156866931828,TRUE
598,"LY75.1","meth",0.000423103927095287,0.685579970858923,TRUE
599,"ZNF385A","exp",0.000420966070288402,0.686000936929211,TRUE
600,"PLCG2","exp",0.000420428304902729,0.686421365234114,TRUE
601,"PRCP.1","meth",0.000419675534162297,0.686841040768277,TRUE
602,"MFAP4","exp",0.000419615382054724,0.687260656150331,TRUE
603,"USP51","exp",0.00041936224928532,0.687680018399617,TRUE
604,"CACNA1F","exp",0.000418972356780769,0.688098990756397,TRUE
605,"C21orf90","exp",0.000418206860102204,0.6885171976165,TRUE
606,"SCN3A","exp",0.000417942689786458,0.688935140306286,TRUE
607,"PPIL6;SMPD2","meth",0.000417908669951845,0.689353048976238,TRUE
608,"WIT1","meth",0.000417405025200296,0.689770454001438,TRUE
609,"PEX11A","exp",0.000417249617555804,0.690187703618994,TRUE
610,"TET1.1","meth",0.000417062054867634,0.690604765673862,TRUE
611,"SDC4.1","meth",0.000416875298575543,0.691021640972437,TRUE
612,"C19orf51","exp",0.000416057789349835,0.691437698761787,TRUE
613,"SIX4.1","meth",0.000415626619445952,0.691853325381233,TRUE
614,"ITGB6","meth",0.000415535446289187,0.692268860827522,TRUE
615,"C16orf46","exp",0.000414688226407917,0.69268354905393,TRUE
616,"TMEM194A","exp",0.000414392052247757,0.693097941106178,TRUE
617,"PARP10","exp",0.000413613527232528,0.69351155463341,TRUE
618,"SUFU.1","meth",0.000412849895344898,0.693924404528755,TRUE
619,"PSMD11.1","meth",0.000412709078429474,0.694337113607185,TRUE
620,"LRFN3.1","meth",0.000412587489020577,0.694749701096205,TRUE
621,"KAAG1;DCDC2","meth",0.000412494753471407,0.695162195849677,TRUE
622,"MYOM1","exp",0.000412132656431729,0.695574328506108,TRUE
623,"EML2","exp",0.000411957214884632,0.695986285720993,TRUE
624,"SPATA1;GNG5","meth",0.00040946046142251,0.696395746182416,TRUE
625,"LOC284837.1","meth",0.000409065528942461,0.696804811711358,TRUE
626,"AP1B1","meth",0.000408336093288586,0.697213147804647,TRUE
627,"DERL3","exp",0.000406912249810551,0.697620060054457,TRUE
628,"NETO2","exp",0.000404882097280065,0.698024942151737,TRUE
629,"CARS2.1","meth",0.000403846760313319,0.698428788912051,TRUE
630,"C5orf32.1","meth",0.000403544185384276,0.698832333097435,TRUE
631,"HIST1H4F","meth",0.000402065506972819,0.699234398604408,TRUE
632,"ERLIN1","meth",0.000402047161462005,0.69963644576587,TRUE
633,"STK3.1","meth",0.000400923977722323,0.700037369743592,TRUE
634,"LAT2.1","meth",0.000397070059658008,0.70043443980325,TRUE
635,"SEMA5A.1","meth",0.00039588866420132,0.700830328467451,TRUE
636,"TG","exp",0.000395491564531806,0.701225820031983,TRUE
637,"SLCO2A1","exp",0.000395476999002616,0.701621297030986,TRUE
638,"CSF1","exp",0.000395342532456321,0.702016639563442,TRUE
639,"PTBP2","exp",0.000395246016925527,0.702411885580368,TRUE
640,"LGI4","exp",0.000395196347966991,0.702807081928335,TRUE
641,"NOS1","meth",0.000394323651009577,0.703201405579344,TRUE
642,"ANKAR","exp",0.00039377588127254,0.703595181460617,TRUE
643,"TFR2","exp",0.000393420588199784,0.703988602048817,TRUE
644,"KAZALD1","exp",0.000392779402516886,0.704381381451334,TRUE
645,"PJA1","exp",0.000391768585030939,0.704773150036365,TRUE
646,"NFATC2IP","meth",0.000391418987130497,0.705164569023495,TRUE
647,"RANBP1;TRMT2A","meth",0.000391191659035644,0.705555760682531,TRUE
648,"VAV2","exp",0.000389870328659245,0.70594563101119,TRUE
649,"ARX","meth",0.00038930255021948,0.706334933561409,TRUE
650,"KIF18A","exp",0.000388650780588035,0.706723584341997,TRUE
651,"RABGAP1L.1","meth",0.000388589166887567,0.707112173508885,TRUE
652,"ZNF597;NAT15","meth",0.000388301585885632,0.707500475094771,TRUE
653,"ADD2","exp",0.000387859983232468,0.707888335078003,TRUE
654,"IDUA;SLC26A1","meth",0.000387222980729233,0.708275558058732,TRUE
655,"ATP6V1C2.1","meth",0.000386515166570246,0.708662073225303,TRUE
656,"HRH4","exp",0.000386361548117057,0.70904843477342,TRUE
657,"HMGCL.1","meth",0.000386042895666174,0.709434477669086,TRUE
658,"CYP4X1","exp",0.000385888092818743,0.709820365761905,TRUE
659,"NUP62CL","exp",0.000385878592464929,0.71020624435437,TRUE
660,"IL20RB","exp",0.000385722983221417,0.710591967337591,TRUE
661,"ARHGAP28","exp",0.0003845774471904,0.710976544784781,TRUE
662,"FAM190B","exp",0.000384277367049229,0.711360822151831,TRUE
663,"CCND2","exp",0.000384260911529227,0.71174508306336,TRUE
664,"RNASE10","exp",0.000382253186889709,0.71212733625025,TRUE
665,"CXCR1","exp",0.000381684803652884,0.712509021053902,TRUE
666,"HUS1B","exp",0.000380769392903121,0.712889790446806,TRUE
667,"BRPF3","exp",0.000379450078516921,0.713269240525322,TRUE
668,"COBLL1","exp",0.000379007367069147,0.713648247892392,TRUE
669,"TCTEX1D2","exp",0.000378825726352187,0.714027073618744,TRUE
670,"CRIP3","exp",0.000378494700761456,0.714405568319505,TRUE
671,"GPR142","meth",0.000378031779011934,0.714783600098517,TRUE
672,"CYP19A1","exp",0.000377926569523406,0.715161526668041,TRUE
673,"MIR659;EIF3L","meth",0.000377319025676959,0.715538845693718,TRUE
674,"TRIM25","exp",0.000377039357436556,0.715915885051154,TRUE
675,"RUFY1","meth",0.000374876855149484,0.716290761906304,TRUE
676,"MANEAL","exp",0.000374502636968732,0.716665264543272,TRUE
677,"PHB","meth",0.000373028343335958,0.717038292886608,TRUE
678,"SCN5A","exp",0.000372570713560709,0.717410863600169,TRUE
679,"IQGAP3","exp",0.000371622542970207,0.717782486143139,TRUE
680,"UBE2H.1","meth",0.00037038417059051,0.71815287031373,TRUE
681,"BCORL1","exp",0.0003692928142961,0.718522163128026,TRUE
682,"BDKRB1","meth",0.00036754822677735,0.718889711354803,TRUE
683,"SLC2A8","exp",0.000367390929142047,0.719257102283945,TRUE
684,"MYO1B.1","meth",0.00036662444966826,0.719623726733614,TRUE
685,"EP300","exp",0.000366400473157114,0.719990127206771,TRUE
686,"TMEM179","meth",0.000365215070919905,0.720355342277691,TRUE
687,"ZBTB20","exp",0.000364885154123783,0.720720227431814,TRUE
688,"ALOX15","exp",0.000364433723518397,0.721084661155333,TRUE
689,"COG2","meth",0.000363774494723215,0.721448435650056,TRUE
690,"FAM120AOS;FAM120A","meth",0.000363625412247974,0.721812061062304,TRUE
691,"RAB7A","meth",0.000362663759723013,0.722174724822027,TRUE
692,"GGH","exp",0.000362185541647854,0.722536910363675,TRUE
693,"FDX1","exp",0.000361077906232584,0.722897988269908,TRUE
694,"SLC25A34","exp",0.000361029976065595,0.723259018245973,TRUE
695,"CHST2.1","meth",0.000360888705552376,0.723619906951526,TRUE
696,"LTC4S","exp",0.000360545936818734,0.723980452888344,TRUE
697,"SCRN1","exp",0.000360531976086604,0.724340984864431,TRUE
698,"TP53I3","exp",0.000360364699299814,0.724701349563731,TRUE
699,"KIF7","exp",0.000360215138026901,0.725061564701758,TRUE
700,"C14orf153","exp",0.000359734803162032,0.72542129950492,TRUE
701,"SFRS8","meth",0.000359284304952113,0.725780583809872,TRUE
702,"GABRR2","exp",0.000359037043754164,0.726139620853626,TRUE
703,"KIAA0802","exp",0.000358900662017179,0.726498521515643,TRUE
704,"SLC45A3","exp",0.00035702445553829,0.726855545971181,TRUE
705,"ARID4A","exp",0.000356756782439574,0.727212302753621,TRUE
706,"PLCH1","exp",0.0003563423956541,0.727568645149275,TRUE
707,"SCN4B.1","meth",0.000355542501142759,0.727924187650418,TRUE
708,"RAD21","meth",0.000354804598330047,0.728278992248748,TRUE
709,"LIN9.1","meth",0.000354586669789499,0.728633578918537,TRUE
710,"ZNF250","exp",0.000353879762826102,0.728987458681363,TRUE
711,"PCDHAC2;PCDHA7;PCDHA12;PCDHA6;PCDHA10;PCDHA4;PCDHA11;PCDHA8;PCDHA1;PCDHA2;PCDHA9;PCDHA13;PCDHA5;PCDHAC1;PCDHA3","meth",0.000353096878232068,0.729340555559596,TRUE
712,"RBBP7","meth",0.000353076441131422,0.729693632000727,TRUE
713,"TRIM24.1","meth",0.000352906896355658,0.730046538897083,TRUE
714,"TMTC2","exp",0.000352685792630546,0.730399224689713,TRUE
715,"FCAR","meth",0.000352140416881871,0.730751365106595,TRUE
716,"ADORA1","exp",0.000351729457279736,0.731103094563875,TRUE
717,"AGR2","meth",0.000351714916950424,0.731454809480825,TRUE
718,"SCXB","exp",0.000351535569422315,0.731806345050248,TRUE
719,"ABI3BP","exp",0.000351054503760999,0.732157399554009,TRUE
720,"PPP3R1","meth",0.000349238046191643,0.7325066376002,TRUE
721,"ZNF641.1","meth",0.000348458588780947,0.732855096188981,TRUE
722,"GPN2","meth",0.000348269766098902,0.73320336595508,TRUE
723,"KCNH3.1","meth",0.000345907327983811,0.733549273283064,TRUE
724,"KLF7","exp",0.00034590201080966,0.733895175293874,TRUE
725,"BCAT2.1","meth",0.000345818322016511,0.73424099361589,TRUE
726,"CES8","exp",0.000344871965817188,0.734585865581707,TRUE
727,"ARHGEF19.1","meth",0.000344033263494509,0.734929898845202,TRUE
728,"WBSCR27","exp",0.000343780256724493,0.735273679101927,TRUE
729,"CIB2.1","meth",0.000343265045229175,0.735616944147156,TRUE
730,"GCDH","exp",0.000343152527776175,0.735960096674932,TRUE
731,"SPATA6","exp",0.000341942782457308,0.736302039457389,TRUE
732,"VAV1.1","meth",0.000341400077895647,0.736643439535285,TRUE
733,"DCLK2","exp",0.000340892451563455,0.736984331986848,TRUE
734,"SALL4","exp",0.000340277120954863,0.737324609107803,TRUE
735,"ATP8B2;AQP10","meth",0.000339933092227346,0.73766454220003,TRUE
736,"RSL1D1","meth",0.000339220338892371,0.738003762538923,TRUE
737,"DARS2","exp",0.000338328162429655,0.738342090701352,TRUE
738,"C17orf81;DULLARD","meth",0.000336726811014568,0.738678817512367,TRUE
739,"METTL10","exp",0.000335809787472646,0.73901462729984,TRUE
740,"VWA5A","exp",0.000335533521215704,0.739350160821055,TRUE
741,"GGCT.1","meth",0.000335062611105017,0.73968522343216,TRUE
742,"STX19","exp",0.000334496143058881,0.740019719575219,TRUE
743,"CASP8AP2.1","meth",0.000334393503957858,0.740354113079177,TRUE
744,"PCMTD1","exp",0.000334200472896271,0.740688313552073,TRUE
745,"ACTR5","exp",0.000333814813971139,0.741022128366045,TRUE
746,"C14orf178","exp",0.000332429627105175,0.74135455799315,TRUE
747,"CLSTN3.1","meth",0.000332217444136695,0.741686775437286,TRUE
748,"HERC4","meth",0.00033206599287297,0.742018841430159,TRUE
749,"SEMA6D","exp",0.000332002136383406,0.742350843566543,TRUE
750,"C2orf84","exp",0.000331457793829708,0.742682301360372,TRUE
751,"C17orf93;PRAC","meth",0.000331380732604339,0.743013682092977,TRUE
752,"SDPR","exp",0.000331292381833853,0.743344974474811,TRUE
753,"FAM126A","exp",0.000329842380882981,0.743674816855694,TRUE
754,"TSKS","exp",0.000329455739162626,0.744004272594856,TRUE
755,"MYBL1","exp",0.000328867019624665,0.744333139614481,TRUE
756,"NAF1","exp",0.000328523343695433,0.744661662958176,TRUE
757,"RFX6","meth",0.000326938044602309,0.744988601002779,TRUE
758,"KCNJ10.1","meth",0.000326432560259703,0.745315033563038,TRUE
759,"TTC5.1","meth",0.000325928184711707,0.74564096174775,TRUE
760,"C18orf56;TYMS","meth",0.000325125417414331,0.745966087165164,TRUE
761,"RAB9B.1","meth",0.000325073379667311,0.746291160544832,TRUE
762,"MMP23B","exp",0.000324915779633478,0.746616076324465,TRUE
763,"NBR2","exp",0.000324869537858281,0.746940945862323,TRUE
764,"DGCR11","exp",0.000324452101887631,0.747265397964211,TRUE
765,"AKT3","exp",0.000323440982003154,0.747588838946214,TRUE
766,"IMPACT.1","meth",0.000323100632457751,0.747911939578672,TRUE
767,"FBXO45","exp",0.000322075904639429,0.748234015483311,TRUE
768,"FMNL1.1","meth",0.000321728574727961,0.748555744058039,TRUE
769,"HMBOX1","exp",0.000321190380944371,0.748876934438984,TRUE
770,"PSIMCT-1","exp",0.000321152807927031,0.749198087246911,TRUE
771,"CASZ1.1","meth",0.000320647121985405,0.749518734368896,TRUE
772,"ACSF2;CHAD","meth",0.000319834904733971,0.74983856927363,TRUE
773,"PRSS50","exp",0.000319619168582764,0.750158188442213,TRUE
774,"RDX.1","meth",0.000318935798304945,0.750477124240518,TRUE
775,"TXNDC17;KIAA0753","meth",0.000318502284812455,0.75079562652533,TRUE
776,"EEF1E1","exp",0.00031839001935823,0.751114016544689,TRUE
777,"ZNF786","exp",0.000318359905504627,0.751432376450193,TRUE
778,"MSTO1","exp",0.000317648689362179,0.751750025139555,TRUE
779,"PCDHB15.1","meth",0.00031743368400742,0.752067458823563,TRUE
780,"ILF3;LOC147727","meth",0.000317413120907387,0.75238487194447,TRUE
781,"CDKN1A","exp",0.000316640341464227,0.752701512285934,TRUE
782,"FOXJ3","meth",0.000316285955587061,0.753017798241521,TRUE
783,"TRIT1","exp",0.000316043835164121,0.753333842076686,TRUE
784,"CYSLTR2","exp",0.000315676849348209,0.753649518926034,TRUE
785,"ZNF763","exp",0.000315273021311405,0.753964791947345,TRUE
786,"C21orf67;C21orf70","meth",0.00031485724853267,0.754279649195878,TRUE
787,"THBS4","exp",0.000313954790519937,0.754593603986398,TRUE
788,"NCKIPSD","meth",0.000313740591561258,0.754907344577959,TRUE
789,"NUP155.1","meth",0.000313336360326414,0.755220680938286,TRUE
790,"DERL1","meth",0.000312448543442504,0.755533129481728,TRUE
791,"SENP1;PFKM","meth",0.000312241551648787,0.755845371033377,TRUE
792,"TBPL1","exp",0.000311531015903031,0.75615690204928,TRUE
793,"GSTO2","exp",0.000310661065732263,0.756467563115012,TRUE
794,"C17orf100;MED31","meth",0.000308363844900121,0.756775926959912,TRUE
795,"METTL2B","exp",0.000308309740763146,0.757084236700675,TRUE
796,"ZC3H13.1","meth",0.000308224413977959,0.757392461114653,TRUE
797,"CXCL13","exp",0.000307860048949307,0.757700321163603,TRUE
798,"BARHL2","meth",0.000307151201595343,0.758007472365198,TRUE
799,"HOMER2","exp",0.000307036768951653,0.75831450913415,TRUE
800,"PLD2","exp",0.000306864855387405,0.758621373989537,TRUE
801,"HAS2;HAS2AS","meth",0.00030591098962459,0.758927284979162,TRUE
802,"TAC1","meth",0.000305616730655119,0.759232901709817,TRUE
803,"SNHG7","exp",0.000305523465908522,0.759538425175725,TRUE
804,"ZNF711","exp",0.000305229181739174,0.759843654357464,TRUE
805,"MTM1","exp",0.000304929907994083,0.760148584265458,TRUE
806,"TUFT1.1","meth",0.000304458972683518,0.760453043238142,TRUE
807,"F2RL3.1","meth",0.000304244874524349,0.760757288112666,TRUE
808,"ADCY2.1","meth",0.000303780768380584,0.761061068881047,TRUE
809,"PSIP1.1","meth",0.000303748840135802,0.761364817721183,TRUE
810,"ADCK5","exp",0.000303162262587428,0.76166797998377,TRUE
811,"CHAC2","exp",0.000302631376768311,0.761970611360538,TRUE
812,"TMEM55A.1","meth",0.000301970131982929,0.762272581492521,TRUE
813,"EPHB3","exp",0.000301830625461135,0.762574412117982,TRUE
814,"GREB1L","exp",0.000301367905310633,0.762875780023293,TRUE
815,"ACSL3.1","meth",0.000301348501404964,0.763177128524698,TRUE
816,"ATG5","meth",0.00030109607423213,0.76347822459893,TRUE
817,"MTHFD1.1","meth",0.00030017028113284,0.763778394880063,TRUE
818,"RBM41.1","meth",0.000300066986835002,0.764078461866898,TRUE
819,"HOMEZ","exp",0.000300021727855026,0.764378483594753,TRUE
820,"VNN2.1","meth",0.000299451958624939,0.764677935553378,TRUE
821,"RAMP3.1","meth",0.000299442281871982,0.76497737783525,TRUE
822,"FZD6.1","meth",0.000298272957156613,0.765275650792407,TRUE
823,"ADAMTSL2.1","meth",0.000298243901697865,0.765573894694104,TRUE
824,"CPA6","exp",0.0002973727167331,0.765871267410838,TRUE
825,"PRSS3","exp",0.000295653757489759,0.766166921168327,TRUE
826,"FIBCD1.1","meth",0.000295449512482689,0.76646237068081,TRUE
827,"STXBP2.1","meth",0.000295010455017151,0.766757381135827,TRUE
828,"ZFC3H1;THAP2","meth",0.000294728896785937,0.767052110032613,TRUE
829,"BRD9;TRIP13","meth",0.000294652767956034,0.767346762800569,TRUE
830,"GPC5","exp",0.000293735920813254,0.767640498721382,TRUE
831,"CACHD1.1","meth",0.00029373304802722,0.76793423176941,TRUE
832,"NUDCD1","exp",0.000293410842393611,0.768227642611803,TRUE
833,"HRH3","meth",0.000293079136406188,0.76852072174821,TRUE
834,"GTF2I","exp",0.000292589527986402,0.768813311276196,TRUE
835,"ACOXL","exp",0.000292093266798958,0.769105404542995,TRUE
836,"CX3CL1.1","meth",0.000290435795256697,0.769395840338251,TRUE
837,"OSBP2","exp",0.000290182486088151,0.76968602282434,TRUE
838,"CHML","exp",0.000290074681012241,0.769976097505352,TRUE
839,"ALS2CR11","exp",0.000289826109420663,0.770265923614773,TRUE
840,"SVOPL","meth",0.00028949389943569,0.770555417514208,TRUE
841,"CLEC3B","exp",0.000288965332005302,0.770844382846213,TRUE
842,"SSX2IP","exp",0.000288823431495146,0.771133206277709,TRUE
843,"LOC100134259","exp",0.000288293301672354,0.771421499579381,TRUE
844,"MT2A","exp",0.000287562303626075,0.771709061883007,TRUE
845,"C1QTNF9.1","meth",0.000287553030071158,0.771996614913078,TRUE
846,"C19orf21","exp",0.000287307583264389,0.772283922496342,TRUE
847,"ITGB7","exp",0.000287096458690763,0.772571018955033,TRUE
848,"HERPUD2","meth",0.000286801116126561,0.77285782007116,TRUE
849,"CDKN2D.1","meth",0.000286395398098945,0.773144215469259,TRUE
850,"C15orf57","exp",0.000286079794833239,0.773430295264092,TRUE
851,"NACC1","meth",0.00028571076782725,0.773716006031919,TRUE
852,"IL27RA","exp",0.000285630682616582,0.774001636714536,TRUE
853,"UGGT2.1","meth",0.000285147248166781,0.774286783962702,TRUE
854,"ZNF10.1","meth",0.000284667644098359,0.774571451606801,TRUE
855,"STX18","exp",0.000284645014608372,0.774856096621409,TRUE
856,"AMPD2.1","meth",0.000284603510410143,0.775140700131819,TRUE
857,"NAV2","exp",0.000284430210852633,0.775425130342672,TRUE
858,"TCN2","exp",0.000284387900258324,0.77570951824293,TRUE
859,"TMEM9","exp",0.000283492523411167,0.775993010766342,TRUE
860,"RYR2","exp",0.000282251757043108,0.776275262523385,TRUE
861,"C16orf65","meth",0.000282193822524755,0.776557456345909,TRUE
862,"HEMK1.1","meth",0.000282053131608719,0.776839509477518,TRUE
863,"ACAP3","exp",0.000281859067352155,0.77712136854487,TRUE
864,"OAZ3","exp",0.000281315682393802,0.777402684227264,TRUE
865,"KILLIN","exp",0.000281121114139689,0.777683805341404,TRUE
866,"CCDC97","meth",0.000280875616933165,0.777964680958337,TRUE
867,"MYL12A.1","meth",0.000280386714109948,0.778245067672447,TRUE
868,"PRPF18","meth",0.000280223595302945,0.77852529126775,TRUE
869,"GSN.1","meth",0.000279860918666084,0.778805152186416,TRUE
870,"MRPS21.1","meth",0.000279696061067534,0.779084848247483,TRUE
871,"TESC","exp",0.000279070045710885,0.779363918293194,TRUE
872,"SLC34A3","exp",0.00027817393806728,0.779642092231261,TRUE
873,"CDKN3.1","meth",0.000277512894880918,0.779919605126142,TRUE
874,"NAA16.1","meth",0.000275721737988564,0.780195326864131,TRUE
875,"CADM4.1","meth",0.000275399456755323,0.780470726320886,TRUE
876,"IGFBP2","exp",0.000274367395772651,0.780745093716659,TRUE
877,"DBNDD2","exp",0.000274192760621633,0.78101928647728,TRUE
878,"N4BP2L1","exp",0.000274101259866461,0.781293387737147,TRUE
879,"PCDHB14","exp",0.000274004467137015,0.781567392204284,TRUE
880,"CTSB.1","meth",0.000273770561874137,0.781841162766158,TRUE
881,"RINT1","meth",0.000273723841301268,0.782114886607459,TRUE
882,"ALDH3B1.1","meth",0.000273674751939914,0.782388561359399,TRUE
883,"STRA13","exp",0.0002736710727578,0.782662232432157,TRUE
884,"RNF13","meth",0.000273433135514524,0.782935665567672,TRUE
885,"MME","exp",0.000272895571727871,0.7832085611394,TRUE
886,"ACVR1C","exp",0.000272792554628685,0.783481353694028,TRUE
887,"SMOC1","exp",0.000272555070983203,0.783753908765011,TRUE
888,"L3MBTL2","meth",0.000272490735695967,0.784026399500707,TRUE
889,"MKL2","exp",0.000271787961512479,0.78429818746222,TRUE
890,"ATF7IP2","exp",0.000271634620257942,0.784569822082478,TRUE
891,"CXorf58","exp",0.000271569806173033,0.784841391888651,TRUE
892,"PRKRA;DFNB59;MIR548N","meth",0.000271549898269815,0.785112941786921,TRUE
893,"CMBL","exp",0.000271513812045247,0.785384455598966,TRUE
894,"STK31","exp",0.000271305963455695,0.785655761562422,TRUE
895,"AMOT","exp",0.000270808366674744,0.785926569929096,TRUE
896,"C5orf33","exp",0.000270623424773833,0.78619719335387,TRUE
897,"ARSE","exp",0.000270523507259578,0.78646771686113,TRUE
898,"EID3","exp",0.000270265636913206,0.786737982498043,TRUE
899,"SVEP1","exp",0.00027020651800061,0.787008189016044,TRUE
900,"C5orf58","exp",0.000270087927377134,0.787278276943421,TRUE
901,"GPC5.1","meth",0.000269506465403891,0.787547783408825,TRUE
902,"CHRDL1","exp",0.000269506137805484,0.78781728954663,TRUE
903,"C11orf93","exp",0.000269478165941468,0.788086767712572,TRUE
904,"BRF2.1","meth",0.000269024820145392,0.788355792532717,TRUE
905,"ACTN2.1","meth",0.000268229537211632,0.788624022069929,TRUE
906,"TRAFD1","meth",0.000267995203550837,0.788892017273479,TRUE
907,"SCUBE3","exp",0.00026797045727114,0.78915998773075,TRUE
908,"EMID2","exp",0.000267957958131904,0.789427945688882,TRUE
909,"ILDR2","exp",0.000267719063293283,0.789695664752176,TRUE
910,"MAT2B","meth",0.00026760556304506,0.789963270315221,TRUE
911,"UTP23.1","meth",0.000266369912252133,0.790229640227473,TRUE
912,"YTHDC2","exp",0.000266352171538379,0.790495992399011,TRUE
913,"HSPB6;C19orf55","meth",0.000266278638295858,0.790762271037307,TRUE
914,"GPR160.1","meth",0.000266104154344105,0.791028375191651,TRUE
915,"HSD17B3","exp",0.000265959784245955,0.791294334975897,TRUE
916,"GPR180","exp",0.00026538568063694,0.791559720656534,TRUE
917,"SMARCAD1.1","meth",0.000265123627110904,0.791824844283645,TRUE
918,"CGRRF1.1","meth",0.000264395678249801,0.792089239961895,TRUE
919,"CCDC84","exp",0.000264344194900086,0.792353584156795,TRUE
920,"T-SP1","meth",0.000263067367507337,0.792616651524302,TRUE
921,"SLC25A41","exp",0.00026304241962862,0.792879693943931,TRUE
922,"AGPAT1;RNF5P1;RNF5","meth",0.00026298796269336,0.793142681906624,TRUE
923,"LSM1","exp",0.000262749899450696,0.793405431806075,TRUE
924,"SLC39A13.1","meth",0.000262500017465489,0.79366793182354,TRUE
925,"ZDHHC14.1","meth",0.000262103648592422,0.793930035472133,TRUE
926,"HAS2AS","exp",0.00026196572966291,0.794192001201796,TRUE
927,"ARHGAP8","exp",0.000261729506011303,0.794453730707807,TRUE
928,"CDH22.1","meth",0.000261562834021573,0.794715293541829,TRUE
929,"S100A2.1","meth",0.000261437439431174,0.79497673098126,TRUE
930,"RMRP","exp",0.000261248440349986,0.79523797942161,TRUE
931,"CLDN11.1","meth",0.000260673127146851,0.795498652548757,TRUE
932,"PLBD2","exp",0.000260113538667271,0.795758766087424,TRUE
933,"TMED10","meth",0.000259972419353317,0.796018738506777,TRUE
934,"IL32","exp",0.000259743554065938,0.796278482060843,TRUE
935,"PF4V1","meth",0.000258034775573104,0.796536516836416,TRUE
936,"PNO1;WDR92","meth",0.000257593651717612,0.796794110488134,TRUE
937,"ITGB4","exp",0.000257066495480363,0.797051176983614,TRUE
938,"PEX26.1","meth",0.000255978087571619,0.797307155071186,TRUE
939,"VAT1.1","meth",0.000255775908954503,0.79756293098014,TRUE
940,"KCNMB1","exp",0.000254161882001038,0.797817092862142,TRUE
941,"TIMP2","exp",0.000253902323262874,0.798070995185404,TRUE
942,"LRP3.1","meth",0.00025335170593968,0.798324346891344,TRUE
943,"KCNA2.1","meth",0.000253255795205947,0.79857760268655,TRUE
944,"ABCG5","exp",0.0002528067837888,0.798830409470339,TRUE
945,"PSTPIP2","exp",0.000252429516422872,0.799082838986762,TRUE
946,"EMR2","exp",0.000252089015678204,0.79933492800244,TRUE
947,"PEX7.1","meth",0.00025192801366091,0.799586856016101,TRUE
948,"IFT80","exp",0.000251729136227745,0.799838585152329,TRUE
949,"KLC2.1","meth",0.000251057105894797,0.800089642258223,FALSE
950,"HOXD4;MIR10B","meth",0.00025096363954918,0.800340605897772,FALSE
951,"OASL","exp",0.000250634554349016,0.800591240452121,FALSE
952,"TCHH","exp",0.000250566590279421,0.800841807042401,FALSE
953,"ACY1","exp",0.000249679932589876,0.801091486974991,FALSE
954,"C1orf131","exp",0.000248782564952397,0.801340269539943,FALSE
955,"FAIM","exp",0.000248471573264272,0.801588741113207,FALSE
956,"PANK1.1","meth",0.000247872093378622,0.801836613206586,FALSE
957,"ERN1","exp",0.000247576952413439,0.802084190159,FALSE
958,"CDK20.1","meth",0.000247422300765273,0.802331612459765,FALSE
959,"SLC10A3","exp",0.000247326818429457,0.802578939278194,FALSE
960,"CENPF.1","meth",0.000247273470288807,0.802826212748483,FALSE
961,"CHRFAM7A","exp",0.000246479900946716,0.80307269264943,FALSE
962,"ABCA12","exp",0.000246314690549881,0.80331900733998,FALSE
963,"CCNE2.1","meth",0.000245760746842858,0.803564768086823,FALSE
964,"LCORL","exp",0.000245607808786361,0.803810375895609,FALSE
965,"LRWD1","exp",0.000245389073849733,0.804055764969459,FALSE
966,"TSC22D3","exp",0.00024524785373627,0.804301012823195,FALSE
967,"CBY1;LOC646851","meth",0.000245114521184461,0.804546127344379,FALSE
968,"CSDE1","meth",0.000244846470087582,0.804790973814467,FALSE
969,"TNFRSF10D","exp",0.000244521820065857,0.805035495634533,FALSE
970,"B4GALT2","exp",0.000244506347341077,0.805280001981874,FALSE
971,"KIAA0195","meth",0.000244339826550612,0.805524341808424,FALSE
972,"C7orf28B","exp",0.000244014269333297,0.805768356077758,FALSE
973,"C21orf45.1","meth",0.000243967977158344,0.806012324054916,FALSE
974,"GATA2.1","meth",0.000243942852880485,0.806256266907797,FALSE
975,"CMC1","exp",0.000242914723078702,0.806499181630875,FALSE
976,"TXNRD1.1","meth",0.000242845473815355,0.80674202710469,FALSE
977,"PPP3R2;GRIN3A","meth",0.000242680918615334,0.806984708023306,FALSE
978,"IL17RC;CRELD1","meth",0.000242657734728042,0.807227365758034,FALSE
979,"KLF12","exp",0.000242628553269906,0.807469994311304,FALSE
980,"DUSP11","meth",0.000242501243488818,0.807712495554793,FALSE
981,"STL","exp",0.0002423511278186,0.807954846682611,FALSE
982,"MYEOV","exp",0.000242181381443816,0.808197028064055,FALSE
983,"LHFPL4","exp",0.000242151620388498,0.808439179684444,FALSE
984,"TSPAN6.1","meth",0.000241993365157851,0.808681173049602,FALSE
985,"RCBTB2","exp",0.000241776999009707,0.808922950048611,FALSE
986,"CTDP1","meth",0.000241591830309898,0.809164541878921,FALSE
987,"KCNE1L","exp",0.000241438715854258,0.809405980594775,FALSE
988,"AP1G1","meth",0.000241258839128723,0.809647239433904,FALSE
989,"GAS8","exp",0.000241210102565654,0.80988844953647,FALSE
990,"IDS","exp",0.00024083641358233,0.810129285950052,FALSE
991,"ZNF485.1","meth",0.000240723946529084,0.810370009896581,FALSE
992,"CLUL1.1","meth",0.000240594872756572,0.810610604769338,FALSE
993,"STARD13","exp",0.000240441355102892,0.810851046124441,FALSE
994,"CHRM1","meth",0.000240276799902872,0.811091322924343,FALSE
995,"PTGER4","exp",0.000240273977516593,0.81133159690186,FALSE
996,"PMS2L4","exp",0.000240195127099921,0.81157179202896,FALSE
997,"LOC100128288","exp",0.000239971251388285,0.811811763280348,FALSE
998,"ADAMDEC1","exp",0.000239811811763395,0.812051575092112,FALSE
999,"PLEKHA4.1","meth",0.000239695287529873,0.812291270379642,FALSE
1000,"C1orf229.1","meth",0.000239680722000683,0.812530951101642,FALSE
1001,"PIN4.1","meth",0.000239602577180581,0.812770553678823,FALSE
1002,"ZNF564","exp",0.000239500038879068,0.813010053717702,FALSE
1003,"DNAJC15","exp",0.000239463499056705,0.813249517216759,FALSE
1004,"PRR4","exp",0.000239237808953889,0.813488755025712,FALSE
1005,"GANC","exp",0.000239230803387946,0.8137279858291,FALSE
1006,"GSN","exp",0.000239225864211958,0.813967211693312,FALSE
1007,"MT1F","exp",0.000239165409705856,0.814206377103018,FALSE
1008,"C10orf128","exp",0.000239032404752454,0.81444540950777,FALSE
1009,"ATM;NPAT","meth",0.000238876089912373,0.814684285597683,FALSE
1010,"WNT1.1","meth",0.000238595993274053,0.814922881590957,FALSE
1011,"HSPA4","meth",0.000238277240023661,0.815161158830981,FALSE
1012,"EVC2","exp",0.000237686403695991,0.815398845234677,FALSE
1013,"SMARCA1.1","meth",0.00023745302763054,0.815636298262307,FALSE
1014,"RAP1B","meth",0.000236733243529745,0.815873031505837,FALSE
1015,"LAPTM4A","meth",0.000236523278150484,0.816109554783988,FALSE
1016,"Leukocyte transendothelial migration ","path_mut",0.000236479883961444,0.816346034667949,FALSE
1017,"MFSD7.1","meth",0.000235803065651772,0.816581837733601,FALSE
1018,"SLC7A3","meth",0.00023577194380307,0.816817609677404,FALSE
1019,"LYPLA2P1","exp",0.000235258798697706,0.817052868476101,FALSE
1020,"ACTG1","meth",0.000234382850956095,0.817287251327058,FALSE
1021,"DAND5","exp",0.000234082544016027,0.817521333871074,FALSE
1022,"ALOX5AP","exp",0.00023385244393465,0.817755186315008,FALSE
1023,"VGLL2","meth",0.000233736322899168,0.817988922637907,FALSE
1024,"CHD6","exp",0.000233314174551427,0.818222236812459,FALSE
1025,"HMHA1.1","meth",0.000233215643030435,0.818455452455489,FALSE
1026,"TRADD;FBXL8","meth",0.000232105311228274,0.818687557766718,FALSE
1027,"ZNF211","exp",0.000231990324187279,0.818919548090905,FALSE
1028,"ZNF536","meth",0.00023186724798561,0.819151415338891,FALSE
1029,"KCNQ1OT1","exp",0.000231788069970531,0.819383203408861,FALSE
1030,"METAP2","meth",0.000231679937296214,0.819614883346157,FALSE
1031,"DRD5","meth",0.000231040036807067,0.819845923382964,FALSE
1032,"PTPN1.1","meth",0.000230852070920857,0.820076775453885,FALSE
1033,"AOX1","exp",0.000229633253646094,0.820306408707531,FALSE
1034,"PYGO1","exp",0.000228422071934211,0.820534830779466,FALSE
1035,"CCNJL","exp",0.000228139178109489,0.820762969957575,FALSE
1036,"DUSP15","exp",0.000226953952271422,0.820989923909846,FALSE
1037,"ZNF484","exp",0.000226548410642948,0.82121647232049,FALSE
1038,"ZNF154.1","meth",0.000226289103903559,0.821442761424393,FALSE
1039,"COQ9","exp",0.000226212697875004,0.821668974122268,FALSE
1040,"PLAG1","exp",0.000225435281654385,0.821894409403922,FALSE
1041,"NUFIP1","exp",0.000225052445115532,0.822119461849038,FALSE
1042,"SETD7","exp",0.000224237052679533,0.822343698901717,FALSE
1043,"OGDH","meth",0.000224028044895617,0.822567726946613,FALSE
1044,"ABCC5","exp",0.000223804194383858,0.822791531140997,FALSE
1045,"MRPS24","meth",0.000223113969739361,0.823014645110736,FALSE
1046,"CLCNKA","exp",0.000223101596599512,0.823237746707336,FALSE
1047,"NR4A1","exp",0.000222916705098356,0.823460663412434,FALSE
1048,"FAM13B.1","meth",0.000222863230958319,0.823683526643393,FALSE
1049,"CLSTN3;RBP5","meth",0.000222627561704016,0.823906154205096,FALSE
1050,"C2orf63;RPS27A","meth",0.000222363567787413,0.824128517772884,FALSE
1051,"DPP7","exp",0.000222332798736996,0.824350850571621,FALSE
1052,"CCL21","exp",0.000221889180093632,0.824572739751714,FALSE
1053,"RPL31","meth",0.000221623522985115,0.8247943632747,FALSE
1054,"MTR.1","meth",0.000221466452148709,0.825015829726848,FALSE
1055,"JUP.1","meth",0.000221453197013148,0.825237282923861,FALSE
1056,"PTPN13.1","meth",0.000220991333658481,0.82545827425752,FALSE
1057,"QARS","meth",0.0002207675083466,0.825679041765867,FALSE
1058,"IPO4","exp",0.000220747398844361,0.825899789164711,FALSE
1059,"FBXW10","exp",0.000220697402287418,0.826120486566998,FALSE
1060,"FAM69A","exp",0.000220096662407893,0.826340583229406,FALSE
1061,"TFAP2D","meth",0.000219670507279631,0.826560253736686,FALSE
1062,"C18orf21","exp",0.000219308838637871,0.826779562575324,FALSE
1063,"TPSB2","exp",0.000219051497488925,0.826998614072813,FALSE
1064,"PRDM16.1","meth",0.000218981139430969,0.827217595212244,FALSE
1065,"PINX1","exp",0.000218891150668446,0.827436486362912,FALSE
1066,"IL17RE;IL17RC","meth",0.000218628920743267,0.827655115283655,FALSE
1067,"MYH3","exp",0.000218531624016272,0.827873646907672,FALSE
1068,"C8orf47","exp",0.00021850743213388,0.828092154339806,FALSE
1069,"HAR1A","exp",0.000218126535985593,0.828310280875791,FALSE
1070,"FPR1.1","meth",0.00021812646038596,0.828528407336177,FALSE
1071,"SERPINB9","exp",0.000217777240483681,0.828746184576661,FALSE
1072,"HPS3","exp",0.000217740121064135,0.828963924697725,FALSE
1073,"SCN11A","exp",0.000217628435207092,0.829181553132932,FALSE
1074,"ABCA5","exp",0.000216949726906608,0.829398502859839,FALSE
1075,"TEPP","meth",0.000216606176976764,0.829615109036815,FALSE
1076,"TGOLN2","meth",0.000216057651243403,0.829831166688059,FALSE
1077,"DHH","exp",0.000215769515844163,0.830046936203903,FALSE
1078,"DDIT4","exp",0.000215749003143884,0.830262685207047,FALSE
1079,"PPP4R1","exp",0.000215711833324584,0.830478397040372,FALSE
1080,"PTPRJ","exp",0.000215403462423718,0.830693800502795,FALSE
1081,"GDAP1","exp",0.000215260805917238,0.830909061308713,FALSE
1082,"SREBF1","exp",0.00021500318756964,0.831124064496282,FALSE
1083,"PGD","exp",0.000214150776513606,0.831338215272796,FALSE
1084,"KIAA0922.1","meth",0.000212724287048434,0.831550939559844,FALSE
1085,"ANO6;PLEKHA9","meth",0.000212309673464063,0.831763249233308,FALSE
1086,"MOBKL2B.1","meth",0.000212233821832813,0.831975483055141,FALSE
1087,"SLC27A3","exp",0.000211343888159194,0.8321868269433,FALSE
1088,"DNPEP","meth",0.000211234243492228,0.832398061186793,FALSE
1089,"COL14A1.1","meth",0.000210802015193491,0.832608863201986,FALSE
1090,"TFPI","exp",0.000210704844465883,0.832819568046452,FALSE
1091,"POLR3D","exp",0.000210704378268149,0.83303027242472,FALSE
1092,"FBLN2","exp",0.000210607976136805,0.833240880400857,FALSE
1093,"PLEKHA8.1","meth",0.000210511107807726,0.833451391508665,FALSE
1094,"UBA1","meth",0.000209388491065288,0.83366077999973,FALSE
1095,"MAD1L1","exp",0.000209379645908288,0.833870159645638,FALSE
1096,"LOC153684","exp",0.000209265477863312,0.834079425123502,FALSE
1097,"CERKL","exp",0.000208896047659284,0.834288321171161,FALSE
1098,"MYC.1","meth",0.000208510237534886,0.834496831408696,FALSE
1099,"CDC25B","exp",0.000208099580331282,0.834704930989027,FALSE
1100,"ATRIP","exp",0.000207619346265923,0.834912550335293,FALSE
1101,"ACAN.1","meth",0.000207220407005352,0.835119770742298,FALSE
1102,"C15orf40","exp",0.000207168066859801,0.835326938809158,FALSE
1103,"GDF5","exp",0.000207064873361473,0.83553400368252,FALSE
1104,"SLC45A4","exp",0.000206552307853292,0.835740555990373,FALSE
1105,"SNAI3","exp",0.000206452138340262,0.835947008128713,FALSE
1106,"GABRB1","meth",0.000205083646393137,0.836152091775106,FALSE
1107,"OR3A3","meth",0.000204879489585638,0.836356971264692,FALSE
1108,"ABCB6","exp",0.000204382447201992,0.836561353711894,FALSE
1109,"SMPDL3B.1","meth",0.000203320108566514,0.83676467382046,FALSE
1110,"PIF1.1","meth",0.000203216373270819,0.836967890193731,FALSE
1111,"EYA4","exp",0.000202996252340929,0.837170886446072,FALSE
1112,"PEX6","exp",0.000202823116582623,0.837373709562655,FALSE
1113,"CDO1.1","meth",0.000202136785319198,0.837575846347974,FALSE
1114,"PI3K-Akt signaling pathway ","path_mut",0.000201626424800297,0.837777472772774,FALSE
1115,"ACO1.1","meth",0.000201267150146898,0.837978739922921,FALSE
1116,"LOC729799","exp",0.000201080834852664,0.838179820757774,FALSE
1117,"C17orf96","exp",0.000200681404194481,0.838380502161968,FALSE
1118,"AMPD3","exp",0.000200467759633107,0.838580969921601,FALSE
1119,"E2F5","exp",0.000200328618509537,0.838781298540111,FALSE
1120,"STON2","exp",0.000199912984330127,0.838981211524441,FALSE
1121,"CNTD2.1","meth",0.00019858912136604,0.839179800645807,FALSE
1122,"RGS1.1","meth",0.000197904239095571,0.839377704884902,FALSE
1123,"DND1","exp",0.000197843986188488,0.839575548871091,FALSE
1124,"MAP1D.1","meth",0.000197589165027292,0.839773138036118,FALSE
1125,"ENTPD5;C14orf45","meth",0.000197388687401907,0.83997052672352,FALSE
1126,"SNRPF","exp",0.000196749429509637,0.84016727615303,FALSE
1127,"KCNC4.1","meth",0.000196683632629506,0.840363959785659,FALSE
1128,"GJC3","exp",0.000196643212026009,0.840560602997685,FALSE
1129,"ZNF236.1","meth",0.000196424842487605,0.840757027840173,FALSE
1130,"Nucleotide metabolism ","path_mut",0.000196404821184938,0.840953432661358,FALSE
1131,"TM9SF3","meth",0.00019620858973891,0.841149641251097,FALSE
1132,"ACVR1B.1","meth",0.000195880966131641,0.841345522217229,FALSE
1133,"MED18","exp",0.000195764000900263,0.841541286218129,FALSE
1134,"SESN2.1","meth",0.000195037526231994,0.841736323744361,FALSE
1135,"PPP2R5A","exp",0.000195026677684734,0.841931350422046,FALSE
1136,"CAGE1;RIOK1","meth",0.000194359246329427,0.842125709668375,FALSE
1137,"MMP17","exp",0.000194313659751045,0.842320023328126,FALSE
1138,"SULF2","exp",0.000194181788792131,0.842514205116918,FALSE
1139,"CYP4F11.1","meth",0.000193713171870295,0.842707918288789,FALSE
1140,"ALDH3A2.1","meth",0.000193623989503852,0.842901542278292,FALSE
1141,"PEX11G","exp",0.000193367442151048,0.843094909720443,FALSE
1142,"ATXN2","meth",0.000193186418831087,0.843288096139274,FALSE
1143,"IQSEC2","exp",0.000192965037907322,0.843481061177182,FALSE
1144,"TTLL7","exp",0.000192762531691799,0.843673823708874,FALSE
1145,"UNC84A","meth",0.000192579026183904,0.843866402735057,FALSE
1146,"SLC16A3.1","meth",0.000192009559352347,0.84405841229441,FALSE
1147,"BCL9L.1","meth",0.000191942074080424,0.84425035436849,FALSE
1148,"ALAD","exp",0.000191798006380804,0.844442152374871,FALSE
1149,"NEURL.1","meth",0.000191792449807817,0.844633944824679,FALSE
1150,"PSMG1","exp",0.000191561190532076,0.844825506015211,FALSE
1151,"HHLA3","exp",0.000191392842750493,0.845016898857961,FALSE
1152,"ZDBF2","exp",0.000191105488547455,0.845208004346509,FALSE
1153,"ORAI3.1","meth",0.000190401151971563,0.84539840549848,FALSE
1154,"CYP46A1","exp",0.000190311238808672,0.845588716737289,FALSE
1155,"CDKN2AIP","exp",0.000190069924781812,0.845778786662071,FALSE
1156,"KCNS1","exp",0.000189792146532221,0.845968578808603,FALSE
1157,"GRIN3A.1","meth",0.000189126844566563,0.84615770565317,FALSE
1158,"XPR1","exp",0.00018896914373322,0.846346674796903,FALSE
1159,"ZNF202.1","meth",0.000188801577147839,0.846535476374051,FALSE
1160,"CPNE5.1","meth",0.000188785575225631,0.846724261949276,FALSE
1161,"EDN2","meth",0.000188614770455993,0.846912876719732,FALSE
1162,"GLRX.1","meth",0.000188486692078641,0.847101363411811,FALSE
1163,"NUPL1","meth",0.000188302279375157,0.847289665691186,FALSE
1164,"RBM4B.1","meth",0.000188113683492009,0.847477779374678,FALSE
1165,"RPL12;LRSAM1","meth",0.000188043879831357,0.84766582325451,FALSE
1166,"IL4I1","exp",0.00018747330420519,0.847853296558715,FALSE
1167,"EYA1","exp",0.000187192942968157,0.848040489501683,FALSE
1168,"ZMYM2","exp",0.000187033679742409,0.848227523181425,FALSE
1169,"MYH4","meth",0.000186797040292823,0.848414320221718,FALSE
1170,"LOC730101","exp",0.000186784629353159,0.848601104851071,FALSE
1171,"HOXC11","meth",0.000186610284000732,0.848787715135072,FALSE
1172,"SSTR4","meth",0.000186573429179901,0.848974288564252,FALSE
1173,"ITGAX.1","meth",0.000186516792455238,0.849160805356707,FALSE
1174,"CD96.1","meth",0.000186393161856264,0.849347198518564,FALSE
1175,"GRB10.1","meth",0.00018639109546631,0.84953358961403,FALSE
1176,"MRPL3","meth",0.000186063509658857,0.849719653123689,FALSE
1177,"EXOSC9","meth",0.000185478759101601,0.84990513188279,FALSE
1178,"MRPS28.1","meth",0.000185471085738904,0.850090602968529,FALSE
1179,"OR1F1","meth",0.000184343378621212,0.85027494634715,FALSE
1180,"SLC9A3R1.1","meth",0.000184220126020401,0.850459166473171,FALSE
1181,"TECPR2","exp",0.000183856529588012,0.850643023002759,FALSE
1182,"GPR125.1","meth",0.000183300809289626,0.850826323812048,FALSE
1183,"NCOA3","exp",0.00018313862287809,0.851009462434926,FALSE
1184,"TTLL3","exp",0.000183083346946812,0.851192545781873,FALSE
1185,"TIAM1.1","meth",0.000182762413907016,0.85137530819578,FALSE
1186,"TTC23L","exp",0.000182576363211495,0.851557884558992,FALSE
1187,"SH3GL2","exp",0.000182078073433913,0.851739962632426,FALSE
1188,"TOB1","exp",0.0001819182684108,0.851921880900837,FALSE
1189,"HMGN4","meth",0.000181687387133221,0.85210356828797,FALSE
1190,"FKRP;STRN4","meth",0.000181608221718081,0.852285176509688,FALSE
1191,"LIX1","meth",0.000181604555135906,0.852466781064824,FALSE
1192,"DNAH12","exp",0.000181473490573071,0.852648254555397,FALSE
1193,"CCDC113","exp",0.000181459857439348,0.852829714412836,FALSE
1194,"C22orf34.1","meth",0.000180721954626637,0.853010436367463,FALSE
1195,"KDM4D","exp",0.000180560902209587,0.853190997269673,FALSE
1196,"CHD4","meth",0.00018045870410642,0.853371455973779,FALSE
1197,"NMU","meth",0.000180333347315837,0.853551789321095,FALSE
1198,"C21orf91.1","meth",0.000180212602102836,0.853732001923198,FALSE
1199,"RASA3","exp",0.000180040474339629,0.853912042397537,FALSE
1200,"HIST1H2BJ.1","meth",0.000179790844353196,0.85409183324189,FALSE
1201,"ZNF302","exp",0.000179486555832484,0.854271319797723,FALSE
1202,"CDKN1A.1","meth",0.000179399666654893,0.854450719464378,FALSE
1203,"TROVE2;UCHL5","meth",0.000179202817811866,0.85462992228219,FALSE
1204,"NPM2","exp",0.000179078519416139,0.854809000801606,FALSE
1205,"ZNF613.1","meth",0.000178947807651589,0.854987948609257,FALSE
1206,"ANKRD31","exp",0.000178910612632411,0.85516685922189,FALSE
1207,"MESP2","exp",0.000178650801895472,0.855345510023785,FALSE
1208,"C1orf104","exp",0.000178429773769992,0.855523939797555,FALSE
1209,"THBS1.1","meth",0.000178412940251828,0.855702352737807,FALSE
1210,"KIAA0895.1","meth",0.00017817652760114,0.855880529265408,FALSE
1211,"PAFAH1B2","exp",0.00017806661833546,0.856058595883744,FALSE
1212,"ANGPT1.1","meth",0.000177802309420388,0.856236398193164,FALSE
1213,"PHGDH.1","meth",0.000177744916699401,0.856414143109864,FALSE
1214,"CPEB1","exp",0.000177717272433792,0.856591860382297,FALSE
1215,"BCAT1.1","meth",0.000177220230050146,0.856769080612347,FALSE
1216,"Progesterone-mediated oocyte maturation ","path_mut",0.000177210704496454,0.856946291316844,FALSE
1217,"ZDHHC11","exp",0.000177164714720032,0.857123456031564,FALSE
1218,"LOC100133985","exp",0.000177083117516714,0.857300539149081,FALSE
1219,"HMGB3.1","meth",0.000177077875942196,0.857477617025023,FALSE
1220,"TIMM44.1","meth",0.000177002704707638,0.857654619729731,FALSE
1221,"CYP2E1.1","meth",0.000176951372557187,0.857831571102288,FALSE
1222,"ZP1","exp",0.000175984150859301,0.858007555253147,FALSE
1223,"NUDCD3","meth",0.000175898408276136,0.858183453661423,FALSE
1224,"LHX2.1","meth",0.000175784467030057,0.858359238128453,FALSE
1225,"LAPTM4B.1","meth",0.000174923500615615,0.858534161629069,FALSE
1226,"CLEC17A","exp",0.000174582533673214,0.858708744162742,FALSE
1227,"C12orf69","exp",0.000174002608892497,0.858882746771635,FALSE
1228,"NIPSNAP3A","exp",0.000173964972875463,0.85905671174451,FALSE
1229,"PDLIM4","exp",0.000173459412933225,0.859230171157443,FALSE
1230,"GFPT2","exp",0.000173420705921398,0.859403591863365,FALSE
1231,"ASTE1","exp",0.000173263710684625,0.859576855574049,FALSE
1232,"MYO7A","exp",0.000173011170112342,0.859749866744162,FALSE
1233,"DUOXA2;DUOX2","meth",0.000172833422776454,0.859922700166938,FALSE
1234,"FSCN1","exp",0.000172555959525332,0.860095256126463,FALSE
1235,"CLDN2","exp",0.000172424390964948,0.860267680517428,FALSE
1236,"SLC38A2","exp",0.00017198462790284,0.860439665145331,FALSE
1237,"LRRFIP1.1","meth",0.000171883072396549,0.860611548217728,FALSE
1238,"XKR9","exp",0.000171363236723711,0.860782911454452,FALSE
1239,"SFXN2;ARL3","meth",0.000171342421624903,0.860954253876076,FALSE
1240,"RNF121;LOC100133315","meth",0.000171295864851237,0.861125549740928,FALSE
1241,"PHF2","meth",0.000171245490296131,0.861296795231224,FALSE
1242,"UCN3","meth",0.000170914200106687,0.86146770943133,FALSE
1243,"CAPZA3;PLCZ1","meth",0.000170681781636581,0.861638391212967,FALSE
1244,"C19orf44","exp",0.000170349294452956,0.86180874050742,FALSE
1245,"C3orf59","exp",0.000170313813025447,0.861979054320445,FALSE
1246,"RPS29","meth",0.000170082843548297,0.862149137163994,FALSE
1247,"METTL12","exp",0.000169708574967791,0.862318845738961,FALSE
1248,"ATP5L2","exp",0.000169359040067042,0.862488204779029,FALSE
1249,"CLCN3","exp",0.000169227232107822,0.862657432011136,FALSE
1250,"DYNC2LI1","exp",0.00016911834343718,0.862826550354573,FALSE
1251,"CYP24A1","meth",0.000168882674182878,0.862995433028756,FALSE
1252,"C6orf155","exp",0.000168803848966084,0.863164236877722,FALSE
1253,"PDX1","meth",0.000168714653999702,0.863332951531722,FALSE
1254,"DGAT2","exp",0.000168400096528912,0.863501351628251,FALSE
1255,"LGMN.1","meth",0.000168338155230038,0.863669689783481,FALSE
1256,"ZZEF1;CYB5D2","meth",0.00016820792226316,0.863837897705744,FALSE
1257,"RFPL3S","exp",0.000168011527017929,0.864005909232762,FALSE
1258,"LYST","exp",0.000167759213244543,0.864173668446007,FALSE
1259,"ACACA","exp",0.000167482405190236,0.864341150851197,FALSE
1260,"ANKRD53.1","meth",0.000167417427306124,0.864508568278503,FALSE
1261,"ZP4;LOC100130331","meth",0.000167292662712662,0.864675860941216,FALSE
1262,"FLVCR2","exp",0.000167154756383089,0.864843015697599,FALSE
1263,"BYSL","exp",0.000166984871408979,0.865010000569008,FALSE
1264,"DPM3","exp",0.000166963678312008,0.86517696424732,FALSE
1265,"MBD2","exp",0.000166630598931262,0.865343594846251,FALSE
1266,"ZNF283","exp",0.000166462301549434,0.865510057147801,FALSE
1267,"RBM28","exp",0.00016645007960885,0.865676507227409,FALSE
1268,"C7orf31","exp",0.000166210327974394,0.865842717555384,FALSE
1269,"MCART1.1","meth",0.000166121120408074,0.866008838675792,FALSE
1270,"ZBED5","meth",0.000166019363302762,0.866174858039095,FALSE
1271,"MBD1","meth",0.000165890944727064,0.866340748983822,FALSE
1272,"DOC2B","exp",0.00016554900758938,0.866506297991411,FALSE
1273,"MS4A1","exp",0.000165544648010574,0.866671842639422,FALSE
1274,"DHRS7.1","meth",0.000165409009669975,0.866837251649092,FALSE
1275,"HPN.1","meth",0.000165390550759712,0.867002642199851,FALSE
1276,"ADCYAP1","exp",0.000165243522074487,0.867167885721926,FALSE
1277,"ABHD8.1","meth",0.000164975710376444,0.867332861432302,FALSE
1278,"DOHH.1","meth",0.0001649751433792,0.867497836575681,FALSE
1279,"LOC404266;HOXB5","meth",0.000164948998506303,0.867662785574188,FALSE
1280,"NAB1.1","meth",0.000164903159929145,0.867827688734117,FALSE
1281,"CCDC121","exp",0.00016439465160124,0.867992083385718,FALSE
1282,"SRC","exp",0.000164075810151277,0.868156159195869,FALSE
1283,"ACTN3","exp",0.000163885538476276,0.868320044734346,FALSE
1284,"GPCPD1","exp",0.000163876264921359,0.868483920999267,FALSE
1285,"SUPT16H","meth",0.000163852362837558,0.868647773362104,FALSE
1286,"KCND3","exp",0.00016360781062644,0.868811381172731,FALSE
1287,"ARSB","exp",0.000163584425140127,0.868974965597871,FALSE
1288,"ASPN","exp",0.000163570086409835,0.869138535684281,FALSE
1289,"LOC100270804","exp",0.000163219782912823,0.869301755467194,FALSE
1290,"SNTG1","meth",0.000163085719564567,0.869464841186758,FALSE
1291,"MRPL33","exp",0.000163008759138707,0.869627849945897,FALSE
1292,"ACOT4.1","meth",0.000162926229539922,0.869790776175437,FALSE
1293,"IRX5.1","meth",0.000162874481591493,0.869953650657028,FALSE
1294,"SNX9","exp",0.000162817114070383,0.870116467771099,FALSE
1295,"EIF1","meth",0.000162656464851373,0.87027912423595,FALSE
1296,"IGF2R","exp",0.000162090450403033,0.870441214686353,FALSE
1297,"CCNF","exp",0.000161645357566836,0.87060286004392,FALSE
1298,"ANKRD49;MRE11A","meth",0.000161624151869926,0.87076448419579,FALSE
1299,"CD28.1","meth",0.000161357436366554,0.870925841632156,FALSE
1300,"TGFBR2.1","meth",0.000161169571279854,0.871087011203436,FALSE
1301,"LRRC17;FBXL13","meth",0.00016089965539204,0.871247910858828,FALSE
1302,"ELOVL6.1","meth",0.000160805886647894,0.871408716745476,FALSE
1303,"LDB1","exp",0.000160428468082701,0.871569145213559,FALSE
1304,"PHYHIP.1","meth",0.000160183260674768,0.871729328474234,FALSE
1305,"TPI1","meth",0.000160094103508202,0.871889422577742,FALSE
1306,"PIP5K1B.1","meth",0.000159886973115159,0.872049309550857,FALSE
1307,"CDADC1.1","meth",0.00015950529577067,0.872208814846628,FALSE
1308,"INTS5","meth",0.000159401220276629,0.872368216066904,FALSE
1309,"DYRK1B.1","meth",0.000159368032037973,0.872527584098942,FALSE
1310,"ANKRD24","exp",0.000158451021095989,0.872686035120038,FALSE
1311,"SPSB3","exp",0.000158296986844821,0.872844332106883,FALSE
1312,"C14orf182","exp",0.000158276776543073,0.873002608883426,FALSE
1313,"SH3BGRL2","exp",0.000158215868439175,0.873160824751866,FALSE
1314,"CLEC5A","exp",0.000158135884028017,0.873318960635894,FALSE
1315,"MAPK15.1","meth",0.000158135884028017,0.873477096519922,FALSE
1316,"MREG","exp",0.000157932697415801,0.873635029217337,FALSE
1317,"SEMA4C","exp",0.000157672609480209,0.873792701826818,FALSE
1318,"ANKRD46.1","meth",0.000157537286138079,0.873950239112956,FALSE
1319,"SEZ6L2.1","meth",0.000157533896754556,0.87410777300971,FALSE
1320,"IFITM1","exp",0.000157500771515593,0.874265273781226,FALSE
1321,"CDK10.1","meth",0.000157452967347992,0.874422726748574,FALSE
1322,"TOP2B","meth",0.000157360836595882,0.87458008758517,FALSE
1323,"EPDR1","exp",0.000157320693191038,0.874737408278361,FALSE
1324,"NLRP10","meth",0.000157161505564923,0.874894569783926,FALSE
1325,"MIOX","meth",0.000157084834937654,0.875051654618863,FALSE
1326,"PTGER3","exp",0.000156930095089917,0.875208584713953,FALSE
1327,"MRPS31","meth",0.000156778013829254,0.875365362727783,FALSE
1328,"OBFC1.1","meth",0.000156603794476216,0.875521966522259,FALSE
1329,"PI4KAP2","exp",0.00015627833805841,0.875678244860317,FALSE
1330,"CTDSPL2.1","meth",0.000155998707617824,0.875834243567935,FALSE
1331,"RGNEF","exp",0.000155964838982475,0.875990208406918,FALSE
1332,"ADAM33","exp",0.000155933112336713,0.876146141519254,FALSE
1333,"C16orf5","exp",0.00015573703208995,0.876301878551344,FALSE
1334,"USP6NL","exp",0.000155579369056423,0.876457457920401,FALSE
1335,"SLC10A2","meth",0.000155277991121561,0.876612735911522,FALSE
1336,"NIPA1","exp",0.000155141495985128,0.876767877407508,FALSE
1337,"RHBDD1.1","meth",0.000154637788233885,0.876922515195741,FALSE
1338,"FAM150A","meth",0.000154356078803405,0.877076871274545,FALSE
1339,"SIRPB1","exp",0.000154004515312519,0.877230875789857,FALSE
1340,"IFIT2","exp",0.000153949277181057,0.877384825067038,FALSE
1341,"ERBB3","exp",0.000153889200673117,0.877538714267712,FALSE
1342,"C17orf91;WDR81","meth",0.000153827334973875,0.877692541602685,FALSE
1343,"DPP6","meth",0.000153824399188147,0.877846366001873,FALSE
1344,"ORC2L.1","meth",0.000153505456938673,0.877999871458812,FALSE
1345,"MORF4.1","meth",0.000153200084823229,0.878153071543635,FALSE
1346,"KIAA1875","exp",0.000153034420828599,0.878306105964464,FALSE
1347,"RIMBP2","exp",0.000152969241345466,0.87845907520581,FALSE
1348,"ANGEL1.1","meth",0.000152906203851921,0.878611981409661,FALSE
1349,"IL21R","exp",0.000152685276525951,0.878764666686187,FALSE
1350,"RABAC1","exp",0.000152653323081292,0.878917320009269,FALSE
1351,"C15orf34","exp",0.00015255899993984,0.879069879009208,FALSE
1352,"SYT17.1","meth",0.000152240007290612,0.879222119016499,FALSE
1353,"ANKDD1A.1","meth",0.000152165856651093,0.87937428487315,FALSE
1354,"ZNF655","exp",0.000151987416318574,0.879526272289469,FALSE
1355,"ARHGEF33","exp",0.000151830622680821,0.87967810291215,FALSE
1356,"VPS39","meth",0.00015179114707273,0.879829894059222,FALSE
1357,"ZC3HAV1L.1","meth",0.00015157122774186,0.879981465286964,FALSE
1358,"GTPBP10","exp",0.000151531827733402,0.880132997114698,FALSE
1359,"MOCS3","exp",0.000151414975901473,0.880284412090599,FALSE
1360,"KCNQ3.1","meth",0.000151330820910589,0.88043574291151,FALSE
1361,"ATP5J;GABPA","meth",0.000151294583486756,0.880587037494996,FALSE
1362,"RFX5","meth",0.000151256695470947,0.880738294190467,FALSE
1363,"GTF2F2","exp",0.000151160305939542,0.880889454496407,FALSE
1364,"CCDC89.1","meth",0.000151148499796937,0.881040602996204,FALSE
1365,"NGFR","exp",0.000150582359349209,0.881191185355553,FALSE
1366,"ACOT13;TTRAP","meth",0.00015028587019058,0.881341471225744,FALSE
1367,"TRAPPC2;OFD1","meth",0.000149485219682914,0.881490956445427,FALSE
1368,"RDM1.1","meth",0.000148838779825558,0.881639795225252,FALSE
1369,"CTAGE4","exp",0.000148825222291468,0.881788620447544,FALSE
1370,"IDI1.1","meth",0.000148808275373855,0.881937428722917,FALSE
1371,"FAM50B.1","meth",0.000148651532135856,0.882086080255053,FALSE
1372,"PAFAH2","exp",0.000148472109008116,0.882234552364061,FALSE
1373,"RRAGD.1","meth",0.000148155069349393,0.882382707433411,FALSE
1374,"ADAM29","meth",0.000148153910155028,0.882530861343566,FALSE
1375,"C9orf80.1","meth",0.000147852116422188,0.882678713459988,FALSE
1376,"KCNC4","exp",0.000147742244956324,0.882826455704944,FALSE
1377,"NUP155","exp",0.000147655154179712,0.882974110859124,FALSE
1378,"ZDHHC3;EXOSC7","meth",0.000147560402640344,0.883121671261764,FALSE
1379,"PMF1","meth",0.000147453605559534,0.883269124867324,FALSE
1380,"MAEA","meth",0.000147284211983035,0.883416409079307,FALSE
1381,"PAK1IP1","exp",0.000147193076626086,0.883563602155933,FALSE
1382,"LYL1.1","meth",0.000147028559225882,0.883710630715159,FALSE
1383,"WNT2B","exp",0.000146841437535567,0.883857472152695,FALSE
1384,"EXT1.1","meth",0.000146830929186653,0.884004303081881,FALSE
1385,"C14orf105","meth",0.000146542327589679,0.884150845409471,FALSE
1386,"XPOT","exp",0.000146483208677084,0.884297328618148,FALSE
1387,"KREMEN2.1","meth",0.000146471667133193,0.884443800285281,FALSE
1388,"POLRMT","exp",0.000146083349620985,0.884589883634902,FALSE
1389,"EBI3","exp",0.00014600161381834,0.88473588524872,FALSE
1390,"OTOF","exp",0.000145970617969025,0.88488185586669,FALSE
1391,"CA9","meth",0.000145800619595466,0.885027656486285,FALSE
1392,"COX18","exp",0.000145737884500451,0.885173394370785,FALSE
1393,"ADCY9","exp",0.000145659512881452,0.885319053883667,FALSE
1394,"TOP1MT.1","meth",0.000145454990675729,0.885464508874343,FALSE
1395,"CNGA4","exp",0.000145365253911981,0.885609874128255,FALSE
1396,"PARVA","exp",0.000145258734029824,0.885755132862284,FALSE
1397,"TEKT5","exp",0.000145181811403781,0.885900314673688,FALSE
1398,"SEMA4F","exp",0.000145023404973868,0.886045338078662,FALSE
1399,"KCP","exp",0.000145005891059011,0.886190343969721,FALSE
1400,"GPD1L","exp",0.000144891760813851,0.886335235730535,FALSE
1401,"OR7C2","meth",0.000144797689671175,0.886480033420206,FALSE
1402,"SLC9A3R1","exp",0.000144203274960901,0.886624236695167,FALSE
1403,"TMEM70.1","meth",0.000144054923282107,0.886768291618449,FALSE
1404,"PPFIBP2","exp",0.000144020979047126,0.886912312597496,FALSE
1405,"CRISPLD2","exp",0.000143982183835727,0.887056294781332,FALSE
1406,"TNXB","exp",0.000143682544692412,0.887199977326024,FALSE
1407,"GDPD5","exp",0.000143646319868518,0.887343623645893,FALSE
1408,"CNTD1","exp",0.0001435862181607,0.887487209864054,FALSE
1409,"MCF2L.1","meth",0.000143483516059983,0.887630693380114,FALSE
1410,"FAM177A1","exp",0.000143456148993027,0.887774149529107,FALSE
1411,"SLC6A1.1","meth",0.000143384064743462,0.88791753359385,FALSE
1412,"C13orf31","exp",0.000143214330968617,0.888060747924819,FALSE
1413,"HSPB9","exp",0.000142783513863019,0.888203531438682,FALSE
1414,"IFIT1.1","meth",0.000142743874455724,0.888346275313137,FALSE
1415,"MYO5A","exp",0.00014246261862304,0.88848873793176,FALSE
1416,"WNT10B","exp",0.000141590400463297,0.888630328332224,FALSE
1417,"FAM105B","exp",0.000141568325370615,0.888771896657594,FALSE
1418,"SAP30L","meth",0.000141564998986786,0.888913461656581,FALSE
1419,"TPCN2","exp",0.0001414698190495,0.88905493147563,FALSE
1420,"MRPL52.1","meth",0.000140932545061438,0.889195864020692,FALSE
1421,"ZNF140.1","meth",0.000140816663424792,0.889336680684117,FALSE
1422,"TPST1.1","meth",0.000140663611968847,0.889477344296086,FALSE
1423,"CORO1C","exp",0.000140183491302936,0.889617527787389,FALSE
1424,"ST6GALNAC1.1","meth",0.000140070646251528,0.88975759843364,FALSE
1425,"ALS2CR11.1","meth",0.000139927662146641,0.889897526095787,FALSE
1426,"RPL21","exp",0.000139692723688786,0.890037218819476,FALSE
1427,"RP9P","exp",0.000139619518044672,0.89017683833752,FALSE
1428,"FAM109B","exp",0.000139414416241767,0.890316252753762,FALSE
1429,"DDX28;DUS2L","meth",0.000139006228626157,0.890455258982388,FALSE
1430,"HIST1H4D.1","meth",0.000138933753778491,0.890594192736167,FALSE
1431,"FAM118A","exp",0.000138840715830791,0.890733033451997,FALSE
1432,"PRPSAP1","meth",0.000138556688011583,0.890871590140009,FALSE
1433,"HLA-DQB1","exp",0.000138536024112039,0.891010126164121,FALSE
1434,"SPATA2L.1","meth",0.000138214675274265,0.891148340839395,FALSE
1435,"SORL1.1","meth",0.000137878609708036,0.891286219449103,FALSE
1436,"CYP1A1.1","meth",0.000137825853764507,0.891424045302868,FALSE
1437,"CNTN2","exp",0.000137559705258379,0.891561605008126,FALSE
1438,"VAMP1","exp",0.000137557865667322,0.891699162873794,FALSE
1439,"RHOB.1","meth",0.000137359227632994,0.891836522101427,FALSE
1440,"IQGAP2.1","meth",0.00013729014216885,0.891973812243596,FALSE
1441,"CD1A","meth",0.000137063015673018,0.892110875259269,FALSE
1442,"QPCTL;SNRPD2","meth",0.000136889564916242,0.892247764824185,FALSE
1443,"CAPS.1","meth",0.000136815779674947,0.89238458060386,FALSE
1444,"PPAP2A","exp",0.000136454627630674,0.89252103523149,FALSE
1445,"S100A6.1","meth",0.000136276338497421,0.892657311569988,FALSE
1446,"CREBL2","exp",0.00013620983602072,0.892793521406009,FALSE
1447,"ZCCHC6","exp",0.000135645270565335,0.892929166676574,FALSE
1448,"C2orf79","exp",0.000135354741177733,0.893064521417752,FALSE
1449,"ZNF606.1","meth",0.000135320973341895,0.893199842391094,FALSE
1450,"HNRNPA3","meth",0.000135226322602036,0.893335068713696,FALSE
1451,"BCAP29","exp",0.000134949325548647,0.893470018039244,FALSE
1452,"EIF5A2","exp",0.000134849798632494,0.893604867837877,FALSE
1453,"ZBTB3","exp",0.000134619333152893,0.89373948717103,FALSE
1454,"NMUR1","exp",0.000134436986839364,0.893873924157869,FALSE
1455,"TMEM106A","exp",0.000134335733731602,0.8940082598916,FALSE
1456,"GALNT8","exp",0.0001343339445403,0.894142593836141,FALSE
1457,"DMRT2","meth",0.000134208827148554,0.894276802663289,FALSE
1458,"ZNF491.1","meth",0.000134195042815566,0.894410997706105,FALSE
1459,"OSR1","meth",0.000134187482852318,0.894545185188957,FALSE
1460,"PGCP","exp",0.000133919910553112,0.89467910509951,FALSE
1461,"PIK3R3.1","meth",0.000133559426305593,0.894812664525816,FALSE
1462,"ATP6V1C2","exp",0.000133481079886471,0.894946145605702,FALSE
1463,"ZADH2","exp",0.000133387046543611,0.895079532652246,FALSE
1464,"NDUFB1;CPSF2","meth",0.00013337881878361,0.89521291147103,FALSE
1465,"SYCE2","exp",0.000133296490783845,0.895346207961813,FALSE
1466,"HBG1","meth",0.000133202457440984,0.895479410419254,FALSE
1467,"STAU1","meth",0.000133193398085026,0.895612603817339,FALSE
1468,"MGC12982","exp",0.000133109205294326,0.895745713022634,FALSE
1469,"CCDC104.1","meth",0.000133058364541487,0.895878771387175,FALSE
1470,"TPM2.1","meth",0.000132952109258043,0.896011723496433,FALSE
1471,"RDH16","exp",0.000132932932151272,0.896144656428584,FALSE
1472,"PIK3IP1","exp",0.000132461152644811,0.896277117581229,FALSE
1473,"LRRN3","exp",0.000132337610245408,0.896409455191475,FALSE
1474,"MSH2","exp",0.000132334271261641,0.896541789462736,FALSE
1475,"ASTN2","exp",0.00013229941983107,0.896674088882567,FALSE
1476,"UCKL1AS;UCKL1","meth",0.000132291406270027,0.896806380288837,FALSE
1477,"CHRM3","exp",0.000132281679117315,0.896938661967955,FALSE
1478,"ACAP2.1","meth",0.000131825573934655,0.897070487541889,FALSE
1479,"WDR85","exp",0.000131705710717365,0.897202193252607,FALSE
1480,"VPS72","meth",0.000131449289363949,0.897333642541971,FALSE
1481,"HIST1H2BE.1","meth",0.000131221482471424,0.897464864024442,FALSE
1482,"TMCC3","exp",0.000130997669759481,0.897595861694202,FALSE
1483,"ERC2","meth",0.000130975254468452,0.89772683694867,FALSE
1484,"GJC1.1","meth",0.000130458997178219,0.897857295945848,FALSE
1485,"KRT17","exp",0.000130330515602828,0.897987626461451,FALSE
1486,"ZBTB8B","meth",0.000130065589290757,0.898117692050742,FALSE
1487,"C19orf18","exp",0.000130024815888976,0.898247716866631,FALSE
1488,"LOC400696","exp",0.000129800801578014,0.898377517668209,FALSE
1489,"GMCL1L","exp",0.000129684453743634,0.898507202121952,FALSE
1490,"AMDHD1;CCDC38","meth",0.000129593683784909,0.898636795805737,FALSE
1491,"TMEM180","exp",0.000129472043976257,0.898766267849714,FALSE
1492,"YAP1","exp",0.000129447915093559,0.898895715764807,FALSE
1493,"CBLN2","exp",0.000129315351138014,0.899025031115945,FALSE
1494,"HSD17B6.1","meth",0.000128941926753403,0.899153973042699,FALSE
1495,"ADAMTS9.1","meth",0.000128863807133179,0.899282836849832,FALSE
1496,"ST7OT4","exp",0.000128776010759998,0.899411612860592,FALSE
1497,"PTPN1","exp",0.000128451196939069,0.899540064057531,FALSE
1498,"UBE2M;LOC100131691","meth",0.000128343530462485,0.899668407587993,FALSE
1499,"FAH","exp",0.000128324214756388,0.89979673180275,FALSE
1500,"H1F0","exp",0.000128201743351778,0.899924933546102,FALSE
1501,"PCDHB6","exp",0.000127986599397693,0.900052920145499,FALSE
1502,"INGX;BCYRN1","meth",0.000127911591962339,0.900180831737462,FALSE
1503,"CD68","exp",0.000127876198734402,0.900308707936196,FALSE
1504,"ABCA7","exp",0.000127806269074362,0.90043651420527,FALSE
1505,"RNF40;C16orf93","meth",0.000127566353640703,0.900564080558911,FALSE
1506,"RFX1","exp",0.000127541178963089,0.900691621737874,FALSE
1507,"C1orf52.1","meth",0.000126816191087591,0.900818437928962,FALSE
1508,"ACY3.1","meth",0.0001267258873266,0.900945163816289,FALSE
1509,"EFR3A","exp",0.0001267057904243,0.901071869606713,FALSE
1510,"WDR63.1","meth",0.000126599572940673,0.901198469179654,FALSE
1511,"FGFBP3","exp",0.000126483817303415,0.901324952996957,FALSE
1512,"SLC27A5","exp",0.000126416143032411,0.901451369139989,FALSE
1513,"EIF2S1;ATP6V1D","meth",0.00012631186593935,0.901577681005929,FALSE
1514,"OTUD3","exp",0.000125941427740222,0.901703622433669,FALSE
1515,"ZNF79","exp",0.000125882044228913,0.901829504477898,FALSE
1516,"LOC728640","exp",0.000125819876131141,0.901955324354029,FALSE
1517,"NFATC1.1","meth",0.000125251807892785,0.902080576161922,FALSE
1518,"ERLIN2","exp",0.000125155166362604,0.902205731328284,FALSE
1519,"C1orf198.1","meth",0.000125121625325663,0.90233085295361,FALSE
1520,"TBC1D10A","exp",0.000125002782703412,0.902455855736313,FALSE
1521,"P4HA1.1","meth",0.00012475364411459,0.902580609380428,FALSE
1522,"OSM","exp",0.000124670925516724,0.902705280305945,FALSE
1523,"FKBPL","exp",0.000124670799517336,0.902829951105462,FALSE
1524,"RND3","exp",0.000124629534717944,0.90295458064018,FALSE
1525,"DGKD.1","meth",0.000124248512570269,0.90307882915275,FALSE
1526,"CD83","exp",0.000124145684470164,0.90320297483722,FALSE
1527,"LMF1","exp",0.00012412935494955,0.90332710419217,FALSE
1528,"PRDM16","exp",0.00012409208433074,0.903451196276501,FALSE
1529,"ADCY5.1","meth",0.000124012843315967,0.903575209119817,FALSE
1530,"AP1S3","exp",0.000124004842354863,0.903699213962172,FALSE
1531,"DISC1","exp",0.000123981015870695,0.903823194978042,FALSE
1532,"TATDN1","exp",0.00012394278765654,0.903947137765699,FALSE
1533,"ZNF529","exp",0.000123509488363009,0.904070647254062,FALSE
1534,"MGC16121","exp",0.000123501449602089,0.904194148703664,FALSE
1535,"FEN1","exp",0.000123343572369604,0.904317492276034,FALSE
1536,"RSAD1.1","meth",0.000123320816880229,0.904440813092914,FALSE
1537,"SYNJ2","exp",0.000123038994050301,0.904563852086964,FALSE
1538,"GM2A","exp",0.000122911734668968,0.904686763821633,FALSE
1539,"CALCOCO1.1","meth",0.000122792186450147,0.904809556008083,FALSE
1540,"PTMS.1","meth",0.000122785269083776,0.904932341277167,FALSE
1541,"LRRC32","exp",0.00012262910544296,0.90505497038261,FALSE
1542,"CDK17.1","meth",0.000122305387816701,0.905177275770427,FALSE
1543,"PYROXD1","exp",0.00012228701710601,0.905299562787533,FALSE
1544,"LRRC3","exp",0.000122260330435746,0.905421823117969,FALSE
1545,"CD2AP.1","meth",0.000121833444511037,0.90554365656248,FALSE
1546,"INVS","exp",0.000121627070114319,0.905665283632594,FALSE
1547,"BCAM.1","meth",0.000121560555037679,0.905786844187632,FALSE
1548,"RASAL2","exp",0.000121240919791575,0.905908085107423,FALSE
1549,"MAL","exp",0.000121132686317748,0.906029217793741,FALSE
1550,"RND1","exp",0.000120998169371697,0.906150215963113,FALSE
1551,"MCART1","exp",0.000120989765212554,0.906271205728325,FALSE
1552,"CERCAM","exp",0.000120880989941361,0.906392086718267,FALSE
1553,"FXN","exp",0.000120152889880994,0.906512239608148,FALSE
1554,"HOXA9","meth",0.000119475139175855,0.906631714747323,FALSE
1555,"MPZL1","meth",0.000119463118834291,0.906751177866158,FALSE
1556,"PRSS27","exp",0.000119036560507989,0.906870214426666,FALSE
1557,"MEPCE;ZCWPW1","meth",0.000118850522412407,0.906989064949078,FALSE
1558,"RPS6KC1.1","meth",0.000118797161671818,0.90710786211075,FALSE
1559,"TIAM1","exp",0.000118774028184281,0.907226636138934,FALSE
1560,"CCDC130.1","meth",0.000118734628175822,0.90734537076711,FALSE
1561,"VPS52;RPS18","meth",0.000118521727010834,0.907463892494121,FALSE
1562,"TACR2","exp",0.000118210508523812,0.907582103002645,FALSE
1563,"ARPP-21","meth",0.000118138235275165,0.90770024123792,FALSE
1564,"NEO1","exp",0.000118025591822777,0.907818266829743,FALSE
1565,"OR10A4","meth",0.000117636014316695,0.907935902844059,FALSE
1566,"EXOSC1","exp",0.000117624497972681,0.908053527342032,FALSE
1567,"SULT1A2.1","meth",0.000117489514828897,0.908171016856861,FALSE
1568,"CPNE1","exp",0.000117482584862587,0.908288499441723,FALSE
1569,"GDF7","meth",0.000117249763194441,0.908405749204918,FALSE
1570,"C18orf10","exp",0.000117105670294943,0.908522854875213,FALSE
1571,"C22orf26","exp",0.000116866347058405,0.908639721222271,FALSE
1572,"ACTR5.1","meth",0.000116833360418768,0.90875655458269,FALSE
1573,"C5orf62","exp",0.000116736643288955,0.908873291225979,FALSE
1574,"INA.1","meth",0.000116609371307683,0.908989900597287,FALSE
1575,"TRAP1","meth",0.000116596519370162,0.909106497116657,FALSE
1576,"C3orf22","meth",0.000116566115717969,0.909223063232375,FALSE
1577,"FUT7","exp",0.000116291059055147,0.90933935429143,FALSE
1578,"TMEM194B","exp",0.000116032457912327,0.909455386749342,FALSE
1579,"ZNF100","exp",0.000116028325132419,0.909571415074475,FALSE
1580,"UBAC1","meth",0.000115907819318253,0.909687322893793,FALSE
1581,"TMEM63A.1","meth",0.000115802824028684,0.909803125717822,FALSE
1582,"RPF2","exp",0.000115737846144572,0.909918863563966,FALSE
1583,"PTPLB","exp",0.000115630860064681,0.910034494424031,FALSE
1584,"BAZ1A","exp",0.000115621649509458,0.910150116073541,FALSE
1585,"AKAP13","exp",0.000115480252996852,0.910265596326537,FALSE
1586,"PRMT7","exp",0.000115285646942922,0.91038088197348,FALSE
1587,"GNG4.1","meth",0.000115280921965893,0.910496162895446,FALSE
1588,"GGA3;MRPS7","meth",0.000115106412814263,0.910611269308261,FALSE
1589,"CNTF","exp",0.000114978510836053,0.910726247819097,FALSE
1590,"GRPR.1","meth",0.000114901437010745,0.910841149256107,FALSE
1591,"DDIT4L","exp",0.000114793077537531,0.910955942333645,FALSE
1592,"MRPS18B;PPP1R10","meth",0.000114786323970363,0.911070728657615,FALSE
1593,"CMPK2","exp",0.000114622537366606,0.911185351194982,FALSE
1594,"CDK12.1","meth",0.000114508596120527,0.911299859791102,FALSE
1595,"FZD3","exp",0.000114270734476883,0.911414130525579,FALSE
1596,"C15orf51","exp",0.000113837044585251,0.911527967570165,FALSE
1597,"TNNC1;NISCH","meth",0.00011374151184968,0.911641709082014,FALSE
1598,"ADORA3","exp",0.000113266128760738,0.911754975210775,FALSE
1599,"PHC3","exp",0.000113255796810967,0.911868231007586,FALSE
1600,"GRIN3A","exp",0.000113173695610099,0.911981404703196,FALSE
1601,"C11orf51","exp",0.000113094870393305,0.91209449957359,FALSE
1602,"ERAP2","exp",0.000112882775624396,0.912207382349214,FALSE
1603,"FADS2.1","meth",0.000112845152207301,0.912320227501421,FALSE
1604,"ACSL5","exp",0.000112646413373462,0.912432873914795,FALSE
1605,"MAPK7.1","meth",0.000112577630307849,0.912545451545102,FALSE
1606,"CCDC61","exp",0.000112501778676599,0.912657953323779,FALSE
1607,"MARCH3","exp",0.000112350377812629,0.912770303701592,FALSE
1608,"MAMSTR","exp",0.000112077866337434,0.912882381567929,FALSE
1609,"DOK3","exp",0.000112073922556606,0.912994455490486,FALSE
1610,"APCDD1.1","meth",0.000112071893966468,0.913106527384452,FALSE
1611,"PPP1R15A.1","meth",0.000111942316196406,0.913218469700649,FALSE
1612,"MIF4GD","exp",0.000111706974540511,0.913330176675189,FALSE
1613,"TF.1","meth",0.000111544977128056,0.913441721652317,FALSE
1614,"HSPA4L","exp",0.000111493581977911,0.913553215234295,FALSE
1615,"RB1CC1","exp",0.00011138509650531,0.9136646003308,FALSE
1616,"TSPYL2","exp",0.00011128262120349,0.913775882952004,FALSE
1617,"ST7L;CAPZA1","meth",0.000111249596764037,0.913887132548768,FALSE
1618,"CCDC122;C13orf31","meth",0.000111131862936396,0.913998264411704,FALSE
1619,"EBPL","exp",0.000111002436365598,0.91410926684807,FALSE
1620,"RCN2","exp",0.000110956673388073,0.914220223521458,FALSE
1621,"C7orf58","exp",0.00011092174635787,0.914331145267816,FALSE
1622,"SERPINC1","exp",0.000110872896395352,0.914442018164211,FALSE
1623,"FDPS.1","meth",0.000110853542889439,0.914552871707101,FALSE
1624,"ACOX2.1","meth",0.000110835386377706,0.914663707093478,FALSE
1625,"NOL7","meth",0.000110703250820078,0.914774410344299,FALSE
1626,"VSX1","meth",0.000110586096589619,0.914884996440888,FALSE
1627,"DAAM2.1","meth",0.000110457363015453,0.914995453803904,FALSE
1628,"PTPRVP","exp",0.000110369503642578,0.915105823307546,FALSE
1629,"C5orf55","exp",0.000109736394520416,0.915215559702067,FALSE
1630,"KCTD19","exp",0.000109433290393946,0.91532499299246,FALSE
1631,"SLC44A1","exp",0.00010923311516709,0.915434226107628,FALSE
1632,"DAD1","meth",0.000109224723607886,0.915543450831235,FALSE
1633,"HRAS;LRRC56","meth",0.000109217503842984,0.915652668335078,FALSE
1634,"LOC285033","exp",0.00010882803973635,0.915761496374815,FALSE
1635,"C3orf38","meth",0.00010876947522106,0.915870265850036,FALSE
1636,"ATP11B.1","meth",0.000108418604726804,0.915978684454763,FALSE
1637,"PVT1","exp",0.000108396693433325,0.916087081148196,FALSE
1638,"FCN2","meth",0.000108304146883237,0.916195385295079,FALSE
1639,"POMGNT1","meth",0.000108226669859889,0.916303611964939,FALSE
1640,"C1orf115","exp",0.000108187080852349,0.916411799045791,FALSE
1641,"CARD11","exp",0.000108110964622385,0.916519910010414,FALSE
1642,"TAS2R38","meth",0.000108059317473466,0.916627969327887,FALSE
1643,"BDNFOS","exp",0.000107974872683992,0.916735944200571,FALSE
1644,"KLHDC8B.1","meth",0.000107641553904409,0.916843585754476,FALSE
1645,"C12orf47","exp",0.000107468758344448,0.91695105451282,FALSE
1646,"PIGV","exp",0.000107281825653215,0.917058336338473,FALSE
1647,"TNFSF9","exp",0.000106888077567407,0.917165224416041,FALSE
1648,"SENP2","exp",0.000106870563652551,0.917272094979693,FALSE
1649,"ERLIN2.1","meth",0.000106382038827497,0.917378477018521,FALSE
1650,"HHIP","exp",0.000106304020006783,0.917484781038528,FALSE
1651,"FAM122C","exp",0.000105667004903609,0.917590448043431,FALSE
1652,"HNRNPUL1","meth",0.000105510727863344,0.917695958771295,FALSE
1653,"TMIGD2","exp",0.000105463402493415,0.917801422173788,FALSE
1654,"ALB","exp",0.000105296598204328,0.917906718771992,FALSE
1655,"GPR107","meth",0.000105168652126333,0.918011887424119,FALSE
1656,"AMZ1","exp",0.000104989121899113,0.918116876546018,FALSE
1657,"NOXA1;EXD3","meth",0.00010492174372667,0.918221798289744,FALSE
1658,"REEP6","exp",0.000104853313459341,0.918326651603204,FALSE
1659,"RHOH.1","meth",0.000104777940625763,0.91843142954383,FALSE
1660,"CDK13","meth",0.000104732404447136,0.918536161948277,FALSE
1661,"HIST1H2BF","exp",0.00010461823010219,0.918640780178379,FALSE
1662,"TOE1","exp",0.000104613328726018,0.918745393507105,FALSE
1663,"ADPRHL2","meth",0.000104481842065236,0.91884987534917,FALSE
1664,"HMP19","exp",0.000104134764152543,0.918954010113323,FALSE
1665,"EEF1D;TIGD5","meth",0.000104115007448589,0.919058125120771,FALSE
1666,"WSB2","meth",0.000103813894112441,0.919161939014884,FALSE
1667,"C9orf169","exp",0.000103562197736054,0.91926550121262,FALSE
1668,"POLR2C","meth",0.000103300434008609,0.919368801646628,FALSE
1669,"KLRG1","exp",0.000103281981398316,0.919472083628027,FALSE
1670,"CLEC12A","exp",0.000103269450759233,0.919575353078786,FALSE
1671,"TMEM45B","exp",0.000103214036228629,0.919678567115014,FALSE
1672,"COL24A1","exp",0.000103195520618642,0.919781762635633,FALSE
1673,"C20orf107","exp",0.000102853476381478,0.919884616112015,FALSE
1674,"GAS2","exp",0.00010285314878307,0.919987469260798,FALSE
1675,"SOX10","exp",0.000102838835252655,0.92009030809605,FALSE
1676,"CLCN7","exp",0.000102753987265141,0.920193062083315,FALSE
1677,"CTGF","exp",0.000102738791739013,0.920295800875054,FALSE
1678,"RDM1","exp",0.000102738010542811,0.920398538885597,FALSE
1679,"C11orf57;PIH1D2","meth",0.000102690281974842,0.920501229167572,FALSE
1680,"PIK3C2B","exp",0.000102682085714687,0.920603911253287,FALSE
1681,"DISP2.1","meth",0.000102601679205581,0.920706512932493,FALSE
1682,"GBP5","exp",0.000102504917975982,0.920809017850469,FALSE
1683,"WFDC10B;WFDC13","meth",0.000102494856924894,0.920911512707393,FALSE
1684,"TBC1D3","exp",0.000102278339577485,0.921013791046971,FALSE
1685,"SERINC4;C15orf63","meth",0.000102238479671262,0.921116029526642,FALSE
1686,"FBXW7","exp",0.000102066937805207,0.921218096464447,FALSE
1687,"ZNF251","exp",0.000101882701500865,0.921319979165948,FALSE
1688,"CYP2C8","exp",0.000101788340559598,0.921421767506508,FALSE
1689,"TPCN1","exp",0.000101678324194438,0.921523445830702,FALSE
1690,"NRP2.1","meth",0.000101639535283009,0.921625085365985,FALSE
1691,"ARL3","exp",0.00010145396968513,0.92172653933567,FALSE
1692,"RNPEPL1.1","meth",0.000101428473709078,0.92182796780938,FALSE
1693,"APIP","exp",0.000101424561428097,0.921929392370808,FALSE
1694,"FOSL1.1","meth",0.000101194140048282,0.922030586510856,FALSE
1695,"RAB11FIP5.1","meth",0.000101102110095683,0.922131688620952,FALSE
1696,"EIF3I;C1orf91","meth",0.000101081553295619,0.922232770174247,FALSE
1697,"TTLL2","exp",0.000101039009602444,0.92233380918385,FALSE
1698,"TMEM88","exp",0.000101027216059777,0.922434836399909,FALSE
1699,"ZNF785.1","meth",0.000100781920452273,0.922535618320362,FALSE
1700,"C15orf37","exp",0.000100531232070986,0.922636149552433,FALSE
1701,"RPS13","meth",0.000100467173982402,0.922736616726415,FALSE
1702,"RTKN2.1","meth",0.000100452948651558,0.922837069675067,FALSE
1703,"FAM180B","exp",0.000100431346056578,0.922937501021123,FALSE
1704,"FAM138F","exp",0.000100320157897116,0.92303782117902,FALSE
1705,"TMEM186","exp",0.000100313007431877,0.923138134186452,FALSE
1706,"JSRP1","exp",9.99752723737643e-05,0.923238109458826,FALSE
1707,"DDX20;C1orf183","meth",9.9921596634707e-05,0.92333803105546,FALSE
1708,"DTYMK","exp",9.99105716883044e-05,0.923437941627149,FALSE
1709,"BCAR1.1","meth",9.94370344903887e-05,0.923537378661639,FALSE
1710,"Type II diabetes mellitus ","path_mut",9.94364863930533e-05,0.923636815148032,FALSE
1711,"CCDC138","exp",9.92278440073608e-05,0.92373604299204,FALSE
1712,"TRPV4","exp",9.90539648526681e-05,0.923835096956892,FALSE
1713,"FBXL12","meth",9.8972197550177e-05,0.923934069154443,FALSE
1714,"SEL1L3.1","meth",9.89259746748878e-05,0.924032995129117,FALSE
1715,"VPS37B","exp",9.89241854835859e-05,0.924131919314601,FALSE
1716,"ZNF446","exp",9.87386639854921e-05,0.924230657978587,FALSE
1717,"LOC400931","exp",9.86552334910865e-05,0.924329313212078,FALSE
1718,"ARHGEF17","exp",9.86394016680523e-05,0.924427952613746,FALSE
1719,"DKK2.1","meth",9.85355466729397e-05,0.924526488160419,FALSE
1720,"SMCR7","exp",9.84891725983856e-05,0.924624977333017,FALSE
1721,"RRBP1.1","meth",9.84694032944934e-05,0.924723446736311,FALSE
1722,"IL17B","exp",9.82473293740979e-05,0.924821694065686,FALSE
1723,"FSTL3.1","meth",9.81576178102275e-05,0.924919851683496,FALSE
1724,"VGF.1","meth",9.80692544398028e-05,0.925017920937936,FALSE
1725,"CD244","exp",9.80219794696284e-05,0.925115942917405,FALSE
1726,"C3orf42","exp",9.80018510674819e-05,0.925213944768473,FALSE
1727,"FLRT1","exp",9.79753722962075e-05,0.925311920140769,FALSE
1728,"Ferroptosis ","path_mut",9.78718637994104e-05,0.925409792004568,FALSE
1729,"CA4.1","meth",9.77358096608328e-05,0.925507527814229,FALSE
1730,"ZBTB43","exp",9.73967894089677e-05,0.925604924603638,FALSE
1731,"FLT4","exp",9.71792451665513e-05,0.925702103848805,FALSE
1732,"CCDC91","exp",9.71674012241302e-05,0.925799271250029,FALSE
1733,"SFXN1","exp",9.70792520526643e-05,0.925896350502081,FALSE
1734,"MT1G","exp",9.7068012907303e-05,0.925993418514989,FALSE
1735,"PWP1","meth",9.68812566152121e-05,0.926090299771604,FALSE
1736,"DCLRE1A","exp",9.6785975878416e-05,0.926187085747482,FALSE
1737,"FBXO22OS","exp",9.67087256539652e-05,0.926283794473136,FALSE
1738,"NRADDP","exp",9.66683428502848e-05,0.926380462815987,FALSE
1739,"TMEM97","exp",9.66405095855952e-05,0.926477103325572,FALSE
1740,"GOLGA8A","exp",9.65173451843546e-05,0.926573620670756,FALSE
1741,"SREBF2","exp",9.65089158253336e-05,0.926670129586582,FALSE
1742,"CLSTN2.1","meth",9.64733713981316e-05,0.92676660295798,FALSE
1743,"CEP68.1","meth",9.64315081016485e-05,0.926863034466082,FALSE
1744,"OVGP1","exp",9.61650193971739e-05,0.926959199485479,FALSE
1745,"BTG3.1","meth",9.61642193010635e-05,0.92705536370478,FALSE
1746,"DCAF4","exp",9.60083328588999e-05,0.927151372037639,FALSE
1747,"LOC389791;PTGES2","meth",9.60062979687925e-05,0.927247378335608,FALSE
1748,"WIPI1.1","meth",9.59366644073135e-05,0.927343315000015,FALSE
1749,"HRNR","exp",9.58533284124485e-05,0.927439168328427,FALSE
1750,"GALNS","exp",9.58244745527205e-05,0.92753499280298,FALSE
1751,"PPP2R2C","exp",9.55296107861903e-05,0.927630522413766,FALSE
1752,"MEFV.1","meth",9.548862318545e-05,0.927726011036952,FALSE
1753,"VSX2","meth",9.54307012670354e-05,0.927821441738219,FALSE
1754,"COX7A1","exp",9.49137257802933e-05,0.927916355463999,FALSE
1755,"FAM98A","meth",9.48525404777435e-05,0.928011208004477,FALSE
1756,"ZNF273","exp",9.4810028284415e-05,0.928106018032761,FALSE
1757,"TIPRL","meth",9.47687760849611e-05,0.928200786808846,FALSE
1758,"CCDC147","exp",9.46317076513145e-05,0.928295418516497,FALSE
1759,"EPOR.1","meth",9.40150855490009e-05,0.928389433602046,FALSE
1760,"RHBDL3","exp",9.36154280919214e-05,0.928483049030138,FALSE
1761,"MAST3","exp",9.34122918794609e-05,0.928576461322018,FALSE
1762,"RD3","meth",9.33514782751041e-05,0.928669812800293,FALSE
1763,"DHRS7","exp",9.31850897839958e-05,0.928762997890077,FALSE
1764,"KLRC2","exp",9.30589580971805e-05,0.928856056848174,FALSE
1765,"LOC100134713","exp",9.29867856480443e-05,0.928949043633822,FALSE
1766,"RNF39","exp",9.29218518637176e-05,0.929041965485686,FALSE
1767,"C16orf57;ZNF319","meth",9.2800023055984e-05,0.929134765508742,FALSE
1768,"ESPNL","exp",9.26060721988693e-05,0.92922737158094,FALSE
1769,"CMKLR1","exp",9.24648016856508e-05,0.929319836382626,FALSE
1770,"PKN3","exp",9.2427959464758e-05,0.929412264342091,FALSE
1771,"FAM55C;NFKBIZ","meth",9.2347647455192e-05,0.929504611989546,FALSE
1772,"CR1.1","meth",9.23283443490333e-05,0.929596940333895,FALSE
1773,"NELF","exp",9.20647977302559e-05,0.929689005131625,FALSE
1774,"AP3M2.1","meth",9.20394466534992e-05,0.929781044578279,FALSE
1775,"NUF2.1","meth",9.19366500532412e-05,0.929872981228332,FALSE
1776,"OLFM4","exp",9.17557653326059e-05,0.929964736993665,FALSE
1777,"MAP3K5.1","meth",9.1710052754836e-05,0.93005644704642,FALSE
1778,"C22orf13;SNRPD3","meth",9.17049371797051e-05,0.930148151983599,FALSE
1779,"EDC4","meth",9.15452329561016e-05,0.930239697216555,FALSE
1780,"GJA9","exp",9.14926912115314e-05,0.930331189907767,FALSE
1781,"SLC29A4.1","meth",9.14137903951049e-05,0.930422603698162,FALSE
1782,"CEACAM6","meth",9.11824933195474e-05,0.930513786191482,FALSE
1783,"PPAPDC1B","exp",9.08713504321575e-05,0.930604657541914,FALSE
1784,"NXNL2","exp",9.07296515210217e-05,0.930695387193435,FALSE
1785,"ART5","exp",9.05848656248932e-05,0.93078597205906,FALSE
1786,"RNFT1","exp",9.04662498015398e-05,0.930876438308861,FALSE
1787,"ZNF329","exp",9.03511115612803e-05,0.930966789420422,FALSE
1788,"C10orf12","exp",9.02294528527198e-05,0.931057018873275,FALSE
1789,"WWC1","exp",9.02149125234071e-05,0.931147233785799,FALSE
1790,"MTHFD1","exp",9.00963407998393e-05,0.931237330126598,FALSE
1791,"FKBP8","meth",8.98249885190088e-05,0.931327155115117,FALSE
1792,"RPL5","meth",8.95321911424328e-05,0.93141668730626,FALSE
1793,"ACADSB","exp",8.9504269678172e-05,0.931506191575938,FALSE
1794,"C13orf1.1","meth",8.94040371654488e-05,0.931595595613103,FALSE
1795,"FUNDC1.1","meth",8.92612420596422e-05,0.931684856855163,FALSE
1796,"ARL17A","exp",8.89242692978233e-05,0.931773781124461,FALSE
1797,"KIAA0922","exp",8.8922202907869e-05,0.931862703327369,FALSE
1798,"SEMA4A","exp",8.88740207421049e-05,0.931951577348111,FALSE
1799,"FOXM1;C12orf32","meth",8.87796850007147e-05,0.932040357033112,FALSE
1800,"FADS2","exp",8.83422529272752e-05,0.932128699286039,FALSE
1801,"TMEM161A","exp",8.8330862582649e-05,0.932217030148622,FALSE
1802,"USP20","exp",8.82364386416876e-05,0.932305266587263,FALSE
1803,"LOC440944","exp",8.81394695130996e-05,0.932393406056776,FALSE
1804,"TBX18","exp",8.81338499404189e-05,0.932481539906717,FALSE
1805,"LOC100129534","exp",8.80706990474247e-05,0.932569610605764,FALSE
1806,"SPEF1.1","meth",8.78636001542287e-05,0.932657474205918,FALSE
1807,"ACCN4.1","meth",8.77402404539375e-05,0.932745214446372,FALSE
1808,"SEPT3","exp",8.7615727859251e-05,0.932832830174232,FALSE
1809,"ZNF18","exp",8.7464396294944e-05,0.932920294570526,FALSE
1810,"NOMO3","exp",8.74251033859651e-05,0.933007719673912,FALSE
1811,"LOC647859","exp",8.74246056883847e-05,0.933095144279601,FALSE
1812,"C14orf104","exp",8.7390554353924e-05,0.933182534833955,FALSE
1813,"SLITRK4.1","meth",8.73796176070926e-05,0.933269914451562,FALSE
1814,"CPM","exp",8.73536617332762e-05,0.933357268113295,FALSE
1815,"DLX3.1","meth",8.70178544657913e-05,0.933444285967761,FALSE
1816,"FAM161A","exp",8.69225548290871e-05,0.93353120852259,FALSE
1817,"NFKBID","exp",8.69132749742008e-05,0.933618121797564,FALSE
1818,"MAGED1","exp",8.63939810987295e-05,0.933704515778663,FALSE
1819,"PRTFDC1.1","meth",8.6320806954463e-05,0.933790836585617,FALSE
1820,"FASTKD3","exp",8.62685235086371e-05,0.933877105109126,FALSE
1821,"L1CAM","exp",8.61610775309819e-05,0.933963266186657,FALSE
1822,"GBA2;RGP1","meth",8.61276750933667e-05,0.934049393861751,FALSE
1823,"NCF4","exp",8.60824665131466e-05,0.934135476328264,FALSE
1824,"GPR179","exp",8.58662830641147e-05,0.934221342611328,FALSE
1825,"ZNF177.1","meth",8.55008785405159e-05,0.934306843489868,FALSE
1826,"PMS2L1","exp",8.5457717450342e-05,0.934392301207319,FALSE
1827,"SLC6A15","meth",8.53296957727148e-05,0.934477630903091,FALSE
1828,"TTC33","exp",8.51384035026754e-05,0.934562769306594,FALSE
1829,"PRKRIR","meth",8.49417436587302e-05,0.934647711050253,FALSE
1830,"SLC22A3","exp",8.4897832872201e-05,0.934732608883125,FALSE
1831,"PTGER1","exp",8.47266753042774e-05,0.934817335558429,FALSE
1832,"KIAA1328","exp",8.46991381381484e-05,0.934902034696567,FALSE
1833,"RBL1","exp",8.46309409696865e-05,0.934986665637537,FALSE
1834,"SMS","exp",8.46290509788746e-05,0.935071294688516,FALSE
1835,"DPYSL4.1","meth",8.46203444212012e-05,0.935155915032937,FALSE
1836,"FABP3.1","meth",8.44219835855254e-05,0.935240337016523,FALSE
1837,"SIX3","meth",8.4289904727622e-05,0.93532462692125,FALSE
1838,"ZFHX4","exp",8.41765115788788e-05,0.935408803432829,FALSE
1839,"PLD6.1","meth",8.39730477680109e-05,0.935492776480597,FALSE
1840,"KCNJ16","meth",8.39021353127493e-05,0.93557667861591,FALSE
1841,"PDCD2","meth",8.39012218171902e-05,0.935660579837727,FALSE
1842,"PRSS53","exp",8.3866502685976e-05,0.935744446340413,FALSE
1843,"FANCF","exp",8.3741000996098e-05,0.935828187341409,FALSE
1844,"MBNL3","exp",8.36139747136318e-05,0.935911801316123,FALSE
1845,"CADM1","exp",8.35312435158266e-05,0.935995332559639,FALSE
1846,"ZCCHC14.1","meth",8.34221784460425e-05,0.936078754738085,FALSE
1847,"RIMKLA.1","meth",8.33942254819349e-05,0.936162148963567,FALSE
1848,"TMEM2.1","meth",8.32664243032358e-05,0.93624541538787,FALSE
1849,"KLHL12","meth",8.32167742446078e-05,0.936328632162114,FALSE
1850,"TIMM44","exp",8.30509842505899e-05,0.936411683146365,FALSE
1851,"EZR","exp",8.29926213343192e-05,0.936494675767699,FALSE
1852,"CD4.1","meth",8.29654117665975e-05,0.936577641179466,FALSE
1853,"DAB1","exp",8.29006921812295e-05,0.936660541871647,FALSE
1854,"NUDT8","exp",8.27637371470315e-05,0.936743305608794,FALSE
1855,"LTBP1","exp",8.26931459902079e-05,0.936825998754784,FALSE
1856,"SLA","exp",8.26186677522812e-05,0.936908617422536,FALSE
1857,"MKNK1","meth",8.23282580640976e-05,0.9369909456806,FALSE
1858,"CCM2","exp",8.21026876607001e-05,0.937073048368261,FALSE
1859,"EZR.1","meth",8.20352275886549e-05,0.93715508359585,FALSE
1860,"CTU2;RNF166","meth",8.19499260033455e-05,0.937237033521853,FALSE
1861,"DBH","exp",8.19295519023935e-05,0.937318963073756,FALSE
1862,"DNAJC11","meth",8.17785731363714e-05,0.937400741646892,FALSE
1863,"DKK1.1","meth",8.1773413461455e-05,0.937482515060354,FALSE
1864,"ANKH","exp",8.15771568155497e-05,0.937564092217169,FALSE
1865,"LOC80054","exp",8.15601468982428e-05,0.937645652364067,FALSE
1866,"GNB5","exp",8.1490330637652e-05,0.937727142694705,FALSE
1867,"TTC14.1","meth",8.14614011782916e-05,0.937808604095883,FALSE
1868,"MIF4GD.1","meth",8.13496145217384e-05,0.937889953710405,FALSE
1869,"TCTA","exp",8.1187869108058e-05,0.937971141579513,FALSE
1870,"MYL5","exp",8.11298715900109e-05,0.938052271451103,FALSE
1871,"LRP11.1","meth",8.09916313620609e-05,0.938133263082465,FALSE
1872,"ALDH16A1","exp",8.08533785341721e-05,0.938214116460999,FALSE
1873,"NOL9","exp",8.07274988461317e-05,0.938294843959845,FALSE
1874,"RAD54L.1","meth",8.06552885971793e-05,0.938375499248443,FALSE
1875,"PXDNL","exp",8.05091923074212e-05,0.93845600844075,FALSE
1876,"DDX11","exp",8.0426832807809e-05,0.938536435273558,FALSE
1877,"C16orf67","meth",8.04137666713295e-05,0.938616849040229,FALSE
1878,"SOCS2","exp",8.00501891388488e-05,0.938696899229368,FALSE
1879,"PKN3.1","meth",7.9962058867291e-05,0.938776861288235,FALSE
1880,"TTC22.1","meth",7.99569936919151e-05,0.938856818281927,FALSE
1881,"RHOH","exp",7.99553430999394e-05,0.938936773625027,FALSE
1882,"C10orf125.1","meth",7.98577061745979e-05,0.939016631331202,FALSE
1883,"DRAM1","exp",7.96268374969578e-05,0.939096258168699,FALSE
1884,"THOC1","exp",7.96096322806003e-05,0.939175867800979,FALSE
1885,"FAM69C","exp",7.96053168015799e-05,0.939255473117781,FALSE
1886,"NCRNA00115","exp",7.93079708471167e-05,0.939334781088628,FALSE
1887,"SPAG17","exp",7.92500363287633e-05,0.939414031124957,FALSE
1888,"SLC15A2","exp",7.92398051785016e-05,0.939493270930135,FALSE
1889,"ANKZF1","exp",7.91590143712633e-05,0.939572429944507,FALSE
1890,"NEURL2","exp",7.9007575707477e-05,0.939651437520214,FALSE
1891,"CASP5","exp",7.88356117434737e-05,0.939730273131957,FALSE
1892,"TUFM","meth",7.87209208010396e-05,0.939808994052759,FALSE
1893,"DLX5.1","meth",7.8711552746582e-05,0.939887705605505,FALSE
1894,"HM13","meth",7.87045093808231e-05,0.939966410114886,FALSE
1895,"EMP2.1","meth",7.85108483222995e-05,0.940044920963208,FALSE
1896,"FAM155B","exp",7.76184261607781e-05,0.940122539389369,FALSE
1897,"APOE.1","meth",7.7576984962243e-05,0.940200116374331,FALSE
1898,"BLVRA.1","meth",7.74166948414878e-05,0.940277533069173,FALSE
1899,"CLIC3","exp",7.73038623900187e-05,0.940354836931563,FALSE
1900,"ACAN","exp",7.72681919634292e-05,0.940432105123526,FALSE
1901,"SNAPC1.1","meth",7.7101230175108e-05,0.940509206353701,FALSE
1902,"GUCY2D","exp",7.70780021880301e-05,0.94058628435589,FALSE
1903,"ZNF266.1","meth",7.69604258596232e-05,0.940663244781749,FALSE
1904,"THAP5","exp",7.69582334702814e-05,0.940740203015219,FALSE
1905,"MTERF.1","meth",7.6847253209808e-05,0.940817050268429,FALSE
1906,"HCG4","exp",7.66786975292355e-05,0.940893728965958,FALSE
1907,"RAX","meth",7.66190179193658e-05,0.940970347983878,FALSE
1908,"PCYT1B.1","meth",7.66027387985062e-05,0.941046950722676,FALSE
1909,"ENAH.1","meth",7.65911342549212e-05,0.941123541856931,FALSE
1910,"STRBP","exp",7.61651681257404e-05,0.941199707025057,FALSE
1911,"IFNA8","meth",7.61532485836869e-05,0.941275860273641,FALSE
1912,"FPR2.1","meth",7.6150936494927e-05,0.941352011210136,FALSE
1913,"HADH","exp",7.59188582231673e-05,0.941427930068359,FALSE
1914,"SAFB2;SAFB","meth",7.58814931048165e-05,0.941503811561463,FALSE
1915,"CECR7","exp",7.58544536362679e-05,0.9415796660151,FALSE
1916,"NPHP3","exp",7.58487080641998e-05,0.941655514723164,FALSE
1917,"ADAM11","exp",7.5756287513499e-05,0.941731271010677,FALSE
1918,"GSTZ1","exp",7.57129941239683e-05,0.941806984004801,FALSE
1919,"BCL3","exp",7.56990396918073e-05,0.941882683044493,FALSE
1920,"EDAR","meth",7.56459120500854e-05,0.941958328956543,FALSE
1921,"HEY2","exp",7.54389517562155e-05,0.9420337679083,FALSE
1922,"WDR51A","meth",7.54128509831035e-05,0.942109180759283,FALSE
1923,"LCA5.1","meth",7.49516680251281e-05,0.942184132427308,FALSE
1924,"EDA.1","meth",7.49349101065961e-05,0.942259067337414,FALSE
1925,"FAM83F","meth",7.48628195570618e-05,0.942333930156972,FALSE
1926,"KIAA0125.1","meth",7.48358871879925e-05,0.94240876604416,FALSE
1927,"USP18","exp",7.47600229568038e-05,0.942483526067116,FALSE
1928,"IL17D","exp",7.46979367586336e-05,0.942558224003875,FALSE
1929,"KIAA1949","exp",7.46369215552569e-05,0.94263286092543,FALSE
1930,"FAM153A","exp",7.4513297256252e-05,0.942707374222687,FALSE
1931,"RPL9","exp",7.45033748044897e-05,0.942781877597491,FALSE
1932,"ZNF415","exp",7.44856214907968e-05,0.942856363218982,FALSE
1933,"C22orf29","exp",7.43981023162681e-05,0.942930761321298,FALSE
1934,"ARMCX4","meth",7.43423601872565e-05,0.943005103681485,FALSE
1935,"ST6GALNAC5","exp",7.42293639365838e-05,0.943079333045422,FALSE
1936,"GPR55","exp",7.42101490299963e-05,0.943153543194452,FALSE
1937,"SC5DL.1","meth",7.41843443554449e-05,0.943227727538807,FALSE
1938,"DNAJC9","exp",7.41823976649086e-05,0.943301909936472,FALSE
1939,"HERC2","meth",7.4005072426969e-05,0.943375915008899,FALSE
1940,"C11orf65","exp",7.4002640638791e-05,0.943449917649538,FALSE
1941,"LOC441089","exp",7.39570099606229e-05,0.943523874659499,FALSE
1942,"HLA-G","exp",7.38165521434536e-05,0.943597691211642,FALSE
1943,"TFPI2","meth",7.33612848567194e-05,0.943671052496499,FALSE
1944,"EVC.1","meth",7.32986316613057e-05,0.94374435112816,FALSE
1945,"C14orf79","exp",7.31008000230571e-05,0.943817451928183,FALSE
1946,"TMEM8A;LOC100134368","meth",7.3069054477387e-05,0.94389052098266,FALSE
1947,"TMEM217;TBC1D22B","meth",7.26507806108105e-05,0.943963171763271,FALSE
1948,"STEAP3","exp",7.26256437330126e-05,0.944035797407004,FALSE
1949,"DEGS2","exp",7.25925373939579e-05,0.944108389944398,FALSE
1950,"PNP","exp",7.23468511883526e-05,0.944180736795587,FALSE
1951,"VAMP3","meth",7.23218781097584e-05,0.944253058673696,FALSE
1952,"SAP30.1","meth",7.2147564257179e-05,0.944325206237954,FALSE
1953,"STYXL1","exp",7.20704022322994e-05,0.944397276640186,FALSE
1954,"ANAPC11;THOC4","meth",7.20590244876119e-05,0.944469335664674,FALSE
1955,"PVRL1.1","meth",7.20315188213297e-05,0.944541367183495,FALSE
1956,"ADAMTS18","exp",7.19578721793603e-05,0.944613325055674,FALSE
1957,"FAM160B1","exp",7.1904788637424e-05,0.944685229844312,FALSE
1958,"GGT5","exp",7.18509238992855e-05,0.944757080768211,FALSE
1959,"C1orf94;CSMD2","meth",7.16210443168369e-05,0.944828701812528,FALSE
1960,"C1orf101.1","meth",7.15545103402895e-05,0.944900256322868,FALSE
1961,"MED30.1","meth",7.15349678352947e-05,0.944971791290703,FALSE
1962,"TAS2R31","exp",7.15185627150476e-05,0.945043309853418,FALSE
1963,"ODF3L1","exp",7.13772355021048e-05,0.94511468708892,FALSE
1964,"PODXL2","exp",7.13474933466953e-05,0.945186034582267,FALSE
1965,"AGBL2.1","meth",7.12847519517103e-05,0.945257319334219,FALSE
1966,"PIP5KL1.1","meth",7.12088814205522e-05,0.945328528215639,FALSE
1967,"SLC25A29.1","meth",7.11770917750965e-05,0.945399705307414,FALSE
1968,"DNAL4","exp",7.11719132002719e-05,0.945470877220615,FALSE
1969,"EID2B.1","meth",7.10844444254983e-05,0.94554196166504,FALSE
1970,"GHSR","meth",7.09736846639529e-05,0.945612935349704,FALSE
1971,"MCCC1.1","meth",7.08286089692332e-05,0.945683763958673,FALSE
1972,"SPTB","exp",7.0787300070055e-05,0.945754551258743,FALSE
1973,"STXBP1","exp",7.07151591207657e-05,0.945825266417864,FALSE
1974,"DLX4","exp",7.06793248949725e-05,0.945895945742759,FALSE
1975,"HTR7.1","meth",7.06181206925145e-05,0.945966563863452,FALSE
1976,"COMMD5","meth",7.04173091687526e-05,0.94603698117262,FALSE
1977,"C14orf149;JKAMP","meth",7.03095985923838e-05,0.946107290771213,FALSE
1978,"LOC285359","exp",7.02984854464099e-05,0.946177589256659,FALSE
1979,"PDYN","meth",6.99454540626595e-05,0.946247534710722,FALSE
1980,"RHAG","meth",6.98909593275837e-05,0.94631742567005,FALSE
1981,"HHAT.1","meth",6.97314378030919e-05,0.946387157107853,FALSE
1982,"IQCB1;EAF2","meth",6.96238847259574e-05,0.946456780992579,FALSE
1983,"SIGLEC10","exp",6.94825386131065e-05,0.946526263531192,FALSE
1984,"CHI3L1","exp",6.91043388517112e-05,0.946595367870043,FALSE
1985,"PTPN9","meth",6.90695504208339e-05,0.946664437420464,FALSE
1986,"NDUFS4","exp",6.89832912401798e-05,0.946733420711704,FALSE
1987,"ZNF532.1","meth",6.89538010835452e-05,0.946802374512788,FALSE
1988,"SH2D5","exp",6.88797827433827e-05,0.946871254295531,FALSE
1989,"LRFN1","exp",6.87624269139039e-05,0.946940016722445,FALSE
1990,"SLC25A24.1","meth",6.85210435873804e-05,0.947008537766033,FALSE
1991,"TCF7L2.1","meth",6.85162493106876e-05,0.947077054015343,FALSE
1992,"CD1E","exp",6.84005755730314e-05,0.947145454590916,FALSE
1993,"HMGCR","exp",6.83896073263531e-05,0.947213844198243,FALSE
1994,"KIN","exp",6.83595816723217e-05,0.947282203779915,FALSE
1995,"RAGE.1","meth",6.81054157079406e-05,0.947350309195623,FALSE
1996,"INTS1","meth",6.79861068879562e-05,0.947418295302511,FALSE
1997,"GLYAT","meth",6.78904796528446e-05,0.947486185782164,FALSE
1998,"LOC100130987","exp",6.78097581452693e-05,0.947553995540309,FALSE
1999,"GNPDA2","exp",6.77833108738418e-05,0.947621778851183,FALSE
2000,"MBNL1;LOC401093","meth",6.77207647779074e-05,0.947689499615961,FALSE
2001,"NTSR2","meth",6.76693003281e-05,0.947757168916289,FALSE
2002,"RNF19A","exp",6.76573933859852e-05,0.947824826309675,FALSE
2003,"BARX2","meth",6.74479194043355e-05,0.947892274229079,FALSE
2004,"SAMD10;PRPF6","meth",6.735665174803e-05,0.947959630880827,FALSE
2005,"PRPF40B.1","meth",6.71274840621205e-05,0.948026758364889,FALSE
2006,"FAM186B","exp",6.71114317401583e-05,0.94809386979663,FALSE
2007,"ISM1","exp",6.70304267339613e-05,0.948160900223363,FALSE
2008,"VARS2","exp",6.6771157794388e-05,0.948227671381158,FALSE
2009,"RIBC1","exp",6.67039497211177e-05,0.948294375330879,FALSE
2010,"FAM83A","exp",6.66436149144332e-05,0.948361018945793,FALSE
2011,"GPT","exp",6.64716005506749e-05,0.948427490546344,FALSE
2012,"DNAJC30;WBSCR22","meth",6.64020551887672e-05,0.948493892601533,FALSE
2013,"NAB2.1","meth",6.63980799080929e-05,0.948560290681441,FALSE
2014,"COL8A2.1","meth",6.63944070259485e-05,0.948626685088467,FALSE
2015,"USE1","exp",6.63888126531453e-05,0.94869307390112,FALSE
2016,"YIPF6","exp",6.63109828315123e-05,0.948759384883952,FALSE
2017,"NBPF3.1","meth",6.6245009552239e-05,0.948825629893504,FALSE
2018,"ZNF804A.1","meth",6.62152106971051e-05,0.948891845104201,FALSE
2019,"C9orf23","exp",6.61977345820646e-05,0.948958042838783,FALSE
2020,"KRT8","exp",6.5982804826938e-05,0.94902402564361,FALSE
2021,"GLB1","exp",6.58148791433027e-05,0.949089840522753,FALSE
2022,"LTF","exp",6.5806909682046e-05,0.949155647432435,FALSE
2023,"SWAP70.1","meth",6.58009688109273e-05,0.949221448401246,FALSE
2024,"SLC46A2","exp",6.57862520824721e-05,0.949287234653328,FALSE
2025,"G0S2","exp",6.56620859861012e-05,0.949352896739315,FALSE
2026,"RAB42.1","meth",6.55220376669411e-05,0.949418418776982,FALSE
2027,"ZNF222.1","meth",6.53920125990534e-05,0.94948381078958,FALSE
2028,"CCL23","exp",6.5322996434573e-05,0.949549133786015,FALSE
2029,"CAMK2G.1","meth",6.52684890995585e-05,0.949614402275115,FALSE
2030,"DFNB31.1","meth",6.5210063183594e-05,0.949679612338298,FALSE
2031,"HSN2","exp",6.52057540045429e-05,0.949744818092303,FALSE
2032,"SDCBP2","exp",6.51274768850844e-05,0.949809945569188,FALSE
2033,"OSBPL5","exp",6.5021700399313e-05,0.949874967269587,FALSE
2034,"LOC646982","exp",6.49847006791858e-05,0.949939951970266,FALSE
2035,"TAF7L","exp",6.49275977567896e-05,0.950004879568023,FALSE
2036,"TCTEX1D1","exp",6.49268795602811e-05,0.950069806447584,FALSE
2037,"CHMP2B","exp",6.48782878965078e-05,0.95013468473548,FALSE
2038,"KCNQ3","exp",6.47132097990291e-05,0.950199397945279,FALSE
2039,"OSGEPL1","exp",6.45862213163791e-05,0.950263984166595,FALSE
2040,"GPR173","exp",6.45586211505563e-05,0.950328542787746,FALSE
2041,"SMAP2","exp",6.44846469101795e-05,0.950393027434656,FALSE
2042,"IGSF10","exp",6.44548039552599e-05,0.950457482238611,FALSE
2043,"SNHG5","exp",6.4351635656809e-05,0.950521833874268,FALSE
2044,"CRH","meth",6.43124183474625e-05,0.950586146292616,FALSE
2045,"TPM3","meth",6.42566636185121e-05,0.950650402956234,FALSE
2046,"AKR1B1.1","meth",6.41557633090354e-05,0.950714558719543,FALSE
2047,"KLHL24","exp",6.40628135609073e-05,0.950778621533104,FALSE
2048,"COQ3.1","meth",6.4034967696279e-05,0.9508426565008,FALSE
2049,"TTLL11.1","meth",6.38399584443095e-05,0.950906496459245,FALSE
2050,"CDX2","meth",6.3678717028179e-05,0.950970175176273,FALSE
2051,"NQO1.1","meth",6.36651468941497e-05,0.951033840323167,FALSE
2052,"DNM1","exp",6.3522622687026e-05,0.951097362945854,FALSE
2053,"STC2.1","meth",6.3520020799675e-05,0.951160882966654,FALSE
2054,"TMEM53","exp",6.3514766625218e-05,0.951224397733279,FALSE
2055,"C14orf126","exp",6.34340577175815e-05,0.951287831790996,FALSE
2056,"CACNA2D1.1","meth",6.34340388176734e-05,0.951351265829814,FALSE
2057,"DDX41","meth",6.33908462276526e-05,0.951414656676042,FALSE
2058,"PEX1;C7orf64","meth",6.33480190358555e-05,0.951478004695078,FALSE
2059,"LRRC46","exp",6.33388966802035e-05,0.951541343591758,FALSE
2060,"WDR47.1","meth",6.30890524948121e-05,0.951604432644253,FALSE
2061,"LOC100131193","exp",6.30305131793989e-05,0.951667463157432,FALSE
2062,"S100A16","exp",6.29647666990231e-05,0.951730427924131,FALSE
2063,"FLYWCH2.1","meth",6.28975523257834e-05,0.951793325476457,FALSE
2064,"TRPC6","exp",6.27782309058603e-05,0.951856103707363,FALSE
2065,"SIRT2;RINL","meth",6.26768958984968e-05,0.951918780603261,FALSE
2066,"NFKBIZ","exp",6.26154333972946e-05,0.951981396036658,FALSE
2067,"HIST1H1E.1","meth",6.25966279887164e-05,0.952043992664647,FALSE
2068,"NAA16","exp",6.2596149191044e-05,0.952106588813838,FALSE
2069,"KIAA0649.1","meth",6.2524688638447e-05,0.952169113502476,FALSE
2070,"TCEAL6","exp",6.21033592867247e-05,0.952231216861763,FALSE
2071,"TMEM20.1","meth",6.20998565037533e-05,0.952293316718267,FALSE
2072,"CEBPA","exp",6.19084067344796e-05,0.952355225125001,FALSE
2073,"NSUN6","exp",6.18589897747184e-05,0.952417084114776,FALSE
2074,"PCDHGB4","exp",6.17549520804939e-05,0.952478839066857,FALSE
2075,"PLP1","exp",6.17455462262202e-05,0.952540584613083,FALSE
2076,"SH3BGR.1","meth",6.16637537238515e-05,0.952602248366807,FALSE
2077,"MYLK.1","meth",6.1515370545211e-05,0.952663763737352,FALSE
2078,"CIB3","meth",6.15044337983796e-05,0.95272526817115,FALSE
2079,"GGTA1","exp",6.14670245802432e-05,0.95278673519573,FALSE
2080,"HIST1H1E","exp",6.13800094032644e-05,0.952848115205134,FALSE
2081,"TIMM8B","exp",6.13711957461117e-05,0.95290948640088,FALSE
2082,"ZFP2.1","meth",6.1344036578145e-05,0.952970830437458,FALSE
2083,"FKBP1AP1","exp",6.13242042745591e-05,0.953032154641732,FALSE
2084,"GORASP2","meth",6.13041577720144e-05,0.953093458799504,FALSE
2085,"DTWD1","exp",6.12434764670145e-05,0.953154702275971,FALSE
2086,"MGST3.1","meth",6.11326537057754e-05,0.953215834929677,FALSE
2087,"SCOC","exp",6.09998629513329e-05,0.953276834792629,FALSE
2088,"DCTN2","meth",6.0985404521622e-05,0.95333782019715,FALSE
2089,"ARHGAP8;PRR5-ARHGAP8","meth",6.09521847831186e-05,0.953398772381933,FALSE
2090,"BTBD12","exp",6.08342934562431e-05,0.95345960667539,FALSE
2091,"RIF1","exp",6.08318742680039e-05,0.953520438549658,FALSE
2092,"EXOG","exp",6.08247553026125e-05,0.95358126330496,FALSE
2093,"RPAP2","exp",6.07922285607401e-05,0.953642055533521,FALSE
2094,"FAM63A;PRUNE","meth",6.06980188187374e-05,0.95370275355234,FALSE
2095,"NDST4","meth",6.06830563914767e-05,0.953763436608731,FALSE
2096,"CADM3.1","meth",6.05414519798816e-05,0.953823978060711,FALSE
2097,"PGAM2.1","meth",6.02089206964706e-05,0.953884186981407,FALSE
2098,"C9orf100.1","meth",6.02031940243106e-05,0.953944390175432,FALSE
2099,"FKBP5","exp",6.01524540709811e-05,0.954004542629503,FALSE
2100,"TNFSF4.1","meth",6.01123736658305e-05,0.954064655003169,FALSE
2101,"ZNF517","exp",6.01045617038081e-05,0.954124759564872,FALSE
2102,"GBA","exp",6.0090216673546e-05,0.954184849781546,FALSE
2103,"KIAA0146","exp",6.00036424944233e-05,0.95424485342404,FALSE
2104,"SVIL","exp",5.98968139137666e-05,0.954304750237954,FALSE
2105,"MTFR1","exp",5.98580376022763e-05,0.954364608275556,FALSE
2106,"P4HTM.1","meth",5.98052816587474e-05,0.954424413557215,FALSE
2107,"CSF1.1","meth",5.97838806627876e-05,0.954484197437878,FALSE
2108,"KIAA1543","exp",5.97816441736602e-05,0.954543979082051,FALSE
2109,"USMG5","exp",5.96285549178982e-05,0.954603607636969,FALSE
2110,"IPO5","meth",5.96252222340999e-05,0.954663232859203,FALSE
2111,"BCL7B","meth",5.95879516152897e-05,0.954722820810819,FALSE
2112,"GPR75;LOC100302652","meth",5.95713007962371e-05,0.954782392111615,FALSE
2113,"SCUBE2","exp",5.95550972750099e-05,0.95484194720889,FALSE
2114,"NTS","meth",5.9460377235488e-05,0.954901407586125,FALSE
2115,"CNTN4","exp",5.9267402873626e-05,0.954960674988999,FALSE
2116,"GRIN1","exp",5.92023682897894e-05,0.955019877357289,FALSE
2117,"RHOJ.1","meth",5.90156497975147e-05,0.955078893007086,FALSE
2118,"NXF3.1","meth",5.90151457999648e-05,0.955137908152886,FALSE
2119,"LOC678655","exp",5.90130857099799e-05,0.955196921238596,FALSE
2120,"SPATA9","exp",5.90051099487538e-05,0.955255926348545,FALSE
2121,"OXCT1","exp",5.87908227905032e-05,0.955314717171336,FALSE
2122,"RTN2.1","meth",5.87478695993186e-05,0.955373465040935,FALSE
2123,"TCOF1.1","meth",5.86713753711926e-05,0.955432136416306,FALSE
2124,"GFI1B","exp",5.8662750713121e-05,0.955490799167019,FALSE
2125,"RNF144A.1","meth",5.86412993174062e-05,0.955549440466337,FALSE
2126,"MGC2889;HRASLS","meth",5.85861367855769e-05,0.955608026603122,FALSE
2127,"FEZ1","exp",5.85327508451108e-05,0.955666559353967,FALSE
2128,"DIAPH2","exp",5.8526639874819e-05,0.955725085993842,FALSE
2129,"C14orf2","exp",5.84416658879171e-05,0.95578352765973,FALSE
2130,"MYH14","exp",5.82515580121197e-05,0.955841779217742,FALSE
2131,"SLC15A4.1","meth",5.82343527957623e-05,0.955900013570538,FALSE
2132,"FAM151B.1","meth",5.82237436473383e-05,0.955958237314185,FALSE
2133,"P2RX1","exp",5.81836191424022e-05,0.956016420933328,FALSE
2134,"KCNMB3","exp",5.80553391660307e-05,0.956074476272494,FALSE
2135,"HSPA1A;HSPA1L","meth",5.79954012574167e-05,0.956132471673751,FALSE
2136,"GABRB2.1","meth",5.79465890947153e-05,0.956190418262846,FALSE
2137,"PRND.1","meth",5.79224980118332e-05,0.956248340760858,FALSE
2138,"NAALAD2.1","meth",5.7884584796147e-05,0.956306225345654,FALSE
2139,"LRRIQ4","exp",5.7579200080764e-05,0.956363804545735,FALSE
2140,"ZNF496.1","meth",5.74384713649116e-05,0.956421243017099,FALSE
2141,"HTR2C","meth",5.73926957874479e-05,0.956478635712887,FALSE
2142,"MT1X","exp",5.73492196988054e-05,0.956535984932586,FALSE
2143,"GULP1","exp",5.72253812008419e-05,0.956593210313786,FALSE
2144,"ZNF204P","exp",5.71827178082484e-05,0.956650393031595,FALSE
2145,"POLE4","exp",5.71323936528975e-05,0.956707525425248,FALSE
2146,"TTC21B","exp",5.71058077821438e-05,0.95676463123303,FALSE
2147,"DCP2","exp",5.70900452587727e-05,0.956821721278289,FALSE
2148,"FBP1.1","meth",5.70262643688413e-05,0.956878747542657,FALSE
2149,"ACYP1.1","meth",5.69757323145011e-05,0.956935723274972,FALSE
2150,"UPP1.1","meth",5.69674415548063e-05,0.956992690716527,FALSE
2151,"SH3RF2.1","meth",5.69281738457049e-05,0.957049618890372,FALSE
2152,"SLC2A13","exp",5.68386260810381e-05,0.957106457516454,FALSE
2153,"TRIM58","exp",5.68290060278057e-05,0.957163286522481,FALSE
2154,"ATP6V0D2","exp",5.67310163041793e-05,0.957220017538785,FALSE
2155,"ING2","exp",5.66947662804075e-05,0.957276712305066,FALSE
2156,"RPAIN;NUP88","meth",5.66795077545862e-05,0.95733339181282,FALSE
2157,"C11orf46","meth",5.66166466601832e-05,0.957390008459481,FALSE
2158,"C12orf5","exp",5.65743171659665e-05,0.957446582776647,FALSE
2159,"CHP2","meth",5.65413620261768e-05,0.957503124138673,FALSE
2160,"COL5A2.1","meth",5.63354916270084e-05,0.9575594596303,FALSE
2161,"ARMC2.1","meth",5.62820867866342e-05,0.957615741717087,FALSE
2162,"AFF1","exp",5.62623111827726e-05,0.957672004028269,FALSE
2163,"AFTPH","meth",5.62313342333659e-05,0.957728235362503,FALSE
2164,"PEMT.1","meth",5.61350959012251e-05,0.957784370458404,FALSE
2165,"ZNF175","exp",5.60879721303157e-05,0.957840458430534,FALSE
2166,"SLITRK3","meth",5.59673403167629e-05,0.957896425770851,FALSE
2167,"RASL10A.1","meth",5.5952711787879e-05,0.957952378482639,FALSE
2168,"C12orf65","exp",5.59482955093486e-05,0.958008326778148,FALSE
2169,"TBC1D1.1","meth",5.5937491061874e-05,0.95806426426921,FALSE
2170,"MMP28","exp",5.57790846319613e-05,0.958120043353842,FALSE
2171,"LRIG3.1","meth",5.57750211517157e-05,0.958175818374994,FALSE
2172,"XRRA1","exp",5.57032645005581e-05,0.958231521639494,FALSE
2173,"ZNF75D.1","meth",5.56604436087304e-05,0.958287182083103,FALSE
2174,"CCT3;C1orf182","meth",5.5649235963216e-05,0.958342831319066,FALSE
2175,"TMTC1.1","meth",5.56107242504393e-05,0.958398442043317,FALSE
2176,"SLC22A14","exp",5.55939096321829e-05,0.958454035952949,FALSE
2177,"DDX11L2","exp",5.54746323120454e-05,0.958509510585261,FALSE
2178,"PIK3CB","exp",5.54362717985337e-05,0.95856494685706,FALSE
2179,"ING1","exp",5.53305268126092e-05,0.958620277383872,FALSE
2180,"TMEM108","exp",5.52752886811474e-05,0.958675552672553,FALSE
2181,"TXNRD3IT1","exp",5.52668971219427e-05,0.958730819569675,FALSE
2182,"KIAA0528","exp",5.47933914238738e-05,0.958785612961099,FALSE
2183,"JUNB","exp",5.47022686668638e-05,0.958840315229766,FALSE
2184,"TUSC1","exp",5.46411778638546e-05,0.95889495640763,FALSE
2185,"KLRC3","exp",5.46064398327323e-05,0.958949562847462,FALSE
2186,"P2RX7","exp",5.4603900945075e-05,0.959004166748407,FALSE
2187,"USP32.1","meth",5.44970471645409e-05,0.959058663795572,FALSE
2188,"MFGE8","exp",5.42805613169791e-05,0.959112944356889,FALSE
2189,"MIR611;FEN1;C11orf10","meth",5.41966331249931e-05,0.959167140990014,FALSE
2190,"MCM8","exp",5.4167508366582e-05,0.959221308498381,FALSE
2191,"PIGA","exp",5.41274216614621e-05,0.959275435920042,FALSE
2192,"ID1.1","meth",5.41192569011548e-05,0.959329555176943,FALSE
2193,"MIB1","exp",5.40929482290535e-05,0.959383648125172,FALSE
2194,"KRT10","exp",5.40440478667809e-05,0.959437692173039,FALSE
2195,"TLR10","exp",5.40079112424578e-05,0.959491700084281,FALSE
2196,"PARP3","exp",5.38765064812774e-05,0.959545576590763,FALSE
2197,"PSTK","exp",5.38234481392186e-05,0.959599400038902,FALSE
2198,"CADPS2","exp",5.36800104365359e-05,0.959653080049338,FALSE
2199,"PLEKHH3.1","meth",5.35069439778924e-05,0.959706586993316,FALSE
2200,"IFIT1","exp",5.33101518345904e-05,0.959759897145151,FALSE
2201,"UNC13B","exp",5.31680497254147e-05,0.959813065194876,FALSE
2202,"C4orf10","exp",5.31621907538979e-05,0.95986622738563,FALSE
2203,"ASPRV1","exp",5.31251217341076e-05,0.959919352507364,FALSE
2204,"SLC36A1.1","meth",5.31235215418869e-05,0.959972476028906,FALSE
2205,"MPV17","meth",5.31055162294191e-05,0.960025581545136,FALSE
2206,"GALNT14.1","meth",5.30756795744689e-05,0.96007865722471,FALSE
2207,"PAH","meth",5.29951911657605e-05,0.960131652415876,FALSE
2208,"HIST1H2AK","exp",5.29679311982838e-05,0.960184620347074,FALSE
2209,"HEXIM2","exp",5.29653293109328e-05,0.960237585676385,FALSE
2210,"APLF","exp",5.28984110362536e-05,0.960290484087421,FALSE
2211,"ST7L","exp",5.27586525156847e-05,0.960343242739937,FALSE
2212,"FAM83E","exp",5.27560065285481e-05,0.960395998746465,FALSE
2213,"ZPBP2","meth",5.26892772529501e-05,0.960448688023718,FALSE
2214,"RPL23AP7;RABL2A","meth",5.26227621763108e-05,0.960501310785895,FALSE
2215,"LOC647121","exp",5.26031629715916e-05,0.960553913948866,FALSE
2216,"REPIN1","exp",5.25588867868387e-05,0.960606472835653,FALSE
2217,"GALT","exp",5.25123237132034e-05,0.960658985159366,FALSE
2218,"KCNIP3.1","meth",5.24667119349435e-05,0.960711451871301,FALSE
2219,"ZNF323","exp",5.24210560568979e-05,0.960763872927358,FALSE
2220,"ZNF287.1","meth",5.24204859096697e-05,0.960816293413268,FALSE
2221,"NOX1","exp",5.22901300933898e-05,0.960868583543361,FALSE
2222,"TGFBR1","exp",5.22735170741534e-05,0.960920857060435,FALSE
2223,"PLEKHH3","exp",5.2270045791029e-05,0.960973127106226,FALSE
2224,"OSBP","meth",5.2086565483012e-05,0.961025213671709,FALSE
2225,"ZNF853","exp",5.20691933174661e-05,0.961077282865027,FALSE
2226,"TRPM2","exp",5.2068059322979e-05,0.96112935092435,FALSE
2227,"HIST1H2BN","exp",5.20210993512732e-05,0.961181372023701,FALSE
2228,"BEST1","exp",5.19971185178552e-05,0.961233369142219,FALSE
2229,"CORT","exp",5.18959567596495e-05,0.961285265098979,FALSE
2230,"IL17RC","exp",5.18167629946472e-05,0.961337081861973,FALSE
2231,"SVIL.1","meth",5.17602207695252e-05,0.961388842082743,FALSE
2232,"GNPDA1","meth",5.17254134387398e-05,0.961440567496182,FALSE
2233,"ZFP36","exp",5.17191701690912e-05,0.961492286666351,FALSE
2234,"GMEB1","exp",5.17172612783712e-05,0.961544003927629,FALSE
2235,"SBDSP1","exp",5.16751711829907e-05,0.961595679098812,FALSE
2236,"SUGT1P1;AQP3","meth",5.16474891175661e-05,0.96164732658793,FALSE
2237,"SPRY2","exp",5.15574184554414e-05,0.961698884006385,FALSE
2238,"MBOAT4","exp",5.15178735476876e-05,0.961750401879933,FALSE
2239,"HYAL1","exp",5.14319041656247e-05,0.961801833784098,FALSE
2240,"KDM6B","exp",5.14305906220104e-05,0.96185326437472,FALSE
2241,"CCR6","exp",5.14070696863566e-05,0.961904671444407,FALSE
2242,"CCDC117","exp",5.13712354605634e-05,0.961956042679867,FALSE
2243,"CORIN.1","meth",5.12769375189895e-05,0.962007319617386,FALSE
2244,"NUDT4","exp",5.12680892120053e-05,0.962058587706598,FALSE
2245,"C9orf93","exp",5.12450596739626e-05,0.962109832766272,FALSE
2246,"MAPK8IP1","exp",5.12339685778815e-05,0.96216106673485,FALSE
2247,"ZNF876P","exp",5.11656359600781e-05,0.96221223237081,FALSE
2248,"SFRS1","meth",5.10899638779553e-05,0.962263322334688,FALSE
2249,"TDG.1","meth",5.10588388792683e-05,0.962314381173567,FALSE
2250,"CAPNS1","meth",5.10430763558973e-05,0.962365424249923,FALSE
2251,"AHR.1","meth",5.1041230464871e-05,0.962416465480388,FALSE
2252,"TTC21A","exp",5.09783945703455e-05,0.962467443874958,FALSE
2253,"CPEB2","exp",5.09374951691765e-05,0.962518381370128,FALSE
2254,"BCAS1.1","meth",5.08360719622418e-05,0.96256921744209,FALSE
2255,"ITIH5","exp",5.08146457664045e-05,0.962620032087856,FALSE
2256,"NRG1","exp",5.07345983555521e-05,0.962670766686212,FALSE
2257,"PEX11A;WDR93","meth",5.0631934054651e-05,0.962721398620266,FALSE
2258,"SDC4","exp",5.0618351320683e-05,0.962772016971587,FALSE
2259,"TRPV1","exp",5.05618248454844e-05,0.962822578796433,FALSE
2260,"CYP26B1.1","meth",5.04665661585811e-05,0.962873045362591,FALSE
2261,"ZNHIT6.1","meth",5.04212599288358e-05,0.96292346662252,FALSE
2262,"TBX1.1","meth",5.03661887465624e-05,0.962973832811267,FALSE
2263,"C1orf56","exp",5.03512546691638e-05,0.963024184065936,FALSE
2264,"C2orf50.1","meth",5.0185304025927e-05,0.963074369369962,FALSE
2265,"SPOCK3","exp",5.01549570734576e-05,0.963124524327035,FALSE
2266,"HES6","exp",5.01315274873597e-05,0.963174655854522,FALSE
2267,"RAP1GDS1","exp",5.00483962414993e-05,0.963224704250764,FALSE
2268,"GRP","meth",4.98549777317965e-05,0.963274559228496,FALSE
2269,"EDARADD.1","meth",4.97535419249231e-05,0.963324312770421,FALSE
2270,"C21orf29;KRTAP10-8","meth",4.97438242221654e-05,0.963374056594643,FALSE
2271,"PTK6.1","meth",4.97060086560044e-05,0.963423762603299,FALSE
2272,"HHEX.1","meth",4.97037343670608e-05,0.963473466337666,FALSE
2273,"RPS7","exp",4.96490474829191e-05,0.963523115385149,FALSE
2274,"DNMT3B.1","meth",4.96007109679054e-05,0.963572716096117,FALSE
2275,"C14orf176","exp",4.95866620362038e-05,0.963622302758153,FALSE
2276,"PRSS12","exp",4.95606746625405e-05,0.963671863432816,FALSE
2277,"HS3ST3B1.1","meth",4.95061673275259e-05,0.963721369600143,FALSE
2278,"HTR4","meth",4.95006989541102e-05,0.963770870299097,FALSE
2279,"ST6GALNAC6","exp",4.94720624433256e-05,0.963820342361541,FALSE
2280,"CLIP2","exp",4.93063952987106e-05,0.96386964875684,FALSE
2281,"GSR.1","meth",4.92933165622924e-05,0.963918942073402,FALSE
2282,"ADSL","meth",4.92293214734022e-05,0.963968171394875,FALSE
2283,"TMEM117.1","meth",4.92197455199554e-05,0.964017391140395,FALSE
2284,"CACYBP","meth",4.91788335188476e-05,0.964066569973914,FALSE
2285,"MICALL2","exp",4.91553314831019e-05,0.964115725305397,FALSE
2286,"ORMDL3.1","meth",4.89967675539548e-05,0.964164722072951,FALSE
2287,"ZNF341","exp",4.88419237567225e-05,0.964213563996708,FALSE
2288,"EPHA3.1","meth",4.86450686137267e-05,0.964262209065322,FALSE
2289,"UBE2D1","exp",4.86380000480903e-05,0.96431084706537,FALSE
2290,"IRAK3.1","meth",4.85725811661219e-05,0.964359419646536,FALSE
2291,"STAT3","meth",4.85275363851055e-05,0.964407947182921,FALSE
2292,"C1orf101","exp",4.85174123343232e-05,0.964456464595255,FALSE
2293,"BTN2A2.1","meth",4.83395389990481e-05,0.964504804134254,FALSE
2294,"RBM19","meth",4.829792770134e-05,0.964553102061956,FALSE
2295,"FAM117A.1","meth",4.82975402532235e-05,0.964601399602209,FALSE
2296,"ABHD10","exp",4.81421609585944e-05,0.964649541763167,FALSE
2297,"C11orf17","exp",4.79584129018791e-05,0.964697500176069,FALSE
2298,"TAF3","exp",4.79427354280946e-05,0.964745442911497,FALSE
2299,"KCNK10","exp",4.7929379493024e-05,0.96479337229099,FALSE
2300,"ALKBH8","exp",4.79170504529612e-05,0.964841289341443,FALSE
2301,"LOC147727","exp",4.79166220550438e-05,0.964889205963498,FALSE
2302,"LAMB2","exp",4.78605050778545e-05,0.964937066468576,FALSE
2303,"TLR10.1","meth",4.78406633243145e-05,0.9649849071319,FALSE
2304,"CCDC96","exp",4.78171203387679e-05,0.965032724252239,FALSE
2305,"SKA3;MRP63","meth",4.77384400212694e-05,0.96508046269226,FALSE
2306,"RAD54B.1","meth",4.77351262373793e-05,0.965128197818498,FALSE
2307,"CBR4","exp",4.77132873935481e-05,0.965175911105891,FALSE
2308,"ZNF674","exp",4.77054061318625e-05,0.965223616512023,FALSE
2309,"UCN2;COL7A1","meth",4.75807517878652e-05,0.965271197263811,FALSE
2310,"TRPS1","exp",4.75699851402069e-05,0.965318767248951,FALSE
2311,"YEATS2","exp",4.75076469432618e-05,0.965366274895895,FALSE
2312,"BTN2A1","exp",4.74448614484913e-05,0.965413719757343,FALSE
2313,"FBXO44","exp",4.73523621481733e-05,0.965461072119491,FALSE
2314,"PPP1R3B","exp",4.7314801730772e-05,0.965508386921222,FALSE
2315,"PPIA","meth",4.72893813543522e-05,0.965555676302576,FALSE
2316,"LOC284023","exp",4.72619292378097e-05,0.965602938231814,FALSE
2317,"C6orf105","exp",4.7256722313123e-05,0.965650194954127,FALSE
2318,"COPZ1","meth",4.71905883846307e-05,0.965697385542512,FALSE
2319,"LOC100190938","exp",4.7180287934706e-05,0.965744565830447,FALSE
2320,"CSRNP1.1","meth",4.71221644172714e-05,0.965791687994864,FALSE
2321,"MOSPD3","exp",4.70552429926075e-05,0.965838743237857,FALSE
2322,"LOC84856","meth",4.7032874951349e-05,0.965885776112808,FALSE
2323,"PCDHB13.1","meth",4.69002227962327e-05,0.965932676335604,FALSE
2324,"HEY1.1","meth",4.68548504168089e-05,0.965979531186021,FALSE
2325,"PRDX3","meth",4.68389020443414e-05,0.966026370088065,FALSE
2326,"TRIM21","exp",4.6795504705316e-05,0.966073165592771,FALSE
2327,"LOC643387","exp",4.67591286821567e-05,0.966119924721453,FALSE
2328,"SFRS7","meth",4.67388427807759e-05,0.966166663564233,FALSE
2329,"TMEM68","exp",4.66587827699848e-05,0.966213322347003,FALSE
2330,"AP4B1","exp",4.66429761468282e-05,0.96625996532315,FALSE
2331,"SEPT8","exp",4.65943592831773e-05,0.966306559682434,FALSE
2332,"GSTK1.1","meth",4.6569275955119e-05,0.966353128958389,FALSE
2333,"PCDH20","meth",4.6529441248774e-05,0.966399658399637,FALSE
2334,"KIAA0232.1","meth",4.64863589082173e-05,0.966446144758546,FALSE
2335,"ARL4A","exp",4.6455177209806e-05,0.966492599935755,FALSE
2336,"SGMS1","exp",4.64249027069844e-05,0.966539024838462,FALSE
2337,"CDC73","meth",4.63790924796892e-05,0.966585403930942,FALSE
2338,"SLC38A11.1","meth",4.62965786308274e-05,0.966631700509573,FALSE
2339,"PDZRN4","exp",4.62582559171319e-05,0.96667795876549,FALSE
2340,"COPG2","exp",4.62527119440837e-05,0.966724211477434,FALSE
2341,"MBLAC1","exp",4.61891578530497e-05,0.966770400635287,FALSE
2342,"FPR2","exp",4.61442422214054e-05,0.966816544877509,FALSE
2343,"CALHM1","exp",4.61394006949423e-05,0.966862684278204,FALSE
2344,"COL4A6","exp",4.60850855089937e-05,0.966908769363713,FALSE
2345,"CTH","exp",4.58884225150638e-05,0.966954657786228,FALSE
2346,"FAM65C","exp",4.57954853668745e-05,0.967000453271595,FALSE
2347,"SPC25.1","meth",4.5777215455693e-05,0.96704623048705,FALSE
2348,"PARP2;RPPH1","meth",4.5697123945055e-05,0.967091927610995,FALSE
2349,"CUX1","meth",4.56896962811644e-05,0.967137617307277,FALSE
2350,"RRM2B.1","meth",4.5651493266887e-05,0.967183268800543,FALSE
2351,"SEMA3E","meth",4.56414133158903e-05,0.967228910213859,FALSE
2352,"EIF3J","meth",4.5613195753069e-05,0.967274523409612,FALSE
2353,"C6orf72","exp",4.55970363316274e-05,0.967320120445944,FALSE
2354,"UBE2L6","exp",4.55496227621268e-05,0.967365670068706,FALSE
2355,"CEL","exp",4.54871869156565e-05,0.967411157255622,FALSE
2356,"RWDD2B","exp",4.54859426717053e-05,0.967456643198293,FALSE
2357,"C6orf52","exp",4.54554665698638e-05,0.967502098664863,FALSE
2358,"HAT1","meth",4.54176919535037e-05,0.967547516356817,FALSE
2359,"PDE8A","exp",4.53354868031412e-05,0.96759285184362,FALSE
2360,"A4GALT","exp",4.52915193168875e-05,0.967638143362937,FALSE
2361,"GABRQ","meth",4.52350778912755e-05,0.967683378440828,FALSE
2362,"PEG10","exp",4.52137083951626e-05,0.967728592149223,FALSE
2363,"STK32B.1","meth",4.51771685727996e-05,0.967773769317796,FALSE
2364,"ABCB10","exp",4.50831856296944e-05,0.967818852503426,FALSE
2365,"C2orf48","exp",4.50660119131838e-05,0.967863918515339,FALSE
2366,"CLEC12B.1","meth",4.50634320757256e-05,0.967908981947415,FALSE
2367,"C20orf111","meth",4.50329811737615e-05,0.967954014928589,FALSE
2368,"NOP2.1","meth",4.49476543885747e-05,0.967998962582977,FALSE
2369,"CTSZ.1","meth",4.49214591159221e-05,0.968043884042093,FALSE
2370,"ZNF182","exp",4.49139180525827e-05,0.968088797960146,FALSE
2371,"ITGB1.1","meth",4.48164386264754e-05,0.968133614398772,FALSE
2372,"FGF17","exp",4.47896700566099e-05,0.968178404068829,FALSE
2373,"NAV2;LOC100126784","meth",4.47316914384709e-05,0.968223135760267,FALSE
2374,"CHIC2","exp",4.46133843136168e-05,0.968267749144581,FALSE
2375,"CCDC8.1","meth",4.45411047650012e-05,0.968312290249346,FALSE
2376,"C1orf113","exp",4.45321241586601e-05,0.968356822373505,FALSE
2377,"GGT1.1","meth",4.44969041798808e-05,0.968401319277684,FALSE
2378,"ZSWIM5","exp",4.43429203284678e-05,0.968445662198013,FALSE
2379,"PPM1K","exp",4.43023989254612e-05,0.968489964596938,FALSE
2380,"LOC442454","exp",4.42593291848432e-05,0.968534223926123,FALSE
2381,"LETM2.1","meth",4.41957876937479e-05,0.968578419713817,FALSE
2382,"NANOS3","exp",4.41303026621011e-05,0.968622550016479,FALSE
2383,"FMO3","exp",4.41219237028351e-05,0.968666671940182,FALSE
2384,"ZNF584","exp",4.40632174382335e-05,0.96871073515762,FALSE
2385,"N6AMT1","exp",4.40511498468997e-05,0.968754786307467,FALSE
2386,"MAP2K1","meth",4.40384617085826e-05,0.968798824769176,FALSE
2387,"GBGT1","exp",4.39868775593571e-05,0.968842811646735,FALSE
2388,"ATP12A","meth",4.3964896966215e-05,0.968886776543701,FALSE
2389,"LMLN","exp",4.38802537277051e-05,0.968930656797429,FALSE
2390,"PCBD2","exp",4.3856524893062e-05,0.968974513322322,FALSE
2391,"ACRBP.1","meth",4.38481522337653e-05,0.969018361474556,FALSE
2392,"MRC2.1","meth",4.37998062687975e-05,0.969062161280825,FALSE
2393,"ZNF205;MGC3771","meth",4.37817001568198e-05,0.969105942980981,FALSE
2394,"REG3A","meth",4.37727479003408e-05,0.969149715728882,FALSE
2395,"LRSAM1;RPL12","meth",4.37610646071387e-05,0.969193476793489,FALSE
2396,"FAM113B","exp",4.37331714927401e-05,0.969237209964982,FALSE
2397,"CLIC4.1","meth",4.36697749009404e-05,0.969280879739883,FALSE
2398,"GPR63","exp",4.35995491423404e-05,0.969324479289025,FALSE
2399,"TTF2","exp",4.3542137521445e-05,0.969368021426546,FALSE
2400,"SGK3","exp",4.35288067862519e-05,0.969411550233333,FALSE
2401,"CPEB2.1","meth",4.34654542942378e-05,0.969455015687627,FALSE
2402,"CD1E.1","meth",4.34604962183413e-05,0.969498476183845,FALSE
2403,"OR4F29","exp",4.34177131263298e-05,0.969541893896972,FALSE
2404,"ODC1","exp",4.33778437701532e-05,0.969585271740742,FALSE
2405,"RPL32;SNORA7A","meth",4.33776043713171e-05,0.969628649345113,FALSE
2406,"SYN1","exp",4.33656879792482e-05,0.969672015033092,FALSE
2407,"SYN2","exp",4.33339550335168e-05,0.969715348988126,FALSE
2408,"SIGLEC12","exp",4.33034694817212e-05,0.969758652457608,FALSE
2409,"PXT1","exp",4.32937171291319e-05,0.969801946174737,FALSE
2410,"ASB12.1","meth",4.31470286422528e-05,0.969845093203379,FALSE
2411,"GEMIN7.1","meth",4.31202191225863e-05,0.969888213422501,FALSE
2412,"CCT7;C2orf7","meth",4.30551435889487e-05,0.96993126856609,FALSE
2413,"WDR52","exp",4.30416238546744e-05,0.969974310189945,FALSE
2414,"LCE1C","meth",4.30017103987123e-05,0.970017311900344,FALSE
2415,"DEFB125","meth",4.29682922111736e-05,0.970060280192555,FALSE
2416,"GPR27;EIF4E3","meth",4.29226142832352e-05,0.970103202806838,FALSE
2417,"TUBGCP5","exp",4.28887109980548e-05,0.970146091517836,FALSE
2418,"MARCH6","meth",4.28618542286181e-05,0.970188953372065,FALSE
2419,"C5orf4.1","meth",4.28173417950137e-05,0.97023177071386,FALSE
2420,"ACPL2","exp",4.27361446397508e-05,0.9702745068585,FALSE
2421,"EFTUD2;CCDC103","meth",4.27095965688133e-05,0.970317216455068,FALSE
2422,"NECAB1","exp",4.26230601895068e-05,0.970359839515258,FALSE
2423,"FBXO31","exp",4.25935857827956e-05,0.970402433101041,FALSE
2424,"C10orf35.1","meth",4.24999020882355e-05,0.970444933003129,FALSE
2425,"CCNC","exp",4.23931869070276e-05,0.970487326190036,FALSE
2426,"GPX1","exp",4.23776228326918e-05,0.970529703812869,FALSE
2427,"C3orf54.1","meth",4.21842295228665e-05,0.970571888042392,FALSE
2428,"WDR53","exp",4.212823539508e-05,0.970614016277787,FALSE
2429,"CLMN","exp",4.21249468110673e-05,0.970656141224598,FALSE
2430,"BCAT2","exp",4.20632354610748e-05,0.970698204460059,FALSE
2431,"GLOD4;RNMTL1","meth",4.20337201045627e-05,0.970740238180163,FALSE
2432,"POLI","exp",4.19636014454421e-05,0.970782201781609,FALSE
2433,"CD1B","meth",4.18289994498049e-05,0.970824030781059,FALSE
2434,"GPR133","exp",4.17838853691254e-05,0.970865814666428,FALSE
2435,"PRRT3","exp",4.1711212072424e-05,0.9709075258785,FALSE
2436,"BEX1","exp",4.17023700654091e-05,0.970949228248566,FALSE
2437,"KRTCAP2","exp",4.16956763479504e-05,0.970990923924914,FALSE
2438,"SLC25A43.1","meth",4.16910868202622e-05,0.971032615011734,FALSE
2439,"FAM20C","exp",4.16318419082793e-05,0.971074246853642,FALSE
2440,"LAMC2","meth",4.16011673574025e-05,0.971115848021,FALSE
2441,"C15orf57.1","meth",4.15401269541483e-05,0.971157388147954,FALSE
2442,"NOS1AP","exp",4.15399127551896e-05,0.971198928060709,FALSE
2443,"KIAA0174","meth",4.15172013656002e-05,0.971240445262075,FALSE
2444,"IL2RG.1","meth",4.1480302444983e-05,0.97128192556452,FALSE
2445,"THBS2.1","meth",4.14376201524814e-05,0.971323363184672,FALSE
2446,"C3orf21","exp",4.13789170378645e-05,0.97136474210171,FALSE
2447,"SYK","exp",4.13338848567869e-05,0.971406075986567,FALSE
2448,"INPP5E","exp",4.13209258197868e-05,0.971447396912386,FALSE
2449,"COMMD4","exp",4.09980933392254e-05,0.971488395005726,FALSE
2450,"ARHGDIA","meth",4.0991125573099e-05,0.971529386131299,FALSE
2451,"C18orf54.1","meth",4.09509349184844e-05,0.971570337066217,FALSE
2452,"PSTK.1","meth",4.09414093647926e-05,0.971611278475582,FALSE
2453,"STRADA","meth",4.08852262379248e-05,0.97165216370182,FALSE
2454,"RIBC2","exp",4.08816069055201e-05,0.971693045308726,FALSE
2455,"PDK2","exp",4.08754360855193e-05,0.971733920744811,FALSE
2456,"OR10J1","meth",4.07226303283791e-05,0.97177464337514,FALSE
2457,"HOXA2","meth",4.07147427667242e-05,0.971815358117906,FALSE
2458,"CCDC28B","exp",4.0692541674654e-05,0.971856050659581,FALSE
2459,"LBR","exp",4.05949110492818e-05,0.97189664557063,FALSE
2460,"C9orf153","exp",4.05438938972999e-05,0.971937189464527,FALSE
2461,"SMAGP","exp",4.03872892586278e-05,0.971977576753786,FALSE
2462,"LOC96610","exp",4.03494390426353e-05,0.972017926192829,FALSE
2463,"LOC550112","exp",4.0339214192343e-05,0.972058265407021,FALSE
2464,"CUL2","meth",4.02974894951861e-05,0.972098562896516,FALSE
2465,"ZNF673","exp",4.02930984165332e-05,0.972138855994933,FALSE
2466,"PEX6.1","meth",4.02663109467595e-05,0.97217912230588,FALSE
2467,"ERCC2","exp",4.01679841747717e-05,0.972219290290054,FALSE
2468,"MRPS11;MRPL46","meth",4.0094731280888e-05,0.972259385021335,FALSE
2469,"LMAN2L","meth",4.00695975530747e-05,0.972299454618888,FALSE
2470,"BPTF","exp",4.00402302458428e-05,0.972339494849134,FALSE
2471,"SLIT2","exp",3.99385959899342e-05,0.972379433445124,FALSE
2472,"REG1A","meth",3.99320156719241e-05,0.972419365460796,FALSE
2473,"LRRN4CL","exp",3.99098964794558e-05,0.972459275357275,FALSE
2474,"SNCAIP","exp",3.98508342665847e-05,0.972499126191542,FALSE
2475,"APOB","exp",3.98098876156454e-05,0.972538936079158,FALSE
2476,"SLC25A35","exp",3.97682794679219e-05,0.972578704358625,FALSE
2477,"NOVA2","meth",3.96651678691953e-05,0.972618369526495,FALSE
2478,"MFAP3L","exp",3.96456978138482e-05,0.972658015224309,FALSE
2479,"ANK1","exp",3.94958498923286e-05,0.972697511074201,FALSE
2480,"MRPL55.1","meth",3.94578358771324e-05,0.972736968910078,FALSE
2481,"HECW1","exp",3.94437680455226e-05,0.972776412678124,FALSE
2482,"MGC16703","exp",3.9358589309616e-05,0.972815771267433,FALSE
2483,"TSC2;NTHL1","meth",3.92702920888698e-05,0.972855041559522,FALSE
2484,"FRG1B","exp",3.923382156617e-05,0.972894275381088,FALSE
2485,"LRRCC1","exp",3.9227250698114e-05,0.972933502631786,FALSE
2486,"KRIT1","exp",3.91894445819071e-05,0.972972692076368,FALSE
2487,"FAM119A","exp",3.9176586344417e-05,0.973011868662713,FALSE
2488,"QSOX2","exp",3.91695713285202e-05,0.973051038234041,FALSE
2489,"C7orf68.1","meth",3.91600552247824e-05,0.973090198289266,FALSE
2490,"LOC257358","exp",3.90747410395343e-05,0.973129273030305,FALSE
2491,"TMEM140","exp",3.90264423243368e-05,0.97316829947263,FALSE
2492,"ZNF652.1","meth",3.89898143024026e-05,0.973207289286932,FALSE
2493,"ZDHHC1","exp",3.89323554317369e-05,0.973246221642364,FALSE
2494,"NCBP2;LOC152217","meth",3.89137516221787e-05,0.973285135393986,FALSE
2495,"SNX22.1","meth",3.88744398132916e-05,0.973324009833799,FALSE
2496,"LOC286467","exp",3.87625303073357e-05,0.973362772364107,FALSE
2497,"AP4S1;STRN3","meth",3.87548474946854e-05,0.973401527211601,FALSE
2498,"CYB561D1","exp",3.87159640837158e-05,0.973440243175685,FALSE
2499,"SFRS11;LRRC40","meth",3.86391737570292e-05,0.973478882349442,FALSE
2500,"SLC37A2","exp",3.85315198803847e-05,0.973517413869323,FALSE
2501,"RAB23","exp",3.85254152100623e-05,0.973555939284533,FALSE
2502,"ELFN1","exp",3.85106732817297e-05,0.973594449957814,FALSE
2503,"ACOT7","exp",3.84628407642658e-05,0.973632912798579,FALSE
2504,"GABRA3","meth",3.84444984034365e-05,0.973671357296982,FALSE
2505,"CLIC5.1","meth",3.83671725793533e-05,0.973709724469561,FALSE
2506,"RP11-529I10.4;POLL","meth",3.83042295853484e-05,0.973748028699147,FALSE
2507,"C1orf227","exp",3.83009977010601e-05,0.973786329696848,FALSE
2508,"CXCL6.1","meth",3.82992967093294e-05,0.973824628993557,FALSE
2509,"FOXRED1","exp",3.82652485248534e-05,0.973862894242082,FALSE
2510,"C16orf89","exp",3.8208791349318e-05,0.973901103033431,FALSE
2511,"IRS1","exp",3.80527222080426e-05,0.973939155755639,FALSE
2512,"CNTNAP1;CCR10","meth",3.8041174364182e-05,0.973977196930004,FALSE
2513,"DOCK8;C9orf66","meth",3.7920123602666e-05,0.974015117053606,FALSE
2514,"PCDHB18","exp",3.78523579821061e-05,0.974052969411588,FALSE
2515,"TTC36","exp",3.78197493406319e-05,0.974090789160929,FALSE
2516,"LDHAL6B","exp",3.7811219182101e-05,0.974128600380111,FALSE
2517,"PRRG1","exp",3.77568378464739e-05,0.974166357217958,FALSE
2518,"C15orf29","exp",3.77209028211707e-05,0.974204078120779,FALSE
2519,"UQCRQ","exp",3.75702296036632e-05,0.974241648350383,FALSE
2520,"ELP2P","exp",3.75330314345008e-05,0.974279181381817,FALSE
2521,"MEIS3P1","exp",3.75315383417594e-05,0.974316712920159,FALSE
2522,"MPZL2","exp",3.75135834290466e-05,0.974354226503588,FALSE
2523,"C11orf65.1","meth",3.73737902586461e-05,0.974391600293847,FALSE
2524,"ETFDH","exp",3.73151217938608e-05,0.97442891541564,FALSE
2525,"GLIS1","exp",3.72512401044194e-05,0.974466166655745,FALSE
2526,"SLC38A7","exp",3.71806048478101e-05,0.974503347260593,FALSE
2527,"NEB","exp",3.71105995881382e-05,0.974540457860181,FALSE
2528,"UMPS","meth",3.70964687568348e-05,0.974577554328938,FALSE
2529,"TAOK2","meth",3.70691457896644e-05,0.974614623474727,FALSE
2530,"GLT25D1","exp",3.70091070815404e-05,0.974651632581809,FALSE
2531,"ROPN1L.1","meth",3.69604776179509e-05,0.974688593059427,FALSE
2532,"PINX1.1","meth",3.69372244309954e-05,0.974725530283858,FALSE
2533,"CHRNA5","exp",3.69139523441318e-05,0.974762444236202,FALSE
2534,"FBXO4","exp",3.68121511390348e-05,0.974799256387341,FALSE
2535,"GIGYF1","exp",3.67763484130884e-05,0.974836032735754,FALSE
2536,"AKAP3","exp",3.67595589947096e-05,0.974872792294749,FALSE
2537,"RASD1.1","meth",3.67515233837744e-05,0.974909543818132,FALSE
2538,"RG9MTD2","exp",3.66420645659046e-05,0.974946185882698,FALSE
2539,"PPFIA1","exp",3.66315026672509e-05,0.974982817385366,FALSE
2540,"MYO16","exp",3.65352170853398e-05,0.975019352602451,FALSE
2541,"ATXN7L1","exp",3.6520506656854e-05,0.975055873109108,FALSE
2542,"ZNF831","exp",3.65201097587836e-05,0.975092393218867,FALSE
2543,"ENO3.1","meth",3.6462357939542e-05,0.975128855576806,FALSE
2544,"KRTAP13-1","meth",3.64604679487301e-05,0.975165316044755,FALSE
2545,"SQRDL","exp",3.64244730737179e-05,0.975201740517828,FALSE
2546,"CA5B","exp",3.63251131067529e-05,0.975238065630935,FALSE
2547,"FAM73A.1","meth",3.62635907558416e-05,0.975274329221691,FALSE
2548,"TRIM37","exp",3.62029787505047e-05,0.975310532200442,FALSE
2549,"PHF15","exp",3.61938469448986e-05,0.975346726047386,FALSE
2550,"RPL37A","meth",3.61897960645918e-05,0.975382915843451,FALSE
2551,"HSD11B2.1","meth",3.618388669332e-05,0.975419099730144,FALSE
2552,"C5orf27","exp",3.61344760335282e-05,0.975455234206178,FALSE
2553,"ADK","exp",3.60954225233855e-05,0.975491329628701,FALSE
2554,"FLG","exp",3.60928206360344e-05,0.975527422449337,FALSE
2555,"FAM124B.1","meth",3.60612073897211e-05,0.975563483656727,FALSE
2556,"MAP2K5","exp",3.60048951134813e-05,0.97559948855184,FALSE
2557,"LRRC10B","exp",3.60025231750124e-05,0.975635491075016,FALSE
2558,"TMEM136","exp",3.58789618757012e-05,0.975671370036891,FALSE
2559,"BHLHE40.1","meth",3.58566977839373e-05,0.975707226734675,FALSE
2560,"NINL","exp",3.58498276673361e-05,0.975743076562343,FALSE
2561,"OR2C1","exp",3.58361126340113e-05,0.975778912674977,FALSE
2562,"NKD2","exp",3.57408098473224e-05,0.975814653484824,FALSE
2563,"C4orf29","exp",3.5728235108454e-05,0.975850381719932,FALSE
2564,"TAGLN2.1","meth",3.56588913455663e-05,0.975886040611278,FALSE
2565,"LTBP3.1","meth",3.56434060208476e-05,0.975921684017299,FALSE
2566,"ZNF140","exp",3.56377139985192e-05,0.975957321731297,FALSE
2567,"ZNF322A","exp",3.56217593260823e-05,0.975992943490623,FALSE
2568,"TMEM100.1","meth",3.55830838141019e-05,0.976028526574438,FALSE
2569,"RSPH3","exp",3.55730416629215e-05,0.9760640996161,FALSE
2570,"GREM1","exp",3.55597109277284e-05,0.976099659327028,FALSE
2571,"MXRA5.1","meth",3.54236630891201e-05,0.976135082990117,FALSE
2572,"YWHAQ","meth",3.52427972683929e-05,0.976170325787386,FALSE
2573,"TMEM132A","exp",3.52292743841339e-05,0.97620555506177,FALSE
2574,"SULT1A1","exp",3.51857667956445e-05,0.976240740828565,FALSE
2575,"TMEM38A;C19orf42","meth",3.51772271871595e-05,0.976275918055753,FALSE
2576,"RAB30.1","meth",3.51628601070045e-05,0.97631108091586,FALSE
2577,"RANBP6.1","meth",3.51554387430832e-05,0.976346236354603,FALSE
2578,"CCNYL1.1","meth",3.5149513621888e-05,0.976381385868225,FALSE
2579,"CDC42BPG","exp",3.5067825069014e-05,0.976416453693294,FALSE
2580,"LCTL","exp",3.48094916748926e-05,0.976451263184969,FALSE
2581,"GPR135.1","meth",3.47976666323796e-05,0.976486060851601,FALSE
2582,"PMS2L5","exp",3.47879898794228e-05,0.97652084884148,FALSE
2583,"LOC399744","exp",3.47076778698568e-05,0.97655555651935,FALSE
2584,"RPIA.1","meth",3.46988201129185e-05,0.976590255339463,FALSE
2585,"DNAJC2","exp",3.46732107374176e-05,0.9766249285502,FALSE
2586,"SLC19A1.1","meth",3.46703946511079e-05,0.976659598944852,FALSE
2587,"C1orf84","exp",3.46652066263293e-05,0.976694264151478,FALSE
2588,"C21orf56","exp",3.4663250485839e-05,0.976728927401964,FALSE
2589,"KEL","exp",3.46423503374443e-05,0.976763569752301,FALSE
2590,"MSLN","exp",3.4636837864243e-05,0.976798206590165,FALSE
2591,"ZBED3","exp",3.46368284142889e-05,0.97683284341858,FALSE
2592,"PIGL","exp",3.461270583156e-05,0.976867456124411,FALSE
2593,"FGF18","exp",3.45969370082196e-05,0.97690205306142,FALSE
2594,"DLST","meth",3.45417933762984e-05,0.976936594854796,FALSE
2595,"ZNF117","exp",3.44594338766862e-05,0.976971054288673,FALSE
2596,"GPR172B","exp",3.44495870245563e-05,0.977005503875697,FALSE
2597,"GPX5","meth",3.43712091055878e-05,0.977039875084803,FALSE
2598,"MRPS22","meth",3.43682418200131e-05,0.977074243326623,FALSE
2599,"ACSS3.1","meth",3.43258398761487e-05,0.977108569166499,FALSE
2600,"FAM13C","exp",3.42109882844956e-05,0.977142780154783,FALSE
2601,"DCP1A","meth",3.41981394969595e-05,0.97717697829428,FALSE
2602,"SLC4A11","exp",3.41359304493866e-05,0.97721111422473,FALSE
2603,"RPF2.1","meth",3.40185116202141e-05,0.97724513273635,FALSE
2604,"PAN2","exp",3.40098239624488e-05,0.977279142560312,FALSE
2605,"SMARCA5","meth",3.39853674813431e-05,0.977313127927794,FALSE
2606,"SERPINI1","exp",3.39761191263037e-05,0.97734710404692,FALSE
2607,"SUV420H2","exp",3.39298584511983e-05,0.977381033905371,FALSE
2608,"RHD","exp",3.38898189958487e-05,0.977414923724367,FALSE
2609,"NUDT22;TRPT1","meth",3.38449726638675e-05,0.977448768697031,FALSE
2610,"FCRLA","exp",3.37344523011583e-05,0.977482503149332,FALSE
2611,"CLN6","exp",3.37099170704355e-05,0.977516213066403,FALSE
2612,"PON2","exp",3.3672025904642e-05,0.977549885092307,FALSE
2613,"TSNAX-DISC1;TSNAX","meth",3.36427877467823e-05,0.977583527880054,FALSE
2614,"SLC7A4","exp",3.3619452660225e-05,0.977617147332714,FALSE
2615,"MTA3","exp",3.35712925443537e-05,0.977650718625259,FALSE
2616,"UBAC2","meth",3.34476020956704e-05,0.977684166227354,FALSE
2617,"ARVCF.1","meth",3.33964337444236e-05,0.977717562661099,FALSE
2618,"C5orf34","exp",3.33143829433106e-05,0.977750877044042,FALSE
2619,"RIMBP2.1","meth",3.32338945346021e-05,0.977784110938577,FALSE
2620,"ADAMTS13","exp",3.31997298006928e-05,0.977817310668377,FALSE
2621,"HBG2","exp",3.3198180008227e-05,0.977850508848385,FALSE
2622,"MYCN;MYCNOS","meth",3.31831734811807e-05,0.977883692021867,FALSE
2623,"HMGB2.1","meth",3.31032048199456e-05,0.977916795226687,FALSE
2624,"UBE2NL","exp",3.29689146727923e-05,0.977949764141359,FALSE
2625,"MTF2","exp",3.2965301640357e-05,0.977982729443,FALSE
2626,"ASPHD2","exp",3.29407254598332e-05,0.97801567016846,FALSE
2627,"LYNX1.1","meth",3.28963988753253e-05,0.978048566567335,FALSE
2628,"TSLP","exp",3.28764846721375e-05,0.978081443052007,FALSE
2629,"ART5.1","meth",3.2874600981295e-05,0.978114317652988,FALSE
2630,"PLK1S1.1","meth",3.28588573578321e-05,0.978147176510346,FALSE
2631,"ZBTB6","exp",3.28516659427929e-05,0.978180028176289,FALSE
2632,"CCDC86.1","meth",3.28108547411951e-05,0.97821283903103,FALSE
2633,"TCEA1","meth",3.2787125906552e-05,0.978245626156937,FALSE
2634,"GBP2","exp",3.27533423207897e-05,0.978278379499257,FALSE
2635,"TRMT2A;RANBP1","meth",3.27531627716625e-05,0.978311132662029,FALSE
2636,"NEIL3.1","meth",3.27483180952148e-05,0.978343880980124,FALSE
2637,"FGFR2.1","meth",3.26437386036242e-05,0.978376524718728,FALSE
2638,"BCAS1","exp",3.26327892568541e-05,0.978409157507985,FALSE
2639,"GAS2.1","meth",3.26177480799763e-05,0.978441775256065,FALSE
2640,"GLRA2","meth",3.26174362314923e-05,0.978474392692296,FALSE
2641,"FOXD4","exp",3.26088745731145e-05,0.978507001566869,FALSE
2642,"PAM.1","meth",3.25867112808605e-05,0.97853958827815,FALSE
2643,"SDHB","meth",3.25809436588996e-05,0.978572169221809,FALSE
2644,"ICAM4.1","meth",3.2572671799113e-05,0.978604741893608,FALSE
2645,"ESR2.1","meth",3.25356374291543e-05,0.978637277531037,FALSE
2646,"GIPC3","exp",3.2516973769887e-05,0.978669794504807,FALSE
2647,"GLRB","exp",3.25114423967776e-05,0.978702305947204,FALSE
2648,"USP11.1","meth",3.24921928403586e-05,0.978734798140044,FALSE
2649,"CPNE8","exp",3.24738725294221e-05,0.978767272012574,FALSE
2650,"YME1L1;MASTL","meth",3.24732488324542e-05,0.978799745261406,FALSE
2651,"VASN","exp",3.22371858300661e-05,0.978831982447236,FALSE
2652,"C18orf21.1","meth",3.21894919119284e-05,0.978864171939148,FALSE
2653,"ZSCAN5A","exp",3.21855733309784e-05,0.978896357512479,FALSE
2654,"SAMD5","exp",3.21049463229438e-05,0.978928462458802,FALSE
2655,"CASP8AP2","exp",3.19653547515632e-05,0.978960427813554,FALSE
2656,"EFS.1","meth",3.19291519775617e-05,0.978992356965531,FALSE
2657,"SMAD7","exp",3.1897412731861e-05,0.979024254378263,FALSE
2658,"DHX33","exp",3.1790747950408e-05,0.979056045126214,FALSE
2659,"MAPK12","exp",3.17111887871821e-05,0.979087756315001,FALSE
2660,"TARBP1","exp",3.1703865072786e-05,0.979119460180074,FALSE
2661,"HSD17B1","exp",3.1604023158164e-05,0.979151064203232,FALSE
2662,"FAM188B","exp",3.15926139136296e-05,0.979182656817146,FALSE
2663,"FAM108B1;C9orf85","meth",3.15776262864914e-05,0.979214234443432,FALSE
2664,"SULT1C4.1","meth",3.15756480961083e-05,0.979245810091528,FALSE
2665,"MAP1LC3A","exp",3.15277620289047e-05,0.979277337853557,FALSE
2666,"CACNA1I","exp",3.15008328098202e-05,0.979308838686367,FALSE
2667,"HIST1H3H.1","meth",3.14556809293244e-05,0.979340294367296,FALSE
2668,"DHRS13","exp",3.14271956178048e-05,0.979371721562914,FALSE
2669,"EIF3M","meth",3.12962381544498e-05,0.979403017801068,FALSE
2670,"SH3BP2","exp",3.12255272982081e-05,0.979434243328366,FALSE
2671,"SERTAD2","exp",3.11582499252747e-05,0.979465401578292,FALSE
2672,"RAB34.1","meth",3.11460531845687e-05,0.979496547631476,FALSE
2673,"C21orf63","exp",3.11314089057614e-05,0.979527679040382,FALSE
2674,"GIPR.1","meth",3.11123231485461e-05,0.979558791363531,FALSE
2675,"KLHL11","exp",3.11116427518538e-05,0.979589903006282,FALSE
2676,"MADCAM1.1","meth",3.10923679955574e-05,0.979620995374278,FALSE
2677,"DPY19L2P1","exp",3.10747343812825e-05,0.979652070108659,FALSE
2678,"DIXDC1","exp",3.10548737278344e-05,0.979683124982387,FALSE
2679,"ZNF408;ARHGAP1","meth",3.09991977485012e-05,0.979714124180136,FALSE
2680,"ERF","exp",3.09920882330639e-05,0.979745116268369,FALSE
2681,"CRADD.1","meth",3.09132378163924e-05,0.979776029506185,FALSE
2682,"CCDC111;CASP3","meth",3.08459635934436e-05,0.979806875469779,FALSE
2683,"NXF3","exp",3.07971703306503e-05,0.979837672640109,FALSE
2684,"PIP4K2A","exp",3.07358117789427e-05,0.979868408451888,FALSE
2685,"SLC46A1","exp",3.06559470672022e-05,0.979899064398955,FALSE
2686,"TGFB1","exp",3.06249386179487e-05,0.979929689337573,FALSE
2687,"NXT1","exp",3.06051882139646e-05,0.979960294525787,FALSE
2688,"MMD","exp",3.06043818178848e-05,0.979990898907605,FALSE
2689,"ZNF747","exp",3.05915393303181e-05,0.980021490446935,FALSE
2690,"C5AR1.1","meth",3.05480348918134e-05,0.980052038481827,FALSE
2691,"ELN.1","meth",3.05451117060244e-05,0.980082583593533,FALSE
2692,"TMED7;TMED7-TICAM2","meth",3.05313021731589e-05,0.980113114895706,FALSE
2693,"SERHL2.1","meth",3.04093788658847e-05,0.980143524274572,FALSE
2694,"AP1AR","exp",3.03767891243186e-05,0.980173901063696,FALSE
2695,"PCDHGA4;PCDHGA9;PCDHGA1;PCDHGB1;PCDHGB7;PCDHGB6;PCDHGB3;PCDHGA6;PCDHGA8;PCDHGA10;PCDHGA5;PCDHGB4;PCDHGA3;PCDHGA2;PCDHGB2;PCDHGA7;PCDHGB5","meth",3.03713869005813e-05,0.980204272450597,FALSE
2696,"DUSP10.1","meth",3.03258664718773e-05,0.980234598317069,FALSE
2697,"MICALCL","exp",3.03083431070665e-05,0.980264906660176,FALSE
2698,"SETD4","exp",3.02895786482892e-05,0.980295196238824,FALSE
2699,"ALX4","meth",3.02649615179646e-05,0.980325461200342,FALSE
2700,"ATP7B","exp",3.0264495320231e-05,0.980355725695662,FALSE
2701,"SP8","meth",3.02277822487103e-05,0.980385953477911,FALSE
2702,"PPIL1","exp",3.02160517057379e-05,0.980416169529617,FALSE
2703,"RPL12","exp",3.01967832494108e-05,0.980446366312866,FALSE
2704,"PCDH1.1","meth",3.01647699550423e-05,0.980476531082821,FALSE
2705,"BAI2.1","meth",3.01399827255445e-05,0.980506671065547,FALSE
2706,"NCAPH.1","meth",3.01144772995382e-05,0.980536785542846,FALSE
2707,"C1orf130","exp",3.0108914426582e-05,0.980566894457273,FALSE
2708,"ZSWIM3","exp",3.00637877459637e-05,0.980596958245019,FALSE
2709,"PCIF1","meth",2.98494249880806e-05,0.980626807670007,FALSE
2710,"HIST1H2AJ","meth",2.9833829413898e-05,0.98065664149942,FALSE
2711,"CLEC10A","exp",2.98259387022584e-05,0.980686467438123,FALSE
2712,"NDNL2","exp",2.9777668336923e-05,0.98071624510646,FALSE
2713,"C8G","exp",2.96937180950442e-05,0.980745938824555,FALSE
2714,"PGBD5","exp",2.96857580837415e-05,0.980775624582638,FALSE
2715,"TCL6","exp",2.96816001039553e-05,0.980805306182742,FALSE
2716,"EXPH5","exp",2.96512216516391e-05,0.980834957404394,FALSE
2717,"TMPRSS5","exp",2.96045703784326e-05,0.980864561974773,FALSE
2718,"USP30","exp",2.95971049147257e-05,0.980894159079687,FALSE
2719,"RIC8B.1","meth",2.95568733103102e-05,0.980923715952998,FALSE
2720,"JPH1.1","meth",2.95495936956998e-05,0.980953265546693,FALSE
2721,"MAFA","exp",2.95455711652552e-05,0.980982811117859,FALSE
2722,"CHN1.1","meth",2.95026463239328e-05,0.981012313764183,FALSE
2723,"NUP205","exp",2.9461151575658e-05,0.981041774915758,FALSE
2724,"AP3M2","exp",2.94588835866838e-05,0.981071233799345,FALSE
2725,"GLTPD1","exp",2.94047038500766e-05,0.981100638503195,FALSE
2726,"VSIG8","exp",2.93984353805506e-05,0.981130036938575,FALSE
2727,"DGKG","exp",2.93853849939946e-05,0.981159422323569,FALSE
2728,"C9orf117","exp",2.93793968731056e-05,0.981188801720442,FALSE
2729,"DIS3L","meth",2.93447501915392e-05,0.981218146470634,FALSE
2730,"CEBPB","exp",2.9268278013306e-05,0.981247414748647,FALSE
2731,"ARID2","exp",2.92048436216901e-05,0.981276619592269,FALSE
2732,"GOLPH3","meth",2.90869585947839e-05,0.981305706550864,FALSE
2733,"PHLDA2","exp",2.90717788185799e-05,0.981334778329682,FALSE
2734,"GPR120","exp",2.90061740875149e-05,0.98136378450377,FALSE
2735,"LRRC8E.1","meth",2.88927494389248e-05,0.981392677253209,FALSE
2736,"DPY30","meth",2.88900782519107e-05,0.981421567331461,FALSE
2737,"EPB49","exp",2.88368498106789e-05,0.981450404181271,FALSE
2738,"CDCA7L.1","meth",2.88347424709237e-05,0.981479238923742,FALSE
2739,"CCDC30","exp",2.8816715108563e-05,0.981508055638851,FALSE
2740,"NBPF9","exp",2.87514852256758e-05,0.981536807124077,FALSE
2741,"METT5D1;KIF18A","meth",2.87322293692875e-05,0.981565539353446,FALSE
2742,"SNRPB2","meth",2.8699371879023e-05,0.981594238725325,FALSE
2743,"HSPA2","exp",2.8651851210043e-05,0.981622890576535,FALSE
2744,"SETMAR.1","meth",2.86296816178197e-05,0.981651520258153,FALSE
2745,"SLC25A37.1","meth",2.86082302221049e-05,0.981680128488375,FALSE
2746,"TAF2","exp",2.84571065567872e-05,0.981708585594932,FALSE
2747,"NAA35","exp",2.84184341947915e-05,0.981737004029126,FALSE
2748,"CDH15","exp",2.84041427142691e-05,0.981765408171841,FALSE
2749,"EMR3.1","meth",2.83855294547568e-05,0.981793793701295,FALSE
2750,"CYBA","exp",2.82453204863777e-05,0.981822039021782,FALSE
2751,"ZBTB26.1","meth",2.81572280146361e-05,0.981850196249796,FALSE
2752,"EHD2.1","meth",2.81216772874647e-05,0.981878317927084,FALSE
2753,"ABR","exp",2.80967798085029e-05,0.981906414706892,FALSE
2754,"ZNF430","exp",2.8021781823103e-05,0.981934436488716,FALSE
2755,"CPXM2.1","meth",2.78372777700629e-05,0.981962273766486,FALSE
2756,"LOC349196","exp",2.78105060502126e-05,0.981990084272536,FALSE
2757,"SMPDL3A","exp",2.78033335350816e-05,0.982017887606071,FALSE
2758,"CDC123;NUDT5","meth",2.77893791029205e-05,0.982045676985174,FALSE
2759,"C17orf75","exp",2.77660597662867e-05,0.98207344304494,FALSE
2760,"FLT4.1","meth",2.76922776749757e-05,0.982101135322615,FALSE
2761,"EPB41L1.1","meth",2.76798289354948e-05,0.982128815151551,FALSE
2762,"DYNC2H1","exp",2.76670966973921e-05,0.982156482248248,FALSE
2763,"OPA3","meth",2.76536903625665e-05,0.982184135938611,FALSE
2764,"KIAA1407;QTRTD1","meth",2.76335115606651e-05,0.982211769450171,FALSE
2765,"FECH","exp",2.75118056023342e-05,0.982239281255774,FALSE
2766,"DFNA5.1","meth",2.74737222874749e-05,0.982266754978061,FALSE
2767,"MANEA.1","meth",2.7437393514086e-05,0.982294192371575,FALSE
2768,"KLRC1","exp",2.74223995869784e-05,0.982321614771162,FALSE
2769,"LOC647288","exp",2.7326901501239e-05,0.982348941672664,FALSE
2770,"CAMK2D","exp",2.72472100386562e-05,0.982376188882702,FALSE
2771,"PPPDE2","exp",2.71907780629982e-05,0.982403379660765,FALSE
2772,"SGPP1","exp",2.7179860216075e-05,0.982430559520981,FALSE
2773,"GPR89B","exp",2.71523639997468e-05,0.982457711884981,FALSE
2774,"C13orf27.1","meth",2.71482564197157e-05,0.982484860141401,FALSE
2775,"KCNG1","exp",2.71472263747232e-05,0.982512007367775,FALSE
2776,"OSTalpha","exp",2.71240046876146e-05,0.982539131372463,FALSE
2777,"TNFRSF10B.1","meth",2.71098077066327e-05,0.98256624118017,FALSE
2778,"SMCR8","exp",2.70853449255577e-05,0.982593326525095,FALSE
2779,"CCT8L2","meth",2.70700234000427e-05,0.982620396548495,FALSE
2780,"NIPSNAP3B.1","meth",2.70147096689485e-05,0.982647411258164,FALSE
2781,"TUBD1","exp",2.69321296704082e-05,0.982674343387835,FALSE
2782,"APEH","meth",2.69162348476803e-05,0.982701259622682,FALSE
2783,"CHPT1","exp",2.6858098730307e-05,0.982728117721413,FALSE
2784,"XPO4","exp",2.66850385716328e-05,0.982754802759984,FALSE
2785,"ARHGEF4","exp",2.66832619802696e-05,0.982781486021964,FALSE
2786,"ADRB3","meth",2.6531394918566e-05,0.982808017416883,FALSE
2787,"RAVER2","exp",2.64942250992657e-05,0.982834511641982,FALSE
2788,"DDX19A","meth",2.64267555772664e-05,0.98286093839756,FALSE
2789,"TUBGCP2;ZNF511","meth",2.64242229895785e-05,0.982887362620549,FALSE
2790,"FXYD4","meth",2.64045324353034e-05,0.982913767152985,FALSE
2791,"ACTL6B","meth",2.63850529300023e-05,0.982940152205914,FALSE
2792,"ZNF45","exp",2.6311365338232e-05,0.982966463571253,FALSE
2793,"C1orf103","exp",2.62835493984582e-05,0.982992747120651,FALSE
2794,"IMMP2L","exp",2.62642573172459e-05,0.983019011377968,FALSE
2795,"PRELID1;RAB24","meth",2.62009489250174e-05,0.983045212326893,FALSE
2796,"ZNF383","exp",2.61985454867017e-05,0.98307141087238,FALSE
2797,"SEC1","exp",2.61332274042432e-05,0.983097544099784,FALSE
2798,"ZNF223.1","meth",2.60998659164289e-05,0.983123643965701,FALSE
2799,"CD2BP2","meth",2.60919657548352e-05,0.983149735931456,FALSE
2800,"C2orf16","exp",2.60569143002366e-05,0.983175792845756,FALSE
2801,"BAK1.1","meth",2.60002602506583e-05,0.983201793106007,FALSE
2802,"NCRNA00167","exp",2.59739736284498e-05,0.983227767079635,FALSE
2803,"PEAR1","exp",2.59602963949412e-05,0.98325372737603,FALSE
2804,"ZCCHC6.1","meth",2.59526702820152e-05,0.983279680046312,FALSE
2805,"CHRNA6","exp",2.5928876872686e-05,0.983305608923185,FALSE
2806,"CCND2.1","meth",2.59260355864989e-05,0.983331534958771,FALSE
2807,"GPC6","exp",2.58621397221263e-05,0.983357397098493,FALSE
2808,"MGAT1","meth",2.58204465248163e-05,0.983383217545018,FALSE
2809,"C5orf39","exp",2.58138536068676e-05,0.983409031398625,FALSE
2810,"AIF1L.1","meth",2.57978642845991e-05,0.98343482926291,FALSE
2811,"STAC","exp",2.57802054704468e-05,0.98346060946838,FALSE
2812,"SEPT7L","exp",2.57628128300005e-05,0.98348637228121,FALSE
2813,"CEP78","exp",2.57487308234597e-05,0.983512121012033,FALSE
2814,"CCDC40;TBC1D16","meth",2.57389847708398e-05,0.983537859996804,FALSE
2815,"KLHL21.1","meth",2.56821968469122e-05,0.983563542193651,FALSE
2816,"CFB","exp",2.56600776544439e-05,0.983589202271306,FALSE
2817,"TMEM143","exp",2.5622161288773e-05,0.983614824432594,FALSE
2818,"SEC61G.1","meth",2.55444291166652e-05,0.983640368861711,FALSE
2819,"MT1X.1","meth",2.55435943707232e-05,0.983665912456082,FALSE
2820,"RDH11.1","meth",2.55345318647803e-05,0.983691446987947,FALSE
2821,"MOCOS.1","meth",2.54903958543459e-05,0.983716937383801,FALSE
2822,"PRDM12","exp",2.54594173299469e-05,0.983742396801131,FALSE
2823,"UBE2J2","meth",2.54214537145057e-05,0.983767818254845,FALSE
2824,"HHEX","exp",2.5408400177965e-05,0.983793226655023,FALSE
2825,"LOC100130932","exp",2.53703893127535e-05,0.983818597044336,FALSE
2826,"LOC729991-MEF2B","exp",2.53520485269166e-05,0.983843949092863,FALSE
2827,"SLC5A6","exp",2.53501191612961e-05,0.983869299212024,FALSE
2828,"FAM108B1","exp",2.52622282885745e-05,0.983894561440313,FALSE
2829,"FBLIM1","exp",2.52458436432278e-05,0.983919807283956,FALSE
2830,"CYFIP2","exp",2.52363621893216e-05,0.983945043646145,FALSE
2831,"PALLD","exp",2.51883579976923e-05,0.983970232004143,FALSE
2832,"GSDMA","exp",2.51364147502125e-05,0.983995368418893,FALSE
2833,"GPR18","exp",2.50828177607724e-05,0.984020451236654,FALSE
2834,"VWA1","exp",2.50737836046916e-05,0.984045525020259,FALSE
2835,"SEC24B","meth",2.50136692969352e-05,0.984070538689556,FALSE
2836,"FAM162A;CCDC58","meth",2.50042382427839e-05,0.984095542927799,FALSE
2837,"NUPL2","meth",2.49683126674348e-05,0.984120511240466,FALSE
2838,"CSNK1G1.1","meth",2.49533659900976e-05,0.984145464606456,FALSE
2839,"ASPHD1.1","meth",2.49311444231269e-05,0.984170395750879,FALSE
2840,"EPPK1","exp",2.49155882237528e-05,0.984195311339103,FALSE
2841,"GPR137","exp",2.48936107805954e-05,0.984220204949883,FALSE
2842,"CD9","exp",2.48737611520936e-05,0.984245078711036,FALSE
2843,"FAHD2A","exp",2.4788572966233e-05,0.984269867284002,FALSE
2844,"PDE4C.1","meth",2.47598718807623e-05,0.984294627155883,FALSE
2845,"ZFP36L2","exp",2.4668320725835e-05,0.984319295476608,FALSE
2846,"CYR61","exp",2.45943606603892e-05,0.984343889837269,FALSE
2847,"C9orf80","exp",2.4548229134656e-05,0.984368438066404,FALSE
2848,"TEKT1","meth",2.45319358388653e-05,0.984392970002242,FALSE
2849,"FRMD8","exp",2.45278314088188e-05,0.984417497833651,FALSE
2850,"PTPRU.1","meth",2.44778222519365e-05,0.984441975655903,FALSE
2851,"C14orf167","exp",2.44598232394381e-05,0.984466435479142,FALSE
2852,"TARBP2;MAP3K12","meth",2.44507260836636e-05,0.984490886205226,FALSE
2853,"BMP4","exp",2.44317033261421e-05,0.984515317908552,FALSE
2854,"PCDHB13","exp",2.44241921876572e-05,0.98453974210074,FALSE
2855,"CCDC109A","exp",2.44120789215454e-05,0.984564154179661,FALSE
2856,"GUCY2F","meth",2.4379923877866e-05,0.984588534103539,FALSE
2857,"LOC728323","exp",2.43620855145866e-05,0.984612896189054,FALSE
2858,"CCDC62.1","meth",2.43515299159023e-05,0.98463724771897,FALSE
2859,"PDPN","meth",2.43019775067995e-05,0.984661549696477,FALSE
2860,"WDR12","exp",2.42650785861823e-05,0.984685814775063,FALSE
2861,"TM2D1","exp",2.4142870205294e-05,0.984709957645268,FALSE
2862,"SULT2B1.1","meth",2.413379352442e-05,0.984734091438792,FALSE
2863,"C14orf101","exp",2.40628527192962e-05,0.984758154291512,FALSE
2864,"ZBTB7C","exp",2.40569748478713e-05,0.98478221126636,FALSE
2865,"INO80B.1","meth",2.40385206625856e-05,0.984806249787022,FALSE
2866,"ANGPTL4","exp",2.40364747475318e-05,0.98483028626177,FALSE
2867,"GCNT4","exp",2.40314898967654e-05,0.984854317751666,FALSE
2868,"FADD.1","meth",2.40180678120164e-05,0.984878335819478,FALSE
2869,"PCDH17.1","meth",2.40062002447102e-05,0.984902342019723,FALSE
2870,"MIPEP","exp",2.39315424576564e-05,0.984926273562181,FALSE
2871,"CNTN4.1","meth",2.39116203795068e-05,0.98495018518256,FALSE
2872,"LYRM4;FARS2","meth",2.3849108933404e-05,0.984974034291494,FALSE
2873,"APBB2.1","meth",2.38279441862957e-05,0.98499786223568,FALSE
2874,"TTYH2","exp",2.380969160003e-05,0.98502167192728,FALSE
2875,"THAP6","exp",2.37830458795672e-05,0.98504545497316,FALSE
2876,"ZNF322B","exp",2.37708900886621e-05,0.985069225863248,FALSE
2877,"PAPPA2","exp",2.37172363994977e-05,0.985092943099648,FALSE
2878,"HLA-DQA2","exp",2.36929941173506e-05,0.985116636093765,FALSE
2879,"NT5C3","exp",2.36416147171298e-05,0.985140277708482,FALSE
2880,"CRYGS","exp",2.36186040789952e-05,0.985163896312561,FALSE
2881,"RPS6KB2","exp",2.35348081863659e-05,0.985187431120747,FALSE
2882,"CD300A","exp",2.34994228333906e-05,0.985210930543581,FALSE
2883,"KIAA1586","exp",2.34636311323906e-05,0.985234394174713,FALSE
2884,"ENTPD1.1","meth",2.34429625078704e-05,0.985257837137221,FALSE
2885,"COPA;NCSTN","meth",2.34158269647889e-05,0.985281252964186,FALSE
2886,"KCNE2","exp",2.34149433940844e-05,0.98530466790758,FALSE
2887,"UBLCP1","meth",2.34121761325373e-05,0.985328080083713,FALSE
2888,"MTMR10","exp",2.33584846435566e-05,0.985351438568356,FALSE
2889,"USP31.1","meth",2.33362300017467e-05,0.985374774798358,FALSE
2890,"ZBTB17.1","meth",2.33184357382529e-05,0.985398093234096,FALSE
2891,"NAGLU.1","meth",2.33149455552203e-05,0.985421408179651,FALSE
2892,"C4orf19","exp",2.33001941769336e-05,0.985444708373828,FALSE
2893,"PDZD8","exp",2.32948833027522e-05,0.985468003257131,FALSE
2894,"C1orf109.1","meth",2.32449954202804e-05,0.985491248252551,FALSE
2895,"MGC16142","exp",2.32434283028989e-05,0.985514491680854,FALSE
2896,"ERBB2;PGAP3","meth",2.32388970499274e-05,0.985537730577904,FALSE
2897,"MFSD9","exp",2.32176330783014e-05,0.985560948210982,FALSE
2898,"FAM160A1","exp",2.31305990014145e-05,0.985584078809984,FALSE
2899,"C15orf48.1","meth",2.3124415581475e-05,0.985607203225565,FALSE
2900,"ZIC2","meth",2.31085459586246e-05,0.985630311771524,FALSE
2901,"SDR16C5","meth",2.31004504979804e-05,0.985653412222022,FALSE
2902,"KIAA0564","exp",2.30999732753004e-05,0.985676512195297,FALSE
2903,"TRPM6","exp",2.30761609660631e-05,0.985699588356263,FALSE
2904,"SLC25A36","exp",2.30556813406241e-05,0.985722644037604,FALSE
2905,"SPATC1","exp",2.29790500881642e-05,0.985745623087692,FALSE
2906,"GAL3ST1.1","meth",2.29349093527528e-05,0.985768557997045,FALSE
2907,"HRH2","exp",2.29222117644817e-05,0.985791480208809,FALSE
2908,"SCO2.1","meth",2.29123712123212e-05,0.985814392580022,FALSE
2909,"LINGO4","exp",2.29041182524426e-05,0.985837296698274,FALSE
2910,"MACROD2","exp",2.29004532452599e-05,0.985860197151519,FALSE
2911,"GMDS.1","meth",2.28855711426088e-05,0.985883082722662,FALSE
2912,"ZNF649","exp",2.28770661839553e-05,0.985905959788846,FALSE
2913,"FRZB","exp",2.28532459997563e-05,0.985928813034846,FALSE
2914,"LOC100271722","exp",2.2843378672726e-05,0.985951656413518,FALSE
2915,"BAMBI.1","meth",2.28408397850687e-05,0.985974497253304,FALSE
2916,"P4HB","meth",2.27958595787383e-05,0.985997293112882,FALSE
2917,"STS","exp",2.27912291012492e-05,0.986020084341984,FALSE
2918,"C20orf106","exp",2.27774605181847e-05,0.986042861802502,FALSE
2919,"PLCD1","exp",2.27567997686262e-05,0.98606561860227,FALSE
2920,"WNT9B.1","meth",2.27555775745679e-05,0.986088374179845,FALSE
2921,"PCCA","exp",2.26909902885567e-05,0.986111065170133,FALSE
2922,"EMR4P","exp",2.26274487974614e-05,0.986133692618931,FALSE
2923,"P2RX5.1","meth",2.26214197267715e-05,0.986156314038658,FALSE
2924,"DDX43","exp",2.26196620353164e-05,0.986178933700693,FALSE
2925,"SOLH;C16orf10","meth",2.25911515239193e-05,0.986201524852217,FALSE
2926,"POPDC3","meth",2.25405737948011e-05,0.986224065426012,FALSE
2927,"ATF1.1","meth",2.25274808834518e-05,0.986246592906895,FALSE
2928,"MIOS","exp",2.25126444555786e-05,0.986269105551351,FALSE
2929,"HLA-DMB","exp",2.24726333500912e-05,0.986291578184701,FALSE
2930,"ATP10D","exp",2.24571842501964e-05,0.986314035368951,FALSE
2931,"MICB.1","meth",2.24182299645713e-05,0.986336453598916,FALSE
2932,"CCDC117.1","meth",2.23358925148519e-05,0.98635878949143,FALSE
2933,"MYT1.1","meth",2.23259133633652e-05,0.986381115404794,FALSE
2934,"C3orf33","exp",2.23026601764097e-05,0.98640341806497,FALSE
2935,"NCRNA00219","exp",2.23020506543729e-05,0.986425720115625,FALSE
2936,"AVL9","exp",2.22059146967344e-05,0.986447926030321,FALSE
2937,"ADAMTSL4","exp",2.21989422056309e-05,0.986470124972527,FALSE
2938,"C1QC.1","meth",2.21986508320474e-05,0.986492323623359,FALSE
2939,"CD24","exp",2.21570064595001e-05,0.986514480629819,FALSE
2940,"FKTN","exp",2.21538202499897e-05,0.986536634450068,FALSE
2941,"GNG11.1","meth",2.20540633849542e-05,0.986558688513453,FALSE
2942,"ANXA6.1","meth",2.20482107134067e-05,0.986580736724167,FALSE
2943,"XRN2","meth",2.2011859890125e-05,0.986602748584057,FALSE
2944,"DHRS3.1","meth",2.20111290936777e-05,0.986624759713151,FALSE
2945,"SEC23A","exp",2.20042999268775e-05,0.986646764013077,FALSE
2946,"RPS10P7","exp",2.19783755529079e-05,0.98666874238863,FALSE
2947,"THRB","exp",2.19299366633918e-05,0.986690672325294,FALSE
2948,"NUDT16L1","exp",2.19226082240188e-05,0.986712594933518,FALSE
2949,"ZFAT","exp",2.19036295662829e-05,0.986734498563084,FALSE
2950,"BBS12","exp",2.18915887498189e-05,0.986756390151834,FALSE
2951,"ABCG2.1","meth",2.18903791556993e-05,0.98677828053099,FALSE
2952,"ZNF197","exp",2.17292653139485e-05,0.986800009796304,FALSE
2953,"APCDD1L.1","meth",2.16984017639905e-05,0.986821708198068,FALSE
2954,"SPAG8.1","meth",2.16509062948881e-05,0.986843359104362,FALSE
2955,"CCDC24.1","meth",2.16455402959747e-05,0.986865004644658,FALSE
2956,"CREB1","meth",2.15824224778197e-05,0.986886587067136,FALSE
2957,"G0S2.1","meth",2.15528141967593e-05,0.986908139881333,FALSE
2958,"DNAH10","exp",2.15102862535074e-05,0.986929650167587,FALSE
2959,"APOBEC3G","exp",2.15068921450077e-05,0.986951157059732,FALSE
2960,"ABP1.1","meth",2.15020789684068e-05,0.9869726591387,FALSE
2961,"KCNJ13","exp",2.14699743244824e-05,0.986994129113025,FALSE
2962,"MLL2","exp",2.14506460184463e-05,0.987015579759043,FALSE
2963,"FSIP1.1","meth",2.14448909964241e-05,0.987037024650039,FALSE
2964,"LPGAT1","exp",2.14221748818577e-05,0.987058446824921,FALSE
2965,"TAF7","meth",2.14069683307838e-05,0.987079853793252,FALSE
2966,"DHH.1","meth",2.13738194669358e-05,0.987101227612719,FALSE
2967,"TLK1","meth",2.13314127980943e-05,0.987122559025517,FALSE
2968,"HDGFRP2","exp",2.13176048402212e-05,0.987143876630357,FALSE
2969,"FAM167A","exp",2.1314538330129e-05,0.987165191168688,FALSE
2970,"PREB","meth",2.13043166298214e-05,0.987186495485317,FALSE
2971,"GNMT","exp",2.12975000629599e-05,0.98720779298538,FALSE
2972,"MYO15B","exp",2.12133639719845e-05,0.987229006349352,FALSE
2973,"RBP1","exp",2.11742647870638e-05,0.987250180614139,FALSE
2974,"PEPD.1","meth",2.11580502408903e-05,0.98727133866438,FALSE
2975,"GBA.1","meth",2.1154818356602e-05,0.987292493482737,FALSE
2976,"SLC12A8","exp",2.11257518729076e-05,0.98731361923461,FALSE
2977,"ACRV1","exp",2.11007945442368e-05,0.987334720029154,FALSE
2978,"RNF24","exp",2.10385807716868e-05,0.987355758609926,FALSE
2979,"CCDC9","exp",2.09711490495038e-05,0.987376729758975,FALSE
2980,"ANUBL1","exp",2.09439064069429e-05,0.987397673665382,FALSE
2981,"AAK1","exp",2.0904507973477e-05,0.987418578173356,FALSE
2982,"IL1RAP.1","meth",2.08717481327378e-05,0.987439449921488,FALSE
2983,"ATP6V1B1","exp",2.08679051514203e-05,0.98746031782664,FALSE
2984,"XPNPEP2","exp",2.08609247853551e-05,0.987481178751425,FALSE
2985,"CA3.1","meth",2.08381314961639e-05,0.987502016882921,FALSE
2986,"CHKA","exp",2.08097564341082e-05,0.987522826639355,FALSE
2987,"MAGEE1","exp",2.07763791963705e-05,0.987543603018552,FALSE
2988,"STK40","meth",2.07621302406413e-05,0.987564365148792,FALSE
2989,"C20orf72","exp",2.07466685408078e-05,0.987585111817333,FALSE
2990,"ANGPT1","exp",2.07144914472356e-05,0.98760582630878,FALSE
2991,"EDA","exp",2.0710097218598e-05,0.987626536405999,FALSE
2992,"EPO","exp",2.07032113520734e-05,0.987647239617351,FALSE
2993,"SLC7A10.1","meth",2.06970295071262e-05,0.987667936646858,FALSE
2994,"PIM1.1","meth",2.06693710665867e-05,0.987688606017925,FALSE
2995,"TUBA8","exp",2.06251641814969e-05,0.987709231182106,FALSE
2996,"ZDHHC14","exp",2.05229471784212e-05,0.987729754129285,FALSE
2997,"C1QL1.1","meth",2.05112197854335e-05,0.98775026534907,FALSE
2998,"KCNG3","meth",2.04778015978949e-05,0.987770743150668,FALSE
2999,"KCNIP1;KCNMB1","meth",2.04673467987205e-05,0.987791210497467,FALSE
3000,"PRR3;GNL1","meth",2.04074529898921e-05,0.987811617950457,FALSE
3001,"GNG10","exp",2.04040053316528e-05,0.987832021955788,FALSE
3002,"MTMR9L","exp",2.02527383420319e-05,0.98785227469413,FALSE
3003,"NEDD4L","exp",2.0250687702001e-05,0.987872525381832,FALSE
3004,"NCRNA00086.1","meth",2.02246026788124e-05,0.987892749984511,FALSE
3005,"ZNF565","exp",2.02160221205265e-05,0.987912966006632,FALSE
3006,"COQ4;TRUB2","meth",2.02108199208168e-05,0.987933176826552,FALSE
3007,"ME1.1","meth",2.01858452672302e-05,0.98795336267182,FALSE
3008,"SOSTDC1","exp",2.01811927398483e-05,0.98797354386456,FALSE
3009,"SLC29A3","exp",2.01639213738124e-05,0.987993707785933,FALSE
3010,"EYA2","exp",2.01348596150951e-05,0.988013842645548,FALSE
3011,"TGFBRAP1.1","meth",2.01245575901781e-05,0.988033967203139,FALSE
3012,"RBM20","exp",2.01196892888451e-05,0.988054086892427,FALSE
3013,"KIAA1704","exp",2.00814421747821e-05,0.988074168334602,FALSE
3014,"GALNTL5","meth",2.0077435394261e-05,0.988094245769996,FALSE
3015,"CD96","exp",2.00576282905525e-05,0.988114303398287,FALSE
3016,"AMDHD1.1","meth",2.00326363120501e-05,0.988134336034599,FALSE
3017,"ISLR2;LOC283731","meth",1.99975297327195e-05,0.988154333564332,FALSE
3018,"GABRA4","meth",1.99795559200985e-05,0.988174313120252,FALSE
3019,"ATPAF2","exp",1.9974322220542e-05,0.988194287442472,FALSE
3020,"ZNF12","meth",1.9973739473375e-05,0.988214261181946,FALSE
3021,"TMEM184A","exp",1.99723267052431e-05,0.988234233508651,FALSE
3022,"LPPR1","meth",1.99717376581067e-05,0.988254205246309,FALSE
3023,"ZNF844","exp",1.99440398427587e-05,0.988274149286152,FALSE
3024,"GLRX3.1","meth",1.99357727079491e-05,0.98829408505886,FALSE
3025,"ABTB1","exp",1.99086718146991e-05,0.988313993730675,FALSE
3026,"SNHG3-RCC1","exp",1.9878046088585e-05,0.988333871776763,FALSE
3027,"MEIS1.1","meth",1.98756221753688e-05,0.988353747398938,FALSE
3028,"GOLIM4","exp",1.9849132379148e-05,0.988373596531318,FALSE
3029,"DPY19L3.1","meth",1.97941730213309e-05,0.988393390704339,FALSE
3030,"MAGI1","exp",1.97562582306523e-05,0.98841314696257,FALSE
3031,"C20orf26","exp",1.97427306214163e-05,0.988432889693191,FALSE
3032,"C6orf163","exp",1.97004609769087e-05,0.988452590154168,FALSE
3033,"DFNB31","exp",1.96591032529678e-05,0.988472249257421,FALSE
3034,"MYST3","exp",1.95938969949657e-05,0.988491843154416,FALSE
3035,"SHD","exp",1.95871213779051e-05,0.988511430275794,FALSE
3036,"MCFD2","meth",1.95067085688291e-05,0.988530936984363,FALSE
3037,"PANK2","meth",1.950398698206e-05,0.988550440971345,FALSE
3038,"B9D2","exp",1.94998368772356e-05,0.988569940808222,FALSE
3039,"SLC2A6.1","meth",1.9491243719011e-05,0.988589432051941,FALSE
3040,"C9orf47;S1PR3","meth",1.9481593740924e-05,0.988608913645682,FALSE
3041,"SLK.1","meth",1.94676597836634e-05,0.988628381305466,FALSE
3042,"PLCB4","exp",1.94279715516064e-05,0.988647809277017,FALSE
3043,"RRH","exp",1.94125933263671e-05,0.988667221870344,FALSE
3044,"GRAP2.1","meth",1.94094559416193e-05,0.988686631326285,FALSE
3045,"NUP35","exp",1.93939044672223e-05,0.988706025230752,FALSE
3046,"PIP5K1P1","exp",1.93715647758259e-05,0.988725396795528,FALSE
3047,"ICA1L.1","meth",1.93319915182099e-05,0.988744728787046,FALSE
3048,"TECTA.1","meth",1.93021391133363e-05,0.98876403092616,FALSE
3049,"GSTM2","exp",1.9286393914881e-05,0.988783317320075,FALSE
3050,"CCNDBP1","exp",1.92839841765959e-05,0.988802601304251,FALSE
3051,"SLC6A4","exp",1.92531064517068e-05,0.988821854410703,FALSE
3052,"C15orf28","exp",1.92463623344931e-05,0.988841100773038,FALSE
3053,"FAM38A","exp",1.90773625060798e-05,0.988860178135544,FALSE
3054,"KRTAP11-1","meth",1.9043186747224e-05,0.988879221322291,FALSE
3055,"ERBB2","exp",1.90417125543908e-05,0.988898263034845,FALSE
3056,"FBXW4","exp",1.90318861771613e-05,0.988917294921022,FALSE
3057,"C1orf156","exp",1.90178435454291e-05,0.988936312764568,FALSE
3058,"ZNF345.1","meth",1.89960456513988e-05,0.988955308810219,FALSE
3059,"FAM71F2","exp",1.89075247817398e-05,0.988974216335001,FALSE
3060,"TMEM232","exp",1.89016232854298e-05,0.988993117958286,FALSE
3061,"MAT1A","exp",1.88886784233607e-05,0.98901200663671,FALSE
3062,"IGFALS","exp",1.88433784935847e-05,0.989030850015203,FALSE
3063,"SLITRK4","exp",1.88380817943345e-05,0.989049688096998,FALSE
3064,"XPO5;POLH","meth",1.87457699181054e-05,0.989068433866916,FALSE
3065,"LOC100190939;TPT1","meth",1.87346977219325e-05,0.989087168564638,FALSE
3066,"HSPC159.1","meth",1.87112697108269e-05,0.989105879834349,FALSE
3067,"SELO","exp",1.86952000639489e-05,0.989124575034412,FALSE
3068,"C14orf177","meth",1.86880590486647e-05,0.989143263093461,FALSE
3069,"GALK1.1","meth",1.867813502191e-05,0.989161941228483,FALSE
3070,"UBR4","meth",1.86358197026244e-05,0.989180577048186,FALSE
3071,"SNHG9","exp",1.85851647988815e-05,0.989199162212985,FALSE
3072,"MTSS1","exp",1.85789939788807e-05,0.989217741206963,FALSE
3073,"HBB","exp",1.8565789243075e-05,0.989236306996206,FALSE
3074,"MDN1.1","meth",1.8561810812416e-05,0.989254868807019,FALSE
3075,"CCDC130","exp",1.8527491729257e-05,0.989273396298748,FALSE
3076,"SLC24A2","meth",1.84959981823618e-05,0.98929189229693,FALSE
3077,"IFIT3","exp",1.8478263768577e-05,0.989310370560699,FALSE
3078,"FAM124B","exp",1.84195354540826e-05,0.989328790096153,FALSE
3079,"DOC2A","exp",1.8392330611338e-05,0.989347182426764,FALSE
3080,"PFN1","meth",1.83825467589019e-05,0.989365564973523,FALSE
3081,"ZNF774","exp",1.83097080880045e-05,0.989383874681611,FALSE
3082,"SLC22A23","exp",1.82644113082132e-05,0.98940213909292,FALSE
3083,"RFX8","exp",1.82257420962022e-05,0.989420364835016,FALSE
3084,"ENTPD7.1","meth",1.81531097493017e-05,0.989438517944765,FALSE
3085,"DUS2L;DDX28","meth",1.81525301521194e-05,0.989456670474917,FALSE
3086,"PARP16","exp",1.81205893073987e-05,0.989474791064225,FALSE
3087,"POPDC2","exp",1.81020941723121e-05,0.989492893158397,FALSE
3088,"FLJ36777","exp",1.80960572266605e-05,0.989510989215624,FALSE
3089,"ATOH8.1","meth",1.80940160365837e-05,0.98952908323166,FALSE
3090,"CHCHD7","exp",1.80758406249428e-05,0.989547159072285,FALSE
3091,"PSKH1","meth",1.80501934496257e-05,0.989565209265735,FALSE
3092,"ARG2","exp",1.8047749061509e-05,0.989583257014796,FALSE
3093,"SFXN4.1","meth",1.80333032317369e-05,0.989601290318028,FALSE
3094,"GJA4.1","meth",1.7974981265267e-05,0.989619265299293,FALSE
3095,"C15orf63","exp",1.79741685692179e-05,0.989637239467862,FALSE
3096,"NANOS1","exp",1.79716832313003e-05,0.989655211151094,FALSE
3097,"YWHAE","meth",1.79702783381301e-05,0.989673181429432,FALSE
3098,"NLGN3","exp",1.795083978263e-05,0.989691132269214,FALSE
3099,"LFNG","exp",1.79498491124461e-05,0.989709082118327,FALSE
3100,"SSR3","meth",1.79480929959834e-05,0.989727030211323,FALSE
3101,"C17orf65","exp",1.79367656510509e-05,0.989744966976974,FALSE
3102,"LOC100302401","exp",1.79366459516328e-05,0.989762903622926,FALSE
3103,"MGAT3","exp",1.79177176936518e-05,0.989780821340619,FALSE
3104,"ADO","meth",1.79073857438803e-05,0.989798728726363,FALSE
3105,"TTC39B.1","meth",1.7898652411337e-05,0.989816627378774,FALSE
3106,"DPY19L1","exp",1.78816062692063e-05,0.989834508985044,FALSE
3107,"LCN6","meth",1.7858748405329e-05,0.989852367733449,FALSE
3108,"BTG2","exp",1.78236166261208e-05,0.989870191350075,FALSE
3109,"PLTP","exp",1.78224653067179e-05,0.989888013815382,FALSE
3110,"LOC729082","exp",1.77635936679203e-05,0.98990577740905,FALSE
3111,"TGM2","exp",1.77595380626365e-05,0.989923536947112,FALSE
3112,"CCDC150","exp",1.77375637694638e-05,0.989941274510882,FALSE
3113,"LOC651250","exp",1.77367179985754e-05,0.98995901122888,FALSE
3114,"CLEC4G","exp",1.77333916147465e-05,0.989976744620495,FALSE
3115,"ELP3","exp",1.77201979038873e-05,0.989994464818399,FALSE
3116,"IFT88","exp",1.77088737089395e-05,0.990012173692108,FALSE
3117,"RETSAT;ELMOD3","meth",1.76808955449543e-05,0.990029854587653,FALSE
3118,"TGFBR3","exp",1.76776542107119e-05,0.990047532241863,FALSE
3119,"ISG20.1","meth",1.76723669614157e-05,0.990065204608825,FALSE
3120,"TMIE","exp",1.76673884106188e-05,0.990082871997235,FALSE
3121,"SLC27A4","exp",1.76641061265755e-05,0.990100536103362,FALSE
3122,"MAP3K8.1","meth",1.76637076535126e-05,0.990118199811016,FALSE
3123,"PDPR","exp",1.76261078613027e-05,0.990135825918877,FALSE
3124,"LHX2","exp",1.74806762183135e-05,0.990153306595095,FALSE
3125,"LOC90784","exp",1.73332159851861e-05,0.99017063981108,FALSE
3126,"BCAN.1","meth",1.72956083180145e-05,0.990187935419398,FALSE
3127,"SPRYD4.1","meth",1.72819216345518e-05,0.990205217341033,FALSE
3128,"H2AFZ","exp",1.72627650026811e-05,0.990222480106036,FALSE
3129,"SCN4A","exp",1.72381620472875e-05,0.990239718268083,FALSE
3130,"NIPAL2.1","meth",1.71797266813689e-05,0.990256897994764,FALSE
3131,"PRDM11","exp",1.71371231384846e-05,0.990274035117903,FALSE
3132,"HES6.1","meth",1.70826630532403e-05,0.990291117780956,FALSE
3133,"SRP9","meth",1.70800170661037e-05,0.990308197798022,FALSE
3134,"NCDN","exp",1.70764182085994e-05,0.99032527421623,FALSE
3135,"RAB37","exp",1.69992672086663e-05,0.990342273483439,FALSE
3136,"MED11","exp",1.69892628573021e-05,0.990359262746296,FALSE
3137,"LGI2.1","meth",1.69774126149116e-05,0.990376240158911,FALSE
3138,"B cell receptor signaling pathway ","path_mut",1.69477381841728e-05,0.990393187897096,FALSE
3139,"TOMM40.1","meth",1.69430966817373e-05,0.990410130993777,FALSE
3140,"SCARNA6","exp",1.69428084581385e-05,0.990427073802235,FALSE
3141,"RSAD2","exp",1.68774667507949e-05,0.990443951268986,FALSE
3142,"ADCK1","exp",1.68283553395482e-05,0.990460779624326,FALSE
3143,"ZNF337.1","meth",1.68269709212785e-05,0.990477606595247,FALSE
3144,"PDLIM5.1","meth",1.6800202351413e-05,0.990494406797598,FALSE
3145,"PAX3;CCDC140","meth",1.67956049487631e-05,0.990511202402547,FALSE
3146,"PNMAL2","exp",1.67186665727963e-05,0.99052792106912,FALSE
3147,"COQ4","exp",1.6706000484372e-05,0.990544627069604,FALSE
3148,"ZNF215.1","meth",1.67017716299304e-05,0.990561328841234,FALSE
3149,"ZNF224","exp",1.66637733646577e-05,0.990577992614599,FALSE
3150,"PPP1R1C","exp",1.66017044914033e-05,0.99059459431909,FALSE
3151,"CFTR","meth",1.65232667227257e-05,0.990611117585813,FALSE
3152,"TXLNG","exp",1.6521872854502e-05,0.990627639458668,FALSE
3153,"ABHD4","exp",1.64227349614573e-05,0.990644062193629,FALSE
3154,"RXRA","exp",1.6301485750906e-05,0.99066036367938,FALSE
3155,"DTWD2","exp",1.6299301236526e-05,0.990676662980617,FALSE
3156,"RPL29.1","meth",1.62711198985285e-05,0.990692934100515,FALSE
3157,"SOX9.1","meth",1.62672706172417e-05,0.990709201371132,FALSE
3158,"RALGPS1.1","meth",1.6264404131177e-05,0.990725465775263,FALSE
3159,"PIGP","exp",1.62592885560462e-05,0.99074172506382,FALSE
3160,"FUCA2.1","meth",1.62312253424745e-05,0.990757956289162,FALSE
3161,"OR2A9P","exp",1.61984749516894e-05,0.990774154764114,FALSE
3162,"COLQ","exp",1.61704369379952e-05,0.990790325201052,FALSE
3163,"ARRDC4","exp",1.61577377747317e-05,0.990806482938826,FALSE
3164,"LOC100128822","exp",1.60849778534515e-05,0.99082256791668,FALSE
3165,"CCDC74B.1","meth",1.60808450735428e-05,0.990838648761753,FALSE
3166,"ZNF585B","exp",1.60527125603081e-05,0.990854701474314,FALSE
3167,"C13orf26","meth",1.60433760056974e-05,0.99087074485032,FALSE
3168,"EFEMP1","exp",1.60431744066775e-05,0.990886788024726,FALSE
3169,"SKIL.1","meth",1.60257959411622e-05,0.990902813820667,FALSE
3170,"C12orf68","exp",1.60185887761996e-05,0.990918832409444,FALSE
3171,"C1orf59","exp",1.60094994953868e-05,0.990934841908939,FALSE
3172,"NCAPG;DCAF16","meth",1.60020765564732e-05,0.990950843985495,FALSE
3173,"POLR2J2","exp",1.59954962384632e-05,0.990966839481734,FALSE
3174,"MID2","exp",1.59741802920899e-05,0.990982813662026,FALSE
3175,"CXorf42","exp",1.59707499587663e-05,0.990998784411985,FALSE
3176,"PNPLA5","meth",1.59504719323472e-05,0.991014734883917,FALSE
3177,"POLD1.1","meth",1.59275526437685e-05,0.991030662436561,FALSE
3178,"BMPR2.1","meth",1.59266454481788e-05,0.991046589082009,FALSE
3179,"MSMP","exp",1.5902637839891e-05,0.991062491719849,FALSE
3180,"IGFBP5","exp",1.58546619981238e-05,0.991078346381847,FALSE
3181,"RGS20.1","meth",1.57807696573488e-05,0.991094127151504,FALSE
3182,"SLC35E1","meth",1.57733089186189e-05,0.991109900460423,FALSE
3183,"C19orf39.1","meth",1.57437242624437e-05,0.991125644184686,FALSE
3184,"UPK3BL","exp",1.57424359187069e-05,0.991141386620604,FALSE
3185,"TRMT1;NACC1","meth",1.57150452268658e-05,0.991157101665831,FALSE
3186,"ZNF267.1","meth",1.57102808750275e-05,0.991172811946706,FALSE
3187,"ZNF432","exp",1.56842194767241e-05,0.991188496166183,FALSE
3188,"MCM6.1","meth",1.55883244929142e-05,0.991204084490676,FALSE
3189,"ARHGAP5;C14orf128","meth",1.55769766730812e-05,0.991219661467349,FALSE
3190,"GZMA.1","meth",1.55731840915187e-05,0.99123523465144,FALSE
3191,"RPS15.1","meth",1.55692151108137e-05,0.991250803866551,FALSE
3192,"MDP1","exp",1.55496300810257e-05,0.991266353496632,FALSE
3193,"CPNE2.1","meth",1.55319665418963e-05,0.991281885463174,FALSE
3194,"ECHDC1","exp",1.55214865428445e-05,0.991297406949717,FALSE
3195,"CLDND2","exp",1.54991342515093e-05,0.991312906083968,FALSE
3196,"SLAIN1.1","meth",1.53902755057223e-05,0.991328296359474,FALSE
3197,"C16orf53","meth",1.53402978486869e-05,0.991343636657323,FALSE
3198,"GJB2","exp",1.53356374463433e-05,0.991358972294769,FALSE
3199,"PRR14","meth",1.52982912279006e-05,0.991374270585997,FALSE
3200,"KLHL21","exp",1.52929110540561e-05,0.991389563497051,FALSE
3201,"MRFAP1","meth",1.52798433425843e-05,0.991404843340394,FALSE
3202,"GTDC1","exp",1.52386494178471e-05,0.991420081989812,FALSE
3203,"IFNAR1","meth",1.52083717650408e-05,0.991435290361577,FALSE
3204,"CD58.1","meth",1.52050327812732e-05,0.991450495394358,FALSE
3205,"THSD1.1","meth",1.51637742818499e-05,0.99146565916864,FALSE
3206,"LY75","exp",1.51196020465917e-05,0.991480778770687,FALSE
3207,"GDF15","exp",1.51144770215068e-05,0.991495893247708,FALSE
3208,"SH3BGR","exp",1.51110876379842e-05,0.991511004335346,FALSE
3209,"C8orf40","exp",1.51035119248132e-05,0.991526107847271,FALSE
3210,"PRR5","exp",1.50992184956856e-05,0.991541207065767,FALSE
3211,"TICAM1","exp",1.50825235768473e-05,0.991556289589343,FALSE
3212,"MLL4","meth",1.50803390624673e-05,0.991571369928406,FALSE
3213,"KIAA0664P3","exp",1.50463082029071e-05,0.991586416236609,FALSE
3214,"FOXP2","exp",1.50453805324169e-05,0.991601461617141,FALSE
3215,"PPT2","exp",1.50297329834869e-05,0.991616491350125,FALSE
3216,"SYT5","exp",1.50168133212954e-05,0.991631508163446,FALSE
3217,"NHP2L1","meth",1.49866033931599e-05,0.991646494766839,FALSE
3218,"ZNF846","exp",1.49824611632972e-05,0.991661477228002,FALSE
3219,"C1orf51.1","meth",1.49486019779024e-05,0.99167642582998,FALSE
3220,"FCGR3B","exp",1.49259504380221e-05,0.991691351780418,FALSE
3221,"POLB.1","meth",1.49115235081581e-05,0.991706263303927,FALSE
3222,"C12orf49","exp",1.48939072187991e-05,0.991721157211145,FALSE
3223,"C8orf38.1","meth",1.48612497525622e-05,0.991736018460898,FALSE
3224,"UNC5B.1","meth",1.48593408618422e-05,0.99175087780176,FALSE
3225,"FANCE","exp",1.48592274623935e-05,0.991765737029222,FALSE
3226,"RAB21","meth",1.4832206893753e-05,0.991780569236116,FALSE
3227,"TSGA14","exp",1.48313138730944e-05,0.991795400549989,FALSE
3228,"POMZP3","exp",1.48131794112544e-05,0.9918102137294,FALSE
3229,"NPHP3;NCRNA00119","meth",1.48024962381903e-05,0.991825016225639,FALSE
3230,"ZNF579","exp",1.47984122830443e-05,0.991839814637922,FALSE
3231,"AVEN;CHRM5","meth",1.47776727838686e-05,0.991854592310705,FALSE
3232,"NKD1","exp",1.47447207940636e-05,0.9918693370315,FALSE
3233,"ETV6.1","meth",1.46596286827359e-05,0.991883996660182,FALSE
3234,"DAP","meth",1.46404799258269e-05,0.991898637140108,FALSE
3235,"CAMSAP1L1.1","meth",1.46226006127465e-05,0.991913259740721,FALSE
3236,"PCDHB7","exp",1.46163321432204e-05,0.991927876072864,FALSE
3237,"NUDT12.1","meth",1.46117646654251e-05,0.99194248783753,FALSE
3238,"GPR20","exp",1.46046960997887e-05,0.991957092533629,FALSE
3239,"FAM177B","exp",1.45948807475056e-05,0.991971687414377,FALSE
3240,"SCGB3A1","exp",1.4588416978929e-05,0.991986275831356,FALSE
3241,"ADAMTS17","exp",1.45858812412564e-05,0.992000861712597,FALSE
3242,"ARIH1","meth",1.45519165313746e-05,0.992015413629128,FALSE
3243,"CTHRC1","exp",1.453817472318e-05,0.992029951803852,FALSE
3244,"HIST1H3C.1","meth",1.45254991848016e-05,0.992044477303036,FALSE
3245,"HTATIP2","exp",1.45246108891201e-05,0.992059001913925,FALSE
3246,"TGM3","exp",1.45219790769145e-05,0.992073523893002,FALSE
3247,"MICALL1.1","meth",1.45195441387519e-05,0.992088043437141,FALSE
3248,"PALB2","exp",1.45181833453673e-05,0.992102561620487,FALSE
3249,"USP11","exp",1.4514675837419e-05,0.992117076296324,FALSE
3250,"TPCN2.1","meth",1.44858660774766e-05,0.992131562162402,FALSE
3251,"BMP6.1","meth",1.44770051705536e-05,0.992146039167572,FALSE
3252,"PMVK","exp",1.44602551269833e-05,0.992160499422699,FALSE
3253,"HSD17B8","exp",1.44545835795553e-05,0.992174954006279,FALSE
3254,"SFI1.1","meth",1.44276228606239e-05,0.992189381629139,FALSE
3255,"PSTPIP1","exp",1.44094663488912e-05,0.992203791095488,FALSE
3256,"GNA12","exp",1.43652468638626e-05,0.992218156342352,FALSE
3257,"MPHOSPH8","exp",1.43565403061892e-05,0.992232512882658,FALSE
3258,"C22orf24","exp",1.4319214562647e-05,0.992246832097221,FALSE
3259,"ULBP1","exp",1.423105121625e-05,0.992261063148437,FALSE
3260,"TMEM105","meth",1.42030793522342e-05,0.992275266227789,FALSE
3261,"ZNF80","exp",1.42022792561238e-05,0.992289468507045,FALSE
3262,"ATP13A2","exp",1.41924292540093e-05,0.992303660936299,FALSE
3263,"TNK2","exp",1.41690248677889e-05,0.992317829961167,FALSE
3264,"RPS6KA5.1","meth",1.41516779021205e-05,0.992331981639069,FALSE
3265,"RABEPK","exp",1.41158106014881e-05,0.992346097449671,FALSE
3266,"RPL36AL;MGAT2","meth",1.40903760501373e-05,0.992360187825721,FALSE
3267,"GLUL","exp",1.40714383422023e-05,0.992374259264063,FALSE
3268,"CLEC1A.1","meth",1.40427167818311e-05,0.992388301980845,FALSE
3269,"LRRC8D","exp",1.40255840151215e-05,0.99240232756486,FALSE
3270,"AVPI1.1","meth",1.40156174635735e-05,0.992416343182324,FALSE
3271,"FKBP1B","exp",1.39905341355152e-05,0.992430333716459,FALSE
3272,"PDGFB","exp",1.39758898567079e-05,0.992444309606316,FALSE
3273,"IGBP1","meth",1.39538147640251e-05,0.99245826342108,FALSE
3274,"IFT74","exp",1.39252759027658e-05,0.992472188696983,FALSE
3275,"SULT1A2","exp",1.38873343372174e-05,0.99248607603132,FALSE
3276,"PARD6G","exp",1.38855734957776e-05,0.992499961604816,FALSE
3277,"RRAGB.1","meth",1.38783521558839e-05,0.992513839956972,FALSE
3278,"DOK7","exp",1.38656529926205e-05,0.992527705609964,FALSE
3279,"VPS28;NFKBIL2","meth",1.38635047030643e-05,0.992541569114667,FALSE
3280,"C19orf36;MOBKL2A","meth",1.38236605467653e-05,0.992555392775214,FALSE
3281,"SLC35F5.1","meth",1.37796174608791e-05,0.992569172392675,FALSE
3282,"ARL1","meth",1.37712983513222e-05,0.992582943691026,FALSE
3283,"PSMG2;CEP76","meth",1.37612026504021e-05,0.992596704893677,FALSE
3284,"NFKB2.1","meth",1.37112501932442e-05,0.99261041614387,FALSE
3285,"POLE3;C9orf43","meth",1.36849068713113e-05,0.992624101050741,FALSE
3286,"PPIL2","meth",1.36563113103276e-05,0.992637757362052,FALSE
3287,"LOC286367","exp",1.35957245048682e-05,0.992651353086556,FALSE
3288,"EFNA1.1","meth",1.35940235131375e-05,0.99266494711007,FALSE
3289,"THBS3.1","meth",1.35876101443159e-05,0.992678534720214,FALSE
3290,"SLC25A21;LOC100129794","meth",1.35869643974552e-05,0.992692121684611,FALSE
3291,"COX5A","meth",1.35742479092759e-05,0.992705695932521,FALSE
3292,"PGF.1","meth",1.35663619226134e-05,0.992719262294443,FALSE
3293,"SEC22A","meth",1.35459027720748e-05,0.992732808197215,FALSE
3294,"SYT6.1","meth",1.3531871165289e-05,0.992746340068381,FALSE
3295,"FFAR2","exp",1.35229850584885e-05,0.992759863053439,FALSE
3296,"LOC255167","exp",1.34965881868159e-05,0.992773359641626,FALSE
3297,"GAB2","exp",1.34964952622677e-05,0.992786856136888,FALSE
3298,"C17orf76","exp",1.34543075173619e-05,0.992800310444406,FALSE
3299,"MVK","exp",1.34484249209599e-05,0.992813758869327,FALSE
3300,"SAMD11.1","meth",1.34032935153646e-05,0.992827162162842,FALSE
3301,"NSUN5","exp",1.33979432663747e-05,0.992840560106108,FALSE
3302,"EIF4E","exp",1.33891548090995e-05,0.992853949260917,FALSE
3303,"CLDN10","exp",1.33613341443486e-05,0.992867310595062,FALSE
3304,"TMEM185B","exp",1.3343889529155e-05,0.992880654484591,FALSE
3305,"BCAR3","exp",1.3287920601246e-05,0.992893942405192,FALSE
3306,"GRAMD4","exp",1.32724069266651e-05,0.992907214812119,FALSE
3307,"LRRC7","exp",1.32682583968331e-05,0.992920483070516,FALSE
3308,"ISL1","meth",1.32397195355737e-05,0.992933722790051,FALSE
3309,"ATP13A4.1","meth",1.32183988642234e-05,0.992946941188915,FALSE
3310,"FBXO16","exp",1.3209426132844e-05,0.992960150615048,FALSE
3311,"CHST1.1","meth",1.3144977446159e-05,0.992973295592494,FALSE
3312,"WDR89","meth",1.31395185226974e-05,0.992986435111017,FALSE
3313,"MLLT4;C6orf124","meth",1.3130270167658e-05,0.992999565381185,FALSE
3314,"FAM129B","exp",1.30844686028206e-05,0.993012649849788,FALSE
3315,"TBC1D21","meth",1.30803090480422e-05,0.993025730158836,FALSE
3316,"NAPSA","exp",1.30632132936526e-05,0.993038793372129,FALSE
3317,"TMEM26","exp",1.30440062620269e-05,0.993051837378391,FALSE
3318,"ZNF124","exp",1.30409917266819e-05,0.993064878370118,FALSE
3319,"RTN1.1","meth",1.30301164045519e-05,0.993077908486523,FALSE
3320,"FA2H.1","meth",1.30007963470903e-05,0.99309090928287,FALSE
3321,"SIPA1L3","exp",1.29924441626942e-05,0.993103901727032,FALSE
3322,"FAM78B","exp",1.29614703632722e-05,0.993116863197396,FALSE
3323,"GNAI3","meth",1.2958725151618e-05,0.993129821922547,FALSE
3324,"HIST1H3J","meth",1.29555468170693e-05,0.993142777469364,FALSE
3325,"ZNF710.1","meth",1.29503304424285e-05,0.993155727799807,FALSE
3326,"SHANK2","exp",1.29135307463289e-05,0.993168641330553,FALSE
3327,"BAG5;C14orf153","meth",1.29089183812518e-05,0.993181550248934,FALSE
3328,"DPY19L2P2","exp",1.28766586005816e-05,0.993194426907535,FALSE
3329,"LOC153684.1","meth",1.28306845740827e-05,0.993207257592109,FALSE
3330,"TPX2.1","meth",1.2806443866928e-05,0.993220064035976,FALSE
3331,"CBFA2T2","exp",1.27952960711226e-05,0.993232859332047,FALSE
3332,"THEM4.1","meth",1.2794673949147e-05,0.993245654005996,FALSE
3333,"ZNF575","exp",1.2760817913737e-05,0.99325841482391,FALSE
3334,"ETV2","exp",1.27558566878558e-05,0.993271170680597,FALSE
3335,"IL12A.1","meth",1.27464342961624e-05,0.993283917114894,FALSE
3336,"SEC11C.1","meth",1.2744482093153e-05,0.993296661596987,FALSE
3337,"AUH.1","meth",1.27395570920957e-05,0.993309401154079,FALSE
3338,"PCNP","meth",1.27100417355835e-05,0.993322111195814,FALSE
3339,"SLC45A2","exp",1.27065200527041e-05,0.993334817715867,FALSE
3340,"LYPD5","exp",1.26995530740738e-05,0.993347517268941,FALSE
3341,"CEBPA;LOC80054","meth",1.26948383344943e-05,0.993360212107276,FALSE
3342,"NHLH1","exp",1.26770424960082e-05,0.993372889149772,FALSE
3343,"JTB","meth",1.26588891342601e-05,0.993385548038906,FALSE
3344,"BHLHE41.1","meth",1.26546114550559e-05,0.993398202650361,FALSE
3345,"CALB1.1","meth",1.26421083783392e-05,0.993410844758739,FALSE
3346,"DEPDC4","exp",1.26358690461714e-05,0.993423480627786,FALSE
3347,"LILRA4.1","meth",1.25878428046493e-05,0.99343606847059,FALSE
3348,"CNOT6","meth",1.25513108572481e-05,0.993448619781447,FALSE
3349,"CCDC152","exp",1.25454849605705e-05,0.993461165266408,FALSE
3350,"EFHC1.1","meth",1.25366051537393e-05,0.993473701871562,FALSE
3351,"PRPSAP2","meth",1.25050501821427e-05,0.993486206921744,FALSE
3352,"CTNND2","meth",1.24773444918329e-05,0.993498684266236,FALSE
3353,"CWF19L2","exp",1.24588588067004e-05,0.993511143125043,FALSE
3354,"WBP2NL","exp",1.24512106438817e-05,0.993523594335686,FALSE
3355,"NKX6-1","meth",1.24289008773398e-05,0.993536023236564,FALSE
3356,"GLS2.1","meth",1.24180460301103e-05,0.993548441282594,FALSE
3357,"ZNF643","exp",1.2415718191427e-05,0.993560857000785,FALSE
3358,"SLC33A1.1","meth",1.24101820933405e-05,0.993573267182879,FALSE
3359,"ZNF562","exp",1.23635182201953e-05,0.993585630701099,FALSE
3360,"NPC2;ISCA2","meth",1.23348439095945e-05,0.993597965545008,FALSE
3361,"MPPE1","exp",1.23325853705743e-05,0.993610298130379,FALSE
3362,"NRTN.1","meth",1.23012548353865e-05,0.993622599385214,FALSE
3363,"C20orf135","exp",1.22965889205697e-05,0.993634895974135,FALSE
3364,"PSMA7;SS18L1","meth",1.22939618333412e-05,0.993647189935968,FALSE
3365,"C22orf28","meth",1.22917647190224e-05,0.993659481700687,FALSE
3366,"SLC5A6;C2orf28","meth",1.22662293681616e-05,0.993671747930056,FALSE
3367,"EPHB6","exp",1.2238175604544e-05,0.99368398610566,FALSE
3368,"NUDT22","exp",1.22060166233837e-05,0.993696192122283,FALSE
3369,"SYT2","exp",1.22044408435443e-05,0.993708396563127,FALSE
3370,"TMEM133","exp",1.2192026753895e-05,0.993720588589881,FALSE
3371,"EPB41L4B","exp",1.21710423434099e-05,0.993732759632224,FALSE
3372,"ENTPD8","exp",1.2169757937154e-05,0.993744929390161,FALSE
3373,"EME1","exp",1.21665985025135e-05,0.993757095988664,FALSE
3374,"RTN4IP1","exp",1.2133741012249e-05,0.993769229729676,FALSE
3375,"TOPORS","meth",1.21212339980514e-05,0.993781350963674,FALSE
3376,"NECAB3","exp",1.20996361280487e-05,0.993793450599802,FALSE
3377,"FKBP2","exp",1.20971397651847e-05,0.993805547739568,FALSE
3378,"FANCF.1","meth",1.20919848152453e-05,0.993817639724383,FALSE
3379,"LOC100125556","exp",1.20749796229155e-05,0.993829714704006,FALSE
3380,"IGFBP1","meth",1.20286968979173e-05,0.993841743400904,FALSE
3381,"ING3.1","meth",1.20225371028629e-05,0.993853765938006,FALSE
3382,"C19orf77","exp",1.19977782232273e-05,0.99386576371623,FALSE
3383,"MXRA7","exp",1.19971828761216e-05,0.993877760899106,FALSE
3384,"TMTC3;CEP290","meth",1.19816227392666e-05,0.993889742521845,FALSE
3385,"SIM1","meth",1.19708340417155e-05,0.993901713355887,FALSE
3386,"KLHL25","exp",1.19526389426703e-05,0.99391366599483,FALSE
3387,"AKR1A1","meth",1.19292676312891e-05,0.993925595262461,FALSE
3388,"GAB2.1","meth",1.1918318284519e-05,0.993937513580745,FALSE
3389,"PRKAA1.1","meth",1.18827218825696e-05,0.993949396302628,FALSE
3390,"CXorf40A","exp",1.18647063326516e-05,0.99396126100896,FALSE
3391,"FMNL2","exp",1.18442007198389e-05,0.99397310520968,FALSE
3392,"CNBP","meth",1.18226162372711e-05,0.993984927825918,FALSE
3393,"TSPAN4;POLR2L","meth",1.17934229666931e-05,0.993996721248884,FALSE
3394,"VSTM2L","exp",1.17786243386361e-05,0.994008499873223,FALSE
3395,"FUT2","exp",1.17726448802051e-05,0.994020272518103,FALSE
3396,"PMVK.1","meth",1.1766197649048e-05,0.994032038715752,FALSE
3397,"POMT1","exp",1.17479340378359e-05,0.99404378664979,FALSE
3398,"CCDC64","exp",1.17434169597956e-05,0.99405553006675,FALSE
3399,"SNRPB.1","meth",1.17299421128031e-05,0.994067260008863,FALSE
3400,"ZNF416","exp",1.17166602023726e-05,0.994078976669065,FALSE
3401,"FAIM.1","meth",1.16879488794517e-05,0.994090664617944,FALSE
3402,"FAM111A","exp",1.16608007364314e-05,0.994102325418681,FALSE
3403,"FAM129C","exp",1.16502892375327e-05,0.994113975707918,FALSE
3404,"PPP1R3C.1","meth",1.16343038527451e-05,0.994125610011771,FALSE
3405,"HOXD8.1","meth",1.15977789928094e-05,0.994137207790764,FALSE
3406,"ZNF335","meth",1.15751573777835e-05,0.994148782948142,FALSE
3407,"EML4.1","meth",1.15615147941065e-05,0.994160344462936,FALSE
3408,"STAT5B","meth",1.1545080536501e-05,0.994171889543472,FALSE
3409,"FLJ23867","exp",1.15362267170436e-05,0.994183425770189,FALSE
3410,"CIDECP","exp",1.15023675316488e-05,0.994194928137721,FALSE
3411,"TMEM63A","exp",1.14782386489505e-05,0.99420640637637,FALSE
3412,"RNF183","exp",1.14713685323493e-05,0.994217877744902,FALSE
3413,"LPAR2","exp",1.14689233567365e-05,0.994229346668259,FALSE
3414,"CCRN4L.1","meth",1.14533695198509e-05,0.994240800037779,FALSE
3415,"PDIA2","exp",1.14423319735095e-05,0.994252242369752,FALSE
3416,"S100A1","exp",1.14313196270457e-05,0.994263673689379,FALSE
3417,"CCDC110","exp",1.14117534971657e-05,0.994275085442876,FALSE
3418,"BOD1L.1","meth",1.13768768667172e-05,0.994286462319743,FALSE
3419,"NRGN.1","meth",1.13616821280859e-05,0.994297824001871,FALSE
3420,"GRWD1","meth",1.13535016178551e-05,0.994309177503489,FALSE
3421,"SEMA5B.1","meth",1.12854572236506e-05,0.994320462960713,FALSE
3422,"FAM135B","meth",1.12289299609558e-05,0.994331691890674,FALSE
3423,"GMPPA.1","meth",1.11250820533087e-05,0.994342816972727,FALSE
3424,"TNNI3","meth",1.11054371738116e-05,0.994353922409901,FALSE
3425,"ZNF222","exp",1.11049536511623e-05,0.994365027363552,FALSE
3426,"PION","exp",1.10953469853647e-05,0.994376122710537,FALSE
3427,"RASD2","exp",1.10923670998513e-05,0.994387215077637,FALSE
3428,"IL17RB","exp",1.10876232229135e-05,0.99439830270086,FALSE
3429,"SP6","exp",1.10803530582572e-05,0.994409383053918,FALSE
3430,"PREX1.1","meth",1.1041316085534e-05,0.994420424370004,FALSE
3431,"C16orf91","exp",1.10301360023856e-05,0.994431454506006,FALSE
3432,"NUBPL","exp",1.10274230780744e-05,0.994442481929084,FALSE
3433,"JMJD5","exp",1.10260504722473e-05,0.994453507979557,FALSE
3434,"MSX2P1","exp",1.10202734003323e-05,0.994464528252957,FALSE
3435,"CD276.1","meth",1.09796622227621e-05,0.99447550791518,FALSE
3436,"GSTCD","exp",1.09581383773995e-05,0.994486466053557,FALSE
3437,"NKX2-5","meth",1.09489246721916e-05,0.994497414978229,FALSE
3438,"C2CD2.1","meth",1.09444461814636e-05,0.994508359424411,FALSE
3439,"RPL23AP53","exp",1.09246028529313e-05,0.994519284027264,FALSE
3440,"DAPK3","exp",1.09214505057563e-05,0.99453020547777,FALSE
3441,"AP1G2","exp",1.09089789288864e-05,0.994541114456698,FALSE
3442,"GLRX3","exp",1.08862021771148e-05,0.994552000658876,FALSE
3443,"PLCG1","exp",1.08734447391346e-05,0.994562874103615,FALSE
3444,"CNN3","exp",1.08389272069404e-05,0.994573713030822,FALSE
3445,"YPEL3","exp",1.08185940557893e-05,0.994584531624877,FALSE
3446,"SGK223","exp",1.08067233384983e-05,0.994595338348216,FALSE
3447,"PTPN4","exp",1.08062854906269e-05,0.994606144633707,FALSE
3448,"MZF1;LOC100131691","meth",1.07970016982597e-05,0.994616941635405,FALSE
3449,"IWS1","meth",1.07714120101631e-05,0.994627713047415,FALSE
3450,"NPPA","exp",1.07563322459728e-05,0.994638469379661,FALSE
3451,"CAT.1","meth",1.07469933288737e-05,0.99464921637299,FALSE
3452,"PRKCH","exp",1.07433251717063e-05,0.994659959698162,FALSE
3453,"TRMT2B","exp",1.07227557717037e-05,0.994670682453933,FALSE
3454,"TTC39B","exp",1.07137420905234e-05,0.994681396196024,FALSE
3455,"NMNAT3","exp",1.0708743064826e-05,0.994692104939089,FALSE
3456,"AUTS2","exp",1.07029297680871e-05,0.994702807868857,FALSE
3457,"ZC3H10.1","meth",1.07020784847256e-05,0.994713509947342,FALSE
3458,"FLJ30679","exp",1.07017532488067e-05,0.99472421170059,FALSE
3459,"RPA4","exp",1.06809554749143e-05,0.994734892656065,FALSE
3460,"BOLA1","exp",1.06808074256341e-05,0.994745573463491,FALSE
3461,"LGR6","exp",1.06751847029687e-05,0.994756248648194,FALSE
3462,"PRRX1.1","meth",1.06724513037571e-05,0.994766921099498,FALSE
3463,"UCN","exp",1.06686067474472e-05,0.994777589706245,FALSE
3464,"ZDHHC11.1","meth",1.06615830690926e-05,0.994788251289314,FALSE
3465,"SMG7","meth",1.06465151173449e-05,0.994798897804432,FALSE
3466,"TNK1.1","meth",1.06455181471916e-05,0.994809543322579,FALSE
3467,"C12orf43","meth",1.05875497665029e-05,0.994820130872345,FALSE
3468,"MICA","exp",1.05860716361887e-05,0.994830716943982,FALSE
3469,"CCIN","exp",1.0576886280843e-05,0.994841293830262,FALSE
3470,"ADAMTSL1.1","meth",1.04570750383011e-05,0.994851750905301,FALSE
3471,"AXIN2","exp",1.04524099109805e-05,0.994862203315212,FALSE
3472,"SEL1L.1","meth",1.04458563678403e-05,0.99487264917158,FALSE
3473,"IFI44.1","meth",1.04229016419339e-05,0.994883072073221,FALSE
3474,"INPP5E.1","meth",1.03919932046941e-05,0.994893464066426,FALSE
3475,"NT5C1B","exp",1.03832346722734e-05,0.994903847301098,FALSE
3476,"GALNT5.1","meth",1.03320127712869e-05,0.99491417931387,FALSE
3477,"FAM73B","exp",1.03269349959723e-05,0.994924506248866,FALSE
3478,"CCDC132.1","meth",1.02850472871079e-05,0.994934791296153,FALSE
3479,"PMS1;ORMDL1","meth",1.0283597506656e-05,0.994945074893659,FALSE
3480,"NPDC1.1","meth",1.02790804286156e-05,0.994955353974088,FALSE
3481,"UST.1","meth",1.02504250179229e-05,0.994965604399106,FALSE
3482,"TEK.1","meth",1.02367257345214e-05,0.99497584112484,FALSE
3483,"POFUT2","exp",1.02035737206888e-05,0.994986044698561,FALSE
3484,"TGFBR3.1","meth",1.01940371420505e-05,0.994996238735703,FALSE
3485,"BAG3.1","meth",1.01826310475008e-05,0.995006421366751,FALSE
3486,"PLB1","exp",1.01784714927224e-05,0.995016599838243,FALSE
3487,"HOXA7","meth",1.01662983769015e-05,0.99502676613662,FALSE
3488,"RNF41","meth",1.0143939785597e-05,0.995036910076406,FALSE
3489,"CITED4.1","meth",1.01436720368987e-05,0.995047053748443,FALSE
3490,"GPRIN3","exp",1.01316611452892e-05,0.995057185409588,FALSE
3491,"BAG1","exp",1.01188288951727e-05,0.995067304238483,FALSE
3492,"GORAB.1","meth",1.01143236295749e-05,0.995077418562113,FALSE
3493,"CKAP2.1","meth",1.0111602830302e-05,0.995087530164943,FALSE
3494,"CDHR2","exp",1.00914964780483e-05,0.995097621661421,FALSE
3495,"TM4SF18","exp",1.00842530882618e-05,0.995107705914509,FALSE
3496,"HDHD3","exp",1.00233914466385e-05,0.995117729305956,FALSE
3497,"MYO5C","exp",1.00123334253967e-05,0.995127741639381,FALSE
3498,"THAP10","exp",1.00001295972252e-05,0.995137741768979,FALSE
3499,"XPO7","meth",9.99511560910048e-06,0.995147736884588,FALSE
3500,"SMUG1","meth",9.97111902575902e-06,0.995157708003613,FALSE
3501,"NR0B2","exp",9.95264515306909e-06,0.995167660648766,FALSE
3502,"RAB9A","exp",9.93405315595343e-06,0.995177594701922,FALSE
3503,"PLEKHJ1;SF3A2","meth",9.92509302451279e-06,0.995187519794947,FALSE
3504,"PM20D1.1","meth",9.91016052210662e-06,0.995197429955469,FALSE
3505,"SLC3A2;SNORD27;SNHG1;SNORD25;SNORD26","meth",9.89643918881239e-06,0.995207326394658,FALSE
3506,"SLC19A2","exp",9.88364395101599e-06,0.995217210038609,FALSE
3507,"KLF15.1","meth",9.85440106817922e-06,0.995227064439677,FALSE
3508,"PYGB","exp",9.84593469683819e-06,0.995236910374374,FALSE
3509,"SRXN1.1","meth",9.83505071225029e-06,0.995246745425086,FALSE
3510,"TTC21A;GORASP1","meth",9.82501643603157e-06,0.995256570441522,FALSE
3511,"C3orf75.1","meth",9.80572041733848e-06,0.99526637616194,FALSE
3512,"NACC2","exp",9.78653543560558e-06,0.995276162697375,FALSE
3513,"DYNLRB2","exp",9.7508650090161e-06,0.995285913562384,FALSE
3514,"C5orf30.1","meth",9.73669559040022e-06,0.995295650257974,FALSE
3515,"FZD3.1","meth",9.73092796843931e-06,0.995305381185943,FALSE
3516,"ZBTB22","exp",9.70239855713403e-06,0.9953150835845,FALSE
3517,"SLC44A2","exp",9.69833665188084e-06,0.995324781921152,FALSE
3518,"SFRP5.1","meth",9.68634859766034e-06,0.99533446826975,FALSE
3519,"CLUAP1","exp",9.68586035003394e-06,0.9953441541301,FALSE
3520,"NCLN","exp",9.68493819201698e-06,0.995353839068291,FALSE
3521,"TMCO6.1","meth",9.67774677697779e-06,0.995363516815068,FALSE
3522,"NDUFB5;MRPL47","meth",9.67004663941173e-06,0.995373186861708,FALSE
3523,"PCDH18","exp",9.64530980966895e-06,0.995382832171517,FALSE
3524,"ZNF224.1","meth",9.63434392547921e-06,0.995392466515443,FALSE
3525,"BAT2","meth",9.60605155052158e-06,0.995402072566993,FALSE
3526,"CDHR3","exp",9.60576332692277e-06,0.99541167833032,FALSE
3527,"TIRAP","exp",9.60071626395889e-06,0.995421279046584,FALSE
3528,"MBIP.1","meth",9.58448675535807e-06,0.99543086353334,FALSE
3529,"MCOLN2","exp",9.58372682155246e-06,0.995440447260161,FALSE
3530,"MUM1","exp",9.57889317005108e-06,0.995450026153331,FALSE
3531,"GPM6B","exp",9.5619580648805e-06,0.995459588111396,FALSE
3532,"HIST1H2AM;HIST1H2BO","meth",9.56000979935192e-06,0.995469148121196,FALSE
3533,"LONRF3","exp",9.55992317477304e-06,0.99547870804437,FALSE
3534,"C20orf112.1","meth",9.55171431468012e-06,0.995488259758685,FALSE
3535,"PPA2","meth",9.54379210319367e-06,0.995497803550788,FALSE
3536,"PGPEP1.1","meth",9.52266043092455e-06,0.995507326211219,FALSE
3537,"LRRN3;IMMP2L","meth",9.51155515991243e-06,0.995516837766379,FALSE
3538,"FKRP","exp",9.50801457712485e-06,0.995526345780956,FALSE
3539,"EHBP1.1","meth",9.50325967524063e-06,0.995535849040631,FALSE
3540,"B3GAT1","exp",9.50024356490335e-06,0.995545349284196,FALSE
3541,"AFF2.1","meth",9.4980196757147e-06,0.995554847303872,FALSE
3542,"HFE.1","meth",9.49240325301874e-06,0.995564339707125,FALSE
3543,"SLC41A2","exp",9.4780471978102e-06,0.995573817754323,FALSE
3544,"MOV10L1","exp",9.43291736720727e-06,0.99558325067169,FALSE
3545,"MYD88.1","meth",9.43151719901413e-06,0.995592682188889,FALSE
3546,"CHST13","exp",9.42462188253547e-06,0.995602106810772,FALSE
3547,"ENPP1.1","meth",9.41538297745008e-06,0.995611522193749,FALSE
3548,"P2RX4","exp",9.40956968071121e-06,0.99562093176343,FALSE
3549,"EZH1.1","meth",9.39988032781566e-06,0.995630331643758,FALSE
3550,"CD59.1","meth",9.38621411925345e-06,0.995639717857877,FALSE
3551,"KLF6","exp",9.35926757525311e-06,0.995649077125452,FALSE
3552,"KIAA1755","exp",9.3505287302367e-06,0.995658427654183,FALSE
3553,"WBP4.1","meth",9.33063106446849e-06,0.995667758285247,FALSE
3554,"MATN3.1","meth",9.31884618426027e-06,0.995677077131431,FALSE
3555,"PRDM6","exp",9.299150117512e-06,0.995686376281549,FALSE
3556,"PRKCQ.1","meth",9.29786019878289e-06,0.995695674141748,FALSE
3557,"LATS1.1","meth",9.28095423097065e-06,0.995704955095978,FALSE
3558,"HMGXB4","exp",9.27509998443087e-06,0.995714230195963,FALSE
3559,"ACSF2.1","meth",9.23299413912694e-06,0.995723463190102,FALSE
3560,"NTNG1","exp",9.23287286471651e-06,0.995732696062967,FALSE
3561,"FLJ36031","exp",9.23014419048186e-06,0.995741926207157,FALSE
3562,"SPIB.1","meth",9.22731156675256e-06,0.995751153518724,FALSE
3563,"MMADHC","meth",9.22325832395726e-06,0.995760376777048,FALSE
3564,"UGT3A2","exp",9.21704576665938e-06,0.995769593822814,FALSE
3565,"ZNF790","exp",9.20921962970587e-06,0.995778803042444,FALSE
3566,"CMTM6","exp",9.1974166370857e-06,0.995788000459081,FALSE
3567,"CREG2","exp",9.18107294154e-06,0.995797181532023,FALSE
3568,"C11orf49.1","meth",9.17137256369804e-06,0.995806352904587,FALSE
3569,"MYC","exp",9.15913802317582e-06,0.99581551204261,FALSE
3570,"ZAP70","exp",9.15785282942375e-06,0.995824669895439,FALSE
3571,"SEZ6L2","exp",9.13696528096782e-06,0.99583380686072,FALSE
3572,"TBX21.1","meth",9.13590846110551e-06,0.995842942769181,FALSE
3573,"KIAA0355.1","meth",9.12818154866962e-06,0.99585207095073,FALSE
3574,"ZNF33B","exp",9.1263151827429e-06,0.995861197265912,FALSE
3575,"RBM39","meth",9.12397001914382e-06,0.995870321235932,FALSE
3576,"PRMT10","exp",9.10896034211284e-06,0.995879430196274,FALSE
3577,"PLAC1","exp",9.10112160522058e-06,0.995888531317879,FALSE
3578,"DHTKD1","exp",9.10039080877332e-06,0.995897631708688,FALSE
3579,"DUSP5.1","meth",9.09195199979829e-06,0.995906723660688,FALSE
3580,"FRMD8.1","meth",9.08869255314397e-06,0.995915812353241,FALSE
3581,"FOXH1","exp",9.08750894639803e-06,0.995924899862187,FALSE
3582,"FLJ42875;PRDM16","meth",9.08506928325837e-06,0.99593398493147,FALSE
3583,"HOXA6","meth",9.0687303126897e-06,0.995943053661783,FALSE
3584,"TRIM50","exp",9.04599529821516e-06,0.995952099657081,FALSE
3585,"RAB2B;TOX4","meth",9.03523022554918e-06,0.995961134887307,FALSE
3586,"PPP2CB","meth",9.03471205306826e-06,0.99597016959936,FALSE
3587,"ARHGEF9","exp",9.02762537501989e-06,0.995979197224735,FALSE
3588,"TOP3B","exp",9.02467462686485e-06,0.995988221899362,FALSE
3589,"MAGEF1.1","meth",9.01194947622772e-06,0.995997233848838,FALSE
3590,"NT5DC2","exp",9.00945783834072e-06,0.996006243306676,FALSE
3591,"SPAG1","exp",9.00424461368463e-06,0.99601524755129,FALSE
3592,"ATXN1.1","meth",8.99720991038359e-06,0.9960242447612,FALSE
3593,"ST7OT1","exp",8.98406659927933e-06,0.9960332288278,FALSE
3594,"BRP44;DCAF6","meth",8.97853680116225e-06,0.996042207364601,FALSE
3595,"CCDC65.1","meth",8.96322157561667e-06,0.996051170586176,FALSE
3596,"TUBG2","exp",8.94015581275006e-06,0.996060110741989,FALSE
3597,"ROM1;EML3","meth",8.93146185501543e-06,0.996069042203844,FALSE
3598,"LOC388692","exp",8.90271351977444e-06,0.996077944917364,FALSE
3599,"NCRNA00235","exp",8.89946194808184e-06,0.996086844379312,FALSE
3600,"ALDH3B1","exp",8.8944274850567e-06,0.996095738806797,FALSE
3601,"ICAM5.1","meth",8.85840032270147e-06,0.99610459720712,FALSE
3602,"ACER3","exp",8.82095566723733e-06,0.996113418162787,FALSE
3603,"SNRNP25;POLR3K","meth",8.80631375091849e-06,0.996122224476538,FALSE
3604,"ERI1","exp",8.78420400840422e-06,0.996131008680546,FALSE
3605,"RNGTT","exp",8.78325507551742e-06,0.996139791935622,FALSE
3606,"TOMM40L","exp",8.77702046832674e-06,0.99614856895609,FALSE
3607,"RFXAP.1","meth",8.76038776168605e-06,0.996157329343852,FALSE
3608,"CHST9","exp",8.75869228242857e-06,0.996166088036134,FALSE
3609,"KIAA1731","exp",8.7436070057651e-06,0.99617483164314,FALSE
3610,"HNRNPA3P1","exp",8.7393789388197e-06,0.996183571022079,FALSE
3611,"DEFB129","meth",8.71031009263686e-06,0.996192281332171,FALSE
3612,"BRD8;KIF20A","meth",8.6910770736375e-06,0.996200972409245,FALSE
3613,"FAM63A","exp",8.67356158378843e-06,0.996209645970829,FALSE
3614,"LOC144486","exp",8.67146133149874e-06,0.99621831743216,FALSE
3615,"ACVR2A","exp",8.66373205657433e-06,0.996226981164217,FALSE
3616,"TLE4.1","meth",8.66115379410846e-06,0.996235642318011,FALSE
3617,"ZNF175.1","meth",8.65469632550122e-06,0.996244297014336,FALSE
3618,"NAT9","exp",8.65059819542413e-06,0.996252947612532,FALSE
3619,"IKBKB","exp",8.64252320968039e-06,0.996261590135742,FALSE
3620,"RNF220","meth",8.63789903216066e-06,0.996270228034774,FALSE
3621,"USP44","exp",8.62705048490049e-06,0.996278855085259,FALSE
3622,"NCOA2","exp",8.6195401339118e-06,0.996287474625392,FALSE
3623,"CHST14","exp",8.61479389448547e-06,0.996296089419287,FALSE
3624,"PHYHD1","exp",8.61051464028891e-06,0.996304699933927,FALSE
3625,"CTNNA2;LRRTM1","meth",8.58864902158784e-06,0.996313288582949,FALSE
3626,"FFAR3","exp",8.58750242716197e-06,0.996321876085376,FALSE
3627,"ZRSR2.1","meth",8.57618689467203e-06,0.996330452272271,FALSE
3628,"NEK6.1","meth",8.5619080140883e-06,0.996339014180285,FALSE
3629,"ACE2","exp",8.54769922066384e-06,0.996347561879505,FALSE
3630,"MTTP","exp",8.52756294355564e-06,0.996356089442449,FALSE
3631,"MED21","exp",8.47468415062401e-06,0.9963645641266,FALSE
3632,"FAM166B","exp",8.46571378173314e-06,0.996373029840381,FALSE
3633,"CTSH","exp",8.46338200556899e-06,0.996381493222387,FALSE
3634,"TNFSF10.1","meth",8.45377770225997e-06,0.996389947000089,FALSE
3635,"LOC389705","exp",8.41768124024164e-06,0.99639836468133,FALSE
3636,"ALDH6A1","exp",8.39220967657074e-06,0.996406756891006,FALSE
3637,"SORCS1","exp",8.38945343997008e-06,0.996415146344446,FALSE
3638,"CLCA2","exp",8.36101695321305e-06,0.996423507361399,FALSE
3639,"TRIM45.1","meth",8.34987545737704e-06,0.996431857236857,FALSE
3640,"IL6R.1","meth",8.34901866154232e-06,0.996440206255518,FALSE
3641,"SLC35D2","exp",8.33024475281101e-06,0.996448536500271,FALSE
3642,"KIAA1529","exp",8.31652814449382e-06,0.996456853028415,FALSE
3643,"SNORA14B;TOMM20","meth",8.30410381739424e-06,0.996465157132233,FALSE
3644,"JUN.1","meth",8.28646626563857e-06,0.996473443598498,FALSE
3645,"ZNF132.1","meth",8.28388957816505e-06,0.996481727488077,FALSE
3646,"FNDC8","exp",8.2792992629807e-06,0.99649000678734,FALSE
3647,"ZFYVE9.1","meth",8.27894725219199e-06,0.996498285734592,FALSE
3648,"SYT15","exp",8.27206138566739e-06,0.996506557795977,FALSE
3649,"CROT","exp",8.26300045471678e-06,0.996514820796432,FALSE
3650,"SPATA4","meth",8.25132109899555e-06,0.996523072117531,FALSE
3651,"TRIB1","exp",8.24311932636818e-06,0.996531315236857,FALSE
3652,"CTNNAL1","exp",8.22960037959006e-06,0.996539544837237,FALSE
3653,"DKK3.1","meth",8.22789387538617e-06,0.996547772731112,FALSE
3654,"ABHD3","exp",8.21536638628811e-06,0.996555988097499,FALSE
3655,"RALGDS","exp",8.21452376538448e-06,0.996564202621264,FALSE
3656,"NCRNA00171","exp",8.20737330014622e-06,0.996572409994564,FALSE
3657,"AOC2","exp",8.18961526147629e-06,0.996580599609826,FALSE
3658,"COPS8","meth",8.17359522685712e-06,0.996588773205053,FALSE
3659,"MYLK3","exp",8.17169893607587e-06,0.996596944903989,FALSE
3660,"DYNC1LI2","meth",8.14702038104979e-06,0.99660509192437,FALSE
3661,"ZFP1.1","meth",8.1384390352677e-06,0.996613230363405,FALSE
3662,"RCE1;C11orf80","meth",8.12984981452389e-06,0.99662136021322,FALSE
3663,"TRH","meth",8.11957220198814e-06,0.996629479785422,FALSE
3664,"BMI1.1","meth",8.11898630483646e-06,0.996637598771726,FALSE
3665,"C5","exp",8.11380143004254e-06,0.996645712573156,FALSE
3666,"REEP6;PCSK4","meth",8.09535984469565e-06,0.996653807933001,FALSE
3667,"NRIP2.1","meth",8.09019150732134e-06,0.996661898124508,FALSE
3668,"GCOM1.1","meth",8.07900512420355e-06,0.996669977129633,FALSE
3669,"ZNF526","meth",8.06532474071024e-06,0.996678042454373,FALSE
3670,"ITFG1","exp",8.05107578498104e-06,0.996686093530158,FALSE
3671,"LOC100133612;C1orf174","meth",8.03903733100555e-06,0.996694132567489,FALSE
3672,"WRNIP1","meth",8.00106662809878e-06,0.996702133634118,FALSE
3673,"UAP1L1","exp",8.00047915595475e-06,0.996710134113273,FALSE
3674,"SYP","exp",7.99143554991992e-06,0.996718125548823,FALSE
3675,"SUCNR1","exp",7.99073467832718e-06,0.996726116283502,FALSE
3676,"SRF","meth",7.98792804197154e-06,0.996734104211544,FALSE
3677,"LRDD","exp",7.97140164731403e-06,0.996742075613191,FALSE
3678,"PFDN4","exp",7.96200681798666e-06,0.996750037620009,FALSE
3679,"SOHLH2","exp",7.94252022522003e-06,0.996757980140234,FALSE
3680,"CCDC109A.1","meth",7.93822285861153e-06,0.996765918363093,FALSE
3681,"ALG6","exp",7.92359511722377e-06,0.99677384195821,FALSE
3682,"LACTB","exp",7.92341163061579e-06,0.996781765369841,FALSE
3683,"NDEL1","meth",7.9068789359889e-06,0.996789672248777,FALSE
3684,"PI4K2B.1","meth",7.90607175241299e-06,0.996797578320529,FALSE
3685,"PINK1","exp",7.89744630684529e-06,0.996805475766836,FALSE
3686,"KIT","exp",7.87258977768442e-06,0.996813348356614,FALSE
3687,"POSTN","exp",7.83940783899724e-06,0.996821187764452,FALSE
3688,"NRG2","exp",7.82150883851259e-06,0.996829009273291,FALSE
3689,"LYZL2","meth",7.81411976193433e-06,0.996836823393053,FALSE
3690,"TSPAN32","exp",7.80271996735402e-06,0.99684462611302,FALSE
3691,"CD320.1","meth",7.74692822608359e-06,0.996852373041246,FALSE
3692,"EPHB6.1","meth",7.7044357201594e-06,0.996860077476967,FALSE
3693,"SEC23IP.1","meth",7.70237878015914e-06,0.996867779855747,FALSE
3694,"COL4A1;COL4A2","meth",7.6971364181447e-06,0.996875476992165,FALSE
3695,"PSMD5;LOC253039","meth",7.69488654158239e-06,0.996883171878706,FALSE
3696,"UBXN8.1","meth",7.69306033796041e-06,0.996890864939044,FALSE
3697,"LOC100133669","exp",7.68613273413872e-06,0.996898551071779,FALSE
3698,"BCAP31;ABCD1","meth",7.68362140884743e-06,0.996906234693187,FALSE
3699,"LDLRAD2","exp",7.68086202226209e-06,0.99691391555521,FALSE
3700,"COMTD1.1","meth",7.66851801977202e-06,0.99692158407323,FALSE
3701,"TCTE1","exp",7.6315946867735e-06,0.996929215667916,FALSE
3702,"PITPNB;LOC284900","meth",7.62106350047048e-06,0.996936836731417,FALSE
3703,"KALRN","exp",7.60484737930458e-06,0.996944441578796,FALSE
3704,"HTR3A","meth",7.60363778518498e-06,0.996952045216581,FALSE
3705,"APPL2.1","meth",7.59745121526077e-06,0.996959642667796,FALSE
3706,"HOOK3","exp",7.59009206353702e-06,0.99696723275986,FALSE
3707,"PTMS","exp",7.58864385807742e-06,0.996974821403718,FALSE
3708,"ZNF155","exp",7.58669638004502e-06,0.996982408100098,FALSE
3709,"CALU.1","meth",7.57879621845137e-06,0.996989986896317,FALSE
3710,"MRPS14","meth",7.57144809167403e-06,0.996997558344408,FALSE
3711,"FAAH","exp",7.56461892487378e-06,0.997005122963333,FALSE
3712,"LOC100132288","exp",7.53447120893583e-06,0.997012657434542,FALSE
3713,"ACADL","meth",7.5286846870668e-06,0.997020186119229,FALSE
3714,"VCPIP1.1","meth",7.52640803563466e-06,0.997027712527265,FALSE
3715,"SSBP2","exp",7.52345177500642e-06,0.99703523597904,FALSE
3716,"FPR1","exp",7.51766682812973e-06,0.997042753645868,FALSE
3717,"DNAJB9","exp",7.51189920616882e-06,0.997050265545074,FALSE
3718,"ZNF350","exp",7.50761207701055e-06,0.997057773157151,FALSE
3719,"ANKRD36","exp",7.50267053853366e-06,0.99706527582769,FALSE
3720,"FLJ44635","exp",7.50112625854112e-06,0.997072776953948,FALSE
3721,"SARS","meth",7.49376868180972e-06,0.99708027072263,FALSE
3722,"C1orf56.1","meth",7.48343279455727e-06,0.997087754155425,FALSE
3723,"SLC16A12","exp",7.48281854754341e-06,0.997095236973972,FALSE
3724,"MGC23284;MVD","meth",7.47527512171551e-06,0.997102712249094,FALSE
3725,"IQSEC1","exp",7.47009969687565e-06,0.997110182348791,FALSE
3726,"SC65","exp",7.46864282895816e-06,0.99711765099162,FALSE
3727,"SERTAD1.1","meth",7.45721547201185e-06,0.997125108207092,FALSE
3728,"FLJ35390","exp",7.4563429262537e-06,0.997132564550018,FALSE
3729,"TMEM8B","exp",7.44631180001967e-06,0.997140010861818,FALSE
3730,"ASCL2.1","meth",7.43754696762959e-06,0.997147448408786,FALSE
3731,"ENTPD2","exp",7.4263771219314e-06,0.997154874785908,FALSE
3732,"KIFC2;CYHR1","meth",7.42137967122633e-06,0.997162296165579,FALSE
3733,"C11orf49","exp",7.40507771297772e-06,0.997169701243292,FALSE
3734,"C2orf44.1","meth",7.37990461035586e-06,0.997177081147902,FALSE
3735,"TRAPPC2","exp",7.37601359177191e-06,0.997184457161494,FALSE
3736,"FSCN2","exp",7.35659393617988e-06,0.99719181375543,FALSE
3737,"KLHDC10.1","meth",7.34903554792471e-06,0.997199162790978,FALSE
3738,"DNAJA1","meth",7.34670928423376e-06,0.997206509500262,FALSE
3739,"MYADML2","exp",7.34279700325318e-06,0.997213852297265,FALSE
3740,"ATHL1","exp",7.33141374609248e-06,0.997221183711012,FALSE
3741,"SERPINA10","meth",7.33014193977532e-06,0.997228513852951,FALSE
3742,"INSC","exp",7.32159918130563e-06,0.997235835452133,FALSE
3743,"TBX1","exp",7.31987771467448e-06,0.997243155329847,FALSE
3744,"TTC19;ZSWIM7","meth",7.30478062556845e-06,0.997250460110473,FALSE
3745,"MCAM.1","meth",7.28287011958559e-06,0.997257742980592,FALSE
3746,"PDE1C.1","meth",7.26857706407077e-06,0.997265011557657,FALSE
3747,"PF4","meth",7.25549832765259e-06,0.997272267055984,FALSE
3748,"SAMD4B","exp",7.24415995777367e-06,0.997279511215942,FALSE
3749,"MON1B.1","meth",7.24373943481803e-06,0.997286754955377,FALSE
3750,"ZSCAN18.1","meth",7.23235460266498e-06,0.99729398730998,FALSE
3751,"OVOL1.1","meth",7.22936290470902e-06,0.997301216672884,FALSE
3752,"MGC12916","exp",7.21237188731024e-06,0.997308429044772,FALSE
3753,"LUC7L","exp",7.20451503800604e-06,0.99731563355981,FALSE
3754,"PAPPA","exp",7.19723936087648e-06,0.99732283079917,FALSE
3755,"MAGEB6","meth",7.19703854935272e-06,0.99733002783772,FALSE
3756,"MAGOHB","exp",7.19420907560811e-06,0.997337222046795,FALSE
3757,"THNSL1","exp",7.19267188308111e-06,0.997344414718678,FALSE
3758,"PTENP1","exp",7.18876668956607e-06,0.997351603485368,FALSE
3759,"GIPC2.1","meth",7.18617346467295e-06,0.997358789658833,FALSE
3760,"KHSRP","meth",7.17703535909752e-06,0.997365966694192,FALSE
3761,"EXD2","exp",7.16271710370521e-06,0.997373129411295,FALSE
3762,"ARRDC5","exp",7.15955451908e-06,0.997380288965815,FALSE
3763,"USP28","exp",7.12586464536213e-06,0.99738741483046,FALSE
3764,"GPATCH1","meth",7.12337536996365e-06,0.99739453820583,FALSE
3765,"OXR1","exp",7.11779359709924e-06,0.997401655999427,FALSE
3766,"C19orf40;CCDC123","meth",7.11592250619549e-06,0.997408771921933,FALSE
3767,"PGLYRP1","meth",7.1157445320607e-06,0.997415887666465,FALSE
3768,"TEX2.1","meth",7.09663908744114e-06,0.997422984305553,FALSE
3769,"SULT2B1","exp",7.08857276415528e-06,0.997430072878317,FALSE
3770,"SRP54","meth",7.08498729408592e-06,0.997437157865611,FALSE
3771,"DLGAP3","exp",7.07778091661947e-06,0.997444235646528,FALSE
3772,"C9orf43","exp",7.055798748485e-06,0.997451291445276,FALSE
3773,"PARP6","exp",7.03887703074933e-06,0.997458330322307,FALSE
3774,"TCF20","exp",7.03077527013575e-06,0.997465361097577,FALSE
3775,"DHRSX","exp",7.02801352106189e-06,0.997472389111098,FALSE
3776,"ARAP3","exp",7.02661256537259e-06,0.997479415723663,FALSE
3777,"FADD","exp",7.00627941422148e-06,0.997486422003077,FALSE
3778,"SENP8","exp",7.00115911411364e-06,0.997493423162192,FALSE
3779,"TYMP.1","meth",6.96874892167464e-06,0.997500391911113,FALSE
3780,"UBXN1","meth",6.96701485510474e-06,0.997507358925968,FALSE
3781,"MDM2.1","meth",6.95762553825057e-06,0.997514316551507,FALSE
3782,"DCBLD2.1","meth",6.9327690090897e-06,0.997521249320516,FALSE
3783,"ZNF167","exp",6.92093215413416e-06,0.99752817025267,FALSE
3784,"EFEMP2.1","meth",6.91612212751793e-06,0.997535086374797,FALSE
3785,"BIK.1","meth",6.8838402969549e-06,0.997541970215094,FALSE
3786,"RPL23AP64","exp",6.85272553571821e-06,0.99754882294063,FALSE
3787,"RUVBL1.1","meth",6.84845573147571e-06,0.997555671396362,FALSE
3788,"TAS2R14","exp",6.84062644453751e-06,0.997562512022806,FALSE
3789,"PCMTD2","exp",6.83148676396974e-06,0.99756934350957,FALSE
3790,"TMEM139;CASP2","meth",6.8071484072898e-06,0.997576150657977,FALSE
3791,"IL6ST.1","meth",6.80043106494592e-06,0.997582951089042,FALSE
3792,"HBXIP","meth",6.79247262863558e-06,0.997589743561671,FALSE
3793,"KLF10","exp",6.77123464438328e-06,0.997596514796315,FALSE
3794,"NDUFAF3;DALRD3","meth",6.7570376634014e-06,0.997603271833979,FALSE
3795,"LOC650368","exp",6.74016162044368e-06,0.997610011995599,FALSE
3796,"C9orf37","exp",6.73908353818474e-06,0.997616751079137,FALSE
3797,"PAPOLG.1","meth",6.7239478617663e-06,0.997623475026999,FALSE
3798,"CACNB4","exp",6.70723089303525e-06,0.997630182257892,FALSE
3799,"METTL7B","exp",6.70246969118166e-06,0.997636884727583,FALSE
3800,"CYP11B1","meth",6.68927125534539e-06,0.997643573998839,FALSE
3801,"MAPK7","exp",6.67790768558898e-06,0.997650251906524,FALSE
3802,"TMEM164.1","meth",6.67348825707387e-06,0.997656925394781,FALSE
3803,"C3orf58","exp",6.67235898756378e-06,0.997663597753769,FALSE
3804,"C9orf85;FAM108B1","meth",6.65659646419272e-06,0.997670254350233,FALSE
3805,"FCGR2C","exp",6.64915777535565e-06,0.997676903508008,FALSE
3806,"MMP21","exp",6.61776581546654e-06,0.997683521273824,FALSE
3807,"C1orf61","exp",6.61338969924088e-06,0.997690134663523,FALSE
3808,"VEGFC","exp",6.59114529488126e-06,0.997696725808818,FALSE
3809,"INTS7;DTL","meth",6.5800412051134e-06,0.997703305850023,FALSE
3810,"C3orf23","exp",6.57579463200796e-06,0.997709881644655,FALSE
3811,"ADNP","meth",6.5601045582847e-06,0.997716441749213,FALSE
3812,"GJD2","meth",6.50627446997776e-06,0.997722948023683,FALSE
3813,"KCNJ2","exp",6.5041230304369e-06,0.997729452146714,FALSE
3814,"CCDC73","exp",6.49399149844099e-06,0.997735946138212,FALSE
3815,"C4orf32","exp",6.47972009907089e-06,0.997742425858311,FALSE
3816,"WDR77;ATP5F1","meth",6.47585703660103e-06,0.997748901715348,FALSE
3817,"FAM134A;C2orf24","meth",6.4710722098623e-06,0.997755372787558,FALSE
3818,"ATP11A","exp",6.4705642748316e-06,0.997761843351832,FALSE
3819,"BHMT2;DMGDH","meth",6.46831951699441e-06,0.997768311671349,FALSE
3820,"C14orf28","exp",6.46346617808875e-06,0.997774775137527,FALSE
3821,"LOC728264","exp",6.44318263919645e-06,0.997781218320167,FALSE
3822,"PRKG1.1","meth",6.41386021924636e-06,0.997787632180386,FALSE
3823,"SH2D4B","exp",6.40767876804726e-06,0.997794039859154,FALSE
3824,"LIF","exp",6.39905962244893e-06,0.997800438918776,FALSE
3825,"NCALD.1","meth",6.38940137565216e-06,0.997806828320152,FALSE
3826,"ASB9","exp",6.38485122277256e-06,0.997813213171375,FALSE
3827,"C9orf72","exp",6.37516895734255e-06,0.997819588340332,FALSE
3828,"DKK4","meth",6.33487356573717e-06,0.997825923213898,FALSE
3829,"NT5DC1.1","meth",6.33256580820625e-06,0.997832255779706,FALSE
3830,"SPATA5L1","exp",6.31708166473186e-06,0.997838572861371,FALSE
3831,"MGST3","exp",6.31621541894309e-06,0.99784488907679,FALSE
3832,"PRKCA.1","meth",6.31251733692118e-06,0.997851201594127,FALSE
3833,"C2orf66","exp",6.29054146875608e-06,0.997857492135595,FALSE
3834,"LMOD1.1","meth",6.28283424372448e-06,0.997863774969839,FALSE
3835,"MNX1","meth",6.27721506479192e-06,0.997870052184904,FALSE
3836,"TCEB1","meth",6.26790095382214e-06,0.997876320085858,FALSE
3837,"LOC729375","exp",6.25021221481532e-06,0.997882570298072,FALSE
3838,"TPH1","exp",6.23376929475199e-06,0.997888804067367,FALSE
3839,"PCDHA7","exp",6.22167650354066e-06,0.997895025743871,FALSE
3840,"HINT1","meth",6.21866039320338e-06,0.997901244404264,FALSE
3841,"P4HTM;WDR6","meth",6.2181965579583e-06,0.997907462600822,FALSE
3842,"BAGE2","exp",6.20540958887169e-06,0.997913668010411,FALSE
3843,"TMEM81","exp",6.20415707621074e-06,0.997919872167487,FALSE
3844,"TFDP2","exp",6.16912964024537e-06,0.997926041297127,FALSE
3845,"TMEM132B","exp",6.16302221368641e-06,0.997932204319341,FALSE
3846,"GRM1.1","meth",6.15244968383439e-06,0.997938356769025,FALSE
3847,"TRAIP","exp",6.15015137625753e-06,0.997944506920401,FALSE
3848,"ZMYM5.1","meth",6.1467647489715e-06,0.99795065368515,FALSE
3849,"LACE1","exp",6.14148183090422e-06,0.997956795166981,FALSE
3850,"GPR21","exp",6.12886614223494e-06,0.997962924033123,FALSE
3851,"CD177","exp",6.1272635875257e-06,0.99796905129671,FALSE
3852,"LINS1;ASB7","meth",6.12212911248677e-06,0.997975173425823,FALSE
3853,"TP53I13","exp",6.11967212443133e-06,0.997981293097947,FALSE
3854,"KCNK12.1","meth",6.10552711819678e-06,0.997987398625066,FALSE
3855,"RSPH9","exp",6.1037647017647e-06,0.997993502389767,FALSE
3856,"VMO1.1","meth",6.1025078578748e-06,0.997999604897625,FALSE
3857,"PAX2","meth",6.09978036488441e-06,0.99800570467799,FALSE
3858,"KLK7","meth",6.09940669795098e-06,0.998011804084688,FALSE
3859,"TSPAN11","exp",6.09626143824155e-06,0.998017900346126,FALSE
3860,"STOX1","exp",6.08136516065927e-06,0.998023981711287,FALSE
3861,"HARBI1","exp",6.06536796342908e-06,0.99803004707925,FALSE
3862,"C1orf27;MIR548F1;TPR","meth",6.06489074074908e-06,0.998036111969991,FALSE
3863,"CLEC4F","exp",6.02842415553009e-06,0.998042140394147,FALSE
3864,"ROBLD3;UBQLN4","meth",5.99185795204539e-06,0.998048132252099,FALSE
3865,"PITX2","exp",5.98702351304784e-06,0.998054119275612,FALSE
3866,"DLG1","meth",5.97911429524822e-06,0.998060098389907,FALSE
3867,"CLDN9","exp",5.95608672594593e-06,0.998066054476633,FALSE
3868,"PAK7","meth",5.95124480573476e-06,0.998072005721439,FALSE
3869,"IL12RB2","exp",5.94040807091716e-06,0.99807794612951,FALSE
3870,"EPB41L4A","exp",5.93166568216797e-06,0.998083877795192,FALSE
3871,"LOC100286793","exp",5.92331310402373e-06,0.998089801108296,FALSE
3872,"PRNP.1","meth",5.90857156943918e-06,0.998095709679865,FALSE
3873,"NINJ2","exp",5.90288230334735e-06,0.998101612562169,FALSE
3874,"LRIT3","exp",5.89625473556703e-06,0.998107508816904,FALSE
3875,"SLC16A7","exp",5.89530895266492e-06,0.998113404125857,FALSE
3876,"TOPBP1.1","meth",5.8864677331462e-06,0.99811929059359,FALSE
3877,"FZD9","exp",5.87981024051136e-06,0.99812517040383,FALSE
3878,"INHA;OBSL1","meth",5.87808562389552e-06,0.998131048489454,FALSE
3879,"EFHD1","exp",5.87599088407902e-06,0.998136924480339,FALSE
3880,"INSM2","meth",5.86867504464472e-06,0.998142793155383,FALSE
3881,"MGAT5B.1","meth",5.86616371935344e-06,0.998148659319102,FALSE
3882,"ZFP57","exp",5.85460563804264e-06,0.99815451392474,FALSE
3883,"PTPN2.1","meth",5.8521762123532e-06,0.998160366100953,FALSE
3884,"ANKIB1","exp",5.84997240431694e-06,0.998166216073357,FALSE
3885,"HLX.1","meth",5.83523441346516e-06,0.998172051307771,FALSE
3886,"ZNF596;RPL23AP53","meth",5.83108627738118e-06,0.998177882394048,FALSE
3887,"C3orf31.1","meth",5.82759491310432e-06,0.998183709988961,FALSE
3888,"TRPC2","exp",5.8126139796836e-06,0.998189522602941,FALSE
3889,"TBX3.1","meth",5.7836797953461e-06,0.998195306282736,FALSE
3890,"TIAM2","exp",5.78062785393301e-06,0.99820108691059,FALSE
3891,"GJD3","exp",5.77860674500856e-06,0.998206865517335,FALSE
3892,"TCF12","exp",5.77487165066659e-06,0.998212640388986,FALSE
3893,"PRIC285","exp",5.74812670568619e-06,0.998218388515691,FALSE
3894,"CTLA4","exp",5.74806882471757e-06,0.998224136584516,FALSE
3895,"RNF112","exp",5.73491055118605e-06,0.998229871495067,FALSE
3896,"HTT","meth",5.73092778929811e-06,0.998235602422857,FALSE
3897,"HIST1H2BL","exp",5.7297323701096e-06,0.998241332155227,FALSE
3898,"IGFBP3","exp",5.71073717495406e-06,0.998247042892402,FALSE
3899,"CNR1","exp",5.69217785892952e-06,0.998252735070261,FALSE
3900,"SLC25A33.1","meth",5.6746942626754e-06,0.998258409764523,FALSE
3901,"ZXDB","exp",5.66155685779243e-06,0.998264071321381,FALSE
3902,"PDGFA.1","meth",5.6591522382324e-06,0.99826973047362,FALSE
3903,"NDST1","exp",5.65398783833895e-06,0.998275384461458,FALSE
3904,"TCTE3;C6orf70","meth",5.63153710998237e-06,0.998281015998568,FALSE
3905,"LUZP1","exp",5.62663219007746e-06,0.998286642630758,FALSE
3906,"RASGEF1A.1","meth",5.61905883939503e-06,0.998292261689597,FALSE
3907,"KCNG4","meth",5.60835479768235e-06,0.998297870044395,FALSE
3908,"GYS1","exp",5.58031087776687e-06,0.998303450355273,FALSE
3909,"GALNT1","exp",5.57724003644566e-06,0.998309027595309,FALSE
3910,"SHISA3","exp",5.57697150025114e-06,0.998314604566809,FALSE
3911,"VSIG10","exp",5.55281741767535e-06,0.998320157384227,FALSE
3912,"POU4F3","exp",5.54126406134158e-06,0.998325698648288,FALSE
3913,"INSIG1","exp",5.53959496320585e-06,0.998331238243252,FALSE
3914,"KLF4","exp",5.53044701392828e-06,0.998336768690266,FALSE
3915,"PPP2R1B","exp",5.5291452827566e-06,0.998342297835548,FALSE
3916,"CLCNKB","exp",5.52699384321574e-06,0.998347824829392,FALSE
3917,"HSPA2.1","meth",5.52407223241905e-06,0.998353348901624,FALSE
3918,"CCDC123","exp",5.49279642821526e-06,0.998358841698052,FALSE
3919,"QTRTD1;KIAA1407","meth",5.48982520515976e-06,0.998364331523257,FALSE
3920,"MGC16703;P2RX6","meth",5.48876405406851e-06,0.998369820287311,FALSE
3921,"FAM3A","exp",5.48464269285436e-06,0.998375304930004,FALSE
3922,"RUNX1T1","exp",5.482544015557e-06,0.99838078747402,FALSE
3923,"NRARP","exp",5.47501673340062e-06,0.998386262490753,FALSE
3924,"C17orf71","exp",5.45178795882648e-06,0.998391714278712,FALSE
3925,"HDAC5","exp",5.43717596736216e-06,0.99839715145468,FALSE
3926,"LOC121952","exp",5.42400981886892e-06,0.998402575464498,FALSE
3927,"C1orf201","exp",5.40960730138625e-06,0.9984079850718,FALSE
3928,"THAP5;DNAJB9","meth",5.40851346920387e-06,0.998413393585269,FALSE
3929,"DKK1","exp",5.39863669221947e-06,0.998418792221961,FALSE
3930,"PECI.1","meth",5.38915838829791e-06,0.99842418138035,FALSE
3931,"LBXCOR1","exp",5.37435582276006e-06,0.998429555736172,FALSE
3932,"MRPL38","meth",5.37337617752257e-06,0.99843492911235,FALSE
3933,"PBX4.1","meth",5.36790071664133e-06,0.998440297013066,FALSE
3934,"PBLD;HNRNPH3","meth",5.36689350903783e-06,0.998445663906575,FALSE
3935,"TTC18.1","meth",5.3617062717554e-06,0.998451025612847,FALSE
3936,"ATP2B1","exp",5.34046513751842e-06,0.998456366077985,FALSE
3937,"NDC80;METTL4","meth",5.33464554081018e-06,0.998461700723525,FALSE
3938,"CFD.1","meth",5.32721393943865e-06,0.998467027937465,FALSE
3939,"GTF2F1","meth",5.32250392483622e-06,0.99847235044139,FALSE
3940,"DPH2","exp",5.30163763877693e-06,0.998477652079028,FALSE
3941,"HINT2","exp",5.2976127458438e-06,0.998482949691774,FALSE
3942,"C17orf87","exp",5.26396224693451e-06,0.998488213654021,FALSE
3943,"XKR8","exp",5.26007122835055e-06,0.99849347372525,FALSE
3944,"RNF43","exp",5.25241952179905e-06,0.998498726144771,FALSE
3945,"ZNF599","exp",5.24710392264065e-06,0.998503973248694,FALSE
3946,"NDUFB7.1","meth",5.24675073060768e-06,0.998509219999425,FALSE
3947,"OVCA2;DPH1","meth",5.23466463311381e-06,0.998514454664058,FALSE
3948,"NUP43","meth",5.22054797674144e-06,0.998519675212035,FALSE
3949,"PRSS22","meth",5.18030534737955e-06,0.998524855517382,FALSE
3950,"ATP5G3","meth",5.17769676631108e-06,0.998530033214148,FALSE
3951,"RFPL2","exp",5.17570715723349e-06,0.998535208921305,FALSE
3952,"ITGA2B","exp",5.16463220482398e-06,0.99854037355351,FALSE
3953,"CIT","exp",5.16375178410411e-06,0.998545537305294,FALSE
3954,"CMTM3.1","meth",5.15738015257957e-06,0.998550694685447,FALSE
3955,"PDHB","meth",5.15509759492614e-06,0.998555849783042,FALSE
3956,"FBXO6.1","meth",5.1522189026708e-06,0.998561002001944,FALSE
3957,"ALOXE3","exp",5.15071714747153e-06,0.998566152719092,FALSE
3958,"HCN2.1","meth",5.14838655255164e-06,0.998571301105644,FALSE
3959,"TRIM8","meth",5.14609730118075e-06,0.998576447202946,FALSE
3960,"MXD1.1","meth",5.12017450220352e-06,0.998581567377448,FALSE
3961,"TXNL4B","exp",5.11728635999412e-06,0.998586684663808,FALSE
3962,"NXT1.1","meth",5.1014285495863e-06,0.998591786092357,FALSE
3963,"LNP1","exp",5.09653780461249e-06,0.998596882630162,FALSE
3964,"KIF22.1","meth",5.06111780180557e-06,0.998601943747964,FALSE
3965,"ANK3","exp",5.05724450188548e-06,0.998607000992466,FALSE
3966,"XAF1","exp",5.04091183128618e-06,0.998612041904297,FALSE
3967,"RNF213.1","meth",5.03501348496078e-06,0.998617076917782,FALSE
3968,"KPNA3.1","meth",5.03102875433241e-06,0.998622107946536,FALSE
3969,"KREMEN2","exp",5.03065311865855e-06,0.998627138599655,FALSE
3970,"APOA1","exp",5.01265410616011e-06,0.998632151253761,FALSE
3971,"TYMP;SCO2","meth",5.00895444914586e-06,0.99863716020821,FALSE
3972,"SOD1","meth",5.00458778287425e-06,0.998642164795993,FALSE
3973,"B3GALT4","exp",5.0009046632796e-06,0.998647165700656,FALSE
3974,"AMAC1L2","exp",4.99925249631156e-06,0.998652164953152,FALSE
3975,"RPS16","meth",4.99702742587866e-06,0.998657161980578,FALSE
3976,"MESTIT1","exp",4.98693093746238e-06,0.998662148911516,FALSE
3977,"TMSB15A","exp",4.98045102521424e-06,0.998667129362541,FALSE
3978,"STK36","exp",4.97022774991433e-06,0.998672099590291,FALSE
3979,"SMNDC1","meth",4.96369940665164e-06,0.998677063289698,FALSE
3980,"SEC14L4","meth",4.95964025763505e-06,0.998682022929955,FALSE
3981,"ITGB1BP2","exp",4.9561402309003e-06,0.998686979070186,FALSE
3982,"F2RL1.1","meth",4.94848064938709e-06,0.998691927550835,FALSE
3983,"MYO1E.1","meth",4.9452649087703e-06,0.998696872815744,FALSE
3984,"MAP2K2","meth",4.94092698610895e-06,0.99870181374273,FALSE
3985,"BTBD8","exp",4.9379459193513e-06,0.99870675168865,FALSE
3986,"BTN3A3","exp",4.9192798975955e-06,0.998711670968547,FALSE
3987,"AKAP9.1","meth",4.91425173453974e-06,0.998716585220282,FALSE
3988,"ARAP2.1","meth",4.91342958853657e-06,0.99872149864987,FALSE
3989,"MOCS2","exp",4.87477652019709e-06,0.99872637342639,FALSE
3990,"GLT25D2","exp",4.86575063282612e-06,0.998731239177023,FALSE
3991,"LMTK2.1","meth",4.85688342593374e-06,0.998736096060449,FALSE
3992,"CLUL1","exp",4.85592346810054e-06,0.998740951983917,FALSE
3993,"PPP5C","meth",4.85255219698985e-06,0.998745804536114,FALSE
3994,"PET112L.1","meth",4.84533164459231e-06,0.998750649867759,FALSE
3995,"MYOM2","exp",4.84146070716073e-06,0.998755491328466,FALSE
3996,"RLF.1","meth",4.8377689251082e-06,0.998760329097391,FALSE
3997,"ZNF211.1","meth",4.83549739240118e-06,0.998765164594783,FALSE
3998,"HIVEP1","exp",4.83502568219438e-06,0.998769999620466,FALSE
3999,"NFKBIL2","exp",4.83382868801352e-06,0.998774833449154,FALSE
4000,"SNRNP200","meth",4.83233992650109e-06,0.99877966578908,FALSE
4001,"C10orf57","exp",4.81901273504075e-06,0.998784484801815,FALSE
4002,"GAB3.1","meth",4.81751452357426e-06,0.998789302316339,FALSE
4003,"DSCC1.1","meth",4.80412590741254e-06,0.998794106442246,FALSE
4004,"ITM2A.1","meth",4.80327856153188e-06,0.998798909720808,FALSE
4005,"ETS1.1","meth",4.78792789865858e-06,0.998803697648706,FALSE
4006,"LIMK1","exp",4.78572094063763e-06,0.998808483369647,FALSE
4007,"ZFP3","exp",4.77275048494304e-06,0.998813256120132,FALSE
4008,"MAP2","exp",4.77183383939928e-06,0.998818027953971,FALSE
4009,"MSI2","exp",4.76965483749242e-06,0.998822797608809,FALSE
4010,"SCUBE3.1","meth",4.74304337311311e-06,0.998827540652182,FALSE
4011,"FAM194A","exp",4.7173528855065e-06,0.998832258005068,FALSE
4012,"TMEM51;C1orf126","meth",4.69966965897288e-06,0.998836957674727,FALSE
4013,"TINAGL1","exp",4.67073980586433e-06,0.998841628414533,FALSE
4014,"MLLT4","exp",4.66880335277833e-06,0.998846297217885,FALSE
4015,"Purine metabolism ","path_mut",4.66677240015173e-06,0.998850963990286,FALSE
4016,"SMTNL1","exp",4.66197733596277e-06,0.998855625967621,FALSE
4017,"RBM4","meth",4.65126148180751e-06,0.998860277229103,FALSE
4018,"PIK3CA.1","meth",4.6426639923539e-06,0.998864919893096,FALSE
4019,"TTC26.1","meth",4.63854617487253e-06,0.99886955843927,FALSE
4020,"NPTX1","exp",4.62391882723286e-06,0.998874182358098,FALSE
4021,"DOPEY2","exp",4.62075427386722e-06,0.998878803112372,FALSE
4022,"RCVRN","exp",4.6075487505654e-06,0.998883410661122,FALSE
4023,"RAPGEFL1","exp",4.59191852655118e-06,0.998888002579649,FALSE
4024,"LY6E","exp",4.58754319782169e-06,0.998892590122847,FALSE
4025,"TAF4B","exp",4.55887361219786e-06,0.998897148996459,FALSE
4026,"H2AFX","exp",4.55633551203674e-06,0.998901705331971,FALSE
4027,"CATSPERG.1","meth",4.55444552122487e-06,0.998906259777492,FALSE
4028,"IFITM3","exp",4.55205113911507e-06,0.998910811828631,FALSE
4029,"DOCK4;ZNF277","meth",4.54775101626996e-06,0.998915359579647,FALSE
4030,"TRIM61","exp",4.532135754683e-06,0.998919891715402,FALSE
4031,"KDELC1","exp",4.52170064291293e-06,0.998924413416045,FALSE
4032,"C12orf76","exp",4.51299054150678e-06,0.998928926406586,FALSE
4033,"HIST1H2BN;HIST1H2AK","meth",4.51060285311444e-06,0.99893343700944,FALSE
4034,"HSDL2","exp",4.4887974778705e-06,0.998937925806917,FALSE
4035,"DDA1","meth",4.48404533222289e-06,0.99894240985225,FALSE
4036,"CCL22","exp",4.45665149039707e-06,0.99894686650374,FALSE
4037,"MYCBPAP","exp",4.43685304914649e-06,0.998951303356789,FALSE
4038,"MCART2","exp",4.43099210888925e-06,0.998955734348898,FALSE
4039,"SEC14L2","exp",4.42325889648398e-06,0.998960157607795,FALSE
4040,"IGFBP4","exp",4.42131417468818e-06,0.998964578921969,FALSE
4041,"WDR60","exp",4.4190607543931e-06,0.998968997982724,FALSE
4042,"FAM19A3","exp",4.41871031859673e-06,0.998973416693042,FALSE
4043,"MARCH1;ANP32C","meth",4.40124680349499e-06,0.998977817939846,FALSE
4044,"KRAS.1","meth",4.40102000459757e-06,0.99898221895985,FALSE
4045,"DIRC2.1","meth",4.39836929248391e-06,0.998986617329143,FALSE
4046,"CYB5R4","exp",4.38625917635681e-06,0.998991003588319,FALSE
4047,"NTRK2.1","meth",4.38614341441958e-06,0.998995389731734,FALSE
4048,"FAM82A2","meth",4.38557641717602e-06,0.998999775308151,FALSE
4049,"PMS2L2","exp",4.37363403773347e-06,0.999004148942189,FALSE
4050,"NMNAT2","exp",4.36186766368528e-06,0.999008510809852,FALSE
4051,"CPD.1","meth",4.35579724944638e-06,0.999012866607102,FALSE
4052,"C6orf192","exp",4.33639098128927e-06,0.999017202998083,FALSE
4053,"SGCB","exp",4.33111475693944e-06,0.99902153411284,FALSE
4054,"C14orf68","exp",4.32342406932745e-06,0.999025857536909,FALSE
4055,"ZNF232","exp",4.31198017496154e-06,0.999030169517084,FALSE
4056,"LOC728723","exp",4.30783085763329e-06,0.999034477347942,FALSE
4057,"NAP1L2.1","meth",4.30658464494171e-06,0.999038783932587,FALSE
4058,"PNPLA6","meth",4.3063436711132e-06,0.999043090276258,FALSE
4059,"RIMKLB","exp",4.30434658082198e-06,0.999047394622839,FALSE
4060,"SUMF2","meth",4.29883213888025e-06,0.999051693454978,FALSE
4061,"C22orf34","exp",4.2938976878689e-06,0.999055987352665,FALSE
4062,"FBXL4.1","meth",4.28992791966779e-06,0.999060277280585,FALSE
4063,"TCEA3","exp",4.28450246479345e-06,0.99906456178305,FALSE
4064,"UBE2QL1","exp",4.27155327149549e-06,0.999068833336321,FALSE
4065,"OLAH","exp",4.26512651523894e-06,0.999073098462837,FALSE
4066,"DBN1.1","meth",4.25604353439553e-06,0.999077354506371,FALSE
4067,"C18orf22","exp",4.24946321638551e-06,0.999081603969587,FALSE
4068,"CCDC90A","exp",4.24316127827216e-06,0.999085847130866,FALSE
4069,"MOB2","exp",4.23354949374951e-06,0.999090080680359,FALSE
4070,"PRDX1","meth",4.22644667202962e-06,0.999094307127032,FALSE
4071,"SPDYE8P","exp",4.21660139489209e-06,0.999098523728426,FALSE
4072,"GFOD2","meth",4.20911978751366e-06,0.999102732848214,FALSE
4073,"IMPDH2","meth",4.2045074224365e-06,0.999106937355636,FALSE
4074,"ATP9B","exp",4.20267176886047e-06,0.999111140027405,FALSE
4075,"SLC25A20.1","meth",4.20234810793394e-06,0.999115342375513,FALSE
4076,"ZNF843","exp",4.18936977727763e-06,0.99911953174529,FALSE
4077,"KLK1","exp",4.18739670561965e-06,0.999123719141996,FALSE
4078,"EHD4.1","meth",4.18558113319599e-06,0.999127904723129,FALSE
4079,"ZNF187.1","meth",4.15235627596745e-06,0.999132057079405,FALSE
4080,"ZSCAN2.1","meth",4.13568695075478e-06,0.999136192766356,FALSE
4081,"COMMD3","exp",4.1334197492767e-06,0.999140326186105,FALSE
4082,"USP6NL.1","meth",4.11440250422836e-06,0.99914444058861,FALSE
4083,"CXCR2P1","exp",4.10009999875949e-06,0.999148540688608,FALSE
4084,"CR1L","exp",4.09135327878136e-06,0.999152632041887,FALSE
4085,"PMS2CL","exp",4.08158084503969e-06,0.999156713622732,FALSE
4086,"RALY","meth",4.05688299635741e-06,0.999160770505728,FALSE
4087,"ZMYND19.1","meth",4.0500250859469e-06,0.999164820530814,FALSE
4088,"SFXN2","exp",4.04999043611535e-06,0.999168870521251,FALSE
4089,"ZNF485","exp",4.04661129004294e-06,0.999172917132541,FALSE
4090,"CLDN12.1","meth",4.04607894263093e-06,0.999176963211483,FALSE
4091,"MTG1","exp",4.04140987782942e-06,0.999181004621361,FALSE
4092,"EMP2","exp",4.03501974014485e-06,0.999185039641101,FALSE
4093,"TSEN15","exp",4.03098972848661e-06,0.99918907063083,FALSE
4094,"SURF1","exp",4.01810629111898e-06,0.999193088737121,FALSE
4095,"CSMD1","exp",4.01710656472912e-06,0.999197105843686,FALSE
4096,"EPHA3","exp",4.015775302451e-06,0.999201121618988,FALSE
4097,"ZNF684.1","meth",4.01444443392097e-06,0.999205136063422,FALSE
4098,"NDUFS7.1","meth",4.01412313548295e-06,0.999209150186557,FALSE
4099,"MTMR7","exp",4.0139164177379e-06,0.999213164102975,FALSE
4100,"CRYBA2","meth",4.00331750676413e-06,0.999217167420482,FALSE
4101,"FAM46C","exp",3.98988400332063e-06,0.999221157304485,FALSE
4102,"MRPL46;MRPS11","meth",3.98819718652103e-06,0.999225145501672,FALSE
4103,"LCN10","exp",3.9880759121106e-06,0.999229133577584,FALSE
4104,"METT11D1","exp",3.98761758933872e-06,0.999233121195173,FALSE
4105,"POU3F4","meth",3.98729038467942e-06,0.999237108485558,FALSE
4106,"C20orf24.1","meth",3.98040884938376e-06,0.999241088894407,FALSE
4107,"TARDBP","meth",3.97570670974304e-06,0.999245064601117,FALSE
4108,"ITGA4","exp",3.97187987209708e-06,0.999249036480989,FALSE
4109,"ADAM32","exp",3.95456952500072e-06,0.999252991050514,FALSE
4110,"RSPH1.1","meth",3.95415687700679e-06,0.999256945207391,FALSE
4111,"NMNAT1","exp",3.95162192683036e-06,0.999260896829318,FALSE
4112,"HAUS5","exp",3.94886254024502e-06,0.999264845691858,FALSE
4113,"ENDOD1","exp",3.94882789041347e-06,0.999268794519748,FALSE
4114,"PET117","meth",3.94225308487665e-06,0.999272736772833,FALSE
4115,"HMG20A","meth",3.93897710080273e-06,0.999276675749934,FALSE
4116,"TDH","exp",3.92210932655482e-06,0.999280597859261,FALSE
4117,"ST6GALNAC6.1","meth",3.92124583700264e-06,0.999284519105098,FALSE
4118,"DSP.1","meth",3.91797064042489e-06,0.999288437075738,FALSE
4119,"PRPF38B","meth",3.89764733297593e-06,0.999292334723071,FALSE
4120,"MAFB.1","meth",3.8922962964898e-06,0.999296227019368,FALSE
4121,"SEZ6","exp",3.88340349597184e-06,0.999300110422864,FALSE
4122,"AXL","exp",3.88296407310808e-06,0.999303993386937,FALSE
4123,"OTOP3","meth",3.87061101441203e-06,0.999307863997951,FALSE
4124,"TMEM134","exp",3.86950694477943e-06,0.999311733504896,FALSE
4125,"CCL8.1","meth",3.86865999264686e-06,0.999315602164888,FALSE
4126,"FAM113A","exp",3.86847178106184e-06,0.99931947063667,FALSE
4127,"GPX3","exp",3.86240491055572e-06,0.99932333304158,FALSE
4128,"RPP25.1","meth",3.85778073303599e-06,0.999327190822313,FALSE
4129,"TMEM86A.1","meth",3.84489493317985e-06,0.999331035717246,FALSE
4130,"PDE2A.1","meth",3.83147127343849e-06,0.99933486718852,FALSE
4131,"C7orf50","exp",3.82899105424599e-06,0.999338696179574,FALSE
4132,"CTNNA3;LRRTM3","meth",3.82618796162313e-06,0.999342522367536,FALSE
4133,"SEC31A","meth",3.81793697048503e-06,0.999346340304506,FALSE
4134,"NIPSNAP3B","exp",3.81260837763979e-06,0.999350152912884,FALSE
4135,"NR2F1.1","meth",3.81258396525847e-06,0.999353965496849,FALSE
4136,"MRPL4","exp",3.8065044948136e-06,0.999357772001344,FALSE
4137,"KCNF1","meth",3.79888310686471e-06,0.999361570884451,FALSE
4138,"MPP2","exp",3.7936813009031e-06,0.999365364565752,FALSE
4139,"NTSR1","exp",3.78277329768197e-06,0.999369147339049,FALSE
4140,"ATP5I","exp",3.77946896374587e-06,0.999372926808013,FALSE
4141,"ILVBL","exp",3.75816679855559e-06,0.999376684974812,FALSE
4142,"EAPP","meth",3.75647328803854e-06,0.9993804414481,FALSE
4143,"ASFMR1","exp",3.75506248864709e-06,0.999384196510588,FALSE
4144,"SEPT10","exp",3.74952481556829e-06,0.999387946035404,FALSE
4145,"POLR2J4","exp",3.74881567526575e-06,0.999391694851079,FALSE
4146,"PTPN23","meth",3.73875108044442e-06,0.999395433602159,FALSE
4147,"SH3GLB2.1","meth",3.73065955728107e-06,0.999399164261717,FALSE
4148,"APBA2","exp",3.73037133368226e-06,0.99940289463305,FALSE
4149,"LETM2","exp",3.7277233778052e-06,0.999406622356428,FALSE
4150,"UBR1.1","meth",3.72613814801174e-06,0.999410348494576,FALSE
4151,"PCDHGB5","exp",3.72489981028188e-06,0.999414073394386,FALSE
4152,"RPL39","exp",3.72442258760188e-06,0.999417797816974,FALSE
4153,"GPR153.1","meth",3.71669764390642e-06,0.999421514514618,FALSE
4154,"SVIP","exp",3.71650864482523e-06,0.999425231023263,FALSE
4155,"UBA52","meth",3.71544867497823e-06,0.999428946471938,FALSE
4156,"TRAPPC1;CNTROB","meth",3.69684801540468e-06,0.999432643319953,FALSE
4157,"CYP1B1","exp",3.69225730647225e-06,0.99943633557726,FALSE
4158,"GRAMD1A","exp",3.66123586353189e-06,0.999439996813123,FALSE
4159,"KISS1R","exp",3.64526386617919e-06,0.999443642076989,FALSE
4160,"TMEM130.1","meth",3.64232847419949e-06,0.999447284405463,FALSE
4161,"NUDT17","exp",3.64191385746514e-06,0.999450926319321,FALSE
4162,"FUCA1.1","meth",3.64168075859834e-06,0.99945456800008,FALSE
4163,"ASL","exp",3.63900405911102e-06,0.999458207004139,FALSE
4164,"VENTX","exp",3.62953993012055e-06,0.999461836544069,FALSE
4165,"TMEM144","exp",3.60561146519793e-06,0.999465442155534,FALSE
4166,"FLG.1","meth",3.59605126167452e-06,0.999469038206796,FALSE
4167,"C11orf73","meth",3.59490702973716e-06,0.999472633113825,FALSE
4168,"PTPRM","exp",3.58363284079623e-06,0.999476216746666,FALSE
4169,"TOM1L1","exp",3.58041473769092e-06,0.999479797161404,FALSE
4170,"C7orf46","exp",3.57730334031687e-06,0.999483374464744,FALSE
4171,"HTR2B","exp",3.5748140649184e-06,0.999486949278809,FALSE
4172,"FPR3","exp",3.57136995041184e-06,0.999490520648759,FALSE
4173,"CDC7","exp",3.5680916038494e-06,0.999494088740363,FALSE
4174,"EIF4A3","meth",3.56727654531178e-06,0.999497656016909,FALSE
4175,"C16orf68","exp",3.56464079562538e-06,0.999501220657704,FALSE
4176,"CYP27A1.1","meth",3.56409427328228e-06,0.999504784751977,FALSE
4177,"MATN2","exp",3.56401197993235e-06,0.999508348763957,FALSE
4178,"COL21A1","exp",3.55686584592303e-06,0.999511905629803,FALSE
4179,"RAB24;PRELID1","meth",3.54891961580334e-06,0.999515454549419,FALSE
4180,"PFAS","exp",3.54436276920629e-06,0.999518998912188,FALSE
4181,"PHGDH","exp",3.54287912641897e-06,0.999522541791315,FALSE
4182,"PPA1","exp",3.51109893091726e-06,0.999526052890246,FALSE
4183,"LRRC48","exp",3.50954913845152e-06,0.999529562439384,FALSE
4184,"MAP3K15","exp",3.50571678833235e-06,0.999533068156172,FALSE
4185,"HSBP1L1","exp",3.49679406295986e-06,0.999536564950235,FALSE
4186,"GPR3","exp",3.47308491572104e-06,0.999540038035151,FALSE
4187,"LRRIQ3;TNNI3K;FPGT","meth",3.46713577589257e-06,0.999543505170927,FALSE
4188,"TRPA1.1","meth",3.44495200873817e-06,0.999546950122936,FALSE
4189,"C14orf45;ENTPD5","meth",3.44370933977936e-06,0.999550393832276,FALSE
4190,"RLN2.1","meth",3.44109957746663e-06,0.999553834931853,FALSE
4191,"SNORD116-4","exp",3.43964704077808e-06,0.999557274578894,FALSE
4192,"S1PR1.1","meth",3.43555363567803e-06,0.99956071013253,FALSE
4193,"SSH3","exp",3.42783420445577e-06,0.999564137966734,FALSE
4194,"ELOVL7","exp",3.42402311673324e-06,0.999567561989851,FALSE
4195,"MLLT3","exp",3.39807590537468e-06,0.999570960065756,FALSE
4196,"C8orf4.1","meth",3.38742659464593e-06,0.999574347492351,FALSE
4197,"RAF1","meth",3.38292684152132e-06,0.999577730419192,FALSE
4198,"RPGRIP1","exp",3.38235196931604e-06,0.999581112771162,FALSE
4199,"PLA2G16","exp",3.37568738921566e-06,0.999584488458551,FALSE
4200,"DUSP19.1","meth",3.36690011318469e-06,0.999587855358664,FALSE
4201,"BTNL9","exp",3.35802109384972e-06,0.999591213379758,FALSE
4202,"EIF3E","meth",3.33963148325016e-06,0.999594553011241,FALSE
4203,"ALKBH8.1","meth",3.33489115004513e-06,0.999597887902391,FALSE
4204,"C11orf52","meth",3.3329109909216e-06,0.999601220813382,FALSE
4205,"DTX1","exp",3.3263105917592e-06,0.999604547123974,FALSE
4206,"PDLIM5","exp",3.32054375729447e-06,0.999607867667731,FALSE
4207,"DAZAP2","meth",3.31502577161996e-06,0.999611182693503,FALSE
4208,"RBM12;CPNE1","meth",3.31336572969019e-06,0.999614496059232,FALSE
4209,"MTHFD2.1","meth",3.31197028647409e-06,0.999617808029519,FALSE
4210,"ZNF559","exp",3.31172537516472e-06,0.999621119754894,FALSE
4211,"BST1","exp",3.30837457895449e-06,0.999624428129473,FALSE
4212,"FOXI1","meth",3.29172927237506e-06,0.999627719858745,FALSE
4213,"RTN2","exp",3.29126917773679e-06,0.999631011127923,FALSE
4214,"EGR4.1","meth",3.29029150123973e-06,0.999634301419424,FALSE
4215,"NPY6R","exp",3.28956227978482e-06,0.999637590981704,FALSE
4216,"SPAG6","exp",3.27919981453657e-06,0.999640870181519,FALSE
4217,"CNOT8","meth",3.27354677326863e-06,0.999644143728292,FALSE
4218,"PRSS30P","exp",3.27101241371433e-06,0.999647414740706,FALSE
4219,"LOC375190;PFN4","meth",3.26859480046747e-06,0.999650683335506,FALSE
4220,"IQCG","exp",3.26326345138564e-06,0.999653946598958,FALSE
4221,"CETN3","exp",3.26287718451346e-06,0.999657209476142,FALSE
4222,"MBIP","exp",3.26124352370544e-06,0.999660470719666,FALSE
4223,"DDR1.1","meth",3.24332680455694e-06,0.99966371404647,FALSE
4224,"PEPD","exp",3.2388195702187e-06,0.999666952866041,FALSE
4225,"RSPO4","exp",3.23084617148109e-06,0.999670183712212,FALSE
4226,"DUS4L","exp",3.22206617978971e-06,0.999673405778392,FALSE
4227,"ARSD","exp",3.19364662420037e-06,0.999676599425016,FALSE
4228,"USP13","exp",3.1855100168812e-06,0.999679784935033,FALSE
4229,"DDX1","meth",3.18180228803119e-06,0.999682966737321,FALSE
4230,"TSKU","exp",3.17431989315659e-06,0.999686141057214,FALSE
4231,"POU4F1.1","meth",3.16841386874352e-06,0.999689309471083,FALSE
4232,"ACOT7.1","meth",3.16292009857628e-06,0.999692472391181,FALSE
4233,"PXMP4","exp",3.1576151306162e-06,0.999695630006312,FALSE
4234,"ZBTB38","exp",3.15317266783807e-06,0.99969878317898,FALSE
4235,"PRR7.1","meth",3.15198551735936e-06,0.999701935164497,FALSE
4236,"CTHRC1.1","meth",3.15020951661833e-06,0.999705085374014,FALSE
4237,"PLEKHA8","exp",3.14620076735672e-06,0.999708231574781,FALSE
4238,"BMP8A","exp",3.13327126146305e-06,0.999711364846043,FALSE
4239,"PLAC8L1","exp",3.1326455957547e-06,0.999714497491638,FALSE
4240,"FAM89B;SSSCA1","meth",3.11828461869508e-06,0.999717615776257,FALSE
4241,"UBE2T.1","meth",3.11692815653948e-06,0.999720732704414,FALSE
4242,"FAM175A","exp",3.10338991610515e-06,0.99972383609433,FALSE
4243,"DPH3B","exp",3.09102760432909e-06,0.999726927121934,FALSE
4244,"FAM160B2","meth",3.08923230993185e-06,0.999730016354244,FALSE
4245,"PTH2","meth",3.08859207554433e-06,0.99973310494632,FALSE
4246,"ATP5I.1","meth",3.08591970728595e-06,0.999736190866027,FALSE
4247,"LDHD","exp",3.07860327722952e-06,0.999739269469304,FALSE
4248,"MREG.1","meth",3.07675581121091e-06,0.999742346225115,FALSE
4249,"FAM26E;BET3L","meth",3.07494909811918e-06,0.999745421174213,FALSE
4250,"THEM5","exp",3.07262185005801e-06,0.999748493796064,FALSE
4251,"SLC37A4","exp",3.07125042547514e-06,0.999751565046489,FALSE
4252,"MANBA","exp",3.05967324738218e-06,0.999754624719736,FALSE
4253,"MSR1","exp",3.05876408305205e-06,0.999757683483819,FALSE
4254,"CHERP","meth",3.04701562454177e-06,0.999760730499444,FALSE
4255,"ADAMTS3.1","meth",3.04372940301762e-06,0.999763774228847,FALSE
4256,"NDUFB8","exp",3.04005829273959e-06,0.99976681428714,FALSE
4257,"EDIL3.1","meth",3.03693665791531e-06,0.999769851223798,FALSE
4258,"TMEM187","exp",3.03160235572283e-06,0.999772882826153,FALSE
4259,"TRIOBP","meth",3.01859882518903e-06,0.999775901424979,FALSE
4260,"ZC3HAV1","meth",3.00689269459797e-06,0.999778908317673,FALSE
4261,"HAPLN2","exp",3.00356394828055e-06,0.999781911881622,FALSE
4262,"RFC3.1","meth",2.97999103787941e-06,0.99978489187266,FALSE
4263,"BMPR1A.1","meth",2.96488883004826e-06,0.99978785676149,FALSE
4264,"MYO6.1","meth",2.96435510451795e-06,0.999790821116594,FALSE
4265,"ZNF544","exp",2.9583652117626e-06,0.999793779481806,FALSE
4266,"USP35","exp",2.95732532306798e-06,0.999796736807129,FALSE
4267,"FAM19A5","exp",2.95125904318399e-06,0.999799688066172,FALSE
4268,"UBE2S.1","meth",2.9500059399009e-06,0.999802638072112,FALSE
4269,"AP3B1","meth",2.934147735745e-06,0.999805572219848,FALSE
4270,"ESRRB","exp",2.92760364255888e-06,0.99980849982349,FALSE
4271,"MIR548N;FKBP7","meth",2.91847912129241e-06,0.999811418302611,FALSE
4272,"SPATA20","exp",2.90995132524999e-06,0.999814328253937,FALSE
4273,"TMEM150C","exp",2.90095437836333e-06,0.999817229208315,FALSE
4274,"MAPK8","exp",2.90039092485254e-06,0.99982012959924,FALSE
4275,"ARSK","exp",2.89181981652068e-06,0.999823021419056,FALSE
4276,"NDUFA4L2","exp",2.89095317698381e-06,0.999825912372233,FALSE
4277,"TOM1.1","meth",2.88170974379544e-06,0.999828794081977,FALSE
4278,"C17orf69","exp",2.86993057293446e-06,0.99983166401255,FALSE
4279,"PRMT6","exp",2.86961931507262e-06,0.999834533631865,FALSE
4280,"CAMK1D","exp",2.86130827735144e-06,0.999837394940143,FALSE
4281,"EXOC4","meth",2.86075466754279e-06,0.99984025569481,FALSE
4282,"LOC619207","exp",2.85643131356063e-06,0.999843112126124,FALSE
4283,"NDST3.1","meth",2.84316318431317e-06,0.999845955289308,FALSE
4284,"C4orf46;ETFDH","meth",2.83857267225478e-06,0.99984879386198,FALSE
4285,"PANX2.1","meth",2.82654091199675e-06,0.999851620402892,FALSE
4286,"VEZF1","meth",2.8177211517487e-06,0.999854438124044,FALSE
4287,"DRG1","meth",2.81612076265394e-06,0.999857254244807,FALSE
4288,"DDX18","meth",2.80054467900152e-06,0.999860054789486,FALSE
4289,"KLF14","meth",2.79798393832546e-06,0.999862852773424,FALSE
4290,"PNLDC1","exp",2.78390075054038e-06,0.999865636674175,FALSE
4291,"FAM107B.1","meth",2.77621852851223e-06,0.999868412892703,FALSE
4292,"WNK2","exp",2.77342114523661e-06,0.999871186313848,FALSE
4293,"AP3S1;ATG12","meth",2.7733756673327e-06,0.999873959689516,FALSE
4294,"NDUFC1","exp",2.75781808984031e-06,0.999876717507606,FALSE
4295,"SPESP1","exp",2.7451880293659e-06,0.999879462695635,FALSE
4296,"ARNTL.1","meth",2.73955762861289e-06,0.999882202253264,FALSE
4297,"RXRA.1","meth",2.73857089590986e-06,0.99988494082416,FALSE
4298,"NDUFAF3","exp",2.73650923093257e-06,0.99988767733339,FALSE
4299,"CYB5A.1","meth",2.72036910314723e-06,0.999890397702493,FALSE
4300,"PACSIN1.1","meth",2.70588507981079e-06,0.999893103587573,FALSE
4301,"VHL","exp",2.70258606147385e-06,0.999895806173635,FALSE
4302,"TBC1D22A","meth",2.69697574187322e-06,0.999898503149377,FALSE
4303,"THAP9","exp",2.68978058622722e-06,0.999901192929963,FALSE
4304,"IDO1","exp",2.67866547151295e-06,0.999903871595434,FALSE
4305,"CCL8","exp",2.67253816067566e-06,0.999906544133595,FALSE
4306,"LOC729678","exp",2.66408616113975e-06,0.999909208219756,FALSE
4307,"TNKS1BP1.1","meth",2.66127263419261e-06,0.99991186949239,FALSE
4308,"PAIP2B","exp",2.6497718432283e-06,0.999914519264234,FALSE
4309,"RNF185","meth",2.64156140814304e-06,0.999917160825642,FALSE
4310,"IL1RAPL2","meth",2.63415894412986e-06,0.999919794984586,FALSE
4311,"B4GALNT1.1","meth",2.63110759333889e-06,0.999922426092179,FALSE
4312,"HSPA1B.1","meth",2.62392385638737e-06,0.999925050016036,FALSE
4313,"C6orf35","exp",2.61862636964091e-06,0.999927668642405,FALSE
4314,"CNKSR3","exp",2.61626388112607e-06,0.999930284906286,FALSE
4315,"TRPC4","meth",2.60202240661049e-06,0.999932886928693,FALSE
4316,"PAPPA.1","meth",2.58875821484389e-06,0.999935475686908,FALSE
4317,"CDH13.1","meth",2.58244564553222e-06,0.999938058132553,FALSE
4318,"MCM9","exp",2.58084663455575e-06,0.999940638979188,FALSE
4319,"SMPD1.1","meth",2.57591100230016e-06,0.99994321489019,FALSE
4320,"SPON1.1","meth",2.56902651389385e-06,0.999945783916704,FALSE
4321,"P2RY10.1","meth",2.5553835364687e-06,0.99994833930024,FALSE
4322,"RCC2.1","meth",2.55449622515733e-06,0.999950893796466,FALSE
4323,"C3orf35","exp",2.53174506701128e-06,0.999953425541533,FALSE
4324,"TPPP","exp",2.51005013810541e-06,0.999955935591671,FALSE
4325,"SYNC","exp",2.50666646393002e-06,0.999958442258135,FALSE
4326,"HES7","exp",2.47125118610013e-06,0.999960913509321,FALSE
4327,"CLVS1","exp",2.43433336557481e-06,0.999963347842686,FALSE
4328,"C14orf93","exp",2.43075852670376e-06,0.999965778601213,FALSE
4329,"ZNF732","exp",2.42415438693455e-06,0.9999682027556,FALSE
4330,"HPGDS","exp",2.40622329598091e-06,0.999970608978896,FALSE
4331,"D2HGDH","exp",2.40390293851125e-06,0.999973012881834,FALSE
4332,"ATAD1;CFLP1","meth",2.37071410923256e-06,0.999975383595944,FALSE
4333,"SLC6A2","meth",2.29124216120762e-06,0.999977674838105,FALSE
4334,"RTN4R","exp",2.24885892037724e-06,0.999979923697025,FALSE
4335,"ACCS","exp",2.20634377393811e-06,0.999982130040799,FALSE
4336,"NOXO1","exp",2.0622126808763e-06,0.99998419225348,FALSE
4337,"LEPR;LEPROT","meth",1.99647565045454e-06,0.99998618872913,FALSE
4338,"SNORD24;MED22;RPL7A","meth",1.99584289728064e-06,0.999988184572028,FALSE
4339,"LOC652276","exp",1.96809231968909e-06,0.999990152664347,FALSE
4340,"VLDLR","exp",1.85743257015753e-06,0.999992010096918,FALSE
4341,"C17orf82.1","meth",1.84697934597551e-06,0.999993857076264,FALSE
4342,"CLDN11","exp",1.47867211148805e-06,0.999995335748375,FALSE
4343,"TAGAP","exp",1.40039499202949e-06,0.999996736143367,FALSE
4344,"UPK3B","exp",7.66126675502379e-07,0.999997502270043,FALSE
4345,"ZBTB43.1","meth",5.88946336858302e-07,0.99999809121638,FALSE
4346,"ACOT8;ZSWIM3","meth",5.23502255012381e-07,0.999998614718634,FALSE
4347,"ZCCHC9","exp",4.74790891820943e-07,0.999999089509526,FALSE
4348,"MAP3K4","exp",4.70292713688677e-07,0.99999955980224,FALSE
4349,"LYL1","exp",1.8925737993197e-07,0.99999974905962,FALSE
4350,"ACTR6","exp",1.40665716158617e-07,0.999999889725336,FALSE
4351,"ATP5G2","meth",1.10274663903638e-07,1,FALSE
