"rank","variable","data_type","Gain","cumulative_gain","in_80pct"
1,"STIL","exp",0.0471083713053057,0.0471083713053056,TRUE
2,"FAM83D","exp",0.0304015338382898,0.0775099051435953,TRUE
3,"ELP3","exp",0.0206634397111969,0.0981733448547922,TRUE
4,"COL10A1","exp",0.0129303430540028,0.111103687908795,TRUE
5,"DSCC1","exp",0.011826089584641,0.122929777493436,TRUE
6,"PYCR1","exp",0.0108971360769253,0.133826913570361,TRUE
7,"ZADH2","exp",0.00971811877866281,0.143545032349024,TRUE
8,"ZNF639","exp",0.00713643788147189,0.150681470230496,TRUE
9,"KLHL28;FAM179B","meth",0.00684412599349899,0.157525596223995,TRUE
10,"NHLRC1","exp",0.00555193312133566,0.163077529345331,TRUE
11,"OTX1","exp",0.00489989974016922,0.1679774290855,TRUE
12,"SPATA18","exp",0.00471196743964735,0.172689396525147,TRUE
13,"DPM1","exp",0.00426258340385923,0.176951979929006,TRUE
14,"PCM1","exp",0.00361603559921532,0.180568015528222,TRUE
15,"PPFIA1","exp",0.0035861690180519,0.184154184546274,TRUE
16,"FCGBP.1","meth",0.00354042734664418,0.187694611892918,TRUE
17,"C18orf45","exp",0.0030952990715858,0.190789910964504,TRUE
18,"TAF2","exp",0.002985851259993,0.193775762224496,TRUE
19,"RPL23AP53","exp",0.00291241443597513,0.196688176660472,TRUE
20,"SCRT1","exp",0.00282585727170838,0.19951403393218,TRUE
21,"MYH15","exp",0.00267680527974181,0.202190839211922,TRUE
22,"TP53.1","path_mut",0.00260299409082532,0.204793833302747,TRUE
23,"MRPS31","exp",0.00259421436485784,0.207388047667605,TRUE
24,"MTAP","exp",0.00246456916514476,0.20985261683275,TRUE
25,"PET112L","exp",0.0022855319091837,0.212138148741933,TRUE
26,"TMEM164.1","meth",0.00225828924654838,0.214396437988482,TRUE
27,"MUC12","exp",0.00224757078513735,0.216644008773619,TRUE
28,"KTN1;C14orf33","meth",0.00219240102439054,0.21883640979801,TRUE
29,"CBWD1","exp",0.00216605362279586,0.221002463420806,TRUE
30,"RBM12;CPNE1","meth",0.00216067271144719,0.223163136132253,TRUE
31,"UBXN10","exp",0.0020791998449025,0.225242335977155,TRUE
32,"ATP6V1E2","exp",0.00205497396900142,0.227297309946157,TRUE
33,"SOSTDC1.1","meth",0.00201777820903887,0.229315088155196,TRUE
34,"STK3","exp",0.00198979242366919,0.231304880578865,TRUE
35,"CPVL.1","meth",0.00195578427895679,0.233260664857822,TRUE
36,"DCLRE1B","exp",0.00190752185897805,0.2351681867168,TRUE
37,"FCER1A.1","meth",0.00185994368757338,0.237028130404373,TRUE
38,"MECP2","meth",0.00185892245451992,0.238887052858893,TRUE
39,"AS3MT","exp",0.00184379758928964,0.240730850448183,TRUE
40,"PTENP1","exp",0.00183883290890913,0.242569683357092,TRUE
41,"C21orf29.1","meth",0.00178899228763036,0.244358675644722,TRUE
42,"TNS1.1","meth",0.00175147393464982,0.246110149579372,TRUE
43,"ASAP3","exp",0.00173532391142206,0.247845473490794,TRUE
44,"HIC1.1","meth",0.00172945331658143,0.249574926807375,TRUE
45,"LRRC23.1","meth",0.00172170267355545,0.251296629480931,TRUE
46,"CLDN2","exp",0.0016860626866414,0.252982692167572,TRUE
47,"C18orf18","exp",0.00166713492446039,0.254649827092033,TRUE
48,"RCL1","exp",0.00163167268143981,0.256281499773472,TRUE
49,"PLXNB3","exp",0.00158860520522405,0.257870104978696,TRUE
50,"LOC339290","exp",0.00157191129689644,0.259442016275593,TRUE
51,"CD200.1","meth",0.00155096555278311,0.260992981828376,TRUE
52,"KCNMB3","exp",0.0015351468135208,0.262528128641897,TRUE
53,"PTX3","exp",0.00152806256991871,0.264056191211815,TRUE
54,"CDR2L","exp",0.00148808897755187,0.265544280189367,TRUE
55,"SLC1A5","exp",0.00143525511920296,0.26697953530857,TRUE
56,"RAB6B","exp",0.00141866223145833,0.268398197540029,TRUE
57,"SLC47A1","exp",0.00138371985661823,0.269781917396647,TRUE
58,"PGBD1.1","meth",0.00138016787573161,0.271162085272378,TRUE
59,"SLC16A2.1","meth",0.0013724576035584,0.272534542875937,TRUE
60,"PRICKLE2.1","meth",0.0013334820683851,0.273868024944322,TRUE
61,"C9orf72.1","meth",0.00130821206392378,0.275176237008246,TRUE
62,"ZNF577.1","meth",0.00130441795137157,0.276480654959617,TRUE
63,"PIK3R1","exp",0.00130080307792959,0.277781458037547,TRUE
64,"C1orf85","exp",0.00129754107564517,0.279078999113192,TRUE
65,"BIN3","exp",0.00119388891115244,0.280272888024344,TRUE
66,"PKP1","meth",0.00117960613331644,0.281452494157661,TRUE
67,"MTMR10","exp",0.0011782763249022,0.282630770482563,TRUE
68,"SLC25A43.1","meth",0.00117381945751699,0.28380458994008,TRUE
69,"FAM100B","exp",0.00113461057507662,0.284939200515157,TRUE
70,"TRPC1","exp",0.00112705477748589,0.286066255292643,TRUE
71,"CBR4","exp",0.00111061243937972,0.287176867732022,TRUE
72,"PDDC1","exp",0.00108702847872793,0.28826389621075,TRUE
73,"PIGA.1","meth",0.00107498076960896,0.289338876980359,TRUE
74,"SIX1","exp",0.00106436781443121,0.29040324479479,TRUE
75,"RDH16","exp",0.00102387416698179,0.291427118961772,TRUE
76,"GABRB2.1","meth",0.000999554279326336,0.292426673241098,TRUE
77,"IRAK1","exp",0.00098418915145143,0.29341086239255,TRUE
78,"ANKMY1","exp",0.000978712265876377,0.294389574658426,TRUE
79,"TIMM8A.1","meth",0.000977481702475208,0.295367056360901,TRUE
80,"PI3K","path_mut",0.000971242723603031,0.296338299084504,TRUE
81,"LAPTM4B","exp",0.000969996366974736,0.297308295451479,TRUE
82,"UBQLN3","meth",0.000969425848326184,0.298277721299805,TRUE
83,"Regulation of lipolysis in adipocytes ","path_mut",0.00096194060627676,0.299239661906082,TRUE
84,"CABLES2","exp",0.000960225686093372,0.300199887592176,TRUE
85,"KCNK12","exp",0.000955517809193001,0.301155405401369,TRUE
86,"TMLHE","exp",0.000942937616002043,0.302098343017371,TRUE
87,"APOM","exp",0.00093267921410073,0.303031022231471,TRUE
88,"PNMA2.1","meth",0.000921553399571101,0.303952575631042,TRUE
89,"ANKRD37","exp",0.000919703722976376,0.304872279354019,TRUE
90,"FLJ35024","exp",0.000916691234990344,0.305788970589009,TRUE
91,"SLC35A2","exp",0.000907729746734338,0.306696700335744,TRUE
92,"SVEP1","exp",0.000907299311206864,0.30760399964695,TRUE
93,"ZNF407","exp",0.000904103285362395,0.308508102932313,TRUE
94,"FASTKD3","exp",0.000899826778499979,0.309407929710813,TRUE
95,"KLHL9","exp",0.000892648710045607,0.310300578420858,TRUE
96,"NUDT7","exp",0.000880912099465702,0.311181490520324,TRUE
97,"Prolactin signaling pathway ","path_mut",0.000878911312526226,0.31206040183285,TRUE
98,"DAPL1","exp",0.000869406499876661,0.312929808332727,TRUE
99,"CDC37L1","exp",0.000867172272219071,0.313796980604946,TRUE
100,"C4orf27","exp",0.000866628387119223,0.314663608992065,TRUE
101,"AK1","exp",0.00085474244176448,0.31551835143383,TRUE
102,"LOC148189","exp",0.000853549726037785,0.316371901159868,TRUE
103,"OSTBETA","meth",0.000853014344983312,0.317224915504851,TRUE
104,"R3HCC1","exp",0.000848486548252599,0.318073402053103,TRUE
105,"IRX2","exp",0.000848352072194407,0.318921754125298,TRUE
106,"ASNS","exp",0.000844829995643173,0.319766584120941,TRUE
107,"FITM1","exp",0.0008393491851241,0.320605933306065,TRUE
108,"ABHD6","exp",0.000829326092961862,0.321435259399027,TRUE
109,"BDH2","exp",0.00082574392738671,0.322261003326414,TRUE
110,"CLDN18","exp",0.000823583619508154,0.323084586945922,TRUE
111,"TTC12","exp",0.000821935516824146,0.323906522462746,TRUE
112,"PPIL5","exp",0.000815513560799821,0.324722036023546,TRUE
113,"MSRA","exp",0.000808854519466507,0.325530890543012,TRUE
114,"NOTCH","path_mut",0.000797352751370437,0.326328243294383,TRUE
115,"TRAF3IP1","exp",0.000790743612896799,0.32711898690728,TRUE
116,"STX19","exp",0.000790604277384106,0.327909591184664,TRUE
117,"RG9MTD2;MTTP","meth",0.000789592763239646,0.328699183947903,TRUE
118,"C6orf192","exp",0.00078502562361769,0.329484209571521,TRUE
119,"LRFN1","exp",0.000778858415150441,0.330263067986671,TRUE
120,"SLC9A8","exp",0.000778738424004701,0.331041806410676,TRUE
121,"MSL3L2","exp",0.000776421305267461,0.331818227715944,TRUE
122,"SLC30A6","exp",0.000774433601474716,0.332592661317418,TRUE
123,"C8orf79","exp",0.000771831316864248,0.333364492634283,TRUE
124,"DDX51","exp",0.00077176613475821,0.334136258769041,TRUE
125,"NDUFAF1","exp",0.000766337937179208,0.33490259670622,TRUE
126,"C12orf65.1","meth",0.000749310128256793,0.335651906834477,TRUE
127,"C12orf66","exp",0.000745241129446648,0.336397147963924,TRUE
128,"FAM133A;NAP1L3","meth",0.000744480484640769,0.337141628448564,TRUE
129,"ENTPD6.1","meth",0.000744381239627704,0.337886009688192,TRUE
130,"C13orf29","exp",0.000743419721793969,0.338629429409986,TRUE
131,"SLC39A11","exp",0.000740545588084624,0.339369974998071,TRUE
132,"PCDHGA11","exp",0.00073634631851345,0.340106321316584,TRUE
133,"DHFR","exp",0.000733794310566851,0.340840115627151,TRUE
134,"SYT1","exp",0.000727823723104771,0.341567939350256,TRUE
135,"MORF4L2","meth",0.000727645325053979,0.34229558467531,TRUE
136,"PFN2","exp",0.000711887749502644,0.343007472424812,TRUE
137,"ATP9B","exp",0.000703893339417735,0.34371136576423,TRUE
138,"RAB9B.1","meth",0.000698417201451067,0.344409782965681,TRUE
139,"DPPA2","meth",0.000690273129512651,0.345100056095194,TRUE
140,"C9orf82","exp",0.000681500365648251,0.345781556460842,TRUE
141,"ZNF565","exp",0.000679223430861687,0.346460779891704,TRUE
142,"ZNF605","exp",0.00067755187196461,0.347138331763668,TRUE
143,"PYCR1.1","meth",0.000672459864531091,0.347810791628199,TRUE
144,"ST6GALNAC1.1","meth",0.000657700579800912,0.348468492208,TRUE
145,"USP49","exp",0.000653001534024585,0.349121493742025,TRUE
146,"TNKS","exp",0.000651866430869034,0.349773360172894,TRUE
147,"C6orf227","meth",0.000647779489457657,0.350421139662351,TRUE
148,"ACAD10","exp",0.00063527410383069,0.351056413766182,TRUE
149,"PI15","exp",0.000631514848519419,0.351687928614702,TRUE
150,"RAB39.1","meth",0.000631145249624247,0.352319073864326,TRUE
151,"SSR3","meth",0.000630765651466931,0.352949839515793,TRUE
152,"C9orf150.1","meth",0.000627408516015565,0.353577248031808,TRUE
153,"THBS2","exp",0.000623821631162484,0.354201069662971,TRUE
154,"FANK1","exp",0.000615601303168832,0.35481667096614,TRUE
155,"MFN1","exp",0.000615069099449995,0.35543174006559,TRUE
156,"ATAD2","exp",0.000614886309199942,0.35604662637479,TRUE
157,"MTERFD2","exp",0.000613135643990663,0.35665976201878,TRUE
158,"ZC4H2.1","meth",0.00061137072749655,0.357271132746277,TRUE
159,"FBXL7","exp",0.00060867686085896,0.357879809607136,TRUE
160,"SALL4","exp",0.000607203745262489,0.358487013352398,TRUE
161,"NFIA","exp",0.000603346786880447,0.359090360139279,TRUE
162,"HIST1H4D.1","meth",0.000601934274288658,0.359692294413567,TRUE
163,"SLC24A6","exp",0.000600815758694142,0.360293110172261,TRUE
164,"COCH","exp",0.000599661825152402,0.360892771997414,TRUE
165,"LOC84989","exp",0.00059406275233198,0.361486834749746,TRUE
166,"Ubiquitin mediated proteolysis ","path_mut",0.000592978439821062,0.362079813189567,TRUE
167,"C5orf22","exp",0.00059179488229708,0.362671608071864,TRUE
168,"ORAOV1","exp",0.000590764818119575,0.363262372889984,TRUE
169,"PLOD1","exp",0.000588597735040033,0.363850970625024,TRUE
170,"ANXA6.1","meth",0.000584644849157132,0.364435615474181,TRUE
171,"COQ4","exp",0.000582244605712622,0.365017860079893,TRUE
172,"SAMD10;PRPF6","meth",0.000581669601413761,0.365599529681307,TRUE
173,"TMPRSS11F","meth",0.000580040843096707,0.366179570524404,TRUE
174,"FCRL4","meth",0.000580010050976363,0.36675958057538,TRUE
175,"DSCR6","exp",0.000579488921206723,0.367339069496587,TRUE
176,"TCTE3","exp",0.000575138728192894,0.36791420822478,TRUE
177,"SCRN2","exp",0.000572723906384882,0.368486932131165,TRUE
178,"GHDC","exp",0.000570529675775872,0.369057461806941,TRUE
179,"TAF4","exp",0.000568636404267216,0.369626098211208,TRUE
180,"METT5D1","exp",0.000568297223688196,0.370194395434896,TRUE
181,"Viral life cycle - HIV-1 ","path_mut",0.000567614423605371,0.370762009858501,TRUE
182,"GPR172A;FBXL6","meth",0.000567122216935113,0.371329132075436,TRUE
183,"DNTTIP1","exp",0.000563224186817437,0.371892356262254,TRUE
184,"RCE1","exp",0.000562506015512913,0.372454862277767,TRUE
185,"COL28A1","exp",0.000559571418975458,0.373014433696742,TRUE
186,"SMURF2","exp",0.000559041131003106,0.373573474827745,TRUE
187,"HOXB8","meth",0.000558384730841365,0.374131859558587,TRUE
188,"VAV3","exp",0.000558159467089958,0.374690019025677,TRUE
189,"SOCS6","exp",0.000556145783905847,0.375246164809583,TRUE
190,"MSTO1","exp",0.000555786931881204,0.375801951741464,TRUE
191,"TRIB3","exp",0.000555774362715237,0.376357726104179,TRUE
192,"ATAD1","exp",0.000553936694580191,0.376911662798759,TRUE
193,"MLF1","exp",0.000550087679537236,0.377461750478296,TRUE
194,"UMODL1;C21orf128","meth",0.000548883422606103,0.378010633900903,TRUE
195,"HSDL2","exp",0.00054858409889909,0.378559217999802,TRUE
196,"IFRD1","exp",0.000546050968064204,0.379105268967866,TRUE
197,"LOC100134368","exp",0.000545775380923404,0.379651044348789,TRUE
198,"TSEN15","exp",0.000545583759549308,0.380196628108339,TRUE
199,"RSU1","meth",0.00054530228499248,0.380741930393331,TRUE
200,"SLC12A7.1","meth",0.000539130917953591,0.381281061311285,TRUE
201,"CNDP2","exp",0.000538895094233751,0.381819956405518,TRUE
202,"RPL7","exp",0.000533370314996555,0.382353326720515,TRUE
203,"LOC728819","exp",0.000533116455224435,0.382886443175739,TRUE
204,"KIAA1024","exp",0.000532027470161114,0.3834184706459,TRUE
205,"EEF1A2","exp",0.000529699184023628,0.383948169829924,TRUE
206,"PLS3.1","meth",0.000528484133496441,0.384476653963421,TRUE
207,"KILLIN","exp",0.000520537850701295,0.384997191814122,TRUE
208,"TMEM126B;DLG2","meth",0.000518320724585504,0.385515512538707,TRUE
209,"C12orf26","exp",0.000516123083013239,0.386031635621721,TRUE
210,"PLB1","exp",0.000514478297841439,0.386546113919562,TRUE
211,"RARB.1","meth",0.000512678804459535,0.387058792724022,TRUE
212,"HIST1H4H","exp",0.000510406635676423,0.387569199359698,TRUE
213,"PGPEP1","exp",0.000510314399491964,0.38807951375919,TRUE
214,"Rap1 signaling pathway ","path_mut",0.000508943846420766,0.388588457605611,TRUE
215,"TMEM39A","exp",0.000506067703513888,0.389094525309125,TRUE
216,"JAKMIP1.1","meth",0.000504250968413613,0.389598776277538,TRUE
217,"BRPF3","exp",0.00050290742269531,0.390101683700234,TRUE
218,"DNAJC19","exp",0.000501683120514363,0.390603366820748,TRUE
219,"CENPN","exp",0.000500524187341551,0.391103891008089,TRUE
220,"HIST2H3C","exp",0.000500268318371897,0.391604159326461,TRUE
221,"MCF2L2","exp",0.000499822183068345,0.39210398150953,TRUE
222,"ANKRD34B","exp",0.000498704929062978,0.392602686438593,TRUE
223,"C20orf20","exp",0.0004977856978285,0.393100472136421,TRUE
224,"LONRF1","exp",0.000497709114694596,0.393598181251116,TRUE
225,"GPX1.1","meth",0.000494695411844938,0.394092876662961,TRUE
226,"C17orf86","exp",0.000493903834742143,0.394586780497703,TRUE
227,"MCCC1","exp",0.000493497930114791,0.395080278427818,TRUE
228,"TGFB3.1","meth",0.000490689819570918,0.395570968247388,TRUE
229,"ATM;NPAT","meth",0.000487693405165156,0.396058661652554,TRUE
230,"BTRC","exp",0.000483968633290628,0.396542630285844,TRUE
231,"SOAT1","exp",0.000483385592201632,0.397026015878046,TRUE
232,"IRF5","exp",0.000483101641192029,0.397509117519238,TRUE
233,"ARMCX3","exp",0.000480724293254299,0.397989841812492,TRUE
234,"IRS4","meth",0.000480320304373432,0.398470162116866,TRUE
235,"RAB42","exp",0.000479856787174936,0.398950018904041,TRUE
236,"MAGED1","exp",0.000479706190810949,0.399429725094852,TRUE
237,"RYR2","exp",0.000477235204923039,0.399906960299775,TRUE
238,"C18orf22","exp",0.000477209692786912,0.400384169992561,TRUE
239,"TMEM55A","exp",0.000473882041141216,0.400858052033703,TRUE
240,"DLEC1.1","meth",0.000468776670207821,0.401326828703911,TRUE
241,"CAMTA2","meth",0.000467498119693461,0.401794326823604,TRUE
242,"GANC","exp",0.000466649257098191,0.402260976080702,TRUE
243,"HBE1","meth",0.000462036186286101,0.402723012266988,TRUE
244,"OR13A1","exp",0.000461625375478724,0.403184637642467,TRUE
245,"ZNF227","exp",0.000458581394489488,0.403643219036957,TRUE
246,"GDF5.1","meth",0.000457622913814815,0.404100841950771,TRUE
247,"SCRIB.1","meth",0.000455915376264226,0.404556757327036,TRUE
248,"ZNF252","exp",0.000455245192072892,0.405012002519109,TRUE
249,"ENO2.1","meth",0.000453544055919097,0.405465546575028,TRUE
250,"RDH13","exp",0.000452221443235566,0.405917768018263,TRUE
251,"ZNF449","exp",0.000451499487163594,0.406369267505427,TRUE
252,"AMPK signaling pathway ","path_mut",0.000450358309689917,0.406819625815117,TRUE
253,"PPP1R2","meth",0.000450016185402882,0.40726964200052,TRUE
254,"SNX21","exp",0.000449142978809586,0.407718784979329,TRUE
255,"C9orf163","exp",0.000448199497028131,0.408166984476357,TRUE
256,"RRP15","meth",0.000447115418144834,0.408614099894502,TRUE
257,"SLC10A4","exp",0.000446385799086919,0.409060485693589,TRUE
258,"CDK12.1","meth",0.000445907656799397,0.409506393350388,TRUE
259,"EIF2C3","exp",0.000445632163109646,0.409952025513498,TRUE
260,"TMEM194A","exp",0.00044506206499081,0.410397087578489,TRUE
261,"TRMT2A;RANBP1","meth",0.000444741808249027,0.410841829386738,TRUE
262,"GLYCTK","exp",0.000443969809140806,0.411285799195879,TRUE
263,"YTHDC2","exp",0.000442085135128574,0.411727884331007,TRUE
264,"IVD","exp",0.000441259401667704,0.412169143732675,TRUE
265,"SMC1B","exp",0.000440957835135538,0.41261010156781,TRUE
266,"TMEM25","exp",0.000439905109078872,0.413050006676889,TRUE
267,"KIAA0907","exp",0.000439768857450766,0.41348977553434,TRUE
268,"LSAMP.1","meth",0.000437986652512758,0.413927762186853,TRUE
269,"CEBPG","exp",0.000437676254856547,0.41436543844171,TRUE
270,"WDR63","exp",0.000437306562510328,0.41480274500422,TRUE
271,"ATP1A2","exp",0.00043642246886993,0.41523916747309,TRUE
272,"C15orf42","exp",0.000435441373041621,0.415674608846131,TRUE
273,"WFDC6","meth",0.000435068923889483,0.416109677770021,TRUE
274,"TLCD1","exp",0.000434610593224155,0.416544288363245,TRUE
275,"CEP72","exp",0.00043439794536424,0.416978686308609,TRUE
276,"C1orf109","exp",0.000432667792660015,0.417411354101269,TRUE
277,"KRI1","meth",0.00043077082983496,0.417842124931104,TRUE
278,"PAPPA","exp",0.000427802777822291,0.418269927708927,TRUE
279,"UBTD2","meth",0.000427687365777908,0.418697615074704,TRUE
280,"FAM66C","exp",0.000426744678330361,0.419124359753035,TRUE
281,"TSPYL5.1","meth",0.00042572008103917,0.419550079834074,TRUE
282,"ASMTL","exp",0.000423938950788214,0.419974018784862,TRUE
283,"ST20","exp",0.000422946080127847,0.42039696486499,TRUE
284,"DNMT3A","exp",0.000420346131793581,0.420817310996784,TRUE
285,"DCAF17","exp",0.000420318750636492,0.42123762974742,TRUE
286,"TGM2","exp",0.000419549695236286,0.421657179442656,TRUE
287,"SLCO3A1","exp",0.000418563506325857,0.422075742948982,TRUE
288,"GOLT1B","exp",0.000417182486737273,0.42249292543572,TRUE
289,"GCM2","meth",0.000416701774545929,0.422909627210265,TRUE
290,"HPS1","exp",0.000416015189695657,0.423325642399961,TRUE
291,"AFF2.1","meth",0.00041470014654702,0.423740342546508,TRUE
292,"TRIP11.1","meth",0.000413661204519947,0.424154003751028,TRUE
293,"EPR1","exp",0.000411805593783669,0.424565809344812,TRUE
294,"SHC1","exp",0.000411616729215492,0.424977426074027,TRUE
295,"NOS3","exp",0.000409422218253338,0.425386848292281,TRUE
296,"KCNE2","exp",0.000407580625174272,0.425794428917455,TRUE
297,"APCS","meth",0.000407519928718542,0.426201948846173,TRUE
298,"LIG1","exp",0.000406420757490979,0.426608369603664,TRUE
299,"DRD4.1","meth",0.00040616586975733,0.427014535473422,TRUE
300,"WNT7B","exp",0.000402778222538765,0.427417313695961,TRUE
301,"PAK4","exp",0.000401261745655983,0.427818575441616,TRUE
302,"PINX1","exp",0.000400060572609437,0.428218636014226,TRUE
303,"ZNF75A","exp",0.000400033752158637,0.428618669766385,TRUE
304,"WNT10B","exp",0.00039843583268745,0.429017105599072,TRUE
305,"LOC92659","exp",0.00039628575769866,0.429413391356771,TRUE
306,"GLI2","exp",0.000395616227664663,0.429809007584435,TRUE
307,"TYMP;SCO2","meth",0.000395511796118429,0.430204519380554,TRUE
308,"ATP11B","exp",0.000394143252244765,0.430598662632799,TRUE
309,"FLJ40292","exp",0.000393881028603841,0.430992543661402,TRUE
310,"PNLDC1","exp",0.000393377514356765,0.431385921175759,TRUE
311,"AHCY","meth",0.000391483985857727,0.431777405161617,TRUE
312,"PLEKHG6","exp",0.000384541320593478,0.43216194648221,TRUE
313,"TBX19","exp",0.00038423858592321,0.432546185068134,TRUE
314,"SMURF1","exp",0.000384098783155277,0.432930283851289,TRUE
315,"PYCRL.1","meth",0.000383484085523743,0.433313767936813,TRUE
316,"KCNG1","exp",0.000382855627225379,0.433696623564038,TRUE
317,"GSTZ1","exp",0.000382815793716133,0.434079439357754,TRUE
318,"TFEB.1","meth",0.000382548827434519,0.434461988185189,TRUE
319,"ZNF273","exp",0.000381174162517205,0.434843162347706,TRUE
320,"PPIP5K2","exp",0.000380803722562601,0.435223966070268,TRUE
321,"SH3BP2.1","meth",0.000380791550563588,0.435604757620832,TRUE
322,"TMX3","exp",0.000380772439824255,0.435985530060656,TRUE
323,"COL8A2.1","meth",0.00037980919314613,0.436365339253802,TRUE
324,"OXCT1","exp",0.000378595918188857,0.436743935171991,TRUE
325,"AMOT.1","meth",0.000378184663489001,0.43712211983548,TRUE
326,"CLEC4F","exp",0.0003764124811759,0.437498532316656,TRUE
327,"SNRNP35","exp",0.000374931725956249,0.437873464042612,TRUE
328,"BRIX1","exp",0.00037456077202088,0.438248024814633,TRUE
329,"QRFP","exp",0.0003742939692786,0.438622318783912,TRUE
330,"EFS","exp",0.000374255420721266,0.438996574204633,TRUE
331,"ZACN","exp",0.00037285645853145,0.439369430663165,TRUE
332,"TMEM143","exp",0.000372444269321114,0.439741874932486,TRUE
333,"SPEG","exp",0.000371910313395124,0.440113785245881,TRUE
334,"AHR.1","meth",0.000370822379656094,0.440484607625537,TRUE
335,"MID2.1","meth",0.000370121823874133,0.440854729449411,TRUE
336,"WLS","exp",0.000368922356309214,0.44122365180572,TRUE
337,"LOC25845","exp",0.000368337633101353,0.441591989438822,TRUE
338,"LOC729678","exp",0.000367970487296193,0.441959959926118,TRUE
339,"EGFR tyrosine kinase inhibitor resistance ","path_mut",0.000367212529207947,0.442327172455326,TRUE
340,"KLRAQ1","meth",0.00036665929900329,0.442693831754329,TRUE
341,"DPY19L2P1","exp",0.000365294072641832,0.443059125826971,TRUE
342,"MTM1.1","meth",0.000364107034066309,0.443423232861037,TRUE
343,"TNFRSF10B","exp",0.000362726037840487,0.443785958898878,TRUE
344,"CCDC54","exp",0.000362274856180338,0.444148233755058,TRUE
345,"C1QB.1","meth",0.000360689505875119,0.444508923260933,TRUE
346,"PASK","exp",0.000359435042368402,0.444868358303302,TRUE
347,"Notch signaling pathway ","path_mut",0.000358864243366706,0.445227222546668,TRUE
348,"PRSS21","exp",0.000353452796888074,0.445580675343556,TRUE
349,"PLOD3","exp",0.000352896108994638,0.445933571452551,TRUE
350,"NEXN","exp",0.00035214980892464,0.446285721261476,TRUE
351,"ATOH7.1","meth",0.000348551336141597,0.446634272597617,TRUE
352,"SENP2","exp",0.000345269755862607,0.44697954235348,TRUE
353,"SBDSP1","exp",0.000344691270512206,0.447324233623992,TRUE
354,"CCNG1","exp",0.000344323003294469,0.447668556627287,TRUE
355,"C3orf67","exp",0.000343955553773403,0.44801251218106,TRUE
356,"GAS2L1","exp",0.000342957076050151,0.44835546925711,TRUE
357,"AGPAT5","exp",0.000341643341216187,0.448697112598326,TRUE
358,"BCL2","exp",0.000340137330850791,0.449037249929177,TRUE
359,"OR2A1","exp",0.000340108220849313,0.449377358150026,TRUE
360,"LRP6.1","meth",0.000339138853127539,0.449716497003154,TRUE
361,"LCTL","exp",0.000339132685358365,0.450055629688512,TRUE
362,"PTPN2","exp",0.000339029211685374,0.450394658900198,TRUE
363,"C7orf13","exp",0.00033891690688834,0.450733575807086,TRUE
364,"SCUBE3.1","meth",0.000337137505481774,0.451070713312568,TRUE
365,"PUS3","exp",0.000334637596494482,0.451405350909062,TRUE
366,"C21orf119","exp",0.000333740536521162,0.451739091445583,TRUE
367,"ASB14","exp",0.000333663229141635,0.452072754674725,TRUE
368,"GALNT3","exp",0.000333540107385784,0.452406294782111,TRUE
369,"THG1L","exp",0.000333437030879748,0.452739731812991,TRUE
370,"EFNB2.1","meth",0.000332772874281016,0.453072504687272,TRUE
371,"RTCD1","meth",0.000332726078668688,0.45340523076594,TRUE
372,"CRISPLD2","exp",0.000330350856742301,0.453735581622683,TRUE
373,"ZNF32.1","meth",0.000330307402004942,0.454065889024688,TRUE
374,"UAP1L1.1","meth",0.000328597341276055,0.454394486365964,TRUE
375,"GAS8","exp",0.000328578160448436,0.454723064526412,TRUE
376,"C15orf27","exp",0.000328302246228968,0.455051366772641,TRUE
377,"CYFIP1","meth",0.000328264538731066,0.455379631311372,TRUE
378,"PEPD","exp",0.000327863773911358,0.455707495085284,TRUE
379,"RAB2B","exp",0.000327530106944175,0.456035025192228,TRUE
380,"C7orf31.1","meth",0.000326329634780489,0.456361354827008,TRUE
381,"C17orf48;SCO1","meth",0.000325867145543522,0.456687221972552,TRUE
382,"DCN","exp",0.000325775937320592,0.457012997909872,TRUE
383,"RAB21","meth",0.000323974388015631,0.457336972297888,TRUE
384,"TSPYL5","exp",0.000322798984095593,0.457659771281983,TRUE
385,"C22orf9.1","meth",0.000322513794859603,0.457982285076843,TRUE
386,"PPM1K","exp",0.000322484591407077,0.45830476966825,TRUE
387,"SPATA4","meth",0.000322444290642591,0.458627213958893,TRUE
388,"PTPDC1.1","meth",0.000321391237507257,0.4589486051964,TRUE
389,"BHLHE22","exp",0.000320585082040962,0.459269190278441,TRUE
390,"CELSR2","exp",0.000320319587613355,0.459589509866054,TRUE
391,"PLCD4","exp",0.000319459370715743,0.45990896923677,TRUE
392,"C17orf57","exp",0.000319020431142893,0.460227989667913,TRUE
393,"ZNF184.1","meth",0.000318647397921704,0.460546637065835,TRUE
394,"RG9MTD2","exp",0.00031762462292595,0.460864261688761,TRUE
395,"CXorf26.1","meth",0.000317618665421635,0.461181880354182,TRUE
396,"Cellular senescence ","path_mut",0.000317587920026815,0.461499468274209,TRUE
397,"FHL2.1","meth",0.000317434006150621,0.46181690228036,TRUE
398,"MEX3D","exp",0.000317293011881824,0.462134195292242,TRUE
399,"C7orf46","exp",0.000317229488531889,0.462451424780774,TRUE
400,"NAT1","exp",0.000315677056358357,0.462767101837132,TRUE
401,"REEP3","exp",0.000315251153206715,0.463082352990339,TRUE
402,"PHF7","exp",0.000315004021910057,0.463397357012249,TRUE
403,"LOC100134713;NDUFB2","meth",0.000314657482061,0.46371201449431,TRUE
404,"C17orf67","exp",0.000314024094219849,0.46402603858853,TRUE
405,"ITPK1","exp",0.000312958074751594,0.464338996663281,TRUE
406,"LOC282997","exp",0.000312958074751594,0.464651954738033,TRUE
407,"RBM9","meth",0.000312635458370847,0.464964590196403,TRUE
408,"ING3.1","meth",0.000311963264981979,0.465276553461385,TRUE
409,"DENND4C","exp",0.000310953432956385,0.465587506894342,TRUE
410,"IL10RB","exp",0.000308674512335049,0.465896181406677,TRUE
411,"LOC80154","exp",0.000308613231810268,0.466204794638487,TRUE
412,"ZNF480","exp",0.000308498473923221,0.46651329311241,TRUE
413,"TCEAL3.1","meth",0.00030845291653728,0.466821746028948,TRUE
414,"FLJ44635","exp",0.000306299687575617,0.467128045716523,TRUE
415,"TMEM55A.1","meth",0.00030596436185233,0.467434010078376,TRUE
416,"LONRF3.1","meth",0.000305930275582541,0.467739940353958,TRUE
417,"NKIRAS1;RPL15","meth",0.000305145006425492,0.468045085360384,TRUE
418,"GHRLOS","exp",0.000305133348407244,0.468350218708791,TRUE
419,"FAM188A","exp",0.000304356373030712,0.468654575081822,TRUE
420,"RPS7","exp",0.000303704785597947,0.46895827986742,TRUE
421,"PTPRU","exp",0.000303346050387115,0.469261625917807,TRUE
422,"CHKA","exp",0.000302798497333629,0.46956442441514,TRUE
423,"VCL","exp",0.000302705279913166,0.469867129695053,TRUE
424,"PALMD","exp",0.000301127639319413,0.470168257334373,TRUE
425,"GLT25D1","exp",0.000299951230800609,0.470468208565173,TRUE
426,"OTUD7B","exp",0.000299643286234411,0.470767851851408,TRUE
427,"SULT2B1","exp",0.000298919274239381,0.471066771125647,TRUE
428,"Fc gamma R-mediated phagocytosis ","path_mut",0.000298644691697348,0.471365415817345,TRUE
429,"CDC42BPA.1","meth",0.00029827953172696,0.471663695349071,TRUE
430,"ALS2CR11","exp",0.000298244090416975,0.471961939439488,TRUE
431,"SMAD4","meth",0.000297968690178271,0.472259908129667,TRUE
432,"LOC285593","exp",0.000296574260364287,0.472556482390031,TRUE
433,"PTPN20B","exp",0.000295649094988257,0.472852131485019,TRUE
434,"GPR63","exp",0.000295606738300713,0.47314773822332,TRUE
435,"ZNF550","exp",0.00029498650369458,0.473442724727015,TRUE
436,"CENPL","exp",0.000294822613919003,0.473737547340934,TRUE
437,"FAM126B","exp",0.000294326342128153,0.474031873683062,TRUE
438,"BEND6","exp",0.000294036643879093,0.474325910326941,TRUE
439,"CCDC76","exp",0.000293875253919052,0.47461978558086,TRUE
440,"LRRIQ4","exp",0.000293677231148163,0.474913462812008,TRUE
441,"CUL9.1","meth",0.000292618127057466,0.475206080939065,TRUE
442,"VWA5A.1","meth",0.000291632872657517,0.475497713811723,TRUE
443,"KIAA1712;FBXO8","meth",0.000291152651084176,0.475788866462807,TRUE
444,"ACAA2","exp",0.000289475929016693,0.476078342391824,TRUE
445,"SIK3","exp",0.000289326454065283,0.476367668845889,TRUE
446,"RUNX2","exp",0.000288809295965186,0.476656478141854,TRUE
447,"Renal cell carcinoma ","path_mut",0.000288403952044122,0.476944882093898,TRUE
448,"SYNJ2","exp",0.000287626112245396,0.477232508206144,TRUE
449,"GABRE.1","meth",0.000287206844118168,0.477519715050262,TRUE
450,"PPP2R3C","exp",0.000286794374554687,0.477806509424817,TRUE
451,"CD4.1","meth",0.000285724990848701,0.478092234415665,TRUE
452,"CHRDL1.1","meth",0.000285160873596943,0.478377395289262,TRUE
453,"C10orf10","exp",0.000284400135340016,0.478661795424602,TRUE
454,"FAM120AOS;FAM120A","meth",0.000284231853365179,0.478946027277968,TRUE
455,"Acute myeloid leukemia ","path_mut",0.000283573373917618,0.479229600651885,TRUE
456,"LRP1B","exp",0.000283317154506533,0.479512917806392,TRUE
457,"SORBS2","exp",0.000283134177354385,0.479796051983746,TRUE
458,"ARVCF.1","meth",0.000282674421560574,0.480078726405307,TRUE
459,"AMMECR1L","meth",0.000281974543298712,0.480360700948605,TRUE
460,"MAGEH1","exp",0.000281231514015397,0.480641932462621,TRUE
461,"GPR160.1","meth",0.000280524019493116,0.480922456482114,TRUE
462,"CCDC90A","exp",0.000280258805418654,0.481202715287533,TRUE
463,"ARHGAP32","exp",0.000279661653221398,0.481482376940754,TRUE
464,"CCDC163P","exp",0.000279623898997972,0.481762000839752,TRUE
465,"OS9","meth",0.000278510383034528,0.482040511222786,TRUE
466,"SLC25A19","exp",0.000276697666329321,0.482317208889116,TRUE
467,"SLC16A12","exp",0.000276167892337733,0.482593376781453,TRUE
468,"PTPN3","exp",0.000275625736082274,0.482869002517536,TRUE
469,"LOC152217","exp",0.000275487895786351,0.483144490413322,TRUE
470,"TMEM184A","exp",0.000274391224374324,0.483418881637696,TRUE
471,"ACE.1","meth",0.000274166474603682,0.4836930481123,TRUE
472,"PTGR2.1","meth",0.000274156148262869,0.483967204260563,TRUE
473,"TMCO3","exp",0.000274029779083097,0.484241234039646,TRUE
474,"MTERFD2.1","meth",0.000273354384995833,0.484514588424642,TRUE
475,"SRPX2.1","meth",0.000272733285967506,0.484787321710609,TRUE
476,"DDB2","exp",0.000272467090657039,0.485059788801266,TRUE
477,"C9orf25","exp",0.000272439919764808,0.485332228721031,TRUE
478,"MSX1","exp",0.000272403053326339,0.485604631774358,TRUE
479,"C5orf34","exp",0.00027194955875275,0.48587658133311,TRUE
480,"NFYC;LOC100130557","meth",0.000270947833605577,0.486147529166716,TRUE
481,"TMEM63A.1","meth",0.000270260828225588,0.486417789994942,TRUE
482,"AGBL5.1","meth",0.00027024512844951,0.486688035123391,TRUE
483,"VLDLR","exp",0.000269688884448552,0.48695772400784,TRUE
484,"PRSS1","meth",0.000269342928668546,0.487227066936508,TRUE
485,"GSC","meth",0.000268431383782773,0.487495498320291,TRUE
486,"ORC2L.1","meth",0.000268087250298204,0.487763585570589,TRUE
487,"NDUFC1","exp",0.000267206170454107,0.488030791741043,TRUE
488,"CDKN1C","exp",0.00026636959667166,0.488297161337715,TRUE
489,"NUP155.1","meth",0.000266217902257858,0.488563379239973,TRUE
490,"VCP","meth",0.000265996049469707,0.488829375289442,TRUE
491,"NUDT18","exp",0.000265819310175018,0.489095194599617,TRUE
492,"PARD6G","exp",0.000265171671049035,0.489360366270666,TRUE
493,"DDR2","exp",0.000265049974421668,0.489625416245088,TRUE
494,"RGS12","exp",0.000264882883947694,0.489890299129036,TRUE
495,"IRAK3.1","meth",0.000264827911368658,0.490155127040405,TRUE
496,"TSPAN7.1","meth",0.000264721073457936,0.490419848113862,TRUE
497,"ARMC1","exp",0.000263915221707547,0.49068376333557,TRUE
498,"SPRY3","exp",0.000262408113292336,0.490946171448862,TRUE
499,"WDR1","meth",0.00026137699779054,0.491207548446653,TRUE
500,"NRGN.1","meth",0.000261154327305718,0.491468702773959,TRUE
501,"ENOX2.1","meth",0.000260950417118799,0.491729653191077,TRUE
502,"RNF138","exp",0.000259609955285084,0.491989263146362,TRUE
503,"PIWIL4","exp",0.000259517438747481,0.49224878058511,TRUE
504,"STK31","exp",0.000259119243831595,0.492507899828942,TRUE
505,"SASH1.1","meth",0.000259020489436533,0.492766920318378,TRUE
506,"COMT;TXNRD2","meth",0.000258208656819066,0.493025128975197,TRUE
507,"SFTPD","exp",0.000258177560982816,0.49328330653618,TRUE
508,"EIF2C2","exp",0.000257731635944121,0.493541038172124,TRUE
509,"MAP4","meth",0.000257574918536485,0.493798613090661,TRUE
510,"BTG2","exp",0.000257529524689878,0.49405614261535,TRUE
511,"MMAA","exp",0.000257436050279032,0.49431357866563,TRUE
512,"PRRC1","meth",0.000257230481336009,0.494570809146966,TRUE
513,"IGF2BP1","meth",0.000256497357863791,0.494827306504829,TRUE
514,"POT1","exp",0.000256008562156788,0.495083315066986,TRUE
515,"ZNF195","exp",0.000255669381577768,0.495338984448564,TRUE
516,"FBXO43","exp",0.000255461546446829,0.495594445995011,TRUE
517,"EMILIN3","meth",0.000255402064854724,0.495849848059866,TRUE
518,"FAM162A;CCDC58","meth",0.000254906120142543,0.496104754180008,TRUE
519,"POLH","exp",0.000254777087607901,0.496359531267616,TRUE
520,"KANK1","exp",0.000254440944187943,0.496613972211804,TRUE
521,"KIF15","exp",0.000254158908924826,0.496868131120729,TRUE
522,"ZNF331","exp",0.000254040483084142,0.497122171603813,TRUE
523,"PPP1R3D","exp",0.000253569933694277,0.497375741537507,TRUE
524,"Basal transcription factors ","path_mut",0.000253563859376152,0.497629305396883,TRUE
525,"IL18RAP.1","meth",0.00025345933437887,0.497882764731262,TRUE
526,"KCNH1","exp",0.000253351234878999,0.498136115966141,TRUE
527,"C-type lectin receptor signaling pathway ","path_mut",0.000253259442587018,0.498389375408728,TRUE
528,"RIPK4","exp",0.000252841482774463,0.498642216891503,TRUE
529,"C11orf75","exp",0.000252739200602335,0.498894956092105,TRUE
530,"ANK3","exp",0.000251947833764399,0.49914690392587,TRUE
531,"CYB5D1","exp",0.000251903888409037,0.499398807814279,TRUE
532,"CLSTN2.1","meth",0.000251176769166659,0.499649984583445,TRUE
533,"HSD17B14.1","meth",0.000250264266407643,0.499900248849853,TRUE
534,"TES","exp",0.000250244524873736,0.500150493374727,TRUE
535,"PPPDE1","exp",0.000249694051474997,0.500400187426202,TRUE
536,"LOC387646","exp",0.000249410474269587,0.500649597900471,TRUE
537,"GATS","exp",0.000249203947453321,0.500898801847924,TRUE
538,"DUSP5","exp",0.000249048164556166,0.501147850012481,TRUE
539,"SLC12A8","exp",0.000248535725733998,0.501396385738215,TRUE
540,"PGAM5.1","meth",0.000248251821449919,0.501644637559665,TRUE
541,"PHLDB3","exp",0.00024811253266275,0.501892750092327,TRUE
542,"CDKN2AIP","exp",0.00024784526266523,0.502140595354993,TRUE
543,"RAB24;PRELID1","meth",0.000247815685408511,0.502388411040401,TRUE
544,"FAM138F","exp",0.000247708146614929,0.502636119187016,TRUE
545,"Tight junction ","path_mut",0.000247611121064255,0.50288373030808,TRUE
546,"LRRFIP1","exp",0.000247322123698056,0.503131052431778,TRUE
547,"SLC37A4","exp",0.000247030322800414,0.503378082754579,TRUE
548,"C15orf62","exp",0.000246901173451962,0.503624983928031,TRUE
549,"SKP2","exp",0.000246653364635206,0.503871637292666,TRUE
550,"AKR7A3.1","meth",0.000246643505549633,0.504118280798216,TRUE
551,"LPAR1","exp",0.00024632233766013,0.504364603135876,TRUE
552,"CCDC106.1","meth",0.000245686777082112,0.504610289912958,TRUE
553,"RCOR1","exp",0.000245191299625171,0.504855481212583,TRUE
554,"EYA4","exp",0.000244958723329252,0.505100439935912,TRUE
555,"LATS2.1","meth",0.000244777615198066,0.50534521755111,TRUE
556,"GPRASP2.1","meth",0.000243991715246442,0.505589209266357,TRUE
557,"PLA2G15","exp",0.000243262469992719,0.50583247173635,TRUE
558,"RHOJ.1","meth",0.000242647048115563,0.506075118784465,TRUE
559,"CNDP2.1","meth",0.00024153885886186,0.506316657643327,TRUE
560,"FAM122B","exp",0.000241479704348423,0.506558137347675,TRUE
561,"EYS","exp",0.000241238974448559,0.506799376322124,TRUE
562,"C5orf28","exp",0.000241036793106029,0.50704041311523,TRUE
563,"C3orf33","exp",0.000241036045497644,0.507281449160728,TRUE
564,"EMILIN2","exp",0.000240795993117879,0.507522245153846,TRUE
565,"PDGFC.1","meth",0.000240426534399279,0.507762671688245,TRUE
566,"SLC2A11","exp",0.000240403568804213,0.508003075257049,TRUE
567,"EHBP1.1","meth",0.000240044576602998,0.508243119833652,TRUE
568,"RPL23AP7","exp",0.00023968507042102,0.508482804904073,TRUE
569,"C19orf23","exp",0.000239505924761843,0.508722310828835,TRUE
570,"TBX2","exp",0.000239491603388724,0.508961802432224,TRUE
571,"CMPK2","exp",0.000239422659878,0.509201225092102,TRUE
572,"UNC93B1","exp",0.000238950825536224,0.509440175917638,TRUE
573,"MT1E.1","meth",0.000238594917219597,0.509678770834857,TRUE
574,"NFYA;C6orf130","meth",0.000238450208271639,0.509917221043129,TRUE
575,"RGNEF","exp",0.000238441143519975,0.510155662186649,TRUE
576,"DHDH","exp",0.000238201021051923,0.510393863207701,TRUE
577,"NCRNA00095.1","meth",0.000238084183879056,0.51063194739158,TRUE
578,"RSRC1","exp",0.000238026898386581,0.510869974289967,TRUE
579,"HSPB9","exp",0.000237767688541958,0.511107741978509,TRUE
580,"SSRP1","meth",0.000237074398578986,0.511344816377088,TRUE
581,"DIAPH2.1","meth",0.000236752483081099,0.511581568860169,TRUE
582,"C1orf116","exp",0.00023582942035365,0.511817398280522,TRUE
583,"MED30","exp",0.000235783605977327,0.5120531818865,TRUE
584,"CUGBP1","meth",0.000235532479648364,0.512288714366148,TRUE
585,"SERP1;EIF2A","meth",0.00023526782628019,0.512523982192428,TRUE
586,"PGRMC2","meth",0.000235230048694002,0.512759212241122,TRUE
587,"VSTM2L","exp",0.000235134167918668,0.512994346409041,TRUE
588,"C17orf97","exp",0.000234638713824489,0.513228985122865,TRUE
589,"LOC728190","exp",0.000234019787533029,0.513463004910398,TRUE
590,"CTDSPL.1","meth",0.000233976496335005,0.513696981406733,TRUE
591,"ZNF254.1","meth",0.000233451418258583,0.513930432824992,TRUE
592,"DSN1","exp",0.000233396445679548,0.514163829270671,TRUE
593,"ZFAND2A.1","meth",0.00023300631091656,0.514396835581588,TRUE
594,"GLIS3","exp",0.000232822305802882,0.514629657887391,TRUE
595,"PDIA5","exp",0.000232749600887473,0.514862407488278,TRUE
596,"FKBP4","exp",0.000232600382926445,0.515095007871205,TRUE
597,"GOLGA7B","exp",0.000232317646780467,0.515327325517985,TRUE
598,"MLF1.1","meth",0.000232239311439411,0.515559564829425,TRUE
599,"PAK1IP1","exp",0.000231947837620437,0.515791512667045,TRUE
600,"HSPA1A;HSPA1L","meth",0.00023187538969541,0.516023388056741,TRUE
601,"RIPK2","exp",0.000231872516075682,0.516255260572816,TRUE
602,"CHRNA5","exp",0.000231651247356581,0.516486911820173,TRUE
603,"GAB1.1","meth",0.000231492847830079,0.516718404668003,TRUE
604,"LOC653113","exp",0.000231474437973606,0.516949879105977,TRUE
605,"MAP7D1","exp",0.000231326761954872,0.517181205867931,TRUE
606,"GALC.1","meth",0.000231039446707538,0.517412245314639,TRUE
607,"NRM","exp",0.000231021130302113,0.517643266444941,TRUE
608,"TRIM5","exp",0.000230929478186705,0.517874195923128,TRUE
609,"PSMA5","meth",0.000230723955969207,0.518104919879097,TRUE
610,"ZNF501.1","meth",0.000230440215224462,0.518335360094322,TRUE
611,"ANKHD1-EIF4EBP3","exp",0.000230293590530018,0.518565653684852,TRUE
612,"QSOX2","exp",0.000230125682359373,0.518795779367211,TRUE
613,"KCTD7","exp",0.000229844721783309,0.519025624088994,TRUE
614,"SGOL2","exp",0.000229839581975665,0.51925546367097,TRUE
615,"NCRNA00086.1","meth",0.000229626279958413,0.519485089950928,TRUE
616,"SCG3.1","meth",0.000228538509758716,0.519713628460687,TRUE
617,"C17orf68","exp",0.000228442956062051,0.519942071416749,TRUE
618,"SH2D4A","exp",0.000228429008493124,0.520170500425242,TRUE
619,"CAPZA3;PLCZ1","meth",0.000227986774770829,0.520398487200013,TRUE
620,"ZNF275","exp",0.000227975327017439,0.52062646252703,TRUE
621,"ALDH1A3","exp",0.000227700300582928,0.520854162827613,TRUE
622,"PI4KAP2","exp",0.000227510922033986,0.521081673749647,TRUE
623,"SLC11A1","exp",0.000227432890408836,0.521309106640056,TRUE
624,"LOC399815","exp",0.00022727930361131,0.521536385943668,TRUE
625,"MAP1S","exp",0.000226757753311954,0.52176314369698,TRUE
626,"HOXA13","meth",0.000225941388318655,0.521989085085298,TRUE
627,"KCNQ4","exp",0.000225881789912739,0.522214966875211,TRUE
628,"C3orf57","exp",0.000225825018401028,0.522440791893612,TRUE
629,"PNPLA4","exp",0.000225629588896723,0.522666421482509,TRUE
630,"IER3IP1","meth",0.000225576321799315,0.522891997804308,TRUE
631,"ZNF607","exp",0.000224783436381847,0.52311678124069,TRUE
632,"SGEF","exp",0.000224354425982856,0.523341135666673,TRUE
633,"DKFZP686I15217","exp",0.00022407183001345,0.523565207496686,TRUE
634,"COX6C","exp",0.000223893618864754,0.523789101115551,TRUE
635,"MMADHC","meth",0.00022383252524207,0.524012933640793,TRUE
636,"AGPHD1","exp",0.000223706693405825,0.524236640334199,TRUE
637,"SIGLEC12.1","meth",0.000223194605025087,0.524459834939224,TRUE
638,"BCO2.1","meth",0.000223034943909436,0.524682869883134,TRUE
639,"Viral carcinogenesis ","path_mut",0.000222384150810579,0.524905254033944,TRUE
640,"DNAJC5B","exp",0.000222234722584693,0.525127488756529,TRUE
641,"INO80C","exp",0.000222007870165469,0.525349496626694,TRUE
642,"SLC27A3","exp",0.000221946449464116,0.525571443076158,TRUE
643,"DTNBP1","exp",0.000221945982208876,0.525793389058367,TRUE
644,"LRP2BP","exp",0.000221780223412337,0.52601516928178,TRUE
645,"CDKL1.1","meth",0.000221476273878444,0.526236645555658,TRUE
646,"L1TD1","exp",0.000221327780163039,0.526457973335821,TRUE
647,"NAF1","exp",0.000221318808862423,0.526679292144684,TRUE
648,"IGF2BP3","exp",0.00022125600975811,0.526900548154442,TRUE
649,"C1orf9","exp",0.000221173679384749,0.527121721833826,TRUE
650,"WRNIP1","meth",0.000220937458497954,0.527342659292324,TRUE
651,"MCPH1","exp",0.000219884054921191,0.527562543347246,TRUE
652,"RPL3;SNORD43","meth",0.000219664912213434,0.527782208259459,TRUE
653,"SPTLC3","exp",0.000219614752363375,0.528001823011823,TRUE
654,"CHN1","exp",0.000219414276502473,0.528221237288325,TRUE
655,"MOCS3","exp",0.000219309821593477,0.528440547109919,TRUE
656,"TMEM74","exp",0.000218750610521743,0.52865929772044,TRUE
657,"DOLPP1.1","meth",0.000218684260277604,0.528877981980718,TRUE
658,"UNC13A","exp",0.000218551302798942,0.529096533283517,TRUE
659,"AQP7","exp",0.000218448576734336,0.529314981860251,TRUE
660,"TMEM121","exp",0.000218259221548156,0.529533241081799,TRUE
661,"MYH7B","exp",0.000217888174161739,0.529751129255961,TRUE
662,"MEIS3.1","meth",0.000217846051101815,0.529968975307063,TRUE
663,"GGH.1","meth",0.000217690151390849,0.530186665458454,TRUE
664,"CDH26","exp",0.000217395546961765,0.530404061005415,TRUE
665,"ZNF780A","exp",0.000217388187691728,0.530621449193107,TRUE
666,"ANKRA2","exp",0.000217116922661902,0.530838566115769,TRUE
667,"ZNF184","exp",0.000216553412841957,0.531055119528611,TRUE
668,"SLC35A1","exp",0.000216179935728289,0.531271299464339,TRUE
669,"CHP;EXD1","meth",0.000216121528823237,0.531487420993163,TRUE
670,"TCP1;MRPL18","meth",0.000215802229954696,0.531703223223117,TRUE
671,"CMTM8.1","meth",0.00021546830599713,0.531918691529114,TRUE
672,"ZSWIM3","exp",0.000215206175807255,0.532133897704922,TRUE
673,"SIAH2","exp",0.00021501815229851,0.53234891585722,TRUE
674,"RTDR1","exp",0.000214937620857824,0.532563853478078,TRUE
675,"COL16A1","exp",0.000214797140569792,0.532778650618648,TRUE
676,"ZNF641","exp",0.000214675210314804,0.532993325828963,TRUE
677,"TPM4.1","meth",0.000214533094633431,0.533207858923596,TRUE
678,"TACSTD2","exp",0.000214478051966109,0.533422336975562,TRUE
679,"TRNT1","exp",0.000214341636798669,0.533636678612361,TRUE
680,"DMXL2","exp",0.000214119737284994,0.533850798349646,TRUE
681,"MANEAL","exp",0.000214038318059351,0.534064836667705,TRUE
682,"OPHN1","exp",0.0002138462995183,0.534278682967223,TRUE
683,"BHLHB9.1","meth",0.000213817469869966,0.534492500437093,TRUE
684,"VAV2","exp",0.000213676055071453,0.534706176492165,TRUE
685,"C6orf203","exp",0.00021359844397602,0.534919774936141,TRUE
686,"SFRP4","exp",0.000213448174690701,0.535133223110832,TRUE
687,"CDH23","exp",0.000213165508633009,0.535346388619465,TRUE
688,"POLG2","exp",0.000213086051879376,0.535559474671344,TRUE
689,"FTL","exp",0.000213033836106259,0.53577250850745,TRUE
690,"SUPT6H;SDF2","meth",0.000212905130650285,0.535985413638101,TRUE
691,"KCND1","exp",0.000212890412110212,0.536198304050211,TRUE
692,"SHB","exp",0.000212856933272236,0.536411160983483,TRUE
693,"ALDH5A1.1","meth",0.000212431824454502,0.536623592807938,TRUE
694,"PHYH.1","meth",0.000212412082920595,0.536836004890858,TRUE
695,"GLI3.1","meth",0.000212090915031092,0.537048095805889,TRUE
696,"LHFPL4","exp",0.00021205238983652,0.537260148195726,TRUE
697,"KLF12.1","meth",0.000211900858962052,0.537472049054688,TRUE
698,"LAGE3","exp",0.000211830023067604,0.537683879077755,TRUE
699,"ZSCAN12P1","exp",0.000211811519760083,0.537895690597516,TRUE
700,"CCDC127","exp",0.000211596488898442,0.538107287086414,TRUE
701,"ZNF805","exp",0.000211271910045685,0.53831855899646,TRUE
702,"THG1L.1","meth",0.000211264784403269,0.538529823780863,TRUE
703,"ABHD14B","exp",0.000211088979619061,0.538740912760482,TRUE
704,"MAST2","exp",0.000211054169103649,0.538951966929586,TRUE
705,"RNF145.1","meth",0.000210779189394663,0.53916274611898,TRUE
706,"HMMR","exp",0.000210751177442999,0.539373497296423,TRUE
707,"MRPL33","exp",0.000210653170656321,0.53958415046708,TRUE
708,"HIST1H2BN","exp",0.000210642306971982,0.539794792774052,TRUE
709,"FAP","meth",0.000210463558479759,0.540005256332531,TRUE
710,"OR10A4","meth",0.000210342445921443,0.540215598778453,TRUE
711,"EPHX2","exp",0.000210268736407266,0.54042586751486,TRUE
712,"PRR16","exp",0.000210043566106908,0.540635911080967,TRUE
713,"CKS1B","exp",0.000209938457040576,0.540845849538008,TRUE
714,"NOTUM","exp",0.000209890002672144,0.54105573954068,TRUE
715,"MAP7","exp",0.000209729196781154,0.541265468737461,TRUE
716,"IER3","exp",0.000209692610695829,0.541475161348157,TRUE
717,"UBR2","exp",0.000209549443690165,0.541684710791847,TRUE
718,"EMX2","exp",0.000209519819707922,0.541894230611555,TRUE
719,"KIF16B","exp",0.000209326586303246,0.542103557197858,TRUE
720,"IFT74","exp",0.000209035205935321,0.542312592403793,TRUE
721,"ZNF389","exp",0.000208944418242107,0.542521536822035,TRUE
722,"LOC144486","exp",0.000208901968103515,0.542730438790139,TRUE
723,"SLC38A6","exp",0.000208725906328925,0.542939164696468,TRUE
724,"USPL1.1","meth",0.000208700767996991,0.543147865464465,TRUE
725,"HFE","exp",0.000208652547256179,0.543356518011721,TRUE
726,"ACAD8","exp",0.000208598602638673,0.54356511661436,TRUE
727,"EXPH5","exp",0.000208477022825116,0.543773593637185,TRUE
728,"CA8","exp",0.000208295260536593,0.543981888897721,TRUE
729,"CAMK2N2","exp",0.00020825881462784,0.544190147712349,TRUE
730,"RPP21.1","meth",0.00020807871109542,0.544398226423445,TRUE
731,"PAX6","exp",0.000208029298853746,0.544606255722298,TRUE
732,"PA2G4P4","exp",0.000207994581789383,0.544814250304088,TRUE
733,"TMEM79;SMG5","meth",0.000207970728409359,0.545022221032497,TRUE
734,"HES4","exp",0.000207751352073982,0.545229972384571,TRUE
735,"ZNF207","meth",0.000207636664275221,0.545437609048846,TRUE
736,"TMEM182","exp",0.000207593957146247,0.545645203005993,TRUE
737,"ARHGAP24.1","meth",0.000207322037959085,0.545852525043952,TRUE
738,"TLE6.1","meth",0.000207012528087831,0.546059537572039,TRUE
739,"IMMP2L.1","meth",0.000206858053505348,0.546266395625545,TRUE
740,"TCF19","exp",0.000206817332211146,0.546473212957756,TRUE
741,"SAT1","exp",0.000206783199215833,0.546679996156972,TRUE
742,"SLC2A4","exp",0.000206500883599572,0.546886497040571,TRUE
743,"ENKUR;THNSL1","meth",0.000206176561737196,0.547092673602309,TRUE
744,"PECR","exp",0.00020581037380528,0.547298483976114,TRUE
745,"CORO1B","exp",0.000205720333720451,0.547504204309834,TRUE
746,"C7orf13;RNF32","meth",0.000205688116471624,0.547709892426306,TRUE
747,"RNF24","exp",0.000205572914692099,0.547915465340998,TRUE
748,"KHK","exp",0.000205548290340928,0.548121013631339,TRUE
749,"LACTB2;XKR9","meth",0.000205461170601352,0.54832647480194,TRUE
750,"B cell receptor signaling pathway ","path_mut",0.000205176635522699,0.548531651437463,TRUE
751,"MGC23270","exp",0.000205099398231457,0.548736750835694,TRUE
752,"HCCS","exp",0.000204316044820894,0.548941066880515,TRUE
753,"CYB5RL","exp",0.000204253853148394,0.549145320733664,TRUE
754,"NPC1L1","exp",0.000203283924720332,0.549348604658384,TRUE
755,"TSPAN3.1","meth",0.000202888650149699,0.549551493308534,TRUE
756,"STK38","exp",0.000202800058556115,0.54975429336709,TRUE
757,"APBB2","exp",0.000202763449108028,0.549957056816198,TRUE
758,"C6orf70","exp",0.000202719760743049,0.550159776576941,TRUE
759,"FBXO32","exp",0.000202559538921109,0.550362336115862,TRUE
760,"CFP","exp",0.000202152185802511,0.550564488301665,TRUE
761,"LCLAT1","exp",0.000201765905895257,0.55076625420756,TRUE
762,"CSTA.1","meth",0.000201631289660492,0.55096788549722,TRUE
763,"FAIM","exp",0.000201397194785042,0.551169282692005,TRUE
764,"ALOXE3","exp",0.000201014979998379,0.551370297672004,TRUE
765,"C8orf45","exp",0.000200797589497773,0.551571095261501,TRUE
766,"NOSTRIN","exp",0.000200710002502957,0.551771805264004,TRUE
767,"LRRC24","exp",0.000200533146394458,0.551972338410399,TRUE
768,"ADAM17.1","meth",0.000199786706147888,0.552172125116547,TRUE
769,"BEX1.1","meth",0.000199693885894378,0.552371819002441,TRUE
770,"XYLB","exp",0.000199637978804862,0.552571456981246,TRUE
771,"Autophagy - animal ","path_mut",0.000199505114777249,0.552770962096023,TRUE
772,"WISP1","exp",0.000199262959748902,0.552970225055772,TRUE
773,"ARMCX2","exp",0.000198885417514643,0.553169110473287,TRUE
774,"HIST2H3D","exp",0.000198801638650035,0.553367912111937,TRUE
775,"CTRL","exp",0.000198732204521309,0.553566644316458,TRUE
776,"SMC1B;RIBC2","meth",0.000198502782198263,0.553765147098656,TRUE
777,"KIAA1755","exp",0.000198336719685818,0.553963483818342,TRUE
778,"RHD","exp",0.000197934296110007,0.554161418114452,TRUE
779,"MTUS1","exp",0.000197642588663413,0.554359060703116,TRUE
780,"ADAMTSL2.1","meth",0.000197143560066645,0.554556204263182,TRUE
781,"ALDH1L2","exp",0.000196951775153215,0.554753156038336,TRUE
782,"KCTD20","exp",0.000196840358141137,0.554949996396477,TRUE
783,"RPL17","exp",0.00019682594331697,0.555146822339794,TRUE
784,"MAP4K2","exp",0.00019681241627776,0.555343634756071,TRUE
785,"ZSCAN5A","exp",0.00019675912581759,0.555540393881889,TRUE
786,"OR8B8","meth",0.000196092235775701,0.555736486117665,TRUE
787,"ESYT3.1","meth",0.000196071326103692,0.555932557443768,TRUE
788,"MOBKL2B.1","meth",0.000195990654486434,0.556128548098255,TRUE
789,"LOC286467","exp",0.000195890404874602,0.556324438503129,TRUE
790,"TEX264","exp",0.000195730369954758,0.556520168873084,TRUE
791,"ZYG11A","exp",0.000195390371679067,0.556715559244763,TRUE
792,"STK39","exp",0.000194895992271941,0.556910455237035,TRUE
793,"OAF.1","meth",0.000194315953297865,0.557104771190333,TRUE
794,"CCDC80","exp",0.000194315719670245,0.557299086910003,TRUE
795,"ACOT8;ZSWIM3","meth",0.000194164270565444,0.557493251180569,TRUE
796,"RNASE1","exp",0.000193633935867568,0.557686885116436,TRUE
797,"LRRC43","exp",0.000193589873698396,0.557880474990135,TRUE
798,"C16orf68","exp",0.000193471050690758,0.558073946040825,TRUE
799,"SKP2;LMBRD2","meth",0.000193411171931698,0.558267357212757,TRUE
800,"PARP8.1","meth",0.000193353220600505,0.558460710433358,TRUE
801,"NCOA5","meth",0.000192998200068834,0.558653708633426,TRUE
802,"GFRA3","exp",0.000192991822034803,0.558846700455461,TRUE
803,"NHLRC1.1","meth",0.000192621300310531,0.559039321755772,TRUE
804,"GCNT3","exp",0.000192179043225474,0.559231500798997,TRUE
805,"DLX2","exp",0.000192108113879978,0.559423608912877,TRUE
806,"INGX","exp",0.000191999336860008,0.559615608249737,TRUE
807,"CCDC153","exp",0.000191906329704403,0.559807514579442,TRUE
808,"HAS2;HAS2AS","meth",0.000191611912177415,0.559999126491619,TRUE
809,"TMEM161B","exp",0.000191514769812931,0.560190641261432,TRUE
810,"C8ORFK29","exp",0.000190897595728623,0.560381538857161,TRUE
811,"CYTH3","exp",0.000190846501368083,0.560572385358529,TRUE
812,"C1QTNF6.1","meth",0.000190695461111618,0.56076308081964,TRUE
813,"PLA2G1B","exp",0.000190629461308909,0.560953710280949,TRUE
814,"NAPA","meth",0.000190472533636414,0.561144182814586,TRUE
815,"p53 signaling pathway ","path_mut",0.000190316330209542,0.561334499144795,TRUE
816,"SNX15","meth",0.000190312136593759,0.561524811281389,TRUE
817,"C1R.1","meth",0.000189917434410795,0.5617147287158,TRUE
818,"RHCE","exp",0.000189872320917333,0.561904601036717,TRUE
819,"SLC26A1","exp",0.000189806064124241,0.562094407100841,TRUE
820,"FAM118B","exp",0.000189658563326222,0.562284065664167,TRUE
821,"GPR19","exp",0.000189303624564218,0.562473369288732,TRUE
822,"CACNG4","exp",0.000189000843168427,0.5626623701319,TRUE
823,"EXD3","exp",0.000188876132744759,0.562851246264645,TRUE
824,"PRC1","exp",0.00018865257447498,0.56303989883912,TRUE
825,"DUSP16.1","meth",0.000188556436709264,0.563228455275829,TRUE
826,"MAT2B","meth",0.000188141712639248,0.563416596988468,TRUE
827,"PLEKHA4;HSD17B14","meth",0.0001873048935478,0.563603901882016,TRUE
828,"KLHL26.1","meth",0.000187288726516481,0.563791190608533,TRUE
829,"PCDHB10.1","meth",0.000187101287076787,0.563978291895609,TRUE
830,"HAPLN3","exp",0.000186901932628462,0.564165193828238,TRUE
831,"COL1A2","exp",0.000186869037859537,0.564352062866097,TRUE
832,"ZNF790","exp",0.000186802897880255,0.564538865763978,TRUE
833,"NDC80;METTL4","meth",0.000186658422559918,0.564725524186538,TRUE
834,"S1PR5.1","meth",0.000186600950165346,0.564912125136703,TRUE
835,"ZBTB39","exp",0.000186515068652157,0.565098640205355,TRUE
836,"KCNAB1","exp",0.000186353713736259,0.565284993919091,TRUE
837,"IGSF9","exp",0.000186144874006554,0.565471138793098,TRUE
838,"IDI2","exp",0.000185790028695598,0.565656928821793,TRUE
839,"UBXN8.1","meth",0.000185414916188589,0.565842343737982,TRUE
840,"SLC24A1","exp",0.000185299644320778,0.566027643382303,TRUE
841,"DDHD1.1","meth",0.000185044336057412,0.56621268771836,TRUE
842,"RAG1AP1","exp",0.000184790978584676,0.566397478696945,TRUE
843,"FAM111B","exp",0.000184639833195781,0.566582118530141,TRUE
844,"KAZALD1","exp",0.0001846331164017,0.566766751646542,TRUE
845,"DRG2","meth",0.000184603761091221,0.566951355407634,TRUE
846,"SFXN5.1","meth",0.000184531745377291,0.567135887153011,TRUE
847,"LOC387647","exp",0.000184374759297891,0.567320261912309,TRUE
848,"PHTF2","exp",0.000184326246522555,0.567504588158831,TRUE
849,"PARP4.1","meth",0.00018432607130184,0.567688914230133,TRUE
850,"C19orf66","exp",0.000184253693465099,0.567873167923598,TRUE
851,"GIT1","meth",0.00018379811960569,0.568056966043204,TRUE
852,"C15orf41","exp",0.000183605166554158,0.568240571209758,TRUE
853,"SARM1.1","meth",0.00018347467384689,0.568424045883605,TRUE
854,"SEPSECS","exp",0.000183414012435303,0.56860745989604,TRUE
855,"SLAMF6.1","meth",0.000183361527990423,0.568790821424031,TRUE
856,"SREBF2","exp",0.000183358911361076,0.568974180335392,TRUE
857,"RPS14","meth",0.000183023153426692,0.569157203488818,TRUE
858,"PDLIM1","exp",0.000183003493662451,0.569340206982481,TRUE
859,"TCEA2.1","meth",0.000182873491573186,0.569523080474054,TRUE
860,"ZNF473","exp",0.000182731854828433,0.569705812328883,TRUE
861,"DNM3.1","meth",0.00018263355600723,0.56988844588489,TRUE
862,"MGP","exp",0.000182453125396142,0.570070899010286,TRUE
863,"APCDD1","exp",0.000182365947249661,0.570253264957535,TRUE
864,"ZDHHC11.1","meth",0.000182105230506888,0.570435370188042,TRUE
865,"C11orf17","exp",0.000181838953426754,0.570617209141469,TRUE
866,"UTP23","exp",0.000181648722136998,0.570798857863606,TRUE
867,"RPP38","exp",0.000181088856907927,0.570979946720514,TRUE
868,"COL8A1","exp",0.000181044631199422,0.571160991351713,TRUE
869,"ZPBP2","meth",0.000180903683656149,0.57134189503537,TRUE
870,"C15orf21","exp",0.000180508595987612,0.571522403631357,TRUE
871,"BRMS1L","exp",0.000180279185345947,0.571702682816703,TRUE
872,"OSBP2","exp",0.000179924982510947,0.571882607799214,TRUE
873,"TNF signaling pathway ","path_mut",0.000179898874624389,0.572062506673839,TRUE
874,"PUS7L","exp",0.000179837582418227,0.572242344256257,TRUE
875,"GFI1B.1","meth",0.000179716458178529,0.572422060714435,TRUE
876,"SEMA3F","exp",0.000179609199738091,0.572601669914173,TRUE
877,"FLJ13197;KLF3","meth",0.000179501871209367,0.572781171785383,TRUE
878,"SYNGR4","exp",0.000179425521703082,0.572960597307086,TRUE
879,"NOTCH2NL","exp",0.000179384181295686,0.573139981488382,TRUE
880,"PUM1","meth",0.000179276735953151,0.573319258224335,TRUE
881,"MAPRE1","meth",0.000179236668816285,0.573498494893151,TRUE
882,"STK19;DOM3Z","meth",0.00017850322994678,0.573676998123098,TRUE
883,"ENPP6","exp",0.000178436167138399,0.573855434290236,TRUE
884,"MYCBPAP","exp",0.000178390107453074,0.574033824397689,TRUE
885,"RAB26","exp",0.000178378893327304,0.574212203291017,TRUE
886,"HARBI1","exp",0.000178169703156169,0.574390372994173,TRUE
887,"TMEM106C","exp",0.000178076590868134,0.574568449585041,TRUE
888,"FOXI1","meth",0.00017802059032757,0.574746470175368,TRUE
889,"KIAA1797","exp",0.000177974869402295,0.574924445044771,TRUE
890,"PTTG3P","exp",0.000177923202654085,0.575102368247425,TRUE
891,"TBX1","exp",0.000177843290326593,0.575280211537751,TRUE
892,"AGAP5","exp",0.000177381618786296,0.575457593156538,TRUE
893,"UROD;HECTD3","meth",0.00017730051495794,0.575634893671496,TRUE
894,"ZNF354B.1","meth",0.000177270704073601,0.575812164375569,TRUE
895,"CD276","exp",0.000176806637850198,0.575988971013419,TRUE
896,"TESK2","exp",0.000176766640801618,0.576165737654221,TRUE
897,"CREB3L1","exp",0.000176698550031708,0.576342436204253,TRUE
898,"DUSP3.1","meth",0.000176557532400149,0.576518993736653,TRUE
899,"ZNF655.1","meth",0.000176254096847021,0.5766952478335,TRUE
900,"UFM1","meth",0.000176210233261326,0.576871458066761,TRUE
901,"EPB49","exp",0.000175952109785138,0.577047410176546,TRUE
902,"PRELID1;RAB24","meth",0.00017594069707589,0.577223350873622,TRUE
903,"UFC1","meth",0.000175914028483043,0.577399264902105,TRUE
904,"ARPP-21","meth",0.000175788418593038,0.577575053320698,TRUE
905,"FCHO2","exp",0.000175737966708453,0.577750791287407,TRUE
906,"RPGRIP1","exp",0.000175626000671468,0.577926417288078,TRUE
907,"ME2.1","meth",0.000175471409275175,0.578101888697353,TRUE
908,"ENTPD3","exp",0.000175438876629061,0.578277327573983,TRUE
909,"C9orf85;FAM108B1","meth",0.000175340005420188,0.578452667579403,TRUE
910,"CRYZ","exp",0.000175184666415511,0.578627852245818,TRUE
911,"HERC5","exp",0.000174975686509233,0.578802827932328,TRUE
912,"HOXC6","exp",0.000174770795086309,0.578977598727414,TRUE
913,"LOC100132247","exp",0.000174731825999258,0.579152330553413,TRUE
914,"FGGY","exp",0.000174643035822197,0.579326973589235,TRUE
915,"DUSP6","exp",0.000174385706679917,0.579501359295915,TRUE
916,"CES2","exp",0.000174071313991401,0.579675430609907,TRUE
917,"SRR","exp",0.000173797233748752,0.579849227843655,TRUE
918,"FAM98C","exp",0.0001737053012802,0.580022933144936,TRUE
919,"LOC388242","exp",0.000173479663724601,0.58019641280866,TRUE
920,"CHEK2","exp",0.000173276874950259,0.58036968968361,TRUE
921,"MAPK8IP2","exp",0.000173206704894529,0.580542896388505,TRUE
922,"ZNF274","exp",0.000173175807641756,0.580716072196147,TRUE
923,"ZNF544","exp",0.000173133217326592,0.580889205413473,TRUE
924,"EPHB1","exp",0.000173090218163092,0.581062295631636,TRUE
925,"TRIM21","exp",0.000172887674697751,0.581235183306334,TRUE
926,"LOC100132832","exp",0.000172794866125623,0.58140797817246,TRUE
927,"NSUN7.1","meth",0.00017279471426767,0.581580772886727,TRUE
928,"BZW2","exp",0.00017264200357372,0.581753414890301,TRUE
929,"PART1;PDE4D","meth",0.000172527946569534,0.581925942836871,TRUE
930,"RHOQ","exp",0.000172495776046231,0.582098438612917,TRUE
931,"CBFA2T2.1","meth",0.000172401881105668,0.582270840494023,TRUE
932,"PPP1R14C.1","meth",0.000172376345606779,0.582443216839629,TRUE
933,"PTGR1.1","meth",0.000172344829240813,0.58261556166887,TRUE
934,"C15orf28","exp",0.000172268362920718,0.582787830031791,TRUE
935,"NRSN2.1","meth",0.000172216579358699,0.58296004661115,TRUE
936,"PAX2","meth",0.000172129950237125,0.583132176561387,TRUE
937,"FAM189B","exp",0.000172125896797915,0.583304302458185,TRUE
938,"TLN2","exp",0.000172068471128867,0.583476370929313,TRUE
939,"BEX2","exp",0.00017199578957622,0.58364836671889,TRUE
940,"CREB5.1","meth",0.000171967871075605,0.583820334589965,TRUE
941,"PALM3","exp",0.000171943854156247,0.583992278444122,TRUE
942,"RPS18","exp",0.000171885190260812,0.584164163634382,TRUE
943,"FLJ43663","exp",0.000171878812226781,0.584336042446609,TRUE
944,"WFDC3","exp",0.000171874887282761,0.584507917333892,TRUE
945,"FARSA","meth",0.00017186493474614,0.584679782268638,TRUE
946,"HEY2","exp",0.000171717959610266,0.584851500228248,TRUE
947,"FIBP","meth",0.000171595970948374,0.585023096199197,TRUE
948,"ASCC3.1","meth",0.000171496200273163,0.58519459239947,TRUE
949,"MDM2","exp",0.000171480593948133,0.585366072993418,TRUE
950,"MSTO2P","exp",0.000171341351886488,0.585537414345304,TRUE
951,"CFLAR","exp",0.000171030837416467,0.585708445182721,TRUE
952,"PPPDE2","exp",0.000170966274423623,0.585879411457145,TRUE
953,"ZC3H7B","meth",0.000170957653564437,0.586050369110709,TRUE
954,"RABGGTA","exp",0.000170840746303284,0.586221209857012,TRUE
955,"GGH","exp",0.000170792595650759,0.586392002452663,TRUE
956,"ANLN;KIAA0895","meth",0.000170609326464085,0.586562611779127,TRUE
957,"TBL1X.1","meth",0.000170556818656443,0.586733168597783,TRUE
958,"SCGB3A1","exp",0.000170519987262117,0.586903688585046,TRUE
959,"FANCD2;CIDECP","meth",0.000170256595483092,0.587073945180529,TRUE
960,"TPM4","exp",0.000170056832186432,0.587244002012715,TRUE
961,"LOC338758","exp",0.00016986688124982,0.587413868893965,TRUE
962,"TRAPPC1;CNTROB","meth",0.000169582533073263,0.587583451427038,TRUE
963,"CENPQ;MUT","meth",0.000169513998410875,0.587752965425449,TRUE
964,"ASGR2.1","meth",0.000169513402660443,0.58792247882811,TRUE
965,"AOX1.1","meth",0.000169474363485106,0.588091953191595,TRUE
966,"USP25","exp",0.000169185529658241,0.588261138721253,TRUE
967,"MT1A","meth",0.000169037292933218,0.588430176014186,TRUE
968,"RUSC1","exp",0.000168882386139638,0.588599058400326,TRUE
969,"KIR3DX1","meth",0.000168588143833364,0.588767646544159,TRUE
970,"PAOX.1","meth",0.000168563869923625,0.588936210414083,TRUE
971,"GALNT9","exp",0.000168548193510309,0.589104758607593,TRUE
972,"GABPB2","exp",0.000168527762774921,0.589273286370368,TRUE
973,"COX7A1","exp",0.00016841607709108,0.589441702447459,TRUE
974,"PRAP1","meth",0.000168003070184073,0.589609705517643,TRUE
975,"MRAP2","exp",0.000167924746524398,0.589777630264168,TRUE
976,"KIF9","exp",0.00016790084641885,0.589945531110586,TRUE
977,"ABCD1","exp",0.000167891115828469,0.590113422226415,TRUE
978,"GOLT1A","exp",0.000167796403191236,0.590281218629606,TRUE
979,"TFB2M","exp",0.000167374892238853,0.590448593521845,TRUE
980,"UAP1","exp",0.000167167208965868,0.590615760730811,TRUE
981,"SGK494","exp",0.000166994312845532,0.590782755043656,TRUE
982,"SCLY","exp",0.00016651154473113,0.590949266588387,TRUE
983,"CHRNA7.1","meth",0.000166430487628298,0.591115697076016,TRUE
984,"AEN","exp",0.000166428466749384,0.591282125542765,TRUE
985,"PMS2L4","exp",0.000166389684564429,0.59144851522733,TRUE
986,"EHF","meth",0.000166240162887495,0.591614755390217,TRUE
987,"PDE4C","exp",0.000166237943425103,0.591780993333642,TRUE
988,"VEGF signaling pathway ","path_mut",0.000166155870042123,0.591947149203684,TRUE
989,"C9orf103","exp",0.000166099203662841,0.592113248407347,TRUE
990,"LOC100272216","exp",0.000166042712504274,0.592279291119851,TRUE
991,"ID1","exp",0.000166033168815989,0.592445324288667,TRUE
992,"P4HA1.1","meth",0.000165861008622656,0.59261118529729,TRUE
993,"ARNTL.1","meth",0.000165852084047564,0.592777037381338,TRUE
994,"LOC100216545","exp",0.000165783070448554,0.592942820451786,TRUE
995,"PPP2R4;CRAT","meth",0.000165754521153365,0.59310857497294,TRUE
996,"DCP1A","meth",0.000165739452171861,0.593274314425111,TRUE
997,"ATP9A","exp",0.00016562072261527,0.593439935147727,TRUE
998,"MAF","exp",0.000165312894862882,0.59360524804259,TRUE
999,"PGAP2","exp",0.000165305582318369,0.593770553624908,TRUE
1000,"PANX2","exp",0.000165181526052038,0.59393573515096,TRUE
1001,"BDKRB1","meth",0.000165118131197294,0.594100853282157,TRUE
1002,"C19orf40","exp",0.00016510548026166,0.594265958762419,TRUE
1003,"LOC100130015","exp",0.000165009984971899,0.594430968747391,TRUE
1004,"KIAA1549","exp",0.00016489867309225,0.594595867420483,TRUE
1005,"CYP7B1.1","meth",0.000164808703095707,0.594760676123579,TRUE
1006,"RND2","exp",0.000164799229495708,0.594925475353074,TRUE
1007,"PRDX2","exp",0.000164622081352684,0.595090097434427,TRUE
1008,"LETM1","meth",0.000164578790154659,0.595254676224582,TRUE
1009,"DISC1","exp",0.000164241782312506,0.595418918006894,TRUE
1010,"RIMKLB","exp",0.00016420726383162,0.595583125270726,TRUE
1011,"DPCD","exp",0.000164105285375399,0.595747230556101,TRUE
1012,"ZNF257","exp",0.000163840199796128,0.595911070755897,TRUE
1013,"PAFAH2","exp",0.000163692126610439,0.596074762882508,TRUE
1014,"ANKDD1A.1","meth",0.000163668717122894,0.596238431599631,TRUE
1015,"CUTC","exp",0.00016348682633918,0.59640191842597,TRUE
1016,"NXF3","exp",0.000163478076984803,0.596565396502955,TRUE
1017,"ADM","exp",0.000163397966073833,0.596728794469029,TRUE
1018,"AUTS2","exp",0.000163133476244993,0.596891927945274,TRUE
1019,"ASPN","exp",0.000163108875256585,0.59705503682053,TRUE
1020,"NCRNA00219","exp",0.000163066588657327,0.597218103409187,TRUE
1021,"ESM1.1","meth",0.000163021031271386,0.597381124440459,TRUE
1022,"C11orf82","exp",0.000162988849066703,0.597544113289526,TRUE
1023,"LGALS12","exp",0.000162979468917751,0.597707092758443,TRUE
1024,"A2LD1","exp",0.000162889393788779,0.597869982152232,TRUE
1025,"NBPF1","exp",0.000162840191811963,0.598032822344044,TRUE
1026,"MAN2B1","exp",0.000162827716097044,0.598195650060141,TRUE
1027,"MPP2.1","meth",0.000162746191738972,0.59835839625188,TRUE
1028,"ID2","exp",0.000162704886375719,0.598521101138256,TRUE
1029,"LOC727896","exp",0.000162672715852416,0.598683773854108,TRUE
1030,"SENP8","exp",0.000162662669864747,0.598846436523973,TRUE
1031,"VSIG2.1","meth",0.000162654376084229,0.599009090900057,TRUE
1032,"PAX8","exp",0.000161977907309912,0.599171068807367,TRUE
1033,"ARL3","exp",0.000161954053929889,0.599333022861297,TRUE
1034,"C16orf55","exp",0.000161880998573049,0.59949490385987,TRUE
1035,"TBPL1","exp",0.000161873849567871,0.599656777709438,TRUE
1036,"EIF4A1","meth",0.000161842146299808,0.599818619855738,TRUE
1037,"NCK1","exp",0.000161742959693648,0.599980362815431,TRUE
1038,"ARMC7","exp",0.00016173696714519,0.600142099782577,TRUE
1039,"B3GNT7","exp",0.000161674354942973,0.60030377413752,TRUE
1040,"CHRAC1.1","meth",0.000161598694638169,0.600465372832158,TRUE
1041,"SOCS1","exp",0.000161486214620419,0.600626859046778,TRUE
1042,"GALNS","exp",0.000161307477809577,0.600788166524588,TRUE
1043,"RERE","exp",0.000161225567965932,0.600949392092554,TRUE
1044,"HIST1H4E","exp",0.000161101336478885,0.601110493429033,TRUE
1045,"FAM49B","exp",0.000160976532604169,0.601271469961637,TRUE
1046,"SYT3","exp",0.000160965715645353,0.601432435677282,TRUE
1047,"RPN1","meth",0.000160845187156087,0.601593280864438,TRUE
1048,"PREP.1","meth",0.000160733115986672,0.601754013980425,TRUE
1049,"ID1.1","meth",0.000160697277509732,0.601914711257935,TRUE
1050,"ZNF642","exp",0.000160678166770399,0.602075389424705,TRUE
1051,"Chemical carcinogenesis - reactive oxygen species ","path_mut",0.000160650365083594,0.602236039789789,TRUE
1052,"CRIM1","exp",0.000160633497169415,0.602396673286958,TRUE
1053,"TRIM46","exp",0.000160565453125029,0.602557238740083,TRUE
1054,"ZNF511;TUBGCP2","meth",0.00016019069105945,0.602717429431142,TRUE
1055,"NALCN","meth",0.000159945650729993,0.602877375081872,TRUE
1056,"ZNF530.1","meth",0.00015988156667377,0.603037256648546,TRUE
1057,"DLEU1","exp",0.000159823031273526,0.60319707967982,TRUE
1058,"ZNF572","exp",0.000159724171746035,0.603356803851566,TRUE
1059,"DIRC2","exp",0.000159696054661942,0.603516499906228,TRUE
1060,"GFI1.1","meth",0.000159649808074522,0.603676149714302,TRUE
1061,"CEP97.1","meth",0.000159490707665159,0.603835640421967,TRUE
1062,"TNFRSF21.1","meth",0.000159414264707826,0.603995054686675,TRUE
1063,"STBD1","exp",0.000159403307572439,0.604154457994248,TRUE
1064,"SFT2D1","exp",0.000159398845284893,0.604313856839533,TRUE
1065,"TSHZ1","exp",0.000159174305779109,0.604473031145312,TRUE
1066,"PDE8A","exp",0.000159166362440022,0.604632197507752,TRUE
1067,"C22orf23;POLR2F","meth",0.000159064162037561,0.604791261669789,TRUE
1068,"KIAA0196","exp",0.000159014340947551,0.604950276010737,TRUE
1069,"SLC6A2","meth",0.000158974577526592,0.605109250588263,TRUE
1070,"WNT11","exp",0.000158970512406,0.60526822110067,TRUE
1071,"AKR1B1.1","meth",0.000158516982788268,0.605426738083458,TRUE
1072,"FBXO25","exp",0.000158273589533533,0.605585011672991,TRUE
1073,"CYP3A5.1","meth",0.000157842067637625,0.605742853740629,TRUE
1074,"FAM173B","exp",0.000157793169376715,0.605900646910006,TRUE
1075,"RBBP6","meth",0.000157765846626531,0.606058412756632,TRUE
1076,"SLC1A2","exp",0.000157686039431468,0.606216098796064,TRUE
1077,"MNS1","exp",0.00015758063833061,0.606373679434394,TRUE
1078,"ERCC4.1","meth",0.000157494359650467,0.606531173794045,TRUE
1079,"FBLN5","exp",0.000157430427452196,0.606688604221497,TRUE
1080,"LOC201651","exp",0.000157376155756022,0.606845980377253,TRUE
1081,"SMC4;IFT80","meth",0.000157359533150844,0.607003339910404,TRUE
1082,"KCNG1.1","meth",0.000157329255011265,0.607160669165415,TRUE
1083,"LEMD3","meth",0.000157226342044562,0.60731789550746,TRUE
1084,"LRRK2","exp",0.000157115789454679,0.607475011296914,TRUE
1085,"SEC24D","exp",0.000157080815399933,0.607632092112314,TRUE
1086,"OPN3","exp",0.00015704517550647,0.607789137287821,TRUE
1087,"SHANK3","exp",0.000156976302084033,0.607946113589905,TRUE
1088,"RAMP1.1","meth",0.000156976243677128,0.608103089833582,TRUE
1089,"SFRP5","exp",0.000156955147103023,0.608260044980685,TRUE
1090,"HDAC9.1","meth",0.000156898048512643,0.608416943029197,TRUE
1091,"ICT1","exp",0.000156841230275408,0.608573784259473,TRUE
1092,"TMEM102","exp",0.000156792495553833,0.608730576755027,TRUE
1093,"TMEM33","meth",0.00015676899261524,0.608887345747642,TRUE
1094,"Regulation of actin cytoskeleton ","path_mut",0.000156670658749893,0.609044016406392,TRUE
1095,"CGRRF1.1","meth",0.000156430209203173,0.609200446615595,TRUE
1096,"TEKT3.1","meth",0.000156365400901327,0.609356812016496,TRUE
1097,"ZFP2","exp",0.000156319703338814,0.609513131719835,TRUE
1098,"C6orf211","exp",0.00015625931059899,0.609669391030434,TRUE
1099,"PRIM2","exp",0.000156257336445599,0.60982564836688,TRUE
1100,"MTRF1.1","meth",0.000156216696921064,0.609981865063801,TRUE
1101,"LQK1","exp",0.000156206393943012,0.610138071457744,TRUE
1102,"EBPL","exp",0.000155967205985442,0.610294038663729,TRUE
1103,"C16orf46.1","meth",0.000155905633426135,0.610449944297155,TRUE
1104,"C17orf47","exp",0.000155826527113932,0.610605770824269,TRUE
1105,"ZNF461","exp",0.000155786249712208,0.610761557073981,TRUE
1106,"TRIO.1","meth",0.000155508197800016,0.610917065271781,TRUE
1107,"CD40.1","meth",0.000155504763473999,0.611072570035256,TRUE
1108,"IL6","exp",0.000155379188628136,0.611227949223884,TRUE
1109,"OR1E2","meth",0.000155247352562051,0.611383196576446,TRUE
1110,"HSCB;CHEK2","meth",0.000155141834647384,0.611538338411093,TRUE
1111,"SMYD2","exp",0.000155071115566746,0.61169340952666,TRUE
1112,"Apoptosis ","path_mut",0.000155032263293505,0.611848441789953,TRUE
1113,"PLAT","exp",0.000154998632597576,0.612003440422551,TRUE
1114,"ACER1","meth",0.00015491682788636,0.612158357250437,TRUE
1115,"IL2RG.1","meth",0.000154846447565772,0.612313203698003,TRUE
1116,"KIAA1191","meth",0.000154746384856036,0.612467950082859,TRUE
1117,"MAP4K3","exp",0.000154637035448397,0.612622587118308,TRUE
1118,"TBXA2R","exp",0.000154398209613637,0.612776985327921,TRUE
1119,"EFNA5","exp",0.00015434772268491,0.612931333050606,TRUE
1120,"FAM49A","exp",0.000154258079767035,0.613085591130373,TRUE
1121,"TNXB.1","meth",0.000154240137165803,0.613239831267539,TRUE
1122,"C21orf82","exp",0.000154202674976903,0.613394033942516,TRUE
1123,"Spliceosome ","path_mut",0.000154155190163095,0.613548189132679,TRUE
1124,"C1orf122","exp",0.000154064566009216,0.613702253698688,TRUE
1125,"KCNK7","exp",0.000154032535662485,0.61385628623435,TRUE
1126,"SERPIND1","exp",0.000154021181360143,0.61401030741571,TRUE
1127,"UCK2","exp",0.000153957354294301,0.614164264770005,TRUE
1128,"DNAJB11","exp",0.000153620253001101,0.614317885023006,TRUE
1129,"ABCC2","exp",0.000153432591615167,0.614471317614621,TRUE
1130,"TMEM145.1","meth",0.000153390480236624,0.614624708094858,TRUE
1131,"SLC3A1.1","meth",0.000153075842239107,0.614777783937097,TRUE
1132,"PAPOLG.1","meth",0.000152957509849471,0.614930741446946,TRUE
1133,"MRPS25.1","meth",0.000152900014092137,0.615083641461039,TRUE
1134,"SMNDC1","meth",0.000152861266951325,0.61523650272799,TRUE
1135,"HPS1.1","meth",0.000152803595973276,0.615389306323963,TRUE
1136,"IL17RE;IL17RC","meth",0.00015244481403692,0.615541751138,TRUE
1137,"MRPS36","exp",0.00015241903322903,0.615694170171229,TRUE
1138,"C6orf150","exp",0.000152376115835198,0.615846546287064,TRUE
1139,"FFAR2","exp",0.000152270539513625,0.615998816826578,TRUE
1140,"BTN2A1","exp",0.000152200906801421,0.616151017733379,TRUE
1141,"EFNA3","exp",0.000152109114509441,0.616303126847889,TRUE
1142,"NICN1","exp",0.000152056781922514,0.616455183629811,TRUE
1143,"CYP4X1","exp",0.000151834450197741,0.616607018080009,TRUE
1144,"AHI1","exp",0.000151833328785164,0.616758851408794,TRUE
1145,"C1orf21.1","meth",0.000151707368453728,0.616910558777248,TRUE
1146,"C4orf23","exp",0.000151602212661872,0.61706216098991,TRUE
1147,"SPRYD4","exp",0.000151557893502318,0.617213718883412,TRUE
1148,"RPS24","meth",0.000151489312114406,0.617365208195527,TRUE
1149,"ARPM1","exp",0.000151271185686797,0.617516479381213,TRUE
1150,"TOMM20L","exp",0.000151235323847095,0.61766771470506,TRUE
1151,"GPATCH2","exp",0.000151144501109738,0.61781885920617,TRUE
1152,"HSN2","exp",0.000151072567165475,0.617969931773336,TRUE
1153,"COLEC12.1","meth",0.000151019767323308,0.618120951540659,TRUE
1154,"IRX3","exp",0.000150853798261911,0.618271805338921,TRUE
1155,"NR2C2AP","exp",0.000150619025866362,0.618422424364787,TRUE
1156,"XRCC5","meth",0.000150591317630605,0.618573015682418,TRUE
1157,"ITGA5.1","meth",0.000150547629265626,0.618723563311684,TRUE
1158,"RXRA","exp",0.00015053114683702,0.618874094458521,TRUE
1159,"SCFD2","exp",0.000150488685017047,0.619024583143538,TRUE
1160,"ZNF853","exp",0.000150469679410143,0.619175052822948,TRUE
1161,"REG1A","meth",0.000150257230133705,0.619325310053081,TRUE
1162,"CNTN2.1","meth",0.000150239147355901,0.619475549200437,TRUE
1163,"LOC80054;CEBPA","meth",0.000150217875561081,0.619625767075998,TRUE
1164,"NDUFB8","exp",0.000150136059168484,0.619775903135167,TRUE
1165,"EPS8L2","exp",0.000150042105821016,0.619925945240988,TRUE
1166,"FCGR3A","exp",0.000149873999066894,0.620075819240055,TRUE
1167,"YBX2","exp",0.000149801738043963,0.620225620978099,TRUE
1168,"KSR1","exp",0.000149787661979846,0.620375408640079,TRUE
1169,"DYNC1I1","exp",0.00014978251049082,0.620525191150569,TRUE
1170,"BHMT2;DMGDH","meth",0.000149720190323129,0.620674911340892,TRUE
1171,"SESTD1","exp",0.000149650429115735,0.620824561770008,TRUE
1172,"GLDC","exp",0.000149639343485156,0.620974201113493,TRUE
1173,"SLC25A14","exp",0.000149529445052609,0.621123730558546,TRUE
1174,"ALG3","exp",0.000149401825965069,0.621273132384511,TRUE
1175,"MAP6D1","exp",0.000149114534080498,0.621422246918592,TRUE
1176,"PPP1R3G","exp",0.000149047576404545,0.621571294494996,TRUE
1177,"SEPT11.1","meth",0.00014892971127015,0.621720224206266,TRUE
1178,"C9orf23.1","meth",0.000148831611032424,0.621869055817299,TRUE
1179,"NECAB2","meth",0.000148617000700499,0.622017672817999,TRUE
1180,"SOX5.1","meth",0.000148490783378681,0.622166163601378,TRUE
1181,"CCDC138","exp",0.000148470983437868,0.622314634584816,TRUE
1182,"WDR5","meth",0.000148455785961173,0.622463090370777,TRUE
1183,"RAD54B","exp",0.000148436593452173,0.622611526964229,TRUE
1184,"C2orf28;CAD","meth",0.000148349006457356,0.622759875970686,TRUE
1185,"ZNF268","exp",0.000148168622571792,0.622908044593258,TRUE
1186,"TMEM117.1","meth",0.000148055827156755,0.623056100420415,TRUE
1187,"ZNF707","exp",0.000148029894490912,0.623204130314906,TRUE
1188,"CHRM5.1","meth",0.000147980867734811,0.62335211118264,TRUE
1189,"DYNC2H1","exp",0.000147737918372555,0.623499849101013,TRUE
1190,"SUMO4","exp",0.000147672888124469,0.623647521989138,TRUE
1191,"C3orf23","exp",0.000147598115604621,0.623795120104742,TRUE
1192,"C16orf87","exp",0.000147579542208814,0.623942699646951,TRUE
1193,"SRL","exp",0.000147328182252231,0.624090027829203,TRUE
1194,"FOXK1","exp",0.000147193028673939,0.624237220857877,TRUE
1195,"ANO8","exp",0.000147159573198725,0.624384380431076,TRUE
1196,"GYG2","exp",0.000147123874898357,0.624531504305974,TRUE
1197,"AGA","exp",0.000146814995821678,0.624678319301796,TRUE
1198,"SCARNA10","exp",0.000146716358240425,0.624825035660036,TRUE
1199,"DNAH8","exp",0.000146540261421692,0.624971575921458,TRUE
1200,"RAMP3","exp",0.000146520893691977,0.62511809681515,TRUE
1201,"STIM2","exp",0.000146445922588652,0.625264542737739,TRUE
1202,"MUC6","exp",0.000146409149601231,0.62541095188734,TRUE
1203,"TRAM2","exp",0.000146312053962272,0.625557263941302,TRUE
1204,"C2orf55","exp",0.000146212458507776,0.62570347639981,TRUE
1205,"RANBP1","exp",0.000146208767191377,0.625849685167001,TRUE
1206,"SNX18.1","meth",0.000146105503783244,0.625995790670784,TRUE
1207,"CACHD1.1","meth",0.000146024411636269,0.626141815082421,TRUE
1208,"C21orf57","exp",0.00014598003406981,0.626287795116491,TRUE
1209,"HIST1H3H.1","meth",0.000145921136546756,0.626433716253037,TRUE
1210,"CHRDL2","meth",0.000145880111536647,0.626579596364574,TRUE
1211,"GALNT14","exp",0.000145879842864883,0.626725476207439,TRUE
1212,"ZHX2","exp",0.000145874749782763,0.626871350957222,TRUE
1213,"CPPED1","exp",0.000145788214112237,0.627017139171334,TRUE
1214,"DNAH17","exp",0.000145620843285119,0.627162760014619,TRUE
1215,"NFATC2IP","meth",0.000145482418920145,0.627308242433539,TRUE
1216,"ROD1","exp",0.000145289874716949,0.627453532308256,TRUE
1217,"ATRIP","exp",0.000145226035969727,0.627598758344226,TRUE
1218,"ACN9","exp",0.000145198537998828,0.627743956882225,TRUE
1219,"PANK2","meth",0.000145179660887115,0.627889136543112,TRUE
1220,"ACTR3C","exp",0.000145160001122874,0.628034296544235,TRUE
1221,"ANXA2P3","exp",0.000144940916822023,0.628179237461057,TRUE
1222,"C10orf125.1","meth",0.000144907811788239,0.628324145272845,TRUE
1223,"PHYHIP.1","meth",0.00014487845647776,0.628469023729323,TRUE
1224,"RAB2A","meth",0.000144750895797125,0.62861377462512,TRUE
1225,"SSH2","exp",0.000144692757563836,0.628758467382684,TRUE
1226,"FAM72A","exp",0.000144652889010447,0.628903120271694,TRUE
1227,"YRDC","exp",0.000144638100382088,0.629047758372076,TRUE
1228,"MFAP1","meth",0.000144636429944603,0.629192394802021,TRUE
1229,"TMEM88","exp",0.000144523307450898,0.629336918109472,TRUE
1230,"ZNF583","exp",0.000144482153945598,0.629481400263417,TRUE
1231,"NKX2-8","meth",0.000144397732605035,0.629625797996022,TRUE
1232,"SLC22A15","exp",0.000144365970930067,0.629770163966952,TRUE
1233,"LAMB2","exp",0.000144365351816874,0.629914529318769,TRUE
1234,"CSRNP1","exp",0.000144225105156462,0.630058754423925,TRUE
1235,"RUFY3","exp",0.000144197513734515,0.63020295193766,TRUE
1236,"C8orf51","exp",0.000144187070579892,0.63034713900824,TRUE
1237,"GEMIN5","meth",0.000144159093672372,0.630491298101912,TRUE
1238,"C6orf129","exp",0.000144114459115531,0.630635412561028,TRUE
1239,"C1orf58;AIDA","meth",0.000144108618425025,0.630779521179453,TRUE
1240,"GPR173","exp",0.000144103922509859,0.630923625101963,TRUE
1241,"MED7","exp",0.000143969703442049,0.631067594805405,TRUE
1242,"Endocrine resistance ","path_mut",0.000143849058138972,0.631211443863544,TRUE
1243,"MED16","meth",0.000143843147360181,0.631355287010904,TRUE
1244,"ZP3","exp",0.000143727326467462,0.631499014337371,TRUE
1245,"ABLIM2","exp",0.000143651911471658,0.631642666248843,TRUE
1246,"GEMIN8.1","meth",0.000143523311148114,0.631786189559991,TRUE
1247,"SGSM1","exp",0.000143451400566613,0.631929640960558,TRUE
1248,"MDM1.1","meth",0.000143361302074879,0.632073002262633,TRUE
1249,"C10orf93","meth",0.000143178605275875,0.632216180867909,TRUE
1250,"PEX13;PUS10","meth",0.000143158384805346,0.632359339252714,TRUE
1251,"FOXJ1","exp",0.000143131669486975,0.632502470922201,TRUE
1252,"HEMK1","exp",0.000143047388322985,0.632645518310524,TRUE
1253,"MSRB3","exp",0.000143002158015712,0.63278852046854,TRUE
1254,"SNHG5","exp",0.00014297276766109,0.632931493236201,TRUE
1255,"LDB3","exp",0.000142689190455679,0.633074182426656,TRUE
1256,"CCDC7","exp",0.000142673525723744,0.63321685595238,TRUE
1257,"HEPH","exp",0.000142558884650507,0.633359414837031,TRUE
1258,"IPPK.1","meth",0.000142552553341999,0.633501967390373,TRUE
1259,"KIAA0125.1","meth",0.00014231788607888,0.633644285276451,TRUE
1260,"C18orf55;FBXO15","meth",0.000142175980662364,0.633786461257114,TRUE
1261,"THUMPD3","meth",0.000142145305355831,0.63392860656247,TRUE
1262,"TOM1","exp",0.000142032019322791,0.634070638581792,TRUE
1263,"SGTA","meth",0.000141938965441661,0.634212577547234,TRUE
1264,"COMMD5","meth",0.00014180426743723,0.634354381814671,TRUE
1265,"RAP2C.1","meth",0.000141748862647097,0.634496130677318,TRUE
1266,"TUBGCP6.1","meth",0.000141671029605424,0.634637801706924,TRUE
1267,"KIAA0513.1","meth",0.000141664885199012,0.634779466592123,TRUE
1268,"KRTAP11-1","meth",0.000141566235936379,0.634921032828059,TRUE
1269,"RNF175","exp",0.000141534485942792,0.635062567314002,TRUE
1270,"MIR639;TECR","meth",0.000141526811275468,0.635204094125278,TRUE
1271,"TMEM139;CASP2","meth",0.000141525000661412,0.635345619125939,TRUE
1272,"LOC100287227","exp",0.000141503144797541,0.635487122270737,TRUE
1273,"CCNYL1.1","meth",0.000141379520742307,0.635628501791479,TRUE
1274,"SLC39A13","exp",0.000141162200329988,0.635769663991809,TRUE
1275,"PHF13.1","meth",0.00014099008686218,0.635910654078671,TRUE
1276,"C4orf46","exp",0.000140969352410886,0.636051623431082,TRUE
1277,"FAM72B","exp",0.000140780312621993,0.636192403743704,TRUE
1278,"CCL13","exp",0.00014076802380917,0.636333171767513,TRUE
1279,"LPAL2","exp",0.00014068085734407,0.636473852624857,TRUE
1280,"C6orf26","exp",0.000140370997031386,0.636614223621889,TRUE
1281,"SMARCAD1.1","meth",0.00014036676837146,0.63675459039026,TRUE
1282,"VPS37A","exp",0.000140345473213878,0.636894935863474,TRUE
1283,"USP4","meth",0.000140096764930784,0.637035032628405,TRUE
1284,"ZBTB17.1","meth",0.000140048649322401,0.637175081277727,TRUE
1285,"PTRH2;TMEM49","meth",0.000139680931129572,0.637314762208857,TRUE
1286,"CIDECP","exp",0.000139661516674333,0.637454423725531,TRUE
1287,"GATA6","exp",0.000139658105711078,0.637594081831242,TRUE
1288,"LOC652276.1","meth",0.000139637768426739,0.637733719599669,TRUE
1289,"GLYAT","meth",0.000139569280489874,0.637873288880159,TRUE
1290,"BANK1.1","meth",0.000139534598469654,0.638012823478628,TRUE
1291,"CHD5.1","meth",0.000139493421601592,0.63815231690023,TRUE
1292,"WNK4","exp",0.000139448553417131,0.638291765453647,TRUE
1293,"RPGR","exp",0.000139395005966579,0.638431160459613,TRUE
1294,"LOC100130557","exp",0.000139383955380143,0.638570544414994,TRUE
1295,"RNF19B.1","meth",0.000139177043078304,0.638709721458072,TRUE
1296,"FRAS1","exp",0.000139167067178921,0.638848888525251,TRUE
1297,"ARMC1.1","meth",0.000138978015708647,0.638987866540959,TRUE
1298,"USP37;RQCD1","meth",0.000138964804066724,0.639126831345026,TRUE
1299,"C17orf61.1","meth",0.000138886714034669,0.639265718059061,TRUE
1300,"GAS2L3","exp",0.000138743675524196,0.639404461734585,TRUE
1301,"C6orf130","exp",0.000138727753801879,0.639543189488387,TRUE
1302,"NOC4L","exp",0.000138505737474393,0.639681695225861,TRUE
1303,"CBR1.1","meth",0.000138505433758487,0.63982020065962,TRUE
1304,"SHISA5","meth",0.000138474501461571,0.639958675161081,TRUE
1305,"CPT2","exp",0.000138454245946899,0.640097129407028,TRUE
1306,"TACC1","exp",0.000138430766371068,0.640235560173399,TRUE
1307,"PDXDC2","exp",0.00013841275368155,0.640373972927081,TRUE
1308,"CD5L","meth",0.000138391131445299,0.640512364058526,TRUE
1309,"TCEAL1","exp",0.000138341450531862,0.640650705509058,TRUE
1310,"ERI1","exp",0.000138280123281557,0.64078898563234,TRUE
1311,"SERPINE1","exp",0.000138234694390807,0.64092722032673,TRUE
1312,"MLLT3","exp",0.000138181941274164,0.641065402268004,TRUE
1313,"SPINT2","exp",0.000138140846175769,0.64120354311418,TRUE
1314,"PRKCA","exp",0.000138057149080828,0.641341600263261,TRUE
1315,"PDRG1","exp",0.000137988077074913,0.641479588340336,TRUE
1316,"ZNF133.1","meth",0.00013798769158934,0.641617576031925,TRUE
1317,"REPS1","meth",0.000137893002314869,0.64175546903424,TRUE
1318,"C12orf69","exp",0.000137887593835461,0.641893356628076,TRUE
1319,"MICALL1","exp",0.00013784735147788,0.642031203979554,TRUE
1320,"HOXD8.1","meth",0.000137801420287747,0.642169005399841,TRUE
1321,"FAM174A","exp",0.000137793103144467,0.642306798502986,TRUE
1322,"RB1","exp",0.000137712127811303,0.642444510630797,TRUE
1323,"HCG18","exp",0.000137693122204399,0.642582203753001,TRUE
1324,"HOXC11","meth",0.000137677130393795,0.642719880883395,TRUE
1325,"RAPGEF3","exp",0.000137591108704034,0.642857471992099,TRUE
1326,"CHRNE","exp",0.000137500834991585,0.642994972827091,TRUE
1327,"LOC100133893","exp",0.000137384243127719,0.643132357070219,TRUE
1328,"CWH43","meth",0.00013734864995978,0.643269705720178,TRUE
1329,"SEC14L2","exp",0.000137306632032286,0.64340701235221,TRUE
1330,"C12orf75.1","meth",0.000137178195248075,0.643544190547459,TRUE
1331,"GFI1","exp",0.000137100946275453,0.643681291493734,TRUE
1332,"DTNB","exp",0.000137098972122062,0.643818390465856,TRUE
1333,"NBPF3","exp",0.000137097593719103,0.643955488059575,TRUE
1334,"C1orf21","exp",0.000137055704286799,0.644092543763862,TRUE
1335,"CEBPA","exp",0.000136985931398024,0.64422952969526,TRUE
1336,"FANCE","exp",0.000136944789574105,0.644366474484834,TRUE
1337,"MRPL4","exp",0.000136784462619736,0.644503258947454,TRUE
1338,"ABHD14A","exp",0.000136589056478192,0.644639848003932,TRUE
1339,"POMC.1","meth",0.00013654370935711,0.644776391713289,TRUE
1340,"PCBD2","exp",0.000136509003974128,0.644912900717263,TRUE
1341,"HIST1H4F","meth",0.000136504156201008,0.645049404873464,TRUE
1342,"LRRC56","exp",0.000136503875847864,0.645185908749312,TRUE
1343,"XAGE3","meth",0.000136462593847373,0.64532237134316,TRUE
1344,"PCGF5.1","meth",0.000136416639294478,0.645458787982454,TRUE
1345,"STXBP6.1","meth",0.000136370451113962,0.645595158433568,TRUE
1346,"CCAR1","meth",0.000136259711621983,0.64573141814519,TRUE
1347,"SEC61G","exp",0.000136152815304356,0.645867570960494,TRUE
1348,"SYT9","exp",0.000135924082182789,0.646003495042677,TRUE
1349,"WDR36","meth",0.0001358717262331,0.64613936676891,TRUE
1350,"C7orf31","exp",0.000135823073281192,0.646275189842191,TRUE
1351,"MAP3K3.1","meth",0.000135740906447164,0.646410930748639,TRUE
1352,"PHLPP2","exp",0.0001356446752304,0.646546575423869,TRUE
1353,"BET1","exp",0.00013562884695913,0.646682204270828,TRUE
1354,"PAQR8","exp",0.000135619548579846,0.646817823819408,TRUE
1355,"GP2","meth",0.000135586408501919,0.64695341022791,TRUE
1356,"GABRB3.1","meth",0.000135477666526093,0.647088887894436,TRUE
1357,"C10orf2","exp",0.000135406258243976,0.64722429415268,TRUE
1358,"GAL3ST4","exp",0.00013527764623905,0.647359571798919,TRUE
1359,"HIBADH","exp",0.00013502886786767,0.647494600666787,TRUE
1360,"DLX5.1","meth",0.000135028821142146,0.647629629487929,TRUE
1361,"JMJD4","exp",0.000134953744906391,0.647764583232835,TRUE
1362,"RNASEH1","exp",0.000134916306080253,0.647899499538915,TRUE
1363,"GMPS","exp",0.000134847572834387,0.64803434711175,TRUE
1364,"CABP4","exp",0.000134657306500488,0.64816900441825,TRUE
1365,"ABT1","meth",0.000134620930680022,0.64830362534893,TRUE
1366,"SNX5;C20orf72","meth",0.000134581587788778,0.648438206936719,TRUE
1367,"MAST4","exp",0.000134547209484464,0.648572754146204,TRUE
1368,"DCTN6","exp",0.000134542945780395,0.648707297091984,TRUE
1369,"LOC145837","exp",0.000134495449285207,0.648841792541269,TRUE
1370,"EIF2B3","meth",0.000134482167554998,0.648976274708824,TRUE
1371,"TRPV1","exp",0.000134440733696554,0.649110715442521,TRUE
1372,"PABPC5.1","meth",0.000134398120018627,0.649245113562539,TRUE
1373,"TYW3","exp",0.000134360435883488,0.649379473998423,TRUE
1374,"PABPC1L","exp",0.000134272171368572,0.649513746169791,TRUE
1375,"SLC26A4","exp",0.000134226345310868,0.649647972515102,TRUE
1376,"MOBKL2C","exp",0.000134127392332328,0.649782099907434,TRUE
1377,"TMEM65","exp",0.000133893694623833,0.649915993602058,TRUE
1378,"FSTL3.1","meth",0.000133602512839384,0.650049596114898,TRUE
1379,"AP1AR.1","meth",0.000133578133797215,0.650183174248695,TRUE
1380,"WDYHV1","exp",0.000133493513873175,0.650316667762568,TRUE
1381,"TMEM116","exp",0.000133220192920292,0.650449887955488,TRUE
1382,"PARM1","exp",0.00013320872180414,0.650583096677292,TRUE
1383,"SGSM3","exp",0.000133045813264567,0.650716142490557,TRUE
1384,"C1orf229.1","meth",0.000132917890461122,0.650849060381018,TRUE
1385,"NAV3.1","meth",0.000132837779550152,0.650981898160568,TRUE
1386,"THRSP","exp",0.000132670583943749,0.651114568744512,TRUE
1387,"WDYHV1.1","meth",0.000132597049650288,0.651247165794162,TRUE
1388,"PPP2R2A","exp",0.000132560837369155,0.651379726631531,TRUE
1389,"CHD1L.1","meth",0.000132523410224397,0.651512250041756,TRUE
1390,"SCN3B","exp",0.000132292714630821,0.651644542756387,TRUE
1391,"C15orf57","exp",0.000132291266139576,0.651776834022526,TRUE
1392,"GLI4","exp",0.00013218149620222,0.651909015518728,TRUE
1393,"CCDC60","meth",0.000132168705090014,0.652041184223818,TRUE
1394,"PSPN.1","meth",0.000132155493448091,0.652173339717266,TRUE
1395,"VWA5A","exp",0.000132113125079166,0.652305452842346,TRUE
1396,"ZNF219","exp",0.000132080872786196,0.652437533715132,TRUE
1397,"ZBTB8A","exp",0.000132064086641684,0.652569597801773,TRUE
1398,"DMXL1.1","meth",0.000132049041022943,0.652701646842796,TRUE
1399,"HAR1B","exp",0.000132019136687556,0.652833665979484,TRUE
1400,"PLK2","exp",0.000131917391858954,0.652965583371343,TRUE
1401,"ZNF717","exp",0.00013185699911913,0.653097440370462,TRUE
1402,"PEX12","exp",0.000131813964911487,0.653229254335373,TRUE
1403,"PTPN9","meth",0.000131689896963775,0.653360944232337,TRUE
1404,"C16orf46","exp",0.000131685843524564,0.653492630075862,TRUE
1405,"CXorf26","exp",0.000131526801522107,0.653624156877384,TRUE
1406,"UNG","exp",0.000131501838410887,0.653755658715795,TRUE
1407,"CTDSP1","meth",0.000131423946962309,0.653887082662757,TRUE
1408,"LY6G5B","exp",0.000131008755637054,0.654018091418394,TRUE
1409,"MRGPRF","exp",0.00013094374875173,0.654149035167146,TRUE
1410,"OFD1","exp",0.000130941856368007,0.654279977023514,TRUE
1411,"ACACB","exp",0.000130781027114254,0.654410758050628,TRUE
1412,"TNXB","exp",0.000130694082595393,0.654541452133224,TRUE
1413,"TRPC6","exp",0.000130510042437573,0.654671962175661,TRUE
1414,"FAM164A.1","meth",0.000130468526809462,0.654802430702471,TRUE
1415,"PLA2G7","exp",0.000130393415529564,0.654932824118,TRUE
1416,"PNPT1","exp",0.000130374082843992,0.655063198200844,TRUE
1417,"C11orf51","exp",0.000130366092779381,0.655193564293624,TRUE
1418,"PARVB","exp",0.000130265107240545,0.655323829400864,TRUE
1419,"GPR44.1","meth",0.000130187542870635,0.655454016943735,TRUE
1420,"NANOS1","exp",0.000130064888370025,0.655584081832105,TRUE
1421,"NT5C3L","exp",0.000129997697066453,0.655714079529171,TRUE
1422,"GRK4;NOP14","meth",0.000129926405598146,0.655844005934769,TRUE
1423,"SIM2","exp",0.000129910916086926,0.655973916850856,TRUE
1424,"C6orf97","exp",0.000129905741235138,0.656103822592091,TRUE
1425,"ARRDC2.1","meth",0.000129897739489146,0.65623372033158,TRUE
1426,"ZNF160.1","meth",0.000129895298080515,0.656363615629661,TRUE
1427,"ING1","exp",0.000129849939278051,0.656493465568939,TRUE
1428,"HAPLN2.1","meth",0.000129766662712827,0.656623232231652,TRUE
1429,"TOPORS","meth",0.000129729142117022,0.656752961373769,TRUE
1430,"PFDN6;WDR46","meth",0.000129716993480771,0.65688267836725,TRUE
1431,"CCDC146","exp",0.000129715498264002,0.657012393865514,TRUE
1432,"FUT9","meth",0.000129708302533299,0.657142102168047,TRUE
1433,"LOC100128842","exp",0.000129610809727386,0.657271712977774,TRUE
1434,"C9orf46","exp",0.000129516354080535,0.657401229331855,TRUE
1435,"UNC93A","meth",0.000129516015320485,0.657530745347175,TRUE
1436,"APOLD1","exp",0.000129461124511117,0.657660206471687,TRUE
1437,"CAD","exp",0.000129426325677087,0.657789632797364,TRUE
1438,"SHQ1","exp",0.000129098487719028,0.657918731285083,TRUE
1439,"LPIN2","exp",0.000129055780590053,0.658047787065673,TRUE
1440,"SLC2A8","exp",0.000129039777098069,0.658176826842771,TRUE
1441,"LY96","exp",0.000129016063894618,0.658305842906665,TRUE
1442,"DNAJB12","meth",0.000128834511870953,0.658434677418536,TRUE
1443,"ARHGAP26","exp",0.000128656954879593,0.658563334373416,TRUE
1444,"ANKRD54.1","meth",0.00012855171731807,0.658691886090734,TRUE
1445,"RAD51AP1;C12orf4","meth",0.000128496055537555,0.658820382146272,TRUE
1446,"HLA-J","exp",0.000128470695259381,0.658948852841531,TRUE
1447,"SLCO5A1","exp",0.000128439517653464,0.659077292359185,TRUE
1448,"ZBED5","meth",0.000128322213225357,0.65920561457241,TRUE
1449,"LOC441046","exp",0.00012831981854225,0.659333934390952,TRUE
1450,"PRKAB2","exp",0.00012823948568504,0.659462173876637,TRUE
1451,"GUCA1B","exp",0.000128217337786645,0.659590391214424,TRUE
1452,"SMOC1","exp",0.000128194442279864,0.659718585656704,TRUE
1453,"Glyoxylate and dicarboxylate metabolism ","path_mut",0.000128191405120801,0.659846777061824,TRUE
1454,"STX8","exp",0.000128172294381468,0.659974949356206,TRUE
1455,"TRMT2B","exp",0.000128112345534122,0.66010306170174,TRUE
1456,"PHYHIPL","meth",0.000128107159000954,0.660231168860741,TRUE
1457,"PEX14","meth",0.00012808040863844,0.660359249269379,TRUE
1458,"Choline metabolism in cancer ","path_mut",0.00012805509508579,0.660487304364465,TRUE
1459,"ASCL2.1","meth",0.00012804677794251,0.660615351142408,TRUE
1460,"EPS8L1","exp",0.000127971561530184,0.660743322703938,TRUE
1461,"COL4A4","exp",0.000127962076248803,0.660871284780187,TRUE
1462,"MPP4","exp",0.00012796053430651,0.660999245314493,TRUE
1463,"INE2","exp",0.000127919836375069,0.661127165150868,TRUE
1464,"VPS28;NFKBIL2","meth",0.000127911530913171,0.661255076681782,TRUE
1465,"ATG4D","exp",0.000127906858360767,0.661382983540142,TRUE
1466,"MTCP1","exp",0.00012789810900639,0.661510881649149,TRUE
1467,"UGT3A2.1","meth",0.000127868905553864,0.661638750554702,TRUE
1468,"ISCA1P1","exp",0.000127862469112927,0.661766613023815,TRUE
1469,"WASF3","exp",0.000127802695486296,0.661894415719302,TRUE
1470,"TMCO1","meth",0.00012779962328309,0.662022215342585,TRUE
1471,"TRIM58","exp",0.000127785839253498,0.662150001181838,TRUE
1472,"MMP17","exp",0.00012774470911096,0.662277745890949,TRUE
1473,"B4GALT5","exp",0.000127728600486547,0.662405474491436,TRUE
1474,"KREMEN2.1","meth",0.000127656105835996,0.662533130597272,TRUE
1475,"AURKA","exp",0.000127577828901844,0.662660708426174,TRUE
1476,"FAM3C","exp",0.000127572852633534,0.662788281278807,TRUE
1477,"TUBD1","exp",0.0001275659839815,0.662915847262789,TRUE
1478,"PPP1R9A.1","meth",0.000127558204181747,0.66304340546697,TRUE
1479,"SLC6A12.1","meth",0.000127468596308015,0.663170874063278,TRUE
1480,"age","clin",0.000127368860676948,0.663298242923955,TRUE
1481,"ZNF575.1","meth",0.000127356081246122,0.663425599005201,TRUE
1482,"RGS17.1","meth",0.000127314694113202,0.663552913699315,TRUE
1483,"METTL7A","exp",0.000127290934184227,0.663680204633499,TRUE
1484,"FAM131A","exp",0.000127161925012347,0.663807366558511,TRUE
1485,"WDR89","meth",0.000127045823766484,0.663934412382278,TRUE
1486,"BCL9L.1","meth",0.000126978597418768,0.664061390979696,TRUE
1487,"DENND2C.1","meth",0.000126865545013349,0.66418825652471,TRUE
1488,"CDADC1","exp",0.00012680001246588,0.664315056537176,TRUE
1489,"GLIPR2.1","meth",0.000126779651818779,0.664441836188994,TRUE
1490,"CYP4F11","exp",0.000126689284655282,0.66456852547365,TRUE
1491,"DHRS7B","exp",0.000126638237020266,0.66469516371067,TRUE
1492,"LRIG1.1","meth",0.000126554680101898,0.664821718390772,TRUE
1493,"PODN","exp",0.000126480772004244,0.664948199162776,TRUE
1494,"RANBP3L.1","meth",0.00012643516789278,0.665074634330669,TRUE
1495,"C6orf145","exp",0.000126394575093768,0.665201028905763,TRUE
1496,"ASAH1.1","meth",0.000126358035733967,0.665327386941497,TRUE
1497,"BAG5;C14orf153","meth",0.0001263387614553,0.665453725702952,TRUE
1498,"Insulin resistance ","path_mut",0.000126241046703147,0.665579966749655,TRUE
1499,"ZNF45","exp",0.000126238500162087,0.665706205249817,TRUE
1500,"PPME1;C2CD3","meth",0.000126222496670103,0.665832427746487,TRUE
1501,"RPUSD3","exp",0.00012617587627849,0.665958603622766,TRUE
1502,"RBP4","exp",0.000126150971574175,0.66608475459434,TRUE
1503,"ZNF17","exp",0.000126139371962832,0.666210893966303,TRUE
1504,"CYP11B1","meth",0.000126130178715977,0.666337024145019,TRUE
1505,"ITGB1BP3","meth",0.00012611762123139,0.66646314176625,TRUE
1506,"LOC285419","exp",0.000125987151886884,0.666589128918137,TRUE
1507,"C3orf42","exp",0.000125985399679733,0.666715114317817,TRUE
1508,"ARGLU1","exp",0.000125864263758654,0.666840978581576,TRUE
1509,"ABCC5","exp",0.000125846823456805,0.666966825405032,TRUE
1510,"YIPF1","exp",0.000125835819595893,0.667092661224628,TRUE
1511,"GRIN3A","exp",0.000125812783912541,0.667218474008541,TRUE
1512,"C14orf169","exp",0.000125754926032396,0.667344228934573,TRUE
1513,"NAALAD2","exp",0.000125721879405517,0.667469950813979,TRUE
1514,"SLC16A10","exp",0.000125693154889612,0.667595643968868,TRUE
1515,"RAB9A","exp",0.000125616034412181,0.667721260003281,TRUE
1516,"CERKL","exp",0.000125438185386296,0.667846698188667,TRUE
1517,"C11orf84","exp",0.000125434949643757,0.667972133138311,TRUE
1518,"SRPX2","exp",0.000125430312135495,0.668097563450446,TRUE
1519,"SLC25A22.1","meth",0.000125356824567558,0.668222920275014,TRUE
1520,"MYO18B","exp",0.00012532262148396,0.668348242896498,TRUE
1521,"TASP1.1","meth",0.000125272952251903,0.66847351584875,TRUE
1522,"SLC19A2","exp",0.000125189243475582,0.668598705092225,TRUE
1523,"GTF2H2B","exp",0.00012506205659914,0.668723767148825,TRUE
1524,"DDOST","meth",0.000125056905110114,0.668848824053935,TRUE
1525,"KREMEN1","exp",0.000124977833842054,0.668973801887777,TRUE
1526,"RARS","meth",0.000124870038058089,0.669098671925835,TRUE
1527,"PMS2L1","exp",0.000124868005497794,0.669223539931333,TRUE
1528,"C1QTNF9.1","meth",0.000124866895766598,0.669348406827099,TRUE
1529,"OGN","exp",0.000124865050108398,0.669473271877208,TRUE
1530,"MGC87042","exp",0.000124737945001623,0.669598009822209,TRUE
1531,"MTMR7","exp",0.000124694805661551,0.669722704627871,TRUE
1532,"MPP3","exp",0.000124491280960205,0.669847195908831,TRUE
1533,"CDC25A.1","meth",0.000124431378838384,0.66997162728767,TRUE
1534,"ADCY4.1","meth",0.000124410585980185,0.67009603787365,TRUE
1535,"SLC22A16.1","meth",0.000124356104019152,0.670220393977669,TRUE
1536,"LAT2","exp",0.00012425157902187,0.670344645556691,TRUE
1537,"FBXO21.1","meth",0.000124162309908188,0.670468807866599,TRUE
1538,"PCDHGA10","exp",0.000124107395736058,0.670592915262335,TRUE
1539,"ADAM21","exp",0.000123969240042847,0.670716884502378,TRUE
1540,"SLC22A18","exp",0.000123802266382683,0.67084068676876,TRUE
1541,"ZNF8","exp",0.000123342650765444,0.670964029419526,TRUE
1542,"ZNF676","exp",0.000123258287831786,0.671087287707358,TRUE
1543,"TREML2.1","meth",0.000123252131743994,0.671210539839102,TRUE
1544,"CYBRD1.1","meth",0.000123184403096895,0.671333724242199,TRUE
1545,"ZNF285A","meth",0.000123136941645849,0.671456861183845,TRUE
1546,"SC4MOL.1","meth",0.00012301279192847,0.671579873975773,TRUE
1547,"SCML2","exp",0.000123006110178532,0.671702880085952,TRUE
1548,"TSKS","exp",0.000122932809512691,0.671825812895464,TRUE
1549,"H19","exp",0.000122763172497657,0.671948576067962,TRUE
1550,"ACCN4","exp",0.000122751491116646,0.672071327559079,TRUE
1551,"PIP4K2C","exp",0.000122701121001729,0.67219402868008,TRUE
1552,"NIPBL","meth",0.000122699777642913,0.672316728457723,TRUE
1553,"TFRC.1","meth",0.000122671461975344,0.672439399919699,TRUE
1554,"CXorf15","meth",0.000122592881325286,0.672561992801024,TRUE
1555,"SERINC3","meth",0.000122546845002724,0.672684539646027,TRUE
1556,"GSTT2","exp",0.000122445520703839,0.67280698516673,TRUE
1557,"DDR1","exp",0.000122443359648352,0.672929428526379,TRUE
1558,"ZBED2","exp",0.000122423910148969,0.673051852436528,TRUE
1559,"TINAGL1","exp",0.000122351579037752,0.673174204015565,TRUE
1560,"C18orf21.1","meth",0.000122303872277706,0.673296507887843,TRUE
1561,"PLD2","exp",0.000122137260740353,0.673418645148584,TRUE
1562,"FBXO10","exp",0.000122129153861932,0.673540774302446,TRUE
1563,"ODZ3","exp",0.000122036158387707,0.673662810460833,TRUE
1564,"EMR3.1","meth",0.000122012970846401,0.67378482343168,TRUE
1565,"NCBP2;LOC152217","meth",0.000121985858361076,0.673906809290041,TRUE
1566,"APC2","exp",0.000121859792897211,0.674028669082938,TRUE
1567,"PDXP","exp",0.000121850564606213,0.674150519647544,TRUE
1568,"CLIC2","exp",0.0001218240595527,0.674272343707097,TRUE
1569,"TRPC3","exp",0.000121776457925082,0.674394120165022,TRUE
1570,"ANGEL2","meth",0.000121765313887598,0.67451588547891,TRUE
1571,"CCDC74B","exp",0.000121732559295245,0.674637618038205,TRUE
1572,"MRS2P2","exp",0.000121717817392409,0.674759335855597,TRUE
1573,"FABP4","exp",0.000121657973677493,0.674880993829275,TRUE
1574,"NUDT11","exp",0.000121626772708814,0.675002620601984,TRUE
1575,"HIST1H3E","exp",0.000121580748067632,0.675124201350051,TRUE
1576,"ZNF514","exp",0.0001214908948849,0.675245692244936,TRUE
1577,"FMNL1","exp",0.000121264684941632,0.675366956929878,TRUE
1578,"TTC13;ARV1","meth",0.000121259124604271,0.675488216054482,TRUE
1579,"NFYB","meth",0.000121235866974679,0.675609451921457,TRUE
1580,"CLK4.1","meth",0.00012112987012339,0.67573058179158,TRUE
1581,"DALRD3;NDUFAF3;MIR425","meth",0.000121002811742138,0.675851584603322,TRUE
1582,"MAP3K7","meth",0.000120915563507371,0.67597250016683,TRUE
1583,"LMAN1.1","meth",0.000120861151634624,0.676093361318464,TRUE
1584,"CNOT6","meth",0.000120857109876795,0.676214218428341,TRUE
1585,"LETMD1","exp",0.000120854353070876,0.676335072781412,TRUE
1586,"NCRNA00171","exp",0.000120827065364836,0.676455899846777,TRUE
1587,"GPR4","exp",0.000120771426947083,0.676576671273724,TRUE
1588,"OTX1.1","meth",0.000120758262030684,0.676697429535755,TRUE
1589,"PEX7.1","meth",0.00012074423269209,0.676818173768447,TRUE
1590,"SLC35C2","meth",0.000120743940657565,0.676938917709104,TRUE
1591,"SYCE1L","exp",0.000120714854018849,0.677059632563123,TRUE
1592,"SFXN4","exp",0.000120587433514787,0.677180219996638,TRUE
1593,"C10orf4","exp",0.000120392167549815,0.677300612164188,TRUE
1594,"CTAGE4","exp",0.000120277246123434,0.677420889410311,TRUE
1595,"NAT14.1","meth",0.000120246781081759,0.677541136191393,TRUE
1596,"FNBP1L","exp",0.000120233511032931,0.677661369702426,TRUE
1597,"FRMD5","meth",0.000120173608911109,0.677781543311337,TRUE
1598,"TAOK3","exp",0.000120098007013209,0.67790164131835,TRUE
1599,"ANKRD45.1","meth",0.000120074340535282,0.678021715658885,TRUE
1600,"SNX19.1","meth",0.000119985141509886,0.678141700800395,TRUE
1601,"LSM11","exp",0.000119949524979185,0.678261650325374,TRUE
1602,"SLC7A5P2","exp",0.000119854239954282,0.678381504565329,TRUE
1603,"C11orf21;TSPAN32","meth",0.000119731538728148,0.678501236104057,TRUE
1604,"SCARNA7","exp",0.000119728723515325,0.678620964827572,TRUE
1605,"TMEM90B","exp",0.000119636709277105,0.678740601536849,TRUE
1606,"KIAA0528","exp",0.000119559845790056,0.678860161382639,TRUE
1607,"PCDHB2.1","meth",0.000119552054308922,0.678979713436948,TRUE
1608,"CBWD3","exp",0.000119467422703501,0.679099180859652,TRUE
1609,"ZC3H13.1","meth",0.00011940521934962,0.679218586079001,TRUE
1610,"KCNK4","exp",0.000119273628592537,0.679337859707594,TRUE
1611,"FCRL3.1","meth",0.000119237836841121,0.679457097544435,TRUE
1612,"SPOCK2.1","meth",0.000119134199628796,0.679576231744064,TRUE
1613,"ZBTB38","exp",0.000119104669097601,0.679695336413161,TRUE
1614,"ADA","exp",0.000119041741498098,0.67981437815466,TRUE
1615,"ZNF322B.1","meth",0.000119030211975041,0.679933408366635,TRUE
1616,"KCNH3","exp",0.000118986768919063,0.680052395135554,TRUE
1617,"KY","exp",0.00011889426406284,0.680171289399616,TRUE
1618,"FLAD1.1","meth",0.000118859383459143,0.680290148783076,TRUE
1619,"SLC25A33","exp",0.00011872420651809,0.680408872989594,TRUE
1620,"FUT10.1","meth",0.000118674455516366,0.68052754744511,TRUE
1621,"BNIP3","exp",0.00011865311363326,0.680646200558743,TRUE
1622,"ZNF502.1","meth",0.00011860513820145,0.680764805696945,TRUE
1623,"CTHRC1","exp",0.0001186027084742,0.680883408405419,TRUE
1624,"SRPK3","exp",0.000118587931527221,0.681001996336946,TRUE
1625,"CPNE4","exp",0.000118524314726238,0.681120520651672,TRUE
1626,"CD55.1","meth",0.000118485544222665,0.681239006195895,TRUE
1627,"FNTA","meth",0.00011847532301428,0.681357481518909,TRUE
1628,"C1orf59","exp",0.000118407863038945,0.681475889381948,TRUE
1629,"CBLB","exp",0.000118385189478403,0.681594274571427,TRUE
1630,"FNDC8","exp",0.000118360798754854,0.681712635370181,TRUE
1631,"LSM7","exp",0.000118346243754114,0.681830981613936,TRUE
1632,"JOSD2.1","meth",0.000118312484562994,0.681949294098498,TRUE
1633,"MAEA","meth",0.000118309073599739,0.682067603172098,TRUE
1634,"TCEAL5","exp",0.000118197095881373,0.68218580026798,TRUE
1635,"GSTK1.1","meth",0.000118108329067074,0.682303908597047,TRUE
1636,"CRIPT","exp",0.000118092874599997,0.682422001471647,TRUE
1637,"CACNA1G.1","meth",0.000118076976240442,0.682540078447887,TRUE
1638,"HNRNPU","meth",0.000118043415632799,0.68265812186352,TRUE
1639,"FBXO16","exp",0.000117989494378054,0.682776111357898,TRUE
1640,"PGBD5","exp",0.000117983034574355,0.682894094392472,TRUE
1641,"PIGM","exp",0.000117976434594084,0.683012070827066,TRUE
1642,"MRPL11","exp",0.000117954099793592,0.68313002492686,TRUE
1643,"MUC20","exp",0.000117952756434776,0.683247977683295,TRUE
1644,"FAM64A","exp",0.000117805968200998,0.683365783651496,TRUE
1645,"SLC26A7","exp",0.000117791600102356,0.683483575251598,TRUE
1646,"ABCA5.1","meth",0.000117780421020728,0.683601355672619,TRUE
1647,"AP1G2","exp",0.000117732317093727,0.683719087989713,TRUE
1648,"GLTP","exp",0.000117658467402979,0.683836746457116,TRUE
1649,"EXOC3L","exp",0.000117481716426909,0.683954228173542,TRUE
1650,"WDR24","exp",0.000117470992919142,0.684071699166462,TRUE
1651,"ZNF34","exp",0.000117378067533203,0.684189077233995,TRUE
1652,"MLX","meth",0.000117376805944054,0.684306454039939,TRUE
1653,"HSPA14","exp",0.000117328374938385,0.684423782414877,TRUE
1654,"DLEU7","exp",0.000117327066623711,0.684541109481501,TRUE
1655,"WDR83","exp",0.000117317172493996,0.684658426653995,TRUE
1656,"C20orf30","meth",0.000117305058901888,0.684775731712897,TRUE
1657,"GINS3","exp",0.000117183152009662,0.684892914864906,TRUE
1658,"PRR7.1","meth",0.000117139533732969,0.685010054398639,TRUE
1659,"ANXA3","exp",0.000117059831670335,0.68512711423031,TRUE
1660,"CDK5R1.1","meth",0.000117053733989447,0.685244167964299,TRUE
1661,"EXOSC1","exp",0.00011701793055665,0.685361185894856,TRUE
1662,"MGC57346","exp",0.000116949781379835,0.685478135676236,TRUE
1663,"MAD2L1","exp",0.00011693817008711,0.685595073846323,TRUE
1664,"TOMM7","exp",0.000116848959380333,0.685711922805703,TRUE
1665,"METTL11A","exp",0.000116812606922629,0.685828735412626,TRUE
1666,"CNKSR3","exp",0.000116674416185275,0.685945409828811,TRUE
1667,"DNMT1.1","meth",0.000116656543672328,0.686062066372483,TRUE
1668,"E2F6","meth",0.000116612364689347,0.686178678737173,TRUE
1669,"KLHL14","exp",0.000116543012330288,0.686295221749503,TRUE
1670,"LRRC27","exp",0.000116520128504888,0.686411741878008,TRUE
1671,"GLUD2","exp",0.00011650385634114,0.686528245734349,TRUE
1672,"AGXT2L1","meth",0.0001164680178642,0.686644713752213,TRUE
1673,"C7orf61","exp",0.000116371366117719,0.686761085118331,TRUE
1674,"RRAS2","exp",0.000116357453592936,0.686877442571924,TRUE
1675,"SCARF2","exp",0.000116323822897007,0.686993766394821,TRUE
1676,"THSD7B","exp",0.000116306067197871,0.687110072462019,TRUE
1677,"TP63","exp",0.000116208200587765,0.687226280662607,TRUE
1678,"RPS3A","exp",0.000116191706477778,0.687342472369084,TRUE
1679,"LMBRD2","exp",0.000116157129589987,0.687458629498674,TRUE
1680,"ODF2L","exp",0.000116113137509102,0.687574742636183,TRUE
1681,"FLJ10357","exp",0.000116105124081728,0.687690847760265,TRUE
1682,"POU5F1B","exp",0.000116040082152262,0.687806887842418,TRUE
1683,"SEPW1","exp",0.000116038797200351,0.687922926639618,TRUE
1684,"SHOX2.1","meth",0.00011602688219172,0.68803895352181,TRUE
1685,"HOPX.1","meth",0.000115945054117742,0.688154898575927,TRUE
1686,"FAM63A.1","meth",0.000115929950092095,0.688270828526019,TRUE
1687,"DDB2.1","meth",0.000115922906219346,0.688386751432239,TRUE
1688,"PIGH","exp",0.000115700492724906,0.688502451924964,TRUE
1689,"MAGOHB.1","meth",0.000115526241564373,0.688617978166528,TRUE
1690,"TNFSF8","exp",0.000115425244344156,0.688733403410872,TRUE
1691,"MYO1E","exp",0.000115422160459569,0.688848825571332,TRUE
1692,"PRSS12.1","meth",0.000115384744996193,0.688964210316328,TRUE
1693,"KLHL29","exp",0.000115287918028997,0.689079498234357,TRUE
1694,"MX2","exp",0.00011526506924774,0.689194763303605,TRUE
1695,"CELSR1.1","meth",0.000115246507533315,0.689310009811138,TRUE
1696,"NLE1","exp",0.000115175870222344,0.68942518568136,TRUE
1697,"DHX33","exp",0.00011516182920237,0.689540347510563,TRUE
1698,"ITFG2.1","meth",0.000115024129083018,0.689655371639646,TRUE
1699,"CLEC7A","exp",0.000114985849197447,0.689770357488843,TRUE
1700,"DNAJC17","exp",0.000114955068758484,0.689885312557602,TRUE
1701,"ROR2.1","meth",0.000114920655410027,0.690000233213012,TRUE
1702,"SMPD3.1","meth",0.000114876009171805,0.690115109222184,TRUE
1703,"ADCY6.1","meth",0.000114789952437901,0.690229899174621,TRUE
1704,"LSMD1","exp",0.000114635886703753,0.690344535061325,TRUE
1705,"CD1C","exp",0.000114562714533104,0.690459097775858,TRUE
1706,"RPS2;RNF151","meth",0.000114537879917075,0.690573635655775,TRUE
1707,"C1orf124;EXOC8","meth",0.000114400728822631,0.690688036384598,TRUE
1708,"CHRM3","exp",0.000114366700959748,0.690802403085558,TRUE
1709,"HIST1H2AE","exp",0.000114357566119798,0.690916760651678,TRUE
1710,"C8orf4.1","meth",0.000114290164551367,0.691031050816229,TRUE
1711,"LUM","exp",0.000114262152599704,0.691145312968829,TRUE
1712,"USP6NL","exp",0.000114233112686512,0.691259546081515,TRUE
1713,"ID2B","exp",0.000114173817996503,0.691373719899512,TRUE
1714,"CDC6.1","meth",0.000114140689599957,0.691487860589112,TRUE
1715,"PRIMA1","meth",0.000114122162929674,0.691601982752041,TRUE
1716,"PXK","exp",0.000114065414780725,0.691716048166822,TRUE
1717,"NEK2.1","meth",0.000114000513027831,0.69183004867985,TRUE
1718,"TMEM185B","exp",0.000113988796602677,0.691944037476453,TRUE
1719,"ZNF566","exp",0.0001139828157356,0.692058020292188,TRUE
1720,"FBXO33","exp",0.000113856902129688,0.692171877194318,TRUE
1721,"C8orf58","exp",0.000113812209165942,0.692285689403484,TRUE
1722,"PPIE","meth",0.000113633016781241,0.692399322420265,TRUE
1723,"LCN12","exp",0.000113628320866075,0.692512950741131,TRUE
1724,"LOC93622.1","meth",0.000113592739379517,0.69262654348051,TRUE
1725,"ONECUT2.1","meth",0.000113563687784944,0.692740107168295,TRUE
1726,"C14orf105","meth",0.000113525664889755,0.692853632833185,TRUE
1727,"CNKSR2","exp",0.000113473741151163,0.692967106574336,TRUE
1728,"SHC3","meth",0.000113473425753876,0.69308058000009,TRUE
1729,"EPHA2","exp",0.000113390826708751,0.693193970826799,TRUE
1730,"LASS2","exp",0.000113313764638224,0.693307284591437,TRUE
1731,"FZD3","exp",0.000113167724012831,0.69342045231545,TRUE
1732,"TMEM132C","exp",0.000113072123590641,0.693533524439041,TRUE
1733,"NLRP14","exp",0.000113000329822951,0.693646524768864,TRUE
1734,"TIGD7","exp",0.000112929972865125,0.693759454741729,TRUE
1735,"INPP4A","exp",0.000112886167686336,0.693872340909415,TRUE
1736,"NTRK2","exp",0.000112852186548976,0.693985193095964,TRUE
1737,"RNPEPL1.1","meth",0.000112794293624688,0.694097987389589,TRUE
1738,"ZNF354B","exp",0.000112702197616801,0.694210689587206,TRUE
1739,"SYNE2.1","meth",0.000112618675742576,0.694323308262948,TRUE
1740,"HDAC9","exp",0.000112552418949485,0.694435860681898,TRUE
1741,"VAMP1.1","meth",0.000112471116537652,0.694548331798435,TRUE
1742,"ANKRD16","exp",0.000112460603294742,0.69466079240173,TRUE
1743,"PUS10","exp",0.000112356101660223,0.69477314850339,TRUE
1744,"TRAF3IP2","exp",0.000112347480801037,0.694885495984191,TRUE
1745,"FLJ36031","exp",0.000112342749841728,0.694997838734033,TRUE
1746,"TMEM165","exp",0.000112266528830634,0.695110105262864,TRUE
1747,"AKAP12","exp",0.000112195167274041,0.695222300430138,TRUE
1748,"SLC25A28","exp",0.000112083084423246,0.695334383514561,TRUE
1749,"ZC3H8","exp",0.00011207977859242,0.695446463293153,TRUE
1750,"ACVR1","exp",0.000112017435061967,0.695558480728215,TRUE
1751,"RPL32P3","exp",0.000111997097777627,0.695670477825993,TRUE
1752,"SDK1","exp",0.000111996642203768,0.695782474468197,TRUE
1753,"HNF4A","meth",0.000111830532965799,0.695894305001163,TRUE
1754,"CHRNA10","exp",0.000111808782234357,0.696006113783397,TRUE
1755,"CD302","exp",0.000111768317930537,0.696117882101328,TRUE
1756,"ARL6IP5","exp",0.000111743530040033,0.696229625631368,TRUE
1757,"ABCC8.1","meth",0.000111727211150761,0.696341352842518,TRUE
1758,"CHD3","exp",0.000111632883999101,0.696452985726517,TRUE
1759,"TP63.1","meth",0.00011162454349306,0.69656461027001,TRUE
1760,"LOC654342","exp",0.000111616810418831,0.696676227080429,TRUE
1761,"GYLTL1B","exp",0.000111606554166304,0.696787833634596,TRUE
1762,"CARD8","exp",0.000111574792491336,0.696899408427087,TRUE
1763,"C8orf76","exp",0.000111554875736713,0.697010963302824,TRUE
1764,"GRAMD3.1","meth",0.000111492508843498,0.697122455811667,TRUE
1765,"GNB1L","exp",0.000111454929840788,0.697233910741508,TRUE
1766,"PTER","exp",0.000111283937785556,0.697345194679293,TRUE
1767,"CDK20","exp",0.000111262572539688,0.697456457251833,TRUE
1768,"RAD17;TAF9","meth",0.000111253204072118,0.697567710455905,TRUE
1769,"RG9MTD1","exp",0.000111250762663486,0.697678961218569,TRUE
1770,"PHYH","exp",0.000111146903504922,0.697790108122074,TRUE
1771,"GYG2.1","meth",0.00011114168192761,0.697901249804001,TRUE
1772,"CKMT1B","exp",0.000111117933680016,0.698012367737681,TRUE
1773,"GPRIN1","exp",0.000111114732981619,0.698123482470663,TRUE
1774,"PDGFB.1","meth",0.000111077294155481,0.698234559764818,TRUE
1775,"SEMG2","meth",0.000111067540202337,0.698345627305021,TRUE
1776,"DCAF10","exp",0.000111055157938466,0.698456682462959,TRUE
1777,"LOC100133612;C1orf174","meth",0.000111044609651413,0.69856772707261,TRUE
1778,"KIAA1919","exp",0.00011100006854562,0.698678727141156,TRUE
1779,"ZKSCAN3;ZNF323","meth",0.000110968190056843,0.698789695331213,TRUE
1780,"CASP3","exp",0.000110940213149323,0.698900635544362,TRUE
1781,"RDM1.1","meth",0.000110854927386565,0.699011490471749,TRUE
1782,"PLXNC1","exp",0.000110806239390513,0.699122296711139,TRUE
1783,"RAP1GAP","exp",0.000110708022338977,0.699233004733478,TRUE
1784,"BOLA1.1","meth",0.000110685780989533,0.699343690514468,TRUE
1785,"EYA2","exp",0.000110654498251187,0.699454345012719,TRUE
1786,"GMPS.1","meth",0.000110607352197429,0.699564952364916,TRUE
1787,"TRAP1","meth",0.000110532334368579,0.699675484699285,TRUE
1788,"INHBA;LOC285954","meth",0.000110449011077832,0.699785933710363,TRUE
1789,"MICA","exp",0.000110362358593496,0.699896296068956,TRUE
1790,"NTF3","meth",0.00011034865633357,0.70000664472529,TRUE
1791,"ACTN1","exp",0.000110223630512615,0.700116868355802,TRUE
1792,"PTPRU.1","meth",0.000110210465596216,0.700227078821399,TRUE
1793,"IQCH","exp",0.000110191401582407,0.700337270222981,TRUE
1794,"VMAC","exp",0.000110175608355281,0.700447445831336,TRUE
1795,"C18orf8","meth",0.00011006819805689,0.700557514029393,TRUE
1796,"LAMA3","exp",0.000110064354882537,0.700667578384276,TRUE
1797,"MAGED2.1","meth",0.000110018575550357,0.700777596959826,TRUE
1798,"TTLL11.1","meth",0.000110000142331123,0.700887597102157,TRUE
1799,"GJA3","exp",0.000109902228995493,0.700997499331153,TRUE
1800,"EME1","exp",0.000109765358254193,0.701107264689407,TRUE
1801,"ZNF48.1","meth",0.0001097037156066,0.701216968405014,TRUE
1802,"CMTM1","exp",0.000109617144891932,0.701326585549905,TRUE
1803,"TSPAN18","exp",0.000109603547764435,0.70143618909767,TRUE
1804,"BCAT2","exp",0.000109577381470972,0.701545766479141,TRUE
1805,"GPLD1","exp",0.000109546320678865,0.70165531279982,TRUE
1806,"BMP1","exp",0.000109538295570111,0.70176485109539,TRUE
1807,"EHD4","exp",0.000109526228703527,0.701874377324093,TRUE
1808,"GTF2H2C","exp",0.000109458698639905,0.701983836022733,TRUE
1809,"DKK4","meth",0.000109433046327206,0.70209326906906,TRUE
1810,"CDR2L.1","meth",0.000109346709240158,0.702202615778301,TRUE
1811,"TMEM92","exp",0.000109254870222653,0.702311870648523,TRUE
1812,"TCTEX1D2","exp",0.000109237009391088,0.702421107657914,TRUE
1813,"SPON1","exp",0.000109235958066797,0.702530343615981,TRUE
1814,"COL1A2.1","meth",0.000109227968002186,0.702639571583983,TRUE
1815,"ALS2CL.1","meth",0.000109172574893435,0.702748744158877,TRUE
1816,"EGR1","exp",0.000109105278457433,0.702857849437334,TRUE
1817,"HERPUD1","exp",0.000108895352359294,0.702966744789693,TRUE
1818,"PRR16.1","meth",0.000108889862110219,0.703075634651804,TRUE
1819,"MEGF8","exp",0.000108851395322551,0.703184486047126,TRUE
1820,"CYB561","exp",0.000108763820009116,0.703293249867135,TRUE
1821,"NCF1C","exp",0.000108729827190375,0.703401979694326,TRUE
1822,"FAM108B1","exp",0.000108632275977557,0.703510611970303,TRUE
1823,"RAB36","exp",0.000108619998846114,0.703619231969149,TRUE
1824,"DDX19B","meth",0.000108602628632552,0.703727834597782,TRUE
1825,"FAM107B.1","meth",0.000108565645380273,0.703836400243162,TRUE
1826,"ELOVL6.1","meth",0.000108553181346734,0.703944953424509,TRUE
1827,"ST7OT4","exp",0.000108538252541803,0.704053491677051,TRUE
1828,"MTERFD1","exp",0.000108441332123559,0.704161933009174,TRUE
1829,"KIAA1826","exp",0.000108407444437248,0.704270340453611,TRUE
1830,"WNT6.1","meth",0.000108402141090269,0.704378742594702,TRUE
1831,"CNOT7;VPS37A","meth",0.0001083701341063,0.704487112728808,TRUE
1832,"EPN3","exp",0.000108366022260184,0.704595478751068,TRUE
1833,"ZNF214","exp",0.000108323104866352,0.704703801855935,TRUE
1834,"ZNF75D","exp",0.000108287429928746,0.704812089285863,TRUE
1835,"DCAF13","exp",0.000108263156019006,0.704920352441882,TRUE
1836,"DDX43","exp",0.000108245190055012,0.705028597631937,TRUE
1837,"ZNF516","exp",0.000108234081061671,0.705136831712999,TRUE
1838,"LOC256880;H2AFZ","meth",0.000108233064781523,0.70524506477778,TRUE
1839,"PRKRA;DFNB59;MIR548N","meth",0.0001082006606306,0.705353265438411,TRUE
1840,"DAZAP2","meth",0.000108159729071539,0.705461425167482,TRUE
1841,"RILPL2","exp",0.000108143538677459,0.70556956870616,TRUE
1842,"PHF20L1","meth",0.000108062691839485,0.705677631398,TRUE
1843,"C9orf3.1","meth",0.000108036128379067,0.705785667526379,TRUE
1844,"SOX18.1","meth",0.00010800644598992,0.705893673972368,TRUE
1845,"BEST1","exp",0.000107907200976855,0.706001581173345,TRUE
1846,"CLYBL","exp",0.000107785971604728,0.70610936714495,TRUE
1847,"CYSLTR1","exp",0.000107771837133705,0.706217138982084,TRUE
1848,"RAD9A","exp",0.000107666190723846,0.706324805172808,TRUE
1849,"RAPGEF2","exp",0.000107583147786243,0.706432388320594,TRUE
1850,"IL6ST.1","meth",0.000107534050941856,0.706539922371536,TRUE
1851,"AACS","exp",0.000107513316490562,0.706647435688026,TRUE
1852,"SHCBP1","exp",0.000107470772900922,0.706754906460927,TRUE
1853,"PSME3","meth",0.0001074434735135,0.706862349934441,TRUE
1854,"TMEM170B","exp",0.000107283415230895,0.706969633349672,TRUE
1855,"NTN1.1","meth",0.000107260145919922,0.707076893495592,TRUE
1856,"VIPR1.1","meth",0.000107218443389714,0.707184111938981,TRUE
1857,"AASDH","exp",0.00010721620056456,0.707291328139546,TRUE
1858,"TUT1","meth",0.000107130167193418,0.707398458306739,TRUE
1859,"ELOVL6","exp",0.000106998704931526,0.707505457011671,TRUE
1860,"C17orf56","exp",0.000106986205853845,0.707612443217525,TRUE
1861,"TTPAL","exp",0.000106983624268641,0.707719426841793,TRUE
1862,"C17orf107","exp",0.000106862009410941,0.707826288851204,TRUE
1863,"TRAPPC5","exp",0.000106807866209958,0.707933096717414,TRUE
1864,"RACGAP1","exp",0.000106786722910329,0.708039883440325,TRUE
1865,"DSCAML1","exp",0.000106785998664706,0.708146669438989,TRUE
1866,"RPSA","exp",0.000106558749078528,0.708253228188068,TRUE
1867,"ZNF780B","exp",0.000106545443985557,0.708359773632053,TRUE
1868,"GREM1.1","meth",0.000106521590605534,0.708466295222659,TRUE
1869,"NET1","exp",0.000106464585466202,0.708572759808125,TRUE
1870,"TUBA8.1","meth",0.000106427660620828,0.708679187468746,TRUE
1871,"CAMK1G","meth",0.000106424296383097,0.708785611765129,TRUE
1872,"SMCHD1","exp",0.000106398971149066,0.708892010736278,TRUE
1873,"C16orf75","exp",0.000106263256864487,0.708998273993143,TRUE
1874,"ERICH1","exp",0.000106252498312576,0.709104526491455,TRUE
1875,"GRHL1","exp",0.000106220900176943,0.709210747391632,TRUE
1876,"DZIP1.1","meth",0.000106212396131567,0.709316959787764,TRUE
1877,"PCSK1.1","meth",0.000106189138501975,0.709423148926266,TRUE
1878,"TRIP4.1","meth",0.000106136513880523,0.709529285440146,TRUE
1879,"IVNS1ABP.1","meth",0.000106127484173002,0.709635412924319,TRUE
1880,"PAX4","meth",0.000106122998522694,0.709741535922842,TRUE
1881,"FAM90A1","exp",0.00010610665627066,0.709847642579112,TRUE
1882,"ELSPBP1","meth",0.000105964902712098,0.709953607481825,TRUE
1883,"COL11A1","exp",0.000105894218675603,0.7100595017005,TRUE
1884,"UST.1","meth",0.000105863181246258,0.710165364881746,TRUE
1885,"SRP72","meth",0.000105843790153781,0.7102712086719,TRUE
1886,"LONP2","exp",0.000105761191108656,0.710376969863009,TRUE
1887,"FBXO38","meth",0.000105668557757243,0.710482638420766,TRUE
1888,"OLFM2","exp",0.000105656175493372,0.71058829459626,TRUE
1889,"KIF13B","exp",0.00010565569655675,0.710693950292816,TRUE
1890,"HNRPA1L-2;HNRNPA1;CBX5","meth",0.000105652624353544,0.71079960291717,TRUE
1891,"LOC541473","exp",0.000105650241351818,0.710905253158522,TRUE
1892,"IQGAP3","exp",0.000105634483168835,0.71101088764169,TRUE
1893,"VASN;CORO7","meth",0.000105591834446766,0.711116479476137,TRUE
1894,"CBS.1","meth",0.000105478618502012,0.711221958094639,TRUE
1895,"C1orf57","exp",0.000105459145639868,0.711327417240279,TRUE
1896,"AMDHD1","exp",0.000105458456438388,0.711432875696717,TRUE
1897,"INF2","exp",0.000105419592483766,0.711538295289201,TRUE
1898,"FAM166B","exp",0.000105358171782413,0.711643653460984,TRUE
1899,"C20orf24","exp",0.000105349749506705,0.71174900321049,TRUE
1900,"TBCCD1","exp",0.000105150465146666,0.711854153675637,TRUE
1901,"ACTL9","meth",0.000105108727572315,0.711959262403209,TRUE
1902,"DDX20;C1orf183","meth",0.000104994261719793,0.712064256664929,TRUE
1903,"MMP19","exp",0.000104936111805123,0.712169192776734,TRUE
1904,"LOC151534","exp",0.000104857052218444,0.712274049828953,TRUE
1905,"C8orf39","exp",0.000104751697843111,0.712378801526796,TRUE
1906,"TRDMT1.1","meth",0.00010464129711118,0.712483442823907,TRUE
1907,"COMP.1","meth",0.000104587632846818,0.712588030456754,TRUE
1908,"CCBL1","exp",0.000104585810551381,0.712692616267305,TRUE
1909,"ZNF12","meth",0.000104558195766672,0.712797174463072,TRUE
1910,"RAB3B.1","meth",0.00010454546306137,0.712901719926133,TRUE
1911,"PRKCE","exp",0.000104515348461125,0.713006235274594,TRUE
1912,"WNK2","exp",0.00010447945157728,0.713110714726172,TRUE
1913,"NIPSNAP3A","exp",0.000104426476514398,0.713215141202686,TRUE
1914,"TMEM200A","exp",0.000104382449389369,0.713319523652076,TRUE
1915,"UNC5C","exp",0.000104303705199977,0.713423827357275,TRUE
1916,"ANKAR","exp",0.000104266885487032,0.713528094242763,TRUE
1917,"NAT8B","exp",0.000104252622520819,0.713632346865283,TRUE
1918,"ELN","exp",0.000104228745778033,0.713736575611061,TRUE
1919,"DNAJC15","exp",0.000104169322592833,0.713840744933654,TRUE
1920,"PARD6A","exp",0.000104167570385681,0.71394491250404,TRUE
1921,"ANKMY2","exp",0.000104040383509239,0.714048952887549,TRUE
1922,"PTGR1","exp",0.000104008037765221,0.714152960925314,TRUE
1923,"DHRS12","exp",0.000103902064276694,0.714256862989591,TRUE
1924,"ENY2;NUDCD1","meth",0.000103900440564733,0.714360763430156,TRUE
1925,"HPSE2","meth",0.000103779269599512,0.714464542699755,TRUE
1926,"C1orf227","exp",0.00010372006836055,0.714568262768116,TRUE
1927,"KCNJ3","meth",0.000103637469315425,0.714671900237431,TRUE
1928,"CHIC2","exp",0.000103603383045637,0.714775503620477,TRUE
1929,"EME2","exp",0.000103591900248103,0.714879095520725,TRUE
1930,"ZNF814","exp",0.000103506556078441,0.714982602076803,TRUE
1931,"TMX4.1","meth",0.000103454223491514,0.715086056300295,TRUE
1932,"KHDC1","exp",0.000103325144231348,0.715189381444526,TRUE
1933,"RCN3","exp",0.00010330748198326,0.71529268892651,TRUE
1934,"HSD11B1L;C19orf70","meth",0.000103281911440228,0.71539597083795,TRUE
1935,"ULBP1","exp",0.000103260978405457,0.715499231816355,TRUE
1936,"SLC48A1","exp",0.000103204790962797,0.715602436607318,TRUE
1937,"NCRNA00116","exp",0.00010319719806514,0.715705633805383,TRUE
1938,"ZNF224.1","meth",0.000103156885619273,0.715808790691002,TRUE
1939,"ARVCF","exp",0.000103150963159101,0.715911941654161,TRUE
1940,"ARG2","exp",0.000103101293927044,0.716015042948089,TRUE
1941,"ADAM33","exp",0.000103099179597081,0.716118142127686,TRUE
1942,"KDM3A","meth",0.000103084227429388,0.716221226355115,TRUE
1943,"C17orf53","exp",0.000103039207386973,0.716324265562502,TRUE
1944,"CGN","exp",0.000102975158374893,0.716427240720877,TRUE
1945,"RPF2","exp",0.000102955860733463,0.71653019658161,TRUE
1946,"GCNT4","exp",0.000102878004329028,0.71663307458594,TRUE
1947,"C18orf19","exp",0.000102820286625456,0.716735894872565,TRUE
1948,"LOC100272217","exp",0.000102802390749748,0.716838697263315,TRUE
1949,"TPM1","exp",0.000102749637633104,0.716941446900948,TRUE
1950,"PCDHGA4;PCDHGA12;PCDHGA11;PCDHGA9;PCDHGA1;PCDHGB1;PCDHGC3;PCDHGB6;PCDHGB3;PCDHGB7;PCDHGA6;PCDHGA8;PCDHGA10;PCDHGA5;PCDHGB4;PCDHGA3;PCDHGA2;PCDHGA7;PCDHGB2;PCDHGB5","meth",0.000102671664414859,0.717044118565363,TRUE
1951,"FAM104B","exp",0.000102634190544578,0.717146752755907,TRUE
1952,"LOC100302401;RASAL2","meth",0.000102625067386008,0.717249377823293,TRUE
1953,"CAMKK2","exp",0.000102611306719178,0.717351989130013,TRUE
1954,"TMEM144","exp",0.000102589894747786,0.71745457902476,TRUE
1955,"OCM","exp",0.000102546545142856,0.717557125569903,TRUE
1956,"SFXN2;ARL3","meth",0.000102539816667394,0.71765966538657,TRUE
1957,"C4orf26","meth",0.000102492133270109,0.717762157519841,TRUE
1958,"DUSP19.1","meth",0.000102365296835097,0.717864522816676,TRUE
1959,"GPHN","exp",0.000102361114900695,0.717966883931576,TRUE
1960,"PMS1;ORMDL1","meth",0.000102355472793667,0.71806923940437,TRUE
1961,"HOXB4.1","meth",0.000102340263635592,0.718171579668006,TRUE
1962,"FLJ30058","meth",0.000102321444930784,0.718273901112936,TRUE
1963,"C17orf63","exp",0.000102178266243738,0.71837607937918,TRUE
1964,"NPHP3;NCRNA00119","meth",0.00010209169552907,0.718478171074709,TRUE
1965,"MIR632;ZNF207","meth",0.000102081626178638,0.718580252700888,TRUE
1966,"TMEM169;PECR","meth",0.000102070049930057,0.718682322750818,TRUE
1967,"KREMEN2","exp",0.000102057375631661,0.71878438012645,TRUE
1968,"UPRT","exp",0.000102025064931786,0.718886405191381,TRUE
1969,"SLC25A4","exp",0.000101982311077287,0.718988387502459,TRUE
1970,"CCNJ.1","meth",0.000101953130987523,0.719090340633446,TRUE
1971,"ZNF649.1","meth",0.000101863196035123,0.719192203829481,TRUE
1972,"TEF","exp",0.00010183771894314,0.719294041548424,TRUE
1973,"CRLS1","exp",0.000101766614376929,0.719395808162801,TRUE
1974,"TMEM206.1","meth",0.000101761591383094,0.719497569754184,TRUE
1975,"ICA1L.1","meth",0.000101712097371753,0.719599281851556,TRUE
1976,"RCCD1","exp",0.000101635934767564,0.719700917786324,TRUE
1977,"CHST12","exp",0.000101633318138218,0.719802551104462,TRUE
1978,"HRNBP3","exp",0.000101611123514298,0.719904162227976,TRUE
1979,"CCDC89","exp",0.000101515242738964,0.720005677470715,TRUE
1980,"ANO7","exp",0.000101488422288164,0.720107165893003,TRUE
1981,"PKIA","exp",0.000101483586196426,0.7202086494792,TRUE
1982,"RAPGEF4","exp",0.000101456543799386,0.720310106022999,TRUE
1983,"WDR53;FBXO45","meth",0.000101454709822568,0.720411560732821,TRUE
1984,"WDHD1","exp",0.000101383838883977,0.720512944571705,TRUE
1985,"PDIA4","exp",0.000101375486696555,0.720614320058402,TRUE
1986,"NOC3L","exp",0.000101364903365359,0.720715684961767,TRUE
1987,"KIAA0174","meth",0.000101338737071896,0.720817023698839,TRUE
1988,"KLHDC2","meth",0.000101317453595694,0.720918341152435,TRUE
1989,"CDH2.1","meth",0.000101242903022085,0.721019584055457,TRUE
1990,"RDM1","exp",0.000101209015335774,0.721120793070793,TRUE
1991,"UBE2C.1","meth",0.000101162208042065,0.721221955278835,TRUE
1992,"FAM162A","exp",0.000101122082498294,0.721323077361333,TRUE
1993,"RNLS","exp",0.000101108333512845,0.721424185694846,TRUE
1994,"FUCA2","exp",0.00010109602133726,0.721525281716183,TRUE
1995,"WDR47","exp",0.000101080122977704,0.721626361839161,TRUE
1996,"ZNF613","exp",0.000100995094205329,0.721727356933366,TRUE
1997,"FAM167A","exp",0.000100960996254159,0.72182831792962,TRUE
1998,"LOC200030","exp",0.000100953520170313,0.72192927144979,TRUE
1999,"MARCH3","exp",0.000100937808712854,0.722030209258503,TRUE
2000,"RPL28.1","meth",0.000100925636713841,0.722131134895217,TRUE
2001,"ZBTB26.1","meth",0.000100873794744916,0.722232008689962,TRUE
2002,"VDAC3","meth",0.000100869262369084,0.722332877952331,TRUE
2003,"NUP210L","exp",0.000100855127898061,0.722433733080229,TRUE
2004,"NINJ1","exp",0.000100809185026547,0.722534542265256,TRUE
2005,"C17orf76","exp",0.000100805610523958,0.72263534787578,TRUE
2006,"KIAA0802","exp",0.000100790319596215,0.722736138195376,TRUE
2007,"FHOD3","exp",0.00010074760078586,0.722836885796162,TRUE
2008,"MSH6.1","meth",0.00010070494038241,0.722937590736544,TRUE
2009,"PARP3","exp",0.00010069731244061,0.723038288048985,TRUE
2010,"ZNF193.1","meth",0.000100647012413979,0.723138935061399,TRUE
2011,"HLA-DMB.1","meth",0.000100606968639875,0.723239542030038,TRUE
2012,"NEO1.1","meth",0.000100581433140986,0.72334012346318,TRUE
2013,"HPS3","exp",0.000100553783312134,0.723440677246492,TRUE
2014,"PI4KB","meth",0.00010050622841004,0.723541183474902,TRUE
2015,"MRPS18C;HELQ","meth",0.000100463124114111,0.723641646599016,TRUE
2016,"ATP5S","exp",0.00010045766890918,0.723742104267925,TRUE
2017,"Growth hormone synthesis, secretion and action ","path_mut",0.000100311079258879,0.723842415347184,TRUE
2018,"CCDC96","exp",0.000100278254578239,0.723942693601762,TRUE
2019,"TM4SF19","exp",0.000100273348398215,0.72404296695016,TRUE
2020,"FEV","meth",0.000100249273071952,0.724143216223232,TRUE
2021,"TPBG.1","meth",0.000100222721292916,0.724243438944525,TRUE
2022,"TAGLN2","exp",0.000100089039568632,0.724343527984094,TRUE
2023,"RNPS1","meth",0.000100045526424368,0.724443573510518,TRUE
2024,"MCM4","exp",0.000100025177458647,0.724543598687977,TRUE
2025,"PBX2","meth",9.99724126606229e-05,0.724643571100637,TRUE
2026,"BRP44","exp",9.994810370674e-05,0.724743519204344,TRUE
2027,"BTG1.1","meth",9.9925733862105e-05,0.724843444938206,TRUE
2028,"PRKCQ","exp",9.99125572643251e-05,0.724943357495471,TRUE
2029,"RPL23A","exp",9.98738451676564e-05,0.725043231340638,TRUE
2030,"ITGBL1","exp",9.98698267725888e-05,0.725143101167411,TRUE
2031,"ZBTB6.1","meth",9.97917367405337e-05,0.725242892904151,TRUE
2032,"HS3ST3B1.1","meth",9.97535503060104e-05,0.725342646454457,TRUE
2033,"FAM119B","exp",9.96928772130419e-05,0.72544233933167,TRUE
2034,"RUFY4","exp",9.96703555104537e-05,0.725542009687181,TRUE
2035,"CDK2AP1.1","meth",9.96493757501589e-05,0.725641659062931,TRUE
2036,"C1orf74.1","meth",9.96134905476947e-05,0.725741272553479,TRUE
2037,"GCLM.1","meth",9.95863430182263e-05,0.725840858896497,TRUE
2038,"LOC220930","exp",9.95751639365992e-05,0.725940434060433,TRUE
2039,"SESN2","exp",9.95450493363542e-05,0.72603997910977,TRUE
2040,"TRIM14.1","meth",9.95327254793881e-05,0.726139511835249,TRUE
2041,"IL1RAPL1","meth",9.94972608066403e-05,0.726239009096056,TRUE
2042,"SLC25A5","exp",9.94899015366037e-05,0.726338498997592,TRUE
2043,"CLEC3B","exp",9.94408280549786e-05,0.726437939825647,TRUE
2044,"SPSB2","exp",9.93987984461029e-05,0.726537338624094,TRUE
2045,"KCNK9","exp",9.93748632964124e-05,0.72663671348739,TRUE
2046,"TMED8","exp",9.93312567011003e-05,0.726736044744091,TRUE
2047,"ACTL6B","meth",9.93238623869206e-05,0.726835368606478,TRUE
2048,"C16orf73","meth",9.9272978291239e-05,0.726934641584769,TRUE
2049,"RFX2","exp",9.92628855780459e-05,0.727033904470347,TRUE
2050,"HHAT","exp",9.92209494202182e-05,0.727133125419767,TRUE
2051,"LHX2","exp",9.91862557186171e-05,0.727232311675486,TRUE
2052,"TAS1R1","exp",9.91648087030818e-05,0.727331476484189,TRUE
2053,"THAP2","exp",9.91589446498146e-05,0.727430635428839,TRUE
2054,"ABLIM1","exp",9.91446466394577e-05,0.727529780075478,TRUE
2055,"ENKUR","exp",9.91055373758346e-05,0.727628885612854,TRUE
2056,"SLC35F2","exp",9.9101518980767e-05,0.727727987131835,TRUE
2057,"GIMAP5.1","meth",9.90158360510551e-05,0.727827002967886,TRUE
2058,"DUSP11","meth",9.89883147173944e-05,0.727925991282603,TRUE
2059,"DUSP10.1","meth",9.89848453472343e-05,0.728024976127951,TRUE
2060,"KIAA1712","exp",9.8970103444399e-05,0.728123946231395,TRUE
2061,"TMPRSS3","exp",9.89294288757205e-05,0.728222875660271,TRUE
2062,"RIPK3.1","meth",9.89081804436624e-05,0.728321783840714,TRUE
2063,"IGF2R","exp",9.89049447011225e-05,0.728420688785415,TRUE
2064,"LYPLA1","exp",9.88707883430479e-05,0.728519559573758,TRUE
2065,"PRR5","exp",9.88582074956996e-05,0.728618417781254,TRUE
2066,"KIAA0355","exp",9.88496450434189e-05,0.728717267426297,TRUE
2067,"CADM1.1","meth",9.88409190518041e-05,0.728816108345349,TRUE
2068,"C16orf91","exp",9.88305576668478e-05,0.728914938903016,TRUE
2069,"ZP1","exp",9.88231633526681e-05,0.729013762066369,TRUE
2070,"MORC4","exp",9.87670576796747e-05,0.729112529124048,TRUE
2071,"KCNJ5","exp",9.87658077719066e-05,0.72921129493182,TRUE
2072,"ETNK1.1","meth",9.87297940742513e-05,0.729310024725894,TRUE
2073,"SLC41A1","exp",9.86934649793087e-05,0.729408718190874,TRUE
2074,"GMPPB","exp",9.86770526389889e-05,0.729507395243513,TRUE
2075,"CCDC110.1","meth",9.86733379598276e-05,0.729606068581473,TRUE
2076,"HSPB7","exp",9.8605807896206e-05,0.729704674389369,TRUE
2077,"HSPC157","exp",9.85845594641479e-05,0.729803258948833,TRUE
2078,"TMEM38A;C19orf42","meth",9.85721772002768e-05,0.729901831126033,TRUE
2079,"TIGD3","exp",9.85589421955919e-05,0.730000390068229,TRUE
2080,"EGR3.1","meth",9.85519100042236e-05,0.730098941978233,TRUE
2081,"FICD","exp",9.84627927484946e-05,0.730197404770981,TRUE
2082,"OSR2","exp",9.84524080007763e-05,0.730295857178982,TRUE
2083,"FMNL2","exp",9.84284494883237e-05,0.730394285628471,TRUE
2084,"LOC401093","exp",9.84273397571278e-05,0.730492712968228,TRUE
2085,"KIAA1539.1","meth",9.84002856787075e-05,0.730591113253907,TRUE
2086,"ZNF621.1","meth",9.84001221393733e-05,0.730689513376046,TRUE
2087,"LRRC37A2","exp",9.83903915489916e-05,0.730787903767595,TRUE
2088,"SUPT3H","exp",9.83664563993011e-05,0.730886270223994,TRUE
2089,"MED24","meth",9.83004916407349e-05,0.730984570715635,TRUE
2090,"NANP","exp",9.82608800777283e-05,0.731082831595713,TRUE
2091,"PLIN3","exp",9.82341063524523e-05,0.731181065702065,TRUE
2092,"PMM2","exp",9.8211572968483e-05,0.731279277275034,TRUE
2093,"FAM46B","exp",9.8015547713746e-05,0.731377292822747,TRUE
2094,"LOC100128292","exp",9.79287959376717e-05,0.731475221618685,TRUE
2095,"MBD1","meth",9.78616221561709e-05,0.731573083240841,TRUE
2096,"MAD2L2","exp",9.78414834553088e-05,0.731670924724296,TRUE
2097,"ANKRD20A3","exp",9.78371496629539e-05,0.731768761873959,TRUE
2098,"ZNF696","exp",9.77553332703564e-05,0.73186651720723,TRUE
2099,"ZNF281","exp",9.77028721882383e-05,0.731964220079418,TRUE
2100,"THBS2.1","meth",9.7645691828192e-05,0.732061865771246,TRUE
2101,"WFDC2","exp",9.75518202503917e-05,0.732159417591497,TRUE
2102,"MGST2","exp",9.75167410632172e-05,0.73225693433256,TRUE
2103,"SULT1C4.1","meth",9.74969060782614e-05,0.732354431238638,TRUE
2104,"HSPA13.1","meth",9.74913574222814e-05,0.73245192259606,TRUE
2105,"BNIP1","exp",9.74587079623571e-05,0.732549381304023,TRUE
2106,"RFPL2","exp",9.7426858677032e-05,0.7326468081627,TRUE
2107,"PREX2.1","meth",9.73596089665547e-05,0.732744167771666,TRUE
2108,"KCP","exp",9.73208326222904e-05,0.732841488604289,TRUE
2109,"KIF1C","exp",9.72828914967683e-05,0.732938771495785,TRUE
2110,"SNORD46;RPS8","meth",9.72067464146514e-05,0.7330359782422,TRUE
2111,"PKN1","exp",9.72009524496702e-05,0.73313317919465,TRUE
2112,"TNS4","exp",9.71727302331489e-05,0.733230351924883,TRUE
2113,"FGF9","exp",9.71503545478233e-05,0.733327502279431,TRUE
2114,"LOC283267","exp",9.70577912846962e-05,0.733424560070715,TRUE
2115,"CAPRIN2","exp",9.70273320837114e-05,0.733521587402799,TRUE
2116,"FAM122C.1","meth",9.6887692855112e-05,0.733618475095654,TRUE
2117,"PAM.1","meth",9.68732955530166e-05,0.733715348391207,TRUE
2118,"STK17A","exp",9.68295838252753e-05,0.733812177975033,TRUE
2119,"PHB2;EMG1","meth",9.68087676043146e-05,0.733908986742637,TRUE
2120,"TMEM80","exp",9.67973140102339e-05,0.734005784056647,TRUE
2121,"PLOD2","exp",9.67296729734926e-05,0.73410251372962,TRUE
2122,"CRAT;PPP2R4","meth",9.67063802997577e-05,0.73419922010992,TRUE
2123,"SCARNA17","exp",9.66997102312007e-05,0.734295919820152,TRUE
2124,"RPF2.1","meth",9.66586151328058e-05,0.734392578435284,TRUE
2125,"MTRR;FASTKD3","meth",9.65609237434151e-05,0.734489139359028,TRUE
2126,"LOC100130522","exp",9.65498030686931e-05,0.734585689162097,TRUE
2127,"TRIM58.1","meth",9.6549592803835e-05,0.7346822387549,TRUE
2128,"KIAA0195","meth",9.64261673320782e-05,0.734778664922232,TRUE
2129,"GRIK2","meth",9.63428674040924e-05,0.734875007789637,TRUE
2130,"CDC26","exp",9.63262798430575e-05,0.73497133406948,TRUE
2131,"LGALS1","exp",9.63238267530453e-05,0.735067657896233,TRUE
2132,"MYO5B","exp",9.63122680265354e-05,0.735163970164259,TRUE
2133,"C2orf62","exp",9.62984664748715e-05,0.735260268630734,TRUE
2134,"NME6.1","meth",9.62162003491051e-05,0.735356484831083,TRUE
2135,"C16orf59.1","meth",9.62049979047161e-05,0.735452689828988,TRUE
2136,"SYNGR2","exp",9.61572035343117e-05,0.735548847032522,TRUE
2137,"JMJD4;SNAP47","meth",9.61557083175423e-05,0.73564500274084,TRUE
2138,"FGFR4.1","meth",9.60950352245739e-05,0.735741097776064,TRUE
2139,"MT2A.1","meth",9.60624908970786e-05,0.735837160266961,TRUE
2140,"ZNF720","exp",9.60415169774743e-05,0.735933201783939,TRUE
2141,"LOC100129534","exp",9.60389412329615e-05,0.736029240725172,TRUE
2142,"ZNF527","exp",9.60363129222341e-05,0.736125277038094,TRUE
2143,"C17orf91","exp",9.60355185883254e-05,0.736221312556682,TRUE
2144,"ARHGEF7","meth",9.60311731145895e-05,0.736317343729797,TRUE
2145,"RALGDS","exp",9.60073080531851e-05,0.73641335103785,TRUE
2146,"CARD14","exp",9.59649747284031e-05,0.736509316012579,TRUE
2147,"BFSP1","exp",9.59309118213765e-05,0.7366052469244,TRUE
2148,"CLTCL1","exp",9.5913600014719e-05,0.736701160524415,TRUE
2149,"KDELR3","exp",9.59050550845098e-05,0.736797065579499,TRUE
2150,"RNASEN;C5orf22","meth",9.5847360743699e-05,0.736892912940243,TRUE
2151,"CALCOCO1","exp",9.58339213148464e-05,0.736988746861558,TRUE
2152,"USP6","exp",9.5825096031493e-05,0.737084571957589,TRUE
2153,"BLOC1S3;TRAPPC6A","meth",9.58128597848845e-05,0.737180384817374,TRUE
2154,"DEFB123","meth",9.57999284961059e-05,0.73727618474587,TRUE
2155,"FOXD4L2","exp",9.57635643570203e-05,0.737371948310227,TRUE
2156,"MS4A15","meth",9.57380288581313e-05,0.737467686339085,TRUE
2157,"FAM21A","exp",9.57316333020281e-05,0.737563417972387,TRUE
2158,"PPAPDC2","exp",9.55317590322482e-05,0.737658949731419,TRUE
2159,"HIST2H2AA3","exp",9.54976493996975e-05,0.737754447380819,TRUE
2160,"SAMD12","exp",9.54750459274423e-05,0.737849922426747,TRUE
2161,"LPPR3","meth",9.54592468596256e-05,0.737945381673606,TRUE
2162,"C4orf19","exp",9.53539917760306e-05,0.738040735665382,TRUE
2163,"MARVELD1","exp",9.5311629247796e-05,0.73813604729463,TRUE
2164,"EIF4EBP1.1","meth",9.52795696976128e-05,0.738231326864328,TRUE
2165,"LENG8","exp",9.51866559930553e-05,0.738326513520321,TRUE
2166,"MURC","exp",9.51836071526116e-05,0.738421697127473,TRUE
2167,"AQP8","exp",9.51650337568049e-05,0.73851686216123,TRUE
2168,"ITGAL.1","meth",9.51568334273356e-05,0.738612018994657,TRUE
2169,"PMVK.1","meth",9.5067120421175e-05,0.738707086115079,TRUE
2170,"PROZ","exp",9.50541949730869e-05,0.738802140310052,TRUE
2171,"HSPA12A","exp",9.50275672650735e-05,0.738897167877317,TRUE
2172,"ASNS.1","meth",9.49936971008336e-05,0.738992161574418,TRUE
2173,"INHA;OBSL1","meth",9.49784937834485e-05,0.739087140068201,TRUE
2174,"CNN3.1","meth",9.49649842663098e-05,0.739182105052468,TRUE
2175,"KRAS","exp",9.48750259511481e-05,0.739276980078419,TRUE
2176,"GALM","exp",9.48365124379565e-05,0.739371816590857,TRUE
2177,"SYCP2","exp",9.47760204063937e-05,0.739466592611263,TRUE
2178,"LRRC69","exp",9.47667570712524e-05,0.739561359368334,TRUE
2179,"H2AFJ","exp",9.47489488059019e-05,0.73965610831714,TRUE
2180,"ALDH3B2","exp",9.47330562870371e-05,0.739750841373427,TRUE
2181,"CSNK1G1.1","meth",9.47113639625006e-05,0.73984555273739,TRUE
2182,"CYP27C1","exp",9.46935264936976e-05,0.739940246263883,TRUE
2183,"PYGO2","meth",9.46887196054118e-05,0.740034934983489,TRUE
2184,"FANCM","exp",9.46791116695307e-05,0.740129614095158,TRUE
2185,"SLC16A14","exp",9.46552349267452e-05,0.740224269330085,TRUE
2186,"KPTN","exp",9.46526591822324e-05,0.740318921989267,TRUE
2187,"FOXA2","meth",9.46509303378429e-05,0.740413572919605,TRUE
2188,"SFRS12IP1","exp",9.45184809992555e-05,0.740508091400604,TRUE
2189,"FDFT1.1","meth",9.45060870540033e-05,0.740602597487658,TRUE
2190,"KCNA2.1","meth",9.44857789731166e-05,0.740697083266632,TRUE
2191,"SOCS4;WDHD1","meth",9.4424387475216e-05,0.740791507654107,TRUE
2192,"C8orf48","exp",9.44202289035763e-05,0.74088592788301,TRUE
2193,"ITGB2.1","meth",9.44097682268814e-05,0.740980337651237,TRUE
2194,"ZNF771","exp",9.43988344542556e-05,0.741074736485691,TRUE
2195,"SPEF2.1","meth",9.43568223674513e-05,0.741169093308059,TRUE
2196,"C11orf65","exp",9.43484234545048e-05,0.741263441731513,TRUE
2197,"XPA","exp",9.42830894905131e-05,0.741357724821004,TRUE
2198,"LEPRE1","exp",9.42498618022288e-05,0.741451974682806,TRUE
2199,"S100B","exp",9.41928975477312e-05,0.741546167580354,TRUE
2200,"CYBA.1","meth",9.41625142757229e-05,0.74164033009463,TRUE
2201,"C8orf59","exp",9.41451440621603e-05,0.741734475238692,TRUE
2202,"LAPTM4B.1","meth",9.40657924409561e-05,0.741828541031133,TRUE
2203,"C12orf57","exp",9.40418981760991e-05,0.741922582929309,TRUE
2204,"CCDC85B.1","meth",9.39123691827643e-05,0.742016495298492,TRUE
2205,"FAM86A","exp",9.39066102619261e-05,0.742110401908753,TRUE
2206,"DYRK1B.1","meth",9.383405720447e-05,0.742204235965958,TRUE
2207,"DHCR7.1","meth",9.38197533534227e-05,0.742298055719311,TRUE
2208,"HERPUD1.1","meth",9.3790602467111e-05,0.742391846321778,TRUE
2209,"THNSL2","exp",9.36188744848758e-05,0.742485465196263,TRUE
2210,"ARL11","exp",9.36002426821641e-05,0.742579065438945,TRUE
2211,"LIPT1","exp",9.35918963354321e-05,0.742672657335281,TRUE
2212,"TMEM11","exp",9.35258848513418e-05,0.742766183220132,TRUE
2213,"GINS1","exp",9.35051387186672e-05,0.742859688358851,TRUE
2214,"PCDHB14","exp",9.34109225401271e-05,0.742953099281391,TRUE
2215,"TFAP2E","exp",9.34022666367984e-05,0.743046501548028,TRUE
2216,"PLXNA3","exp",9.33394091255809e-05,0.743139840957153,TRUE
2217,"SLC12A5.1","meth",9.3320520332487e-05,0.743233161477486,TRUE
2218,"ODZ2","exp",9.33113504483937e-05,0.743326472827934,TRUE
2219,"MYL5","exp",9.32980979216373e-05,0.743419770925856,TRUE
2220,"C1orf112","exp",9.32943774017855e-05,0.743513065303258,TRUE
2221,"CYP39A1;SLC25A27","meth",9.32484637337238e-05,0.743606313766991,TRUE
2222,"F2RL3.1","meth",9.32439371985822e-05,0.74369955770419,TRUE
2223,"TRIB2","exp",9.32207438165859e-05,0.743792778448007,TRUE
2224,"CIDEB","exp",9.31866400247258e-05,0.743885965088031,TRUE
2225,"C1R","exp",9.3122830480956e-05,0.743979087918512,TRUE
2226,"PGM2.1","meth",9.30434029307752e-05,0.744072131321443,TRUE
2227,"PDP2.1","meth",9.30343615418731e-05,0.744165165682985,TRUE
2228,"PSMD2","meth",9.29375579374392e-05,0.744258103240922,TRUE
2229,"C22orf26;LOC150381","meth",9.29353384750472e-05,0.744351038579397,TRUE
2230,"HAUS7","exp",9.28883384385515e-05,0.744443926917836,TRUE
2231,"CDKAL1","exp",9.28819253603767e-05,0.744536808843196,TRUE
2232,"HTR7.1","meth",9.28510689924375e-05,0.744629659912189,TRUE
2233,"TCF7L1","exp",9.27437229416416e-05,0.74472240363513,TRUE
2234,"PROS1.1","meth",9.27225971640842e-05,0.744815126232295,TRUE
2235,"DPH2","exp",9.27029607626055e-05,0.744907829193057,TRUE
2236,"DPY19L3","exp",9.26962965347391e-05,0.745000525489592,TRUE
2237,"TKT","exp",9.26608435433722e-05,0.745093186333135,TRUE
2238,"NAT8L","exp",9.26285620469497e-05,0.745185814895182,TRUE
2239,"PCYT1A","exp",9.25997265579254e-05,0.74527841462174,TRUE
2240,"EPHA3.1","meth",9.25756220282102e-05,0.745370990243769,TRUE
2241,"TSHR","exp",9.25669778062625e-05,0.745463557221575,TRUE
2242,"PEX6","exp",9.24691111961566e-05,0.745556026332771,TRUE
2243,"C14orf104","exp",9.24513087714966e-05,0.745648477641542,TRUE
2244,"FRZB","exp",9.23955184957905e-05,0.745740873160038,TRUE
2245,"RND3.1","meth",9.2391651958676e-05,0.745833264811997,TRUE
2246,"RSPH10B2","exp",9.23590609056568e-05,0.745925623872903,TRUE
2247,"BTBD9","exp",9.22841949347606e-05,0.746017908067837,TRUE
2248,"ZNF876P","exp",9.22501495498055e-05,0.746110158217387,TRUE
2249,"ADAM22.1","meth",9.22499334442568e-05,0.746202408150831,TRUE
2250,"TXNL4B;DHX38","meth",9.21870408888964e-05,0.74629459519172,TRUE
2251,"LOC595101","exp",9.218558071627e-05,0.746386780772436,TRUE
2252,"SARDH","exp",9.21779878186132e-05,0.746478958760255,TRUE
2253,"L3MBTL4.1","meth",9.21417404933377e-05,0.746571100500748,TRUE
2254,"CPNE5","exp",9.20528510245384e-05,0.746663153351773,TRUE
2255,"MTHFR;CLCN6","meth",9.20276834891513e-05,0.746755181035262,TRUE
2256,"CASP5","exp",9.20007754279936e-05,0.74684718181069,TRUE
2257,"PMPCB","meth",9.19998818023463e-05,0.746939181692492,TRUE
2258,"ZNF354A.1","meth",9.19018166087633e-05,0.747031083509101,TRUE
2259,"SLC25A22","exp",9.18923430087638e-05,0.74712297585211,TRUE
2260,"AGXT2L2.1","meth",9.18734600563603e-05,0.747214849312166,TRUE
2261,"CCDC72;CCDC51","meth",9.1845816068199e-05,0.747306695128235,TRUE
2262,"C10orf114","exp",9.18303791231937e-05,0.747398525507358,TRUE
2263,"TULP3","exp",9.17304332272679e-05,0.747490255940585,TRUE
2264,"PPFIA4","exp",9.17084780716587e-05,0.747581964418657,TRUE
2265,"TFRC","exp",9.16732879113646e-05,0.747673637706568,TRUE
2266,"TGDS","exp",9.16588614058167e-05,0.747765296567974,TRUE
2267,"CRB2","exp",9.16477407310947e-05,0.747856944308705,TRUE
2268,"C22orf29","exp",9.15808473027381e-05,0.747948525156008,TRUE
2269,"CBFA2T3.1","meth",9.15571925061919e-05,0.748040082348514,TRUE
2270,"NR2C1.1","meth",9.15541670285102e-05,0.748131636515542,TRUE
2271,"C7orf52","meth",9.15518774778321e-05,0.74822318839302,TRUE
2272,"SLC22A3","exp",9.14914146497218e-05,0.74831467980767,TRUE
2273,"MIPEP;PCOTH","meth",9.14478664613147e-05,0.748406127674131,TRUE
2274,"DHFRL1","exp",9.14103517061996e-05,0.748497538025838,TRUE
2275,"ICAM5","exp",9.14027763306143e-05,0.748588940802168,TRUE
2276,"CYTIP","exp",9.13849622245733e-05,0.748680325764393,TRUE
2277,"CD59","exp",9.13772992386304e-05,0.748771703063631,TRUE
2278,"PSME2;RNF31","meth",9.13058383902987e-05,0.748863008902022,TRUE
2279,"SYNM","exp",9.12985433678577e-05,0.74895430744539,TRUE
2280,"SERPINB9.1","meth",9.1248804047515e-05,0.749045556249437,TRUE
2281,"SEC14L1","exp",9.12484769688467e-05,0.749136804726406,TRUE
2282,"FGF2.1","meth",9.1229856847516e-05,0.749228034583253,TRUE
2283,"FAM3B.1","meth",9.12248805792056e-05,0.749319259463833,TRUE
2284,"HOOK1.1","meth",9.12171358235956e-05,0.749410476599656,TRUE
2285,"TTPAL.1","meth",9.11717594990604e-05,0.749501648359155,TRUE
2286,"AQP7P1","exp",9.10682507819264e-05,0.749592716609937,TRUE
2287,"ANXA4","exp",9.10029109772443e-05,0.749683719520914,TRUE
2288,"RAET1E","exp",9.09789875089348e-05,0.749774698508423,TRUE
2289,"GABRA4","meth",9.0976954948639e-05,0.749865675463372,TRUE
2290,"RNF41","meth",9.0949153261834e-05,0.749956624616634,TRUE
2291,"CSMD1.1","meth",9.0841123850249e-05,0.750047465740484,TRUE
2292,"C6orf48","exp",9.08091343883518e-05,0.750138274874872,TRUE
2293,"SLC9A3R2","exp",9.080044344088e-05,0.750229075318313,TRUE
2294,"ZNF354C.1","meth",9.07978852184387e-05,0.750319873203532,TRUE
2295,"GOLGA5","meth",9.07847728682544e-05,0.7504106579764,TRUE
2296,"PGP","exp",9.07710647676386e-05,0.750501429041168,TRUE
2297,"BHLHA15","exp",9.07465105047546e-05,0.750592175551672,TRUE
2298,"PPAP2B.1","meth",9.07375800889721e-05,0.750682913131761,TRUE
2299,"MALAT1","exp",9.05690820085863e-05,0.75077348221377,TRUE
2300,"SRGAP1.1","meth",9.05273561156168e-05,0.750864009569886,TRUE
2301,"ZNF596","exp",9.05165099533486e-05,0.750954526079839,TRUE
2302,"COASY","meth",9.05086951094526e-05,0.751045034774948,TRUE
2303,"BLVRA.1","meth",9.05044664495268e-05,0.751135539241398,TRUE
2304,"CSPG5.1","meth",9.04778562635849e-05,0.751226017097661,TRUE
2305,"OPRL1","exp",9.04581264110582e-05,0.751316475224073,TRUE
2306,"C21orf7","exp",9.04488747572979e-05,0.75140692409883,TRUE
2307,"FXYD7","exp",9.03922667849211e-05,0.751497316365615,TRUE
2308,"PLTP","exp",9.03693595967595e-05,0.751587685725211,TRUE
2309,"HIST1H1E","exp",9.03617900618647e-05,0.751678047515273,TRUE
2310,"FAM106C","exp",9.03615213901014e-05,0.751768409036663,TRUE
2311,"C7orf47.1","meth",9.03368152692643e-05,0.751858745851933,TRUE
2312,"MIR611;FEN1;C11orf10","meth",9.03363421733334e-05,0.751949082194106,TRUE
2313,"TUBB2C","exp",9.03308811277109e-05,0.752039413075234,TRUE
2314,"TTC5.1","meth",9.02966546813502e-05,0.752129709729915,TRUE
2315,"URGCP;UBE2D4","meth",9.02634153116849e-05,0.752219973145227,TRUE
2316,"CLEC4M","meth",9.02588128475667e-05,0.752310231958074,TRUE
2317,"NR3C2","exp",9.0219569248062e-05,0.752400451527322,TRUE
2318,"CHUK","meth",9.02034781457201e-05,0.752490655005468,TRUE
2319,"ARL5B.1","meth",9.01776447716154e-05,0.75258083265024,TRUE
2320,"SFMBT1.1","meth",9.01632182660674e-05,0.752670995868506,TRUE
2321,"FADS1","exp",9.01523429003467e-05,0.752761148211406,TRUE
2322,"FAM50B","exp",9.01449544268575e-05,0.752851293165833,TRUE
2323,"ADD2","exp",9.00887961876496e-05,0.75294138196202,TRUE
2324,"GALNT12.1","meth",9.00562869042974e-05,0.753031438248925,TRUE
2325,"RTN4IP1","exp",9.00255531908588e-05,0.753121463802116,TRUE
2326,"MUTYH","exp",8.99347070907403e-05,0.753211398509206,TRUE
2327,"REM2","exp",8.99326978932065e-05,0.7533013312071,TRUE
2328,"HNRNPH3;PBLD","meth",8.99178566986326e-05,0.753391249063798,TRUE
2329,"CKMT2","exp",8.98890796165133e-05,0.753481138143415,TRUE
2330,"C2orf63","exp",8.98787883198431e-05,0.753571016931735,TRUE
2331,"CAPS.1","meth",8.9866522869782e-05,0.753660883454604,TRUE
2332,"BCAS3","exp",8.98476983242836e-05,0.753750731152929,TRUE
2333,"DHX29;SKIV2L2","meth",8.98405902039388e-05,0.753840571743133,TRUE
2334,"STX3","exp",8.98366652599193e-05,0.753930408408393,TRUE
2335,"NOMO3","exp",8.98193884974047e-05,0.75402022779689,TRUE
2336,"HOXD8","exp",8.98014458961726e-05,0.754110029242786,TRUE
2337,"APAF1;IKBIP","meth",8.97655606937084e-05,0.75419979480348,TRUE
2338,"LOC121952","exp",8.97572377097384e-05,0.75428955204119,TRUE
2339,"HOOK2","exp",8.9733314241429e-05,0.754379285355431,TRUE
2340,"STARD4.1","meth",8.96657666557358e-05,0.754468951122087,TRUE
2341,"MAPK8IP2.1","meth",8.9648151133172e-05,0.75455859927322,TRUE
2342,"GAS5","exp",8.95876065353946e-05,0.754648186879755,TRUE
2343,"GRM1.1","meth",8.95625499731272e-05,0.754737749429729,TRUE
2344,"CTSL1","exp",8.95543846878008e-05,0.754827303814416,TRUE
2345,"PWWP2A","exp",8.95291529048182e-05,0.754916832967321,TRUE
2346,"GPR84","exp",8.95168290478521e-05,0.755006349796369,TRUE
2347,"C12orf4","exp",8.94669845950804e-05,0.755095816780964,TRUE
2348,"PVRL2","exp",8.94616695667206e-05,0.755185278450531,TRUE
2349,"DNAJA1","meth",8.94418579445268e-05,0.755274720308476,TRUE
2350,"PPP2R3A","exp",8.93342256998962e-05,0.755364054534175,TRUE
2351,"STRAP","meth",8.93236598907722e-05,0.755453378194066,TRUE
2352,"EZH2","exp",8.92770745433024e-05,0.75554265526861,TRUE
2353,"SLC26A10","exp",8.92732839351645e-05,0.755631928552545,TRUE
2354,"DMD","exp",8.92717595149426e-05,0.75572120031206,TRUE
2355,"SLC15A3.1","meth",8.9269382353907e-05,0.755810469694413,TRUE
2356,"DTWD2","exp",8.91779521847379e-05,0.755899647646598,TRUE
2357,"CCDC28A","exp",8.9130140292262e-05,0.75598877778689,TRUE
2358,"ADH1B","exp",8.91255728722869e-05,0.756077903359763,TRUE
2359,"C10orf105","exp",8.91132256525588e-05,0.756167016585415,TRUE
2360,"RPS6KA2.1","meth",8.9104061609156e-05,0.756256120647024,TRUE
2361,"NDEL1","meth",8.90932738537928e-05,0.756345213920878,TRUE
2362,"RGS4","meth",8.89540201107668e-05,0.756434167940989,TRUE
2363,"CDR1","exp",8.88984342592284e-05,0.756523066375248,TRUE
2364,"ZFYVE26","meth",8.88888847302524e-05,0.756611955259978,TRUE
2365,"HRASLS2","exp",8.88772267120039e-05,0.75670083248669,TRUE
2366,"PCDHGA12","exp",8.88703463785887e-05,0.756789702833069,TRUE
2367,"C19orf28","exp",8.88611122468999e-05,0.756878563945316,TRUE
2368,"CBLN1","exp",8.8823334660712e-05,0.756967387279977,TRUE
2369,"C6orf226","exp",8.88107421319827e-05,0.757056198022109,TRUE
2370,"LOC100128164","exp",8.87627082932676e-05,0.757144960730402,TRUE
2371,"CCDC130.1","meth",8.86796478335925e-05,0.757233640378235,TRUE
2372,"VOPP1.1","meth",8.86632822187968e-05,0.757322303660454,TRUE
2373,"CASP2.1","meth",8.86140919233617e-05,0.757410917752378,TRUE
2374,"CCDC88C","exp",8.85501246809482e-05,0.757499467877059,TRUE
2375,"CD8B.1","meth",8.85151155820598e-05,0.757587982992641,TRUE
2376,"F5","exp",8.84644651139983e-05,0.757676447457755,TRUE
2377,"PARP14","exp",8.84572927460579e-05,0.757764904750501,TRUE
2378,"FAM118A","exp",8.83862933122761e-05,0.757853291043813,TRUE
2379,"PYGO1","exp",8.83033555071017e-05,0.75794159439932,TRUE
2380,"SLC30A3","exp",8.82717223273253e-05,0.758029866121647,TRUE
2381,"STEAP1","exp",8.82248916708542e-05,0.758118091013318,TRUE
2382,"CEP70","exp",8.81985267939136e-05,0.758206289540112,TRUE
2383,"TFDP2","exp",8.81227496752985e-05,0.758294412289787,TRUE
2384,"TERC","exp",8.81142923554469e-05,0.758382526582143,TRUE
2385,"TBC1D4","exp",8.80773207845487e-05,0.758470603902927,TRUE
2386,"MMP14","exp",8.80685071825763e-05,0.75855867241011,TRUE
2387,"GUSBL2","exp",8.80504886523677e-05,0.758646722898762,TRUE
2388,"NCRNA00176","exp",8.80071332067472e-05,0.758734730031969,TRUE
2389,"TMEM87A","exp",8.79973383687699e-05,0.758822727370338,TRUE
2390,"SRRM1","meth",8.79787532915823e-05,0.758910706123629,TRUE
2391,"CAMK1D","exp",8.79567455697585e-05,0.758998662869199,TRUE
2392,"NDUFAF3;DALRD3","meth",8.79495790425086e-05,0.759086612448242,TRUE
2393,"PLAC1","exp",8.79262045991066e-05,0.759174538652841,TRUE
2394,"HSPH1.1","meth",8.79103237616228e-05,0.759262448976602,TRUE
2395,"RASGRP1.1","meth",8.78524074745728e-05,0.759350301384077,TRUE
2396,"Metabolic pathways ","path_mut",8.78054950484347e-05,0.759438106879125,TRUE
2397,"FAM164A","exp",8.76550447017101e-05,0.759525761923827,TRUE
2398,"GATA3","exp",8.75844833197163e-05,0.759613346407147,TRUE
2399,"IFIT5.1","meth",8.75609570183612e-05,0.759700907364165,TRUE
2400,"COMP","exp",8.73572570963003e-05,0.759788264621261,TRUE
2401,"ZSCAN5B","exp",8.73562408161524e-05,0.759875620862077,TRUE
2402,"PSTK","exp",8.72970629399533e-05,0.759962917925017,TRUE
2403,"AFF1","exp",8.72645478159106e-05,0.760050182472833,TRUE
2404,"PRKAG2","exp",8.72276171298459e-05,0.760137410089963,TRUE
2405,"PDE10A","exp",8.72100366514251e-05,0.760224620126615,TRUE
2406,"SCUBE1","exp",8.71053130706661e-05,0.760311725439685,TRUE
2407,"ARHGAP19","exp",8.70990985759685e-05,0.760398824538261,TRUE
2408,"CCDC50","exp",8.70587686080298e-05,0.760485883306869,TRUE
2409,"LOC400931","exp",8.70432615747384e-05,0.760572926568444,TRUE
2410,"DOC2A.1","meth",8.7018911736022e-05,0.76065994548018,TRUE
2411,"UBE2V2","meth",8.69816656526701e-05,0.760746927145833,TRUE
2412,"STAM","meth",8.69745458509442e-05,0.760833901691684,TRUE
2413,"DARS","meth",8.69395717961988e-05,0.76092084126348,TRUE
2414,"ARFGAP2","meth",8.69293213843621e-05,0.761007770584864,TRUE
2415,"MBLAC2","exp",8.69238369759777e-05,0.76109469442184,TRUE
2416,"SORD","exp",8.69045626973104e-05,0.761181598984538,TRUE
2417,"GIN1","exp",8.69034704881859e-05,0.761268502455026,TRUE
2418,"FAM98B","exp",8.69034296033524e-05,0.761355405884629,TRUE
2419,"AMDHD1;CCDC38","meth",8.68977933370148e-05,0.761442303677966,TRUE
2420,"ZNF181","exp",8.68684497079164e-05,0.761529172127674,TRUE
2421,"KITLG.1","meth",8.6851832943429e-05,0.761616023960618,TRUE
2422,"FBXL20","exp",8.6834480251938e-05,0.76170285844087,TRUE
2423,"ITGB1BP2","exp",8.67527105848645e-05,0.761789611151454,TRUE
2424,"CNTLN","exp",8.67323849819063e-05,0.761876343536436,TRUE
2425,"PPP2R3A.1","meth",8.67298559629175e-05,0.761963073392399,TRUE
2426,"NARFL","meth",8.67250958001558e-05,0.762049798488199,TRUE
2427,"C7orf60","exp",8.67121645113771e-05,0.762136510652711,TRUE
2428,"GSR.1","meth",8.67046767461494e-05,0.762223215329457,TRUE
2429,"MBL1P","exp",8.66878555574943e-05,0.762309903185014,TRUE
2430,"CLCN3.1","meth",8.66632370470147e-05,0.762396566422061,TRUE
2431,"PID1","exp",8.66522507081744e-05,0.76248321867277,TRUE
2432,"GPX2","exp",8.66146717054636e-05,0.762569833344475,TRUE
2433,"UBE2S.1","meth",8.66065765084233e-05,0.762656439920983,TRUE
2434,"LOC344595","exp",8.64519734307496e-05,0.762742891894414,TRUE
2435,"C1orf63","exp",8.64193122894442e-05,0.762829311206704,TRUE
2436,"KIAA1586.1","meth",8.64180857444381e-05,0.762915729292448,TRUE
2437,"LOC643837","exp",8.63903424645382e-05,0.763002119634912,TRUE
2438,"STK33","exp",8.63570972541824e-05,0.763088476732167,TRUE
2439,"SESN3","exp",8.63520216941333e-05,0.763174828753861,TRUE
2440,"CAPRIN2.1","meth",8.6348873561951e-05,0.763261177627423,TRUE
2441,"CCL8.1","meth",8.63345930736657e-05,0.763347512220496,TRUE
2442,"C10orf116","exp",8.63207681592398e-05,0.763433832988656,TRUE
2443,"UBE2D4","exp",8.63126495994375e-05,0.763520145638255,TRUE
2444,"HOXA5","meth",8.63104301370455e-05,0.763606456068392,TRUE
2445,"PGR.1","meth",8.62968914164543e-05,0.763692752959809,TRUE
2446,"UBA1","meth",8.62388641562847e-05,0.763778991823965,TRUE
2447,"DKK1","exp",8.61904973982108e-05,0.763865182321363,TRUE
2448,"VPS37B","exp",8.6188546607582e-05,0.763951370867971,TRUE
2449,"TRAPPC2;OFD1","meth",8.61880443081986e-05,0.764037558912279,TRUE
2450,"C2orf50.1","meth",8.61818473355725e-05,0.764123740759614,TRUE
2451,"MPZL3.1","meth",8.61776361977183e-05,0.764209918395812,TRUE
2452,"OTUD7A","exp",8.61330600477822e-05,0.76429605145586,TRUE
2453,"SYNM.1","meth",8.61324292532077e-05,0.764382183885113,TRUE
2454,"SNHG12","exp",8.61145859437142e-05,0.764468298471057,TRUE
2455,"CYP4V2","exp",8.60994877587581e-05,0.764554397958816,TRUE
2456,"ATF2;MIR933","meth",8.60883203585121e-05,0.764640486279174,TRUE
2457,"POMT2","exp",8.60769310120269e-05,0.764726563210186,TRUE
2458,"SLC38A11.1","meth",8.60261637301553e-05,0.764812589373916,TRUE
2459,"SYT8","meth",8.59265215501358e-05,0.764898515895466,TRUE
2460,"SHISA4","exp",8.59023527728251e-05,0.764984418248239,TRUE
2461,"EFNA3.1","meth",8.58639794362057e-05,0.765070282227675,TRUE
2462,"DNAJC14","meth",8.58429179062438e-05,0.765156125145582,TRUE
2463,"CDR2","exp",8.58314701528535e-05,0.765241956615735,TRUE
2464,"LOC202781","exp",8.58073481010668e-05,0.765327763963836,TRUE
2465,"PLEKHJ1","exp",8.57996033454569e-05,0.765413563567181,TRUE
2466,"FANCC","exp",8.57904100986016e-05,0.76549935397728,TRUE
2467,"PWP1","meth",8.57598282431162e-05,0.765585113805523,TRUE
2468,"PRODH","exp",8.57563647136466e-05,0.765670870170236,TRUE
2469,"MGC23284;MVD","meth",8.57275817908367e-05,0.765756597752027,TRUE
2470,"GNA15","exp",8.57075307003322e-05,0.765842305282728,TRUE
2471,"ST3GAL4","exp",8.57013454090872e-05,0.765928006628137,TRUE
2472,"EDN1.1","meth",8.56502919333808e-05,0.76601365692007,TRUE
2473,"CALM2","meth",8.5642167532888e-05,0.766099299087603,TRUE
2474,"C17orf60","exp",8.55788486071207e-05,0.76618487793621,TRUE
2475,"C17orf108","exp",8.55765824192046e-05,0.766270454518629,TRUE
2476,"PROCR","exp",8.55383901439909e-05,0.766355992908773,TRUE
2477,"SASS6","exp",8.55260254021913e-05,0.766441518934176,TRUE
2478,"KLF1","exp",8.55021194559533e-05,0.766527021053632,TRUE
2479,"FLJ12825","exp",8.55000168073714e-05,0.766612521070439,TRUE
2480,"HSD11B1L","exp",8.54859816280873e-05,0.766698007052067,TRUE
2481,"AMACR","exp",8.54182412996075e-05,0.766783425293367,TRUE
2482,"C1orf124","exp",8.53684786165028e-05,0.766868793771983,TRUE
2483,"EEF1E1","exp",8.53583099743332e-05,0.766954152081957,TRUE
2484,"C1orf83","exp",8.53481997390686e-05,0.767039500281697,TRUE
2485,"FAM8A1.1","meth",8.53315012049141e-05,0.767124831782901,TRUE
2486,"CPVL","exp",8.52660212236598e-05,0.767210097804125,TRUE
2487,"RGPD3","exp",8.51861614623816e-05,0.767295283965587,TRUE
2488,"BCAN.1","meth",8.49953753070279e-05,0.767380279340894,TRUE
2489,"IER5.1","meth",8.49764397884099e-05,0.767465255780683,TRUE
2490,"C17orf75","exp",8.49739633356356e-05,0.767550229744019,TRUE
2491,"TUBGCP3","exp",8.49590987782998e-05,0.767635188842797,TRUE
2492,"USP43","exp",8.49483110229366e-05,0.76772013715382,TRUE
2493,"CXCR2P1","exp",8.49408583018519e-05,0.767805078012122,TRUE
2494,"SPAG4.1","meth",8.48937005667126e-05,0.767889971712688,TRUE
2495,"LTA","exp",8.48839232508068e-05,0.767974855635939,TRUE
2496,"ZNF613.1","meth",8.48783161879218e-05,0.768059733952127,TRUE
2497,"RNASE1.1","meth",8.48773174298454e-05,0.768144611269557,TRUE
2498,"LMNA.1","meth",8.48687958623982e-05,0.76822948006542,TRUE
2499,"ADAMTS10","exp",8.48639597706599e-05,0.76831434402519,TRUE
2500,"MAP4K1","exp",8.47918038801581e-05,0.76839913582907,TRUE
2501,"PMS1","exp",8.47782710002574e-05,0.768483914100071,TRUE
2502,"C9orf80","exp",8.4747700826153e-05,0.768568661800897,TRUE
2503,"FAM23A","exp",8.47223347072887e-05,0.768653384135604,TRUE
2504,"WDR72","meth",8.4692617273998e-05,0.768738076752878,TRUE
2505,"IFT88","exp",8.46874657849724e-05,0.768822764218663,TRUE
2506,"PPP2R5A","exp",8.46764385612985e-05,0.768907440657224,TRUE
2507,"ACER3","exp",8.46715907881792e-05,0.768992112248012,TRUE
2508,"UCKL1","exp",8.45949142032263e-05,0.769076707162216,TRUE
2509,"DNAJC12","exp",8.45654654416989e-05,0.769161272627657,TRUE
2510,"PPP1R12C","exp",8.45597123615512e-05,0.769245832340019,TRUE
2511,"LOC100128191","exp",8.45487377040919e-05,0.769330381077723,TRUE
2512,"VPS33A","meth",8.45435978964473e-05,0.769414924675619,TRUE
2513,"TRIM34","exp",8.44596963773394e-05,0.769499384371997,TRUE
2514,"SUCLG2","exp",8.44360123773407e-05,0.769583820384374,TRUE
2515,"SCN2B","exp",8.43971016971947e-05,0.769668217486071,TRUE
2516,"RELN.1","meth",8.43465914057054e-05,0.769752564077477,TRUE
2517,"CDKN3","exp",8.4341720269824e-05,0.769836905797747,TRUE
2518,"CLIP2","exp",8.42916129859795e-05,0.769921197410733,TRUE
2519,"ADCK2","meth",8.42285452099039e-05,0.770005425955943,TRUE
2520,"HS6ST1","exp",8.41941610648995e-05,0.770089620117007,TRUE
2521,"NOXA1","exp",8.41439077637924e-05,0.770173764024771,TRUE
2522,"MRPL2","exp",8.41353861963453e-05,0.770257899410968,TRUE
2523,"SPNS3.1","meth",8.41175779309948e-05,0.770342016988899,TRUE
2524,"PALB2","exp",8.40893148296399e-05,0.770426106303728,TRUE
2525,"NPL","exp",8.40804019359289e-05,0.770510186705664,TRUE
2526,"IGFBP7.1","meth",8.40483190229836e-05,0.770594235024687,TRUE
2527,"C19orf51","exp",8.40473202649072e-05,0.770678282344952,TRUE
2528,"NUDT16","exp",8.39671918318658e-05,0.770762249536784,TRUE
2529,"C10orf82","meth",8.39416796957389e-05,0.77084619121648,TRUE
2530,"PHTF1.1","meth",8.39406809376625e-05,0.770930131897417,TRUE
2531,"TCEAL2.1","meth",8.39212606417325e-05,0.771014053158059,TRUE
2532,"ZNF354A","exp",8.39127565963569e-05,0.771097965914655,TRUE
2533,"ZNF238.1","meth",8.38974481465427e-05,0.771181863362802,TRUE
2534,"FTSJD1","exp",8.38595420651636e-05,0.771265722904867,TRUE
2535,"C16orf57;ZNF319","meth",8.38541744705893e-05,0.771349577079338,TRUE
2536,"MYO3A","meth",8.3851026338407e-05,0.771433428105676,TRUE
2537,"SRCIN1","exp",8.38346198387778e-05,0.771517262725515,TRUE
2538,"DUSP28","exp",8.38180497998144e-05,0.771601080775315,TRUE
2539,"CENPQ","exp",8.37856923744153e-05,0.771684866467689,TRUE
2540,"SAMD11","exp",8.3749725402284e-05,0.771768616193091,TRUE
2541,"ERI2","exp",8.37329918239865e-05,0.771852349184915,TRUE
2542,"MICB","exp",8.37223325638144e-05,0.771936071517479,TRUE
2543,"UPF3B","exp",8.37069598664046e-05,0.772019778477345,TRUE
2544,"ETV7.1","meth",8.36607892079607e-05,0.772103439266553,TRUE
2545,"LOC100270746","exp",8.36082113120325e-05,0.772187047477865,TRUE
2546,"C2CD2L.1","meth",8.35780032607394e-05,0.772270625481126,TRUE
2547,"CELSR3","exp",8.35284274797309e-05,0.772354153908606,TRUE
2548,"SLC22A11","exp",8.35230715665375e-05,0.772437676980173,TRUE
2549,"PRDM14","meth",8.34656634195615e-05,0.772521142643592,TRUE
2550,"CPZ","exp",8.33906339093312e-05,0.772604533277501,TRUE
2551,"SLC7A4","exp",8.33465951029216e-05,0.772687879872604,TRUE
2552,"CNGB1","exp",8.33205456232682e-05,0.772771200418228,TRUE
2553,"LOC723972","exp",8.32956292375729e-05,0.772854496047465,TRUE
2554,"CAMK1.1","meth",8.32447100977481e-05,0.772937740757563,TRUE
2555,"NXPH3.1","meth",8.3220003976911e-05,0.77302096076154,TRUE
2556,"CCK","meth",8.3211114445962e-05,0.773104171875986,TRUE
2557,"C16orf70","meth",8.31901346856672e-05,0.773187362010672,TRUE
2558,"ZNF383","exp",8.31741896005878e-05,0.773270536200272,TRUE
2559,"B3GNT9","exp",8.31684715645832e-05,0.773353704671837,TRUE
2560,"RUSC2","exp",8.31550905426357e-05,0.773436859762379,TRUE
2561,"SLC25A41","exp",8.31385964326489e-05,0.773519998358812,TRUE
2562,"MRPS25","exp",8.31034822013313e-05,0.773603101841013,TRUE
2563,"CYP2R1","exp",8.30973494763009e-05,0.77368619919049,TRUE
2564,"GTF2E2.1","meth",8.309421886619e-05,0.773769293409356,TRUE
2565,"NCRNA00120;AKIRIN2","meth",8.3077502809964e-05,0.773852370912166,TRUE
2566,"NMI","exp",8.30760309559567e-05,0.773935446943122,TRUE
2567,"ACSL4","exp",8.30463076819755e-05,0.774018493250804,TRUE
2568,"ZNF490;ZNF791","meth",8.30378678841954e-05,0.774101531118688,TRUE
2569,"PI16","exp",8.30279912765511e-05,0.774184559109965,TRUE
2570,"PCDHB11","exp",8.30179044040485e-05,0.774267577014369,TRUE
2571,"LOC145783","exp",8.29924448341362e-05,0.774350569459203,TRUE
2572,"ZNF585A","exp",8.29921411182299e-05,0.774433561600321,TRUE
2573,"GOT2","meth",8.29727208223e-05,0.774516534321143,TRUE
2574,"ALG14","exp",8.29638254506605e-05,0.774599498146594,TRUE
2575,"IFNGR2","meth",8.29564019330283e-05,0.774682454548527,TRUE
2576,"IL1RAPL2","meth",8.29534815877757e-05,0.774765408030115,TRUE
2577,"SUV420H2","exp",8.29316958121911e-05,0.774848339725927,TRUE
2578,"EPB41L4B","exp",8.28969437036849e-05,0.77493123666963,TRUE
2579,"DOPEY1","exp",8.28510475576947e-05,0.775014087717188,TRUE
2580,"ADAMTS2","exp",8.28454872203337e-05,0.775096933204409,TRUE
2581,"NT5DC3.1","meth",8.28349622960433e-05,0.775179768166705,TRUE
2582,"HDAC4.1","meth",8.28252433870426e-05,0.775262593410092,TRUE
2583,"C10orf108","exp",8.28058873387082e-05,0.77534539929743,TRUE
2584,"OR4F29","exp",8.27465167197224e-05,0.77542814581415,TRUE
2585,"CDK5RAP2","meth",8.27300401318071e-05,0.775510875854282,TRUE
2586,"IFIT1.1","meth",8.26705059734871e-05,0.775593546360255,TRUE
2587,"NR4A2.1","meth",8.26699627892701e-05,0.775676216323045,TRUE
2588,"C18orf55","exp",8.2649222497286e-05,0.775758865545542,TRUE
2589,"MCOLN1","exp",8.26100489860674e-05,0.775841475594528,TRUE
2590,"TDRD3","exp",8.25809623473512e-05,0.775924056556875,TRUE
2591,"PRDM11","exp",8.25733344055514e-05,0.776006629891281,TRUE
2592,"SIDT1","exp",8.25146354659737e-05,0.776089144526747,TRUE
2593,"KIAA1012","exp",8.24891350112278e-05,0.776171633661758,TRUE
2594,"MAP3K11","meth",8.24217334427973e-05,0.7762540553952,TRUE
2595,"ITGB5.1","meth",8.24032184538957e-05,0.776336458613654,TRUE
2596,"C9orf72","exp",8.23800133905183e-05,0.776418838627045,TRUE
2597,"LOC91450","exp",8.23760241989033e-05,0.776501214651244,TRUE
2598,"ZNF14","exp",8.23384568775735e-05,0.776583553108121,TRUE
2599,"AP1S1","exp",8.23105851024825e-05,0.776665863693224,TRUE
2600,"ZNF543","exp",8.23082429855899e-05,0.77674817193621,TRUE
2601,"ZNF350","exp",8.23029571606827e-05,0.77683047489337,TRUE
2602,"BRAF.1","meth",8.23005975217185e-05,0.776912775490892,TRUE
2603,"GLT8D2","exp",8.22907676395982e-05,0.776995066258531,TRUE
2604,"IQSEC2","exp",8.22428681367647e-05,0.777077309126668,TRUE
2605,"ATP6V1G2","exp",8.22412561061853e-05,0.777159550382774,TRUE
2606,"MAGEB18","meth",8.22294754334362e-05,0.777241779858208,TRUE
2607,"RPS5","meth",8.22257023473698e-05,0.777324005560555,TRUE
2608,"KRT23","exp",8.219310545366e-05,0.777406198666009,TRUE
2609,"FDXR","exp",8.21571209594572e-05,0.777488355786968,TRUE
2610,"PRPF31;TFPT","meth",8.21499310694453e-05,0.777570505718038,TRUE
2611,"ANKRD26","exp",8.21202486802976e-05,0.777652625966718,TRUE
2612,"C2orf65","exp",8.21153775444163e-05,0.777734741344263,TRUE
2613,"GPR143","exp",8.20848248923833e-05,0.777816826169155,TRUE
2614,"F2R","exp",8.19648162245721e-05,0.77789879098538,TRUE
2615,"TMEM27","exp",8.18887821155748e-05,0.777980679767495,TRUE
2616,"C17orf93;PRAC","meth",8.18795538245765e-05,0.77806255932132,TRUE
2617,"HIST1H2BF","exp",8.18754010936273e-05,0.778144434722413,TRUE
2618,"TRPV4.1","meth",8.18482126793254e-05,0.778226282935093,TRUE
2619,"USP3","exp",8.18388617338265e-05,0.778308121796826,TRUE
2620,"AGFG2.1","meth",8.18291136213733e-05,0.778389950910448,TRUE
2621,"ZNF828","exp",8.18089515577492e-05,0.778471759862006,TRUE
2622,"GRRP1","exp",8.18029181244572e-05,0.77855356278013,TRUE
2623,"CLDN12.1","meth",8.17002679888276e-05,0.778635263048119,TRUE
2624,"ATP8B5P","exp",8.16836278615781e-05,0.77871694667598,TRUE
2625,"ZFPL1;CDCA5","meth",8.16737278911718e-05,0.778798620403871,TRUE
2626,"KLF8.1","meth",8.16469658472767e-05,0.778880267369719,TRUE
2627,"CDKN2A","exp",8.16278843113961e-05,0.77896189525403,TRUE
2628,"SMAD3","exp",8.15990838665147e-05,0.779043494337897,TRUE
2629,"SLC8A1","exp",8.15346260060989e-05,0.779125028963903,TRUE
2630,"ARRDC4","exp",8.15127526201567e-05,0.779206541716523,TRUE
2631,"SCD.1","meth",8.14639186068424e-05,0.77928800563513,TRUE
2632,"ALG1","meth",8.14183845836635e-05,0.779369424019713,TRUE
2633,"DYNLT3.1","meth",8.13939997008041e-05,0.779450818019414,TRUE
2634,"ZNF660.1","meth",8.13673603114097e-05,0.779532185379726,TRUE
2635,"SLC35E1","meth",8.13562396366877e-05,0.779613541619362,TRUE
2636,"RAB3D.1","meth",8.13453584302765e-05,0.779694886977793,TRUE
2637,"LRRC6","exp",8.13369303138774e-05,0.779776223908106,TRUE
2638,"OPHN1.1","meth",8.12977860061112e-05,0.779857521694112,TRUE
2639,"TSR1;SGSM2","meth",8.12834412702304e-05,0.779938805135383,TRUE
2640,"PI4KAP1","exp",8.12805851725733e-05,0.780020085720555,TRUE
2641,"TCF12","exp",8.1206239023132e-05,0.780101291959578,TRUE
2642,"ARFRP1","exp",8.12009590389153e-05,0.780182492918617,TRUE
2643,"PSIMCT-1","exp",8.11334172939127e-05,0.780263626335911,TRUE
2644,"MOB2","exp",8.11251410354667e-05,0.780344751476947,TRUE
2645,"PTGER1","exp",8.11151826581553e-05,0.780425866659605,TRUE
2646,"MCM6","exp",8.10992083696235e-05,0.780506965867974,TRUE
2647,"SNHG4","exp",8.10383308524873e-05,0.780588004198827,TRUE
2648,"NAA35.1","meth",8.10054477649428e-05,0.780669009646592,TRUE
2649,"TRIM32","exp",8.10028369762869e-05,0.780750012483568,TRUE
2650,"LOC728723","exp",8.09673839849201e-05,0.780830979867553,TRUE
2651,"OLFML1","exp",8.09657661136502e-05,0.780911945633667,TRUE
2652,"PRDM12","exp",8.09446812209262e-05,0.780992890314888,TRUE
2653,"ROCK1","exp",8.09311775444781e-05,0.781073821492432,TRUE
2654,"MBL2","meth",8.09231232322714e-05,0.781154744615664,TRUE
2655,"E2F3","exp",8.09183397067476e-05,0.781235662955371,TRUE
2656,"ANKRD13B.1","meth",8.091328166877e-05,0.78131657623704,TRUE
2657,"SF3B3;COG4","meth",8.08780214201899e-05,0.78139745425846,TRUE
2658,"FAM116B","exp",8.08559903356041e-05,0.781478310248796,TRUE
2659,"CD24","exp",8.08387018917086e-05,0.781559148950687,TRUE
2660,"SLC6A16","exp",8.082080017531e-05,0.781639969750863,TRUE
2661,"AMN.1","meth",8.08039614645834e-05,0.781720773712327,TRUE
2662,"ALDH4A1","exp",8.06965803696445e-05,0.781801470292697,TRUE
2663,"C7orf27","meth",8.06524013866628e-05,0.781882122694084,TRUE
2664,"C1GALT1","exp",8.06146763666895e-05,0.78196273737045,TRUE
2665,"GOT1","exp",8.05636929792692e-05,0.78204330106343,TRUE
2666,"ARPC1B","exp",8.05291861797642e-05,0.782123830249609,TRUE
2667,"CCDC102A","exp",8.05160387854369e-05,0.782204346288395,TRUE
2668,"FCRL6","exp",8.04682794591755e-05,0.782284814567854,TRUE
2669,"TEX2","exp",8.04124658207074e-05,0.782365227033675,TRUE
2670,"ACTL6A","exp",8.03657286152845e-05,0.78244559276229,TRUE
2671,"SUB1","meth",8.03005406685554e-05,0.782525893302958,TRUE
2672,"SIP1","exp",8.02987650986418e-05,0.782606192068057,TRUE
2673,"TUBGCP5.1","meth",8.02867624796536e-05,0.782686478830537,TRUE
2674,"NDUFS5.1","meth",8.02179474641208e-05,0.782766696778001,TRUE
2675,"EFNA1","exp",8.01922017003737e-05,0.782846888979701,TRUE
2676,"DRD3","meth",8.01713270725079e-05,0.782927060306774,TRUE
2677,"MIA3","exp",8.01699136254057e-05,0.783007230220399,TRUE
2678,"TRPV3","exp",8.01589740120893e-05,0.783087389194411,TRUE
2679,"PDCD2L","exp",8.01219732377386e-05,0.783167511167649,TRUE
2680,"PIGW","exp",8.00427150675825e-05,0.783247553882716,TRUE
2681,"GCLM","exp",8.00124194059318e-05,0.783327566302122,TRUE
2682,"NFKBIE","exp",8.00056734083982e-05,0.783407571975531,TRUE
2683,"ROPN1L.1","meth",8.0004341730963e-05,0.783487576317262,TRUE
2684,"RGS20.1","meth",7.99874270912598e-05,0.783567563744353,TRUE
2685,"SH3YL1","exp",7.9977048184232e-05,0.783647540792537,TRUE
2686,"SLC35F5.1","meth",7.99624464579689e-05,0.783727503238995,TRUE
2687,"FAM114A2","exp",7.99372555598198e-05,0.783807440494555,TRUE
2688,"ESCO1","exp",7.99167488954559e-05,0.78388735724345,TRUE
2689,"PTH2","meth",7.98774936145701e-05,0.783967234737065,TRUE
2690,"NDUFA10","meth",7.98457202582216e-05,0.784047080457323,TRUE
2691,"UBE2I","meth",7.98307797719092e-05,0.784126911237095,TRUE
2692,"FAHD2B","exp",7.98185143218482e-05,0.784206729751417,TRUE
2693,"SDK2","exp",7.98035387913927e-05,0.784286533290208,TRUE
2694,"RNF126P1","exp",7.97937089092724e-05,0.784366326999117,TRUE
2695,"ANKH.1","meth",7.9787114769692e-05,0.784446114113887,TRUE
2696,"TMEM41A","exp",7.97346887317169e-05,0.784525848802619,TRUE
2697,"CDKN2C","exp",7.96785246518185e-05,0.784605527327271,TRUE
2698,"PPP2R3C;KIAA0391","meth",7.9673466613841e-05,0.784685200793884,TRUE
2699,"LOC401127","exp",7.96359985842498e-05,0.784764836792469,TRUE
2700,"PRIM2.1","meth",7.96352217724126e-05,0.784844472014241,TRUE
2701,"C14orf45","exp",7.96035885926362e-05,0.784924075602834,TRUE
2702,"LILRB5.1","meth",7.95950845472606e-05,0.785003670687381,TRUE
2703,"PCDHGB4","exp",7.95472376106416e-05,0.785083217924992,TRUE
2704,"UHMK1.1","meth",7.9540906302134e-05,0.785162758831294,TRUE
2705,"MESP2","exp",7.94346057349385e-05,0.785242193437029,TRUE
2706,"NFKBIA.1","meth",7.94079020979486e-05,0.785321601339127,TRUE
2707,"TSPAN13.1","meth",7.93689446922786e-05,0.785400970283819,TRUE
2708,"FKBP1AP1","exp",7.93443904293945e-05,0.785480314674248,TRUE
2709,"HARS2;HARS","meth",7.93264945536865e-05,0.785559641168802,TRUE
2710,"ZNF671","exp",7.92438487830373e-05,0.785638885017585,TRUE
2711,"EAPP","meth",7.92348424382782e-05,0.785718119860023,TRUE
2712,"SLC15A1","meth",7.92185469117685e-05,0.785797338406935,TRUE
2713,"GEN1;SMC6","meth",7.92132494054803e-05,0.785876551656341,TRUE
2714,"TFR2","exp",7.9196737773422e-05,0.785955748394114,TRUE
2715,"CYB561.1","meth",7.91566414331035e-05,0.786034905035547,TRUE
2716,"CNOT3","meth",7.91296983278028e-05,0.786114034733875,TRUE
2717,"ROBO1","exp",7.91283549689866e-05,0.786193163088844,TRUE
2718,"EPOR","exp",7.90449499085717e-05,0.786272208038753,TRUE
2719,"UGT1A10;UGT1A6;UGT1A8;UGT1A4;UGT1A3;UGT1A9;UGT1A7;UGT1A5","meth",7.90064597581421e-05,0.786351214498511,TRUE
2720,"SLC16A7","exp",7.89892822873662e-05,0.786430203780798,TRUE
2721,"STAT3","meth",7.89891479514846e-05,0.78650919292875,TRUE
2722,"UNKL.1","meth",7.889430097837e-05,0.786588087229728,TRUE
2723,"STX1B.1","meth",7.88911294834256e-05,0.786666978359211,TRUE
2724,"C12orf49","exp",7.88753012121564e-05,0.786745853660424,TRUE
2725,"SLC23A2.1","meth",7.8826940294773e-05,0.786824680600718,TRUE
2726,"BHLHE22.1","meth",7.88126539657972e-05,0.786903493254684,TRUE
2727,"ERCC8","exp",7.87920363283136e-05,0.786982285291013,TRUE
2728,"MAMDC2.1","meth",7.87914639406441e-05,0.787061076754953,TRUE
2729,"FAM50B.1","meth",7.87565658148753e-05,0.787139833320768,TRUE
2730,"MLL3.1","meth",7.87402994918182e-05,0.78721857362026,TRUE
2731,"C3orf15","exp",7.87326014617323e-05,0.787297306221722,TRUE
2732,"MAP7D2","exp",7.86950575031646e-05,0.787376001279225,TRUE
2733,"PPP3CB","meth",7.86892226533498e-05,0.787454690501878,TRUE
2734,"PBLD","exp",7.86803272817103e-05,0.78753337082916,TRUE
2735,"C16orf63","meth",7.86776522454589e-05,0.787612048481405,TRUE
2736,"EPB41L4A","exp",7.86712158045222e-05,0.78769071969721,TRUE
2737,"PPP4R1L","exp",7.8669942533992e-05,0.787769389639744,TRUE
2738,"TNK1","exp",7.86617655672847e-05,0.787848051405311,TRUE
2739,"TUBA1C.1","meth",7.86535710785058e-05,0.78792670497639,TRUE
2740,"LOC606724","exp",7.86423452713547e-05,0.788005347321661,TRUE
2741,"C2","exp",7.86306405275822e-05,0.788083977962189,TRUE
2742,"THSD7A","exp",7.86291044259794e-05,0.788162607066615,TRUE
2743,"ZNF577","exp",7.8620302505388e-05,0.78824122736912,TRUE
2744,"RBM11","exp",7.86185736609984e-05,0.788319845942781,TRUE
2745,"SCRIB","exp",7.85953919603831e-05,0.788398441334741,TRUE
2746,"NGB","meth",7.85926468358456e-05,0.788477033981577,TRUE
2747,"CYP4F22","exp",7.84954227016953e-05,0.788555529404279,TRUE
2748,"SGK3.1","meth",7.84327754553361e-05,0.788633962179734,TRUE
2749,"KCNK13.1","meth",7.84251475135363e-05,0.788712387327248,TRUE
2750,"RPL12;LRSAM1","meth",7.84027075806151e-05,0.788790790034828,TRUE
2751,"ZNF670","exp",7.83845780772868e-05,0.788869174612906,TRUE
2752,"GRIK3","exp",7.83286242622466e-05,0.788947503237168,TRUE
2753,"CYB561D2","exp",7.83126850178578e-05,0.789025815922186,TRUE
2754,"LOC158696","exp",7.8276723886417e-05,0.789104092646072,TRUE
2755,"HOMER2","exp",7.82757192876501e-05,0.78918236836536,TRUE
2756,"CDK11B;CDK11A","meth",7.82636582617568e-05,0.789260632023622,TRUE
2757,"SUPT16H","meth",7.8254459174211e-05,0.789338886482796,TRUE
2758,"PTPLA.1","meth",7.82391273616348e-05,0.789417125610158,TRUE
2759,"BOLA1","exp",7.8202149950046e-05,0.789495327760108,TRUE
2760,"OR2L13","meth",7.81191186938235e-05,0.789573446878801,TRUE
2761,"PHKA1","exp",7.8081206771754e-05,0.789651528085573,TRUE
2762,"CRYZL1","exp",7.80430028151592e-05,0.789729571088388,TRUE
2763,"SETDB2","exp",7.80423953833466e-05,0.789807613483772,TRUE
2764,"RHEBL1","exp",7.80022815209566e-05,0.789885615765293,TRUE
2765,"SEC11C","exp",7.79914411993789e-05,0.789963607206492,TRUE
2766,"PRKDC","exp",7.79534650297138e-05,0.790041560671522,TRUE
2767,"CHST15","exp",7.78653815762042e-05,0.790119426053098,TRUE
2768,"LOC100188949","exp",7.78364234326792e-05,0.79019726247653,TRUE
2769,"RANGRF;SLC25A35","meth",7.78315581374883e-05,0.790275094034668,TRUE
2770,"RAP1GAP2","exp",7.77481063515494e-05,0.79035284214102,TRUE
2771,"CDHR3","exp",7.76647889014921e-05,0.790430506929921,TRUE
2772,"PCK2","exp",7.76531951308392e-05,0.790508160125052,TRUE
2773,"ACY1","exp",7.76105464087699e-05,0.790585770671461,TRUE
2774,"PCDHGB5","exp",7.75967390164155e-05,0.790663367410477,TRUE
2775,"DTYMK","exp",7.75931995579694e-05,0.790740960610035,TRUE
2776,"DLG4","exp",7.75506326055671e-05,0.790818511242641,TRUE
2777,"TBX3.1","meth",7.75462637690692e-05,0.79089605750641,TRUE
2778,"ZNF208","exp",7.7491986232204e-05,0.790973549492642,TRUE
2779,"F13A1.1","meth",7.73904925532944e-05,0.791050939985195,TRUE
2780,"SH2D5","exp",7.734223676834e-05,0.791128282221964,TRUE
2781,"REXO2.1","meth",7.72395574292579e-05,0.791205521779393,TRUE
2782,"CAPN10","exp",7.72257617182845e-05,0.791282747541111,TRUE
2783,"COPZ2","exp",7.72114753893087e-05,0.7913599590165,TRUE
2784,"MTHFR","exp",7.72072058445493e-05,0.791437166222345,TRUE
2785,"MRPL20","meth",7.71944789799384e-05,0.791514360701325,TRUE
2786,"ASB9","exp",7.71789369025039e-05,0.791591539638227,TRUE
2787,"PHLPP1","exp",7.71347111939982e-05,0.791668674349421,TRUE
2788,"STEAP3.1","meth",7.7125044851212e-05,0.791745799394273,TRUE
2789,"EDIL3","exp",7.711889460411e-05,0.791822918288877,TRUE
2790,"ADRA2A","exp",7.71144965641596e-05,0.791900032785441,TRUE
2791,"OMG","exp",7.71023946534327e-05,0.791977135180094,TRUE
2792,"LRRIQ3","exp",7.70820340063314e-05,0.792054217214101,TRUE
2793,"PDGFRA","exp",7.70629291076888e-05,0.792131280143208,TRUE
2794,"FBXO4","exp",7.7053683294619e-05,0.792208333826503,TRUE
2795,"ATP5D.1","meth",7.70074483885795e-05,0.792285341274892,TRUE
2796,"SLC2A6.1","meth",7.70028225616993e-05,0.792362344097453,TRUE
2797,"LRRC16A","exp",7.6989038532107e-05,0.792439333135985,TRUE
2798,"C20orf199","exp",7.69269753547982e-05,0.79251626011134,TRUE
2799,"CALY","meth",7.69209419215063e-05,0.792593181053262,TRUE
2800,"NEURL.1","meth",7.68616530721876e-05,0.792670042706334,TRUE
2801,"NEFL.1","meth",7.68595854677487e-05,0.792746902291802,TRUE
2802,"TRMT1.1","meth",7.68556254795862e-05,0.792823757917281,TRUE
2803,"EGR2.1","meth",7.68290853819303e-05,0.792900587002663,TRUE
2804,"SLC25A15","exp",7.68246055723128e-05,0.792977411608236,TRUE
2805,"RSPO1.1","meth",7.6809729333596e-05,0.793054221337569,TRUE
2806,"C16orf74","exp",7.67938718588742e-05,0.793131015209428,TRUE
2807,"RBM15.1","meth",7.67792642919206e-05,0.79320779447372,TRUE
2808,"C6orf47","meth",7.67700243195413e-05,0.793284564498039,TRUE
2809,"CSNK2A1","meth",7.67434608591235e-05,0.793361307958899,TRUE
2810,"ADARB2.1","meth",7.66742837207794e-05,0.793437982242619,TRUE
2811,"NUMBL","exp",7.6671655410052e-05,0.79351465389803,TRUE
2812,"S100Z","exp",7.66521007782405e-05,0.793591305998808,TRUE
2813,"TCEA1","meth",7.6587555307467e-05,0.793667893554115,TRUE
2814,"CCDC147","exp",7.65667215644348e-05,0.79374446027568,TRUE
2815,"PIGB","exp",7.65555541641888e-05,0.793821015829844,TRUE
2816,"NRG2.1","meth",7.65174845434756e-05,0.793897533314387,TRUE
2817,"PLEKHA8","exp",7.64993433587663e-05,0.793974032657746,TRUE
2818,"B4GALT1","exp",7.63855024601286e-05,0.794050418160206,TRUE
2819,"LAMA3.1","meth",7.63376204793666e-05,0.794126755780685,TRUE
2820,"GAA","exp",7.63355411935468e-05,0.794203091321879,TRUE
2821,"METTL4","exp",7.62432407614924e-05,0.79427933456264,TRUE
2822,"SGIP1","exp",7.62243110835649e-05,0.794355558873724,TRUE
2823,"MBNL2","exp",7.62140723531092e-05,0.794431772946077,TRUE
2824,"APPBP2","exp",7.61895706564397e-05,0.794507962516734,TRUE
2825,"YES1.1","meth",7.61789698031727e-05,0.794584141486537,TRUE
2826,"ATP6AP1L","exp",7.61449945065037e-05,0.794660286481043,TRUE
2827,"KRBA1","exp",7.60887369755572e-05,0.794736375218019,TRUE
2828,"CPAMD8","exp",7.60256575181005e-05,0.794812400875537,TRUE
2829,"ZNF416.1","meth",7.60093327881384e-05,0.794888410208325,TRUE
2830,"C14orf93","exp",7.59852457804948e-05,0.794964395454106,TRUE
2831,"C21orf49","exp",7.59752581997308e-05,0.795040370712305,TRUE
2832,"SNX24.1","meth",7.5963179651766e-05,0.795116333891957,TRUE
2833,"IGSF9B","exp",7.59528416295717e-05,0.795192286733587,TRUE
2834,"CCDC109B.1","meth",7.59522517198306e-05,0.795268238985306,TRUE
2835,"NEBL.1","meth",7.59286144453559e-05,0.795344167599752,TRUE
2836,"ATG16L2","exp",7.59271601134201e-05,0.795420094759865,TRUE
2837,"DIO2","exp",7.58795643264929e-05,0.795495974324192,TRUE
2838,"PLCE1","exp",7.58558861671846e-05,0.795571830210359,TRUE
2839,"B4GALT4","exp",7.58370207368527e-05,0.795647667231096,TRUE
2840,"JAM2.1","meth",7.5727145667068e-05,0.795723394376763,TRUE
2841,"CABP7.1","meth",7.56954307176246e-05,0.79579908980748,TRUE
2842,"RNF26","meth",7.56353533750876e-05,0.795874725160856,TRUE
2843,"KIAA1430","exp",7.55886103289742e-05,0.795950313771185,TRUE
2844,"JAKMIP3","exp",7.55671457913674e-05,0.796025880916976,TRUE
2845,"IFNGR1","exp",7.55643948261394e-05,0.796101445311802,TRUE
2846,"VSX1","meth",7.55596638668302e-05,0.796177004975669,TRUE
2847,"ADIPOR1","meth",7.55589513025886e-05,0.796252563926972,TRUE
2848,"SMAD5;SMAD5OS","meth",7.55409736572134e-05,0.796328104900629,TRUE
2849,"RIN3","exp",7.55179671773133e-05,0.796403622867806,TRUE
2850,"PBX3","exp",7.54803998559835e-05,0.796479103267662,TRUE
2851,"IFT122","exp",7.54469326993885e-05,0.796554550200361,TRUE
2852,"DPF1","exp",7.54440240355169e-05,0.796629994224397,TRUE
2853,"KIF2C.1","meth",7.54353564508071e-05,0.796705429580848,TRUE
2854,"TBX6","exp",7.53909672029672e-05,0.796780820548051,TRUE
2855,"GPT2","exp",7.53764122022282e-05,0.796856196960253,TRUE
2856,"PARP6","exp",7.53675693968032e-05,0.79693156452965,TRUE
2857,"FASN","exp",7.53566589869394e-05,0.797006921188637,TRUE
2858,"SPRR1B","meth",7.5331047559074e-05,0.797082252236196,TRUE
2859,"FER","exp",7.52947593489649e-05,0.797157546995545,TRUE
2860,"RAE1","meth",7.51854975516833e-05,0.797232732493096,TRUE
2861,"SLC47A2","exp",7.50931270313428e-05,0.797307825620128,TRUE
2862,"C13orf1.1","meth",7.50852829839943e-05,0.797382910903112,TRUE
2863,"FBXO15;C18orf55","meth",7.50836767941054e-05,0.797457994579906,TRUE
2864,"C5orf45","exp",7.50831686540314e-05,0.79753307774856,TRUE
2865,"ZNF132","exp",7.50795065410846e-05,0.797608157255101,TRUE
2866,"DHODH","exp",7.50601972182743e-05,0.797683217452319,TRUE
2867,"MPV17L","exp",7.50600687230832e-05,0.797758277521042,TRUE
2868,"NPR3.1","meth",7.50553494451549e-05,0.797833332870487,TRUE
2869,"BCL8","exp",7.50470790273995e-05,0.797908379949515,TRUE
2870,"RNF165","exp",7.50394861297427e-05,0.797983419435645,TRUE
2871,"CCDC85C","exp",7.50287976661181e-05,0.798058448233311,TRUE
2872,"KIF9;KLHL18","meth",7.50093481667356e-05,0.798133457581477,TRUE
2873,"FBXL18","exp",7.50000089026177e-05,0.79820845759038,TRUE
2874,"KDR.1","meth",7.49654320148267e-05,0.798283423022395,TRUE
2875,"MPP5.1","meth",7.49233732024984e-05,0.798358346395597,TRUE
2876,"CDKL2.1","meth",7.48915414392449e-05,0.798433237937036,TRUE
2877,"APBA2","exp",7.48635995758678e-05,0.798508101536612,TRUE
2878,"ELP4;IMMP1L","meth",7.48435368039823e-05,0.798582945073416,TRUE
2879,"RNF103","exp",7.48386014205053e-05,0.798657783674837,TRUE
2880,"FLJ90757","exp",7.48270134905429e-05,0.798732610688327,TRUE
2881,"CCL11","meth",7.48247531433174e-05,0.798807435441471,TRUE
2882,"PANX2.1","meth",7.4803755860951e-05,0.798882239197332,TRUE
2883,"C11orf65.1","meth",7.480374417957e-05,0.798957042941511,TRUE
2884,"ACTL6A.1","meth",7.47698564932586e-05,0.799031812798005,TRUE
2885,"ACTN2","exp",7.47641910234685e-05,0.799106576989028,TRUE
2886,"TTC16","exp",7.47604997070692e-05,0.799181337488735,TRUE
2887,"TACR2","exp",7.47379371196475e-05,0.799256075425855,TRUE
2888,"MGC21881","exp",7.47219861938776e-05,0.799330797412049,TRUE
2889,"TPCN1","exp",7.47186570002897e-05,0.799405516069049,TRUE
2890,"ZNF597;NAT15","meth",7.46977064434473e-05,0.799480213775492,TRUE
2891,"TM4SF1.1","meth",7.46688242288989e-05,0.799554882599721,TRUE
2892,"AKNA","exp",7.46362331758797e-05,0.799629518832897,TRUE
2893,"GMPR","exp",7.46321505332165e-05,0.79970415098343,TRUE
2894,"EDN1","exp",7.4621082424709e-05,0.799778772065855,TRUE
2895,"HN1L","exp",7.4589256502146e-05,0.799853361322357,TRUE
2896,"MCOLN1.1","meth",7.45160784908058e-05,0.799927877400848,TRUE
2897,"RNF6","exp",7.45132048710772e-05,0.800002390605719,FALSE
2898,"CSMD2","exp",7.45070020577606e-05,0.800076897607777,FALSE
2899,"MOXD1.1","meth",7.44701589820536e-05,0.800151367766759,FALSE
2900,"AKD1","exp",7.44678577499945e-05,0.800225835624509,FALSE
2901,"MAP1B.1","meth",7.44562581386511e-05,0.800300291882648,FALSE
2902,"ATP8B2","exp",7.44360259867409e-05,0.800374727908635,FALSE
2903,"MCF2","exp",7.44055259009225e-05,0.800449133434535,FALSE
2904,"ZNF519","exp",7.43881965721935e-05,0.800523521631108,FALSE
2905,"FAM21B","exp",7.43699093702216e-05,0.800597891540478,FALSE
2906,"OTOP3","meth",7.43371314151061e-05,0.800672228671893,FALSE
2907,"HMGN1","meth",7.43268693218884e-05,0.800746555541215,FALSE
2908,"GCNT1.1","meth",7.43204504030232e-05,0.800820875991618,FALSE
2909,"SAMD4A","exp",7.4258498198834e-05,0.800895134489817,FALSE
2910,"CILP2","exp",7.4230626423743e-05,0.80096936511624,FALSE
2911,"FAM46C.1","meth",7.42275250170847e-05,0.801043592641258,FALSE
2912,"MRPS30.1","meth",7.41977550175795e-05,0.801117790396275,FALSE
2913,"CDCA4","exp",7.41733934974821e-05,0.801191963789773,FALSE
2914,"C17orf28","exp",7.41310776947716e-05,0.801266094867467,FALSE
2915,"WFDC10A;WFDC9","meth",7.40978850506303e-05,0.801340192752518,FALSE
2916,"TNFRSF1A","exp",7.4082483149768e-05,0.801414275235668,FALSE
2917,"NDUFA4L2.1","meth",7.4081881558646e-05,0.801488357117226,FALSE
2918,"TRIM13","exp",7.40593832188198e-05,0.801562416500445,FALSE
2919,"ZNF234","exp",7.40398753125323e-05,0.801636456375758,FALSE
2920,"ZNF562","exp",7.40214537746787e-05,0.801710477829532,FALSE
2921,"C7orf16","meth",7.3990638291573e-05,0.801784468467824,FALSE
2922,"BAI1","exp",7.39683735793671e-05,0.801858436841403,FALSE
2923,"ZNF140","exp",7.39623576681467e-05,0.801932399199071,FALSE
2924,"CORO6.1","meth",7.39602725416363e-05,0.802006359471613,FALSE
2925,"TF.1","meth",7.39530359261003e-05,0.802080312507539,FALSE
2926,"TMEM186","exp",7.39290949357193e-05,0.802154241602475,FALSE
2927,"RREB1","exp",7.38745604084718e-05,0.802228116162883,FALSE
2928,"DTNBP1.1","meth",7.38483590708653e-05,0.802301964521954,FALSE
2929,"LRRC16B","exp",7.38397382116796e-05,0.802375804260166,FALSE
2930,"HIST3H2A.1","meth",7.38322679685234e-05,0.802449636528135,FALSE
2931,"MTMR3","meth",7.38318883236405e-05,0.802523468416458,FALSE
2932,"PLD6","exp",7.38211414531109e-05,0.802597289557911,FALSE
2933,"PKMYT1.1","meth",7.37629039280831e-05,0.80267105246184,FALSE
2934,"COPS3","meth",7.37503581248778e-05,0.802744802819964,FALSE
2935,"ARPC1A","meth",7.37437756666784e-05,0.802818546595631,FALSE
2936,"MGC16703","exp",7.37418891236452e-05,0.802892288484755,FALSE
2937,"CLIC6.1","meth",7.37248167852984e-05,0.80296601330154,FALSE
2938,"TCFL5","exp",7.37228426319076e-05,0.803039736144172,FALSE
2939,"ARX","meth",7.36952979354849e-05,0.803113431442107,FALSE
2940,"FAM83A.1","meth",7.36737749909731e-05,0.803187105217098,FALSE
2941,"MUTED","exp",7.36527076203207e-05,0.803260757924719,FALSE
2942,"SNX33.1","meth",7.36175174600266e-05,0.803334375442179,FALSE
2943,"CALHM2","exp",7.36150118037998e-05,0.803407990453982,FALSE
2944,"GMNN.1","meth",7.35983132696453e-05,0.803481588767252,FALSE
2945,"KIAA1875","exp",7.35874904701391e-05,0.803555176257722,FALSE
2946,"SERINC5","exp",7.35737239626183e-05,0.803628749981685,FALSE
2947,"KCNJ14","exp",7.34809562753235e-05,0.80370223093796,FALSE
2948,"FLJ39582","exp",7.34596377549793e-05,0.803775690575715,FALSE
2949,"IGFBP3","exp",7.3459322357692e-05,0.803849149898073,FALSE
2950,"ZNF322A","exp",7.33974344010985e-05,0.803922547332474,FALSE
2951,"SLC25A20","exp",7.33649367991273e-05,0.803995912269273,FALSE
2952,"C11orf31","exp",7.33498386141713e-05,0.804069262107887,FALSE
2953,"DCAF10.1","meth",7.33296239843326e-05,0.804142591731872,FALSE
2954,"HIST1H4J.1","meth",7.33282572627544e-05,0.804215919989134,FALSE
2955,"SNORD116-4","exp",7.33128378398205e-05,0.804289232826974,FALSE
2956,"TPCN2.1","meth",7.3309467761399e-05,0.804362542294736,FALSE
2957,"HAUS5","exp",7.32716726531396e-05,0.804435813967389,FALSE
2958,"CXorf42","exp",7.32589691512907e-05,0.80450907293654,FALSE
2959,"RHOBTB1.1","meth",7.32377732854472e-05,0.804582310709826,FALSE
2960,"BRD2","meth",7.32072147927237e-05,0.804655517924618,FALSE
2961,"HBA1.1","meth",7.31571133495697e-05,0.804728675037968,FALSE
2962,"LOC92249","exp",7.31445558649835e-05,0.804801819593833,FALSE
2963,"SLC17A9","exp",7.31381311054277e-05,0.804874957724938,FALSE
2964,"IVL","meth",7.30975850319403e-05,0.80494805530997,FALSE
2965,"DAAM2.1","meth",7.30890342610406e-05,0.805021144344231,FALSE
2966,"PRSS53","exp",7.30497205732498e-05,0.805094194064805,FALSE
2967,"KHNYN","exp",7.30287349722645e-05,0.805167222799777,FALSE
2968,"BRD4","meth",7.30078720257798e-05,0.805240230671803,FALSE
2969,"TIMP2.1","meth",7.30026562891586e-05,0.805313233328092,FALSE
2970,"ATIC","meth",7.29954196736226e-05,0.805386228747765,FALSE
2971,"HHAT.1","meth",7.29731724834881e-05,0.805459201920249,FALSE
2972,"C3orf62","exp",7.29567075769538e-05,0.805532158627826,FALSE
2973,"NRCAM","exp",7.29456219463749e-05,0.805605104249772,FALSE
2974,"LOC389458.1","meth",7.29331228686936e-05,0.805678037372641,FALSE
2975,"FLJ33630;SLC12A2","meth",7.29250393530344e-05,0.805750962411994,FALSE
2976,"GOLIM4.1","meth",7.28873552178945e-05,0.805823849767212,FALSE
2977,"ZNF295","exp",7.28821336405829e-05,0.805896731900852,FALSE
2978,"RPF1","meth",7.28697922615453e-05,0.805969601693114,FALSE
2979,"LOC221442","exp",7.28556344277606e-05,0.806042457327542,FALSE
2980,"CCDC150","exp",7.28411553559981e-05,0.806115298482898,FALSE
2981,"DNAJB14","exp",7.28407581890437e-05,0.806188139241087,FALSE
2982,"SMC3.1","meth",7.27504669545232e-05,0.806260889708041,FALSE
2983,"HDC","exp",7.27257549929955e-05,0.806333615463034,FALSE
2984,"SBF1","exp",7.27175546635261e-05,0.806406333017698,FALSE
2985,"C17orf51","exp",7.2660561205576e-05,0.806478993578903,FALSE
2986,"C22orf27.1","meth",7.26373035759841e-05,0.806551630882479,FALSE
2987,"FOXC1","exp",7.2623869987822e-05,0.806624254752467,FALSE
2988,"TMED4","meth",7.26230756539133e-05,0.806696877828121,FALSE
2989,"TMEM62","exp",7.26023061584766e-05,0.80676948013428,FALSE
2990,"TTC30A","exp",7.25664560001555e-05,0.80684204659028,FALSE
2991,"DNAH2","exp",7.25461537599592e-05,0.80691459274404,FALSE
2992,"C17orf57.1","meth",7.25367619296268e-05,0.806987129505969,FALSE
2993,"INADL.1","meth",7.25036568958431e-05,0.807059633162865,FALSE
2994,"LMNB1.1","meth",7.24962742630445e-05,0.807132129437128,FALSE
2995,"GLT8D1;SPCS1","meth",7.24766612243278e-05,0.807204606098353,FALSE
2996,"EIF2AK1","meth",7.24715681422073e-05,0.807277077666495,FALSE
2997,"ERAP1","exp",7.24497473224797e-05,0.807349527413817,FALSE
2998,"PHC1.1","meth",7.24039095833945e-05,0.807421931323401,FALSE
2999,"ARL4A","exp",7.23815631015215e-05,0.807494312886502,FALSE
3000,"IMMP1L","exp",7.2364274657626e-05,0.80756667716116,FALSE
3001,"MIB2","exp",7.23209717782201e-05,0.807638998132938,FALSE
3002,"ZNF408;ARHGAP1","meth",7.23176776287751e-05,0.807711315810567,FALSE
3003,"JRK","exp",7.23117785313648e-05,0.807783627589098,FALSE
3004,"ZNF585A.1","meth",7.22964876036221e-05,0.807855924076702,FALSE
3005,"ZNF652.1","meth",7.2276845361453e-05,0.807928200922063,FALSE
3006,"MSR1","exp",7.22252545422201e-05,0.808000426176606,FALSE
3007,"SNX14","meth",7.22212127843905e-05,0.80807264738939,FALSE
3008,"TTC7B","exp",7.22081822038733e-05,0.808144855571594,FALSE
3009,"ACCN2","exp",7.21822086531965e-05,0.808217037780247,FALSE
3010,"MDP1.1","meth",7.21813559123827e-05,0.808289219136159,FALSE
3011,"GADD45A","exp",7.21746975252067e-05,0.808361393833685,FALSE
3012,"SLC22A14","exp",7.21556393520881e-05,0.808433549473037,FALSE
3013,"TMEM97","exp",7.21507506941353e-05,0.808505700223731,FALSE
3014,"CAB39L","exp",7.21368031252087e-05,0.808577837026856,FALSE
3015,"C12orf48","exp",7.21200169806967e-05,0.808649957043837,FALSE
3016,"TBL2","meth",7.21056138379107e-05,0.808722062657674,FALSE
3017,"Chronic myeloid leukemia ","path_mut",7.20923846739164e-05,0.808794155042348,FALSE
3018,"C6orf52","exp",7.20381889067182e-05,0.808866193231255,FALSE
3019,"CECR7","exp",7.20270215064722e-05,0.808938220252761,FALSE
3020,"WNT11.1","meth",7.20149663212693e-05,0.809010235219083,FALSE
3021,"ZNF597","exp",7.20090905866211e-05,0.809082244309669,FALSE
3022,"FOXO4","exp",7.20027651188039e-05,0.809154247074788,FALSE
3023,"RAB32","exp",7.20010362744143e-05,0.809226248111062,FALSE
3024,"INSIG1","exp",7.19973507987055e-05,0.809298245461861,FALSE
3025,"TTC36","exp",7.1983438273922e-05,0.809370228900135,FALSE
3026,"PCYT1B.1","meth",7.19620613466728e-05,0.809442190961482,FALSE
3027,"RNU5E;RNU5D;CKMT2","meth",7.19474128948857e-05,0.809514138374376,FALSE
3028,"FANCF.1","meth",7.19378283217666e-05,0.809586076202698,FALSE
3029,"ZNF347","exp",7.19018555089448e-05,0.809657978058207,FALSE
3030,"DUSP22","meth",7.18850985678853e-05,0.809729863156775,FALSE
3031,"ILK;RRP8","meth",7.18699653387862e-05,0.809801733122114,FALSE
3032,"USP27X","exp",7.18553227276895e-05,0.809873588444842,FALSE
3033,"SPIN2B","exp",7.18315744800952e-05,0.809945420019322,FALSE
3034,"EMP1","exp",7.18186373506261e-05,0.810017238656672,FALSE
3035,"CKM.1","meth",7.18136494009346e-05,0.810089052306073,FALSE
3036,"DONSON","exp",7.17621578734404e-05,0.810160814463947,FALSE
3037,"KDM4C","exp",7.16474467119174e-05,0.810232461910659,FALSE
3038,"SIX4","exp",7.1636921787627e-05,0.810304098832446,FALSE
3039,"HAX1","meth",7.16274306655559e-05,0.810375726263112,FALSE
3040,"C7orf41","exp",7.16066786921908e-05,0.810447332941804,FALSE
3041,"SNN.1","meth",7.15911891809709e-05,0.810518924130985,FALSE
3042,"SRP54","meth",7.15910081195652e-05,0.810590515139105,FALSE
3043,"MEGF11.1","meth",7.1568439691453e-05,0.810662083578796,FALSE
3044,"IQCC.1","meth",7.15659223538452e-05,0.81073364950115,FALSE
3045,"PIN1.1","meth",7.15359128860293e-05,0.810805185414036,FALSE
3046,"FAM134B","exp",7.15049922704945e-05,0.810876690406306,FALSE
3047,"ZMAT5","exp",7.14857530359702e-05,0.810948176159342,FALSE
3048,"FBXW10.1","meth",7.14686047686468e-05,0.811019644764111,FALSE
3049,"UNC13C","mut",7.14652989378209e-05,0.811091110063049,FALSE
3050,"EDN3.1","meth",7.14385953008309e-05,0.81116254865835,FALSE
3051,"CASKIN1","exp",7.14278542709917e-05,0.811233976512621,FALSE
3052,"PDE9A.1","meth",7.14078849501543e-05,0.811305384397571,FALSE
3053,"IDH2","exp",7.14055369925712e-05,0.811376789934563,FALSE
3054,"ZNF770","exp",7.13996378951609e-05,0.811448189572459,FALSE
3055,"PLEKHG2.1","meth",7.13950471124238e-05,0.811519584619571,FALSE
3056,"SV2A.1","meth",7.13338717200719e-05,0.811590918491291,FALSE
3057,"DGKI","meth",7.12658977639718e-05,0.811662184389055,FALSE
3058,"VSNL1","exp",7.12555714231586e-05,0.811733439960478,FALSE
3059,"C1orf152","exp",7.12502505541083e-05,0.811804690211032,FALSE
3060,"SPATS2L","exp",7.1228213628832e-05,0.811875918424661,FALSE
3061,"ADCY6","exp",7.12160766739621e-05,0.811947134501335,FALSE
3062,"CRLF3","exp",7.12149026951706e-05,0.81201834940403,FALSE
3063,"ZNF391","exp",7.11393300007232e-05,0.812089488734031,FALSE
3064,"KCNA5","exp",7.10884692678036e-05,0.812160577203299,FALSE
3065,"C12orf5","exp",7.10757365625021e-05,0.812231652939861,FALSE
3066,"SFRS13B","exp",7.10739609925885e-05,0.812302726900854,FALSE
3067,"HS3ST1.1","meth",7.10696505629957e-05,0.812373796551417,FALSE
3068,"C13orf27.1","meth",7.10629162468431e-05,0.812444859467664,FALSE
3069,"FGF18.1","meth",7.1059943335376e-05,0.812515919410999,FALSE
3070,"ENDOG","exp",7.10343552702725e-05,0.812586953766269,FALSE
3071,"CSMD1","exp",7.09470661506716e-05,0.81265790083242,FALSE
3072,"ZNF542","exp",7.08755468954349e-05,0.812728776379315,FALSE
3073,"GBAP1","exp",7.08719081452501e-05,0.81279964828746,FALSE
3074,"CLU.1","meth",7.08644904683085e-05,0.812870512777929,FALSE
3075,"USP31.1","meth",7.08576568604173e-05,0.812941370434789,FALSE
3076,"EDA.1","meth",7.08185592781752e-05,0.813012188994067,FALSE
3077,"ZNF230.1","meth",7.07555265462427e-05,0.813082944520614,FALSE
3078,"IGSF22","exp",7.07535699149234e-05,0.813153698090529,FALSE
3079,"SEPW1.1","meth",7.07075160702895e-05,0.813224405606599,FALSE
3080,"HDAC10.1","meth",7.07033341358878e-05,0.813295108940735,FALSE
3081,"GJD2","meth",7.069966034156e-05,0.813365808601076,FALSE
3082,"PSMB7","meth",7.06651477013645e-05,0.813436473748778,FALSE
3083,"PTGDR.1","meth",7.06514454414392e-05,0.813507125194219,FALSE
3084,"TMEM9B","meth",7.06474212056811e-05,0.813577772615425,FALSE
3085,"PHACTR3.1","meth",7.06446468776911e-05,0.813648417262302,FALSE
3086,"CDK12","exp",7.06212665935986e-05,0.813719038528896,FALSE
3087,"TRAPPC3","meth",7.05973372845986e-05,0.813789635866181,FALSE
3088,"TCP10L","exp",7.05794414088906e-05,0.81386021530759,FALSE
3089,"NUBP2","exp",7.05119755928645e-05,0.813930727283182,FALSE
3090,"DIAPH2","exp",7.0508652239967e-05,0.814001235935422,FALSE
3091,"NHLRC3","exp",7.0493577417773e-05,0.81407172951284,FALSE
3092,"HOXA10","exp",7.04898568979211e-05,0.814142219369738,FALSE
3093,"CD83","exp",7.0472469162287e-05,0.8142126918389,FALSE
3094,"MED27.1","meth",7.04633752071704e-05,0.814283155214108,FALSE
3095,"RNF168.1","meth",7.04311345955814e-05,0.814353586348703,FALSE
3096,"ENOSF1.1","meth",7.03461642301111e-05,0.814423932512933,FALSE
3097,"CTNS","exp",7.03197759904084e-05,0.814494252288924,FALSE
3098,"ANP32E","exp",7.03146128200018e-05,0.814564566901744,FALSE
3099,"PHF11","exp",7.03117976071783e-05,0.814634878699351,FALSE
3100,"ACVR1C.1","meth",7.02554466251837e-05,0.814705134145976,FALSE
3101,"IL6R","exp",7.02380647302401e-05,0.814775372210706,FALSE
3102,"ZNF197","exp",7.0231289529254e-05,0.814845603500235,FALSE
3103,"MAMDC4","exp",7.02246486641495e-05,0.8149158281489,FALSE
3104,"TMED6","exp",7.02241755682186e-05,0.814986052324468,FALSE
3105,"SLMO2","exp",7.02092234005252e-05,0.815056261547868,FALSE
3106,"SOX9","exp",7.01972149408464e-05,0.815126458762809,FALSE
3107,"C3orf71","exp",7.01378384811701e-05,0.81519659660129,FALSE
3108,"C5orf36;ANKRD32","meth",7.01375698094069e-05,0.8152667341711,FALSE
3109,"IDUA;SLC26A1","meth",7.01326402666204e-05,0.815336866811367,FALSE
3110,"ZCCHC12","exp",7.01193935805545e-05,0.815406986204947,FALSE
3111,"RHOV.1","meth",7.00947225038604e-05,0.815477080927451,FALSE
3112,"C7orf68","exp",7.009205914899e-05,0.8155471729866,FALSE
3113,"GLTSCR2","exp",7.00824804165614e-05,0.815617255467016,FALSE
3114,"SNRPB2","meth",7.0068649661445e-05,0.815687324116678,FALSE
3115,"FLJ23867","exp",6.99969843889457e-05,0.815757321101067,FALSE
3116,"AGPAT4.1","meth",6.99865470750128e-05,0.815827307648142,FALSE
3117,"C15orf52","exp",6.99690834104021e-05,0.815897276731552,FALSE
3118,"KCNN4","exp",6.99098062424644e-05,0.815967186537795,FALSE
3119,"SLC13A5","exp",6.98608495746494e-05,0.816037047387369,FALSE
3120,"KLF2","exp",6.98220440269326e-05,0.816106869431396,FALSE
3121,"DACT3","exp",6.98147723672536e-05,0.816176684203763,FALSE
3122,"HIC1","exp",6.9810835741853e-05,0.816246495039505,FALSE
3123,"EPS8.1","meth",6.98045336367979e-05,0.816316299573142,FALSE
3124,"BCAS4","exp",6.97628661507335e-05,0.816386062439293,FALSE
3125,"CCDC52","exp",6.97454959371709e-05,0.81645580793523,FALSE
3126,"COL9A3","exp",6.97412263924115e-05,0.816525549161622,FALSE
3127,"ICAM2","exp",6.9736676494508e-05,0.816595285838117,FALSE
3128,"POU3F3","meth",6.97270335144838e-05,0.816665012871631,FALSE
3129,"TOMM7.1","meth",6.96738423460525e-05,0.816734686713977,FALSE
3130,"RGL1","exp",6.96713074863733e-05,0.816804358021464,FALSE
3131,"NFATC3","exp",6.96328640614677e-05,0.816873990885525,FALSE
3132,"BCAR1","exp",6.96209315307655e-05,0.816943611817056,FALSE
3133,"ATPIF1","exp",6.96143607539471e-05,0.81701322617781,FALSE
3134,"CLDN10","exp",6.96086894434666e-05,0.817082834867253,FALSE
3135,"CNTD2","exp",6.96026676915556e-05,0.817152437534945,FALSE
3136,"EFNB1","exp",6.95444476885994e-05,0.817221981982633,FALSE
3137,"SNX8","exp",6.95077447894644e-05,0.817291489727423,FALSE
3138,"MRPL53.1","meth",6.94959933201679e-05,0.817360985720743,FALSE
3139,"NXNL2.1","meth",6.94808542503783e-05,0.817430466574993,FALSE
3140,"UBE2D1","exp",6.94441279884813e-05,0.817499910702982,FALSE
3141,"AFAP1L2","exp",6.941706222868e-05,0.81756932776521,FALSE
3142,"SNAPC5","exp",6.93990612205428e-05,0.817638726826431,FALSE
3143,"NFE2L3.1","meth",6.93771586311482e-05,0.817708103985062,FALSE
3144,"CCDC65.1","meth",6.9371434754453e-05,0.817777475419817,FALSE
3145,"UGGT1","meth",6.93521254316427e-05,0.817846827545248,FALSE
3146,"TMX1","meth",6.93297789497696e-05,0.817916157324198,FALSE
3147,"Lysine degradation ","path_mut",6.93193825206703e-05,0.817985476706719,FALSE
3148,"IGLON5","exp",6.92683465670355e-05,0.818054745053286,FALSE
3149,"SRGN","exp",6.9249451933251e-05,0.818123994505219,FALSE
3150,"GPHN.1","meth",6.92149159302935e-05,0.818193209421149,FALSE
3151,"NSMCE4A","exp",6.91996834094559e-05,0.818262409104559,FALSE
3152,"TOMM20L.1","meth",6.91996250025508e-05,0.818331608729561,FALSE
3153,"SH2B3.1","meth",6.91949582908371e-05,0.818400803687852,FALSE
3154,"NUP160","meth",6.91347115682755e-05,0.81846993839942,FALSE
3155,"RAI14","exp",6.9126371062234e-05,0.818539064770483,FALSE
3156,"RENBP.1","meth",6.91226914272157e-05,0.81860818746191,FALSE
3157,"IL15RA","exp",6.91159804738252e-05,0.818677303442384,FALSE
3158,"LOC401588","exp",6.91126162360942e-05,0.81874641605862,FALSE
3159,"NCOA3","exp",6.90979152180925e-05,0.818815513973838,FALSE
3160,"VGLL4","meth",6.90788044787593e-05,0.818884592778317,FALSE
3161,"FLJ39739","exp",6.90714685714847e-05,0.818953664246888,FALSE
3162,"TCF7","exp",6.90608969216703e-05,0.81902272514381,FALSE
3163,"NUDT5","exp",6.90600558622375e-05,0.819091785199672,FALSE
3164,"BCAR3","exp",6.90233996886266e-05,0.819160808599361,FALSE
3165,"MXD4","exp",6.90121271559515e-05,0.819229820726517,FALSE
3166,"CENPV","exp",6.89997215293183e-05,0.819298820448046,FALSE
3167,"WFIKKN2","meth",6.89756111589127e-05,0.819367796059205,FALSE
3168,"LOC253039","exp",6.89428565665593e-05,0.819436738915772,FALSE
3169,"CCDC92","exp",6.89256907771644e-05,0.819505664606549,FALSE
3170,"TIMELESS.1","meth",6.88993959885098e-05,0.819574564002537,FALSE
3171,"CCDC74A","exp",6.88916921177333e-05,0.819643455694655,FALSE
3172,"SUOX","exp",6.88886607993611e-05,0.819712344355454,FALSE
3173,"DNAH9","exp",6.88876562005942e-05,0.819781232011655,FALSE
3174,"FKBP14","exp",6.88437809335188e-05,0.819850075792589,FALSE
3175,"FGFBP3","exp",6.87991522173683e-05,0.819918874944806,FALSE
3176,"C5orf20","exp",6.87768583017097e-05,0.819987651803108,FALSE
3177,"WDR65","exp",6.87711928319197e-05,0.82005642299594,FALSE
3178,"GPR26","meth",6.87559778331535e-05,0.820125178973773,FALSE
3179,"TBC1D24","exp",6.87513169621303e-05,0.820193930290735,FALSE
3180,"SMYD4","exp",6.87458968013414e-05,0.820262676187536,FALSE
3181,"TRAF4.1","meth",6.87245841216878e-05,0.820331400771658,FALSE
3182,"MAK16","exp",6.86850718504198e-05,0.820400085843508,FALSE
3183,"SLC12A5","exp",6.86490464713835e-05,0.82046873488998,FALSE
3184,"DQX1","exp",6.86219631895107e-05,0.820537356853169,FALSE
3185,"ITGB3","exp",6.86169401956762e-05,0.820605973793365,FALSE
3186,"ZNF93","exp",6.86112046376e-05,0.820674584998003,FALSE
3187,"C10orf58.1","meth",6.86096918987592e-05,0.820743194689901,FALSE
3188,"HECA","exp",6.85996167076376e-05,0.820811794306609,FALSE
3189,"CENPO","exp",6.85534402085032e-05,0.820880347746818,FALSE
3190,"KLHL28","exp",6.85234307406872e-05,0.820948871177558,FALSE
3191,"PSIP1.1","meth",6.84926795051771e-05,0.821017363857063,FALSE
3192,"FOXD2","exp",6.84592765961776e-05,0.82108582313366,FALSE
3193,"ITPRIPL2","exp",6.84408901024671e-05,0.821154264023762,FALSE
3194,"C19orf55.1","meth",6.8423537410976e-05,0.821222687561173,FALSE
3195,"DYNLL1","meth",6.84139002716424e-05,0.821291101461445,FALSE
3196,"DCD","meth",6.83987495204718e-05,0.821359500210965,FALSE
3197,"MT1X.1","meth",6.83838674410644e-05,0.821427884078406,FALSE
3198,"BAG1","exp",6.83770104704113e-05,0.821496261088877,FALSE
3199,"TRPV6","exp",6.83451203002526e-05,0.821564606209177,FALSE
3200,"FBXO31","exp",6.8337784392978e-05,0.82163294399357,FALSE
3201,"HUNK","exp",6.8292051786322e-05,0.821701236045356,FALSE
3202,"C14orf79","exp",6.82723102524143e-05,0.821769508355609,FALSE
3203,"DPYS","exp",6.82665454908856e-05,0.8218377749011,FALSE
3204,"SLC37A2","exp",6.8260804092119e-05,0.821906035705192,FALSE
3205,"TMEM8A","exp",6.82268112733784e-05,0.821974262516465,FALSE
3206,"TAS2R16","meth",6.82230615500741e-05,0.822042485578015,FALSE
3207,"SLC3A1","exp",6.81989979051925e-05,0.82211068457592,FALSE
3208,"FASTKD1","exp",6.81950087135774e-05,0.822178879584634,FALSE
3209,"PLEKHO2","exp",6.81725162144417e-05,0.822247052100848,FALSE
3210,"RPS27.1","meth",6.81195878770832e-05,0.822315171688726,FALSE
3211,"SNHG8","exp",6.80977086504505e-05,0.822383269397376,FALSE
3212,"NDUFAF3","exp",6.80891053133363e-05,0.822451358502689,FALSE
3213,"DENND5B","exp",6.80797368457659e-05,0.822519438239535,FALSE
3214,"TACR3","meth",6.80591367303539e-05,0.822587497376265,FALSE
3215,"ABHD5.1","meth",6.80283446100103e-05,0.822655525720876,FALSE
3216,"CPZ.1","meth",6.80154483653747e-05,0.822723541169241,FALSE
3217,"DLGAP3","exp",6.80119205883095e-05,0.822791553089829,FALSE
3218,"CX3CL1","exp",6.80052037942285e-05,0.822859558293623,FALSE
3219,"C22orf15","exp",6.80013956640191e-05,0.822927559689287,FALSE
3220,"PLA2G12A.1","meth",6.79466450312229e-05,0.822995506334319,FALSE
3221,"CDADC1.1","meth",6.79318447214826e-05,0.82306343817904,FALSE
3222,"ZNF446.1","meth",6.79253673957123e-05,0.823131363546436,FALSE
3223,"PSMB2","meth",6.79241466913967e-05,0.823199287693127,FALSE
3224,"VEPH1","exp",6.79090076216071e-05,0.823267196700749,FALSE
3225,"ZNF555.1","meth",6.79051644472547e-05,0.823335101865196,FALSE
3226,"LASS4","exp",6.7867088985851e-05,0.823402968954182,FALSE
3227,"NOP2","exp",6.78667852699447e-05,0.823470835739452,FALSE
3228,"SUV39H2","exp",6.78494384191441e-05,0.823538685177871,FALSE
3229,"IFT140;TMEM204","meth",6.7846535595963e-05,0.823606531713467,FALSE
3230,"RCVRN","exp",6.7774075989555e-05,0.823674305789457,FALSE
3231,"LYST","exp",6.77488442065723e-05,0.823742054633663,FALSE
3232,"NPTX1","exp",6.77474424408511e-05,0.823809802076104,FALSE
3233,"AMZ1","exp",6.77338745168074e-05,0.823877535950621,FALSE
3234,"MAGI1","exp",6.77088705207544e-05,0.823945244821142,FALSE
3235,"WASH5P","exp",6.76865532423339e-05,0.824012931374384,FALSE
3236,"FLT3LG.1","meth",6.76790304329631e-05,0.824080610404817,FALSE
3237,"CYBRD1","exp",6.76749886751335e-05,0.824148285393492,FALSE
3238,"NLGN3.1","meth",6.75871154864821e-05,0.824215872508979,FALSE
3239,"FPR2.1","meth",6.75772972857428e-05,0.824283449806264,FALSE
3240,"SMAD5OS","exp",6.75653413922786e-05,0.824351015147657,FALSE
3241,"APBA3","exp",6.75578419456698e-05,0.824418572989602,FALSE
3242,"RNF40;C16orf93","meth",6.7548514362933e-05,0.824486121503965,FALSE
3243,"ANKRD42.1","meth",6.75144923407399e-05,0.824553635996306,FALSE
3244,"DTNB.1","meth",6.75112157133665e-05,0.82462114721202,FALSE
3245,"PNPLA5","meth",6.75090897020226e-05,0.824688656301722,FALSE
3246,"CCDC91","exp",6.74960941656484e-05,0.824756152395887,FALSE
3247,"FSCN3","exp",6.74903352448102e-05,0.824823642731132,FALSE
3248,"C9orf95;OSTF1","meth",6.74602556887082e-05,0.824891102986821,FALSE
3249,"DSTYK.1","meth",6.74387093814344e-05,0.824958541696202,FALSE
3250,"PRIM1","exp",6.74371732798315e-05,0.825025978869482,FALSE
3251,"WNT16.1","meth",6.74289495876001e-05,0.82509340781907,FALSE
3252,"LOC284233","exp",6.74228051811886e-05,0.825160830624251,FALSE
3253,"KATNAL2","exp",6.74083786756407e-05,0.825228239002926,FALSE
3254,"C11orf57;PIH1D2","meth",6.73720963062221e-05,0.825295611099233,FALSE
3255,"ELP2","exp",6.73526818509827e-05,0.825362963781084,FALSE
3256,"PCTP","exp",6.73219773409966e-05,0.825430285758425,FALSE
3257,"CYP19A1","exp",6.73195067289129e-05,0.825497605265154,FALSE
3258,"BTNL9","exp",6.73162768270635e-05,0.825564921541981,FALSE
3259,"CEP290","exp",6.73141917005531e-05,0.825632235733681,FALSE
3260,"JUP.1","meth",6.73022650105414e-05,0.825699537998692,FALSE
3261,"PGAM2.1","meth",6.72981531644257e-05,0.825766836151856,FALSE
3262,"LOXL2","exp",6.72750298707154e-05,0.825834111181727,FALSE
3263,"MNS1.1","meth",6.71937975471685e-05,0.825901304979274,FALSE
3264,"MYCBP2.1","meth",6.71543670455676e-05,0.82596845934632,FALSE
3265,"MYH11","exp",6.71372421410062e-05,0.826035596588461,FALSE
3266,"SLITRK5","exp",6.71257418214014e-05,0.826102722330282,FALSE
3267,"LRRC7","exp",6.71110291220187e-05,0.826169833359404,FALSE
3268,"LIN52","exp",6.7108015325718e-05,0.82623694137473,FALSE
3269,"ECHS1","exp",6.70853067210336e-05,0.826304026681451,FALSE
3270,"SLCO4C1","exp",6.70413496842912e-05,0.826371068031135,FALSE
3271,"CCDC112","exp",6.70403042006907e-05,0.826438108335336,FALSE
3272,"ME1","exp",6.70060018253534e-05,0.826505114337161,FALSE
3273,"CCDC28B","exp",6.69890112566737e-05,0.826572103348418,FALSE
3274,"COL9A2.1","meth",6.69873408191892e-05,0.826639090689237,FALSE
3275,"TNNC2","exp",6.69863654238748e-05,0.826706077054661,FALSE
3276,"ACOT9","exp",6.69792748256014e-05,0.826773056329486,FALSE
3277,"RAPSN","exp",6.69726865267115e-05,0.826840029016013,FALSE
3278,"ALDH16A1.1","meth",6.6969847951126e-05,0.826906998863964,FALSE
3279,"DCAKD","exp",6.69663318554418e-05,0.82697396519582,FALSE
3280,"OGDH","meth",6.6950415973815e-05,0.827040915611793,FALSE
3281,"OR7C2","meth",6.69372452167257e-05,0.82710785285701,FALSE
3282,"ZNF167","exp",6.69259259585265e-05,0.827174778782969,FALSE
3283,"ZNF711.1","meth",6.69187827940386e-05,0.827241697565763,FALSE
3284,"FXYD3","meth",6.69060325666657e-05,0.82730860359833,FALSE
3285,"P2RY2.1","meth",6.68960683486637e-05,0.827375499666678,FALSE
3286,"CCBL2","exp",6.68499152122913e-05,0.82744234958189,FALSE
3287,"FEZ1.1","meth",6.68366685262254e-05,0.827509186250417,FALSE
3288,"HOXA1","exp",6.68156537217875e-05,0.827576001904138,FALSE
3289,"AP4B1","exp",6.67993465138969e-05,0.827642801250652,FALSE
3290,"CNTFR","meth",6.67818711679052e-05,0.82770958312182,FALSE
3291,"ABHD1.1","meth",6.67656457296816e-05,0.82777634876755,FALSE
3292,"CYB5R3","meth",6.67538533755515e-05,0.827843102620926,FALSE
3293,"HCN3","exp",6.67519376290658e-05,0.827909854558555,FALSE
3294,"HAUS6.1","meth",6.6747154103542e-05,0.827976601712658,FALSE
3295,"VAMP3","meth",6.6732079281348e-05,0.82804333379194,FALSE
3296,"FAM135B","meth",6.6729316634739e-05,0.828110063108574,FALSE
3297,"LSM2","exp",6.66856165883788e-05,0.828176748725163,FALSE
3298,"SPOPL","exp",6.66833679225343e-05,0.828243432093085,FALSE
3299,"EHHADH.1","meth",6.66831927018191e-05,0.828310115285787,FALSE
3300,"LRTOMT","exp",6.66761780325223e-05,0.82837679146382,FALSE
3301,"SEMA6C","exp",6.66449303383192e-05,0.828443436394158,FALSE
3302,"MGC16384","exp",6.6638476375311e-05,0.828510074870533,FALSE
3303,"YPEL3","exp",6.66220348315387e-05,0.828576696905365,FALSE
3304,"KLHL36","exp",6.6615656797507e-05,0.828643312562162,FALSE
3305,"M6PR","meth",6.65957225208126e-05,0.828709908284683,FALSE
3306,"ANKRD53","exp",6.65615486406664e-05,0.828776469833324,FALSE
3307,"SLC17A8","meth",6.65527291980035e-05,0.828843022562522,FALSE
3308,"LOC401397","exp",6.65443069222949e-05,0.828909566869444,FALSE
3309,"STARD10","exp",6.65194080586711e-05,0.828976086277503,FALSE
3310,"NDUFB7.1","meth",6.65025284631109e-05,0.829042588805966,FALSE
3311,"FLVCR2.1","meth",6.65024058086103e-05,0.829109091211775,FALSE
3312,"CLEC11A","exp",6.65015180236535e-05,0.829175592729798,FALSE
3313,"C5orf27","exp",6.64716545731002e-05,0.829242064384371,FALSE
3314,"THOC6","exp",6.64521057819791e-05,0.829308516490153,FALSE
3315,"HCN2.1","meth",6.64276216073812e-05,0.829374944111761,FALSE
3316,"NDST3","exp",6.64151984586765e-05,0.829441359310219,FALSE
3317,"ANKRD42","exp",6.63971799284678e-05,0.829507756490148,FALSE
3318,"PLEKHH3","exp",6.63528958130571e-05,0.829574109385961,FALSE
3319,"KLK14","exp",6.63383349716275e-05,0.829640447720932,FALSE
3320,"TMEM158","exp",6.63362556858076e-05,0.829706783976618,FALSE
3321,"PRAMEF1","meth",6.62889285706436e-05,0.829773072905189,FALSE
3322,"MRPL50;ZNF189","meth",6.62882977760691e-05,0.829839361202965,FALSE
3323,"HOXA2","meth",6.62843728320496e-05,0.829905645575797,FALSE
3324,"OSBPL5","exp",6.62708808369824e-05,0.829971916456634,FALSE
3325,"ADCY1","exp",6.6266471115651e-05,0.83003818292775,FALSE
3326,"SYT15","exp",6.62249029213252e-05,0.830104407830671,FALSE
3327,"TNN","exp",6.62000449425349e-05,0.830170607875613,FALSE
3328,"PTK6","exp",6.61979072498099e-05,0.830236805782863,FALSE
3329,"DYX1C1","exp",6.61857527728685e-05,0.830302991535636,FALSE
3330,"LHFPL2.1","meth",6.61810159728688e-05,0.830369172551609,FALSE
3331,"TBRG1","meth",6.61638910683074e-05,0.830435336442677,FALSE
3332,"PTPLA","exp",6.61225506609113e-05,0.830501458993338,FALSE
3333,"MTR","exp",6.60976576379779e-05,0.830567556650976,FALSE
3334,"NMUR2","meth",6.60855674086321e-05,0.830633642218385,FALSE
3335,"ISG20","exp",6.60694062180041e-05,0.830699711624603,FALSE
3336,"AKTIP.1","meth",6.60524214900148e-05,0.830765764046093,FALSE
3337,"MEI1","exp",6.60102108197334e-05,0.830831774256913,FALSE
3338,"TRPM2.1","meth",6.59511088725109e-05,0.830897725365785,FALSE
3339,"FTSJD1.1","meth",6.59300064577154e-05,0.830963655372243,FALSE
3340,"GPX4","exp",6.59068422791716e-05,0.831029562214522,FALSE
3341,"GRPR.1","meth",6.58768970589512e-05,0.831095439111581,FALSE
3342,"GPR44","exp",6.58669912478543e-05,0.831161306102829,FALSE
3343,"RORB.1","meth",6.58579089741187e-05,0.831227164011803,FALSE
3344,"SCN4B","exp",6.58490428059317e-05,0.831293013054609,FALSE
3345,"GK3P","exp",6.58411578737496e-05,0.831358854212483,FALSE
3346,"SETD6","exp",6.58323617938487e-05,0.831424686574276,FALSE
3347,"LOC349114","exp",6.58237584567345e-05,0.831490510332733,FALSE
3348,"TMEM59L","meth",6.57998291477345e-05,0.831556310161881,FALSE
3349,"SH2D3A","exp",6.57849587497082e-05,0.831622095120631,FALSE
3350,"CD83.1","meth",6.57778856735063e-05,0.831687873006304,FALSE
3351,"WBP4","exp",6.57690487087719e-05,0.831753642055013,FALSE
3352,"ACHE","exp",6.57586873238156e-05,0.831819400742337,FALSE
3353,"FER1L4","exp",6.57453238239396e-05,0.831885146066161,FALSE
3354,"DIDO1;C20orf11","meth",6.57414981716587e-05,0.831950887564333,FALSE
3355,"HTR6","meth",6.57259093687002e-05,0.832016613473701,FALSE
3356,"WRN","exp",6.57216865494649e-05,0.832082335160251,FALSE
3357,"LOC441869","exp",6.57132000261608e-05,0.832148048360277,FALSE
3358,"DPH3B","exp",6.56987793613033e-05,0.832213747139638,FALSE
3359,"UHRF1BP1","exp",6.56717486456451e-05,0.832279418888284,FALSE
3360,"PCDHGB3","exp",6.5671713601502e-05,0.832345090601885,FALSE
3361,"CRYL1","exp",6.56671637035984e-05,0.832410757765589,FALSE
3362,"PPARGC1B.1","meth",6.56568140000231e-05,0.832476414579589,FALSE
3363,"CCDC8.1","meth",6.56042361040949e-05,0.832542018815693,FALSE
3364,"SPPL2A.1","meth",6.55985005460188e-05,0.832607617316239,FALSE
3365,"ZNF44.1","meth",6.55959656863395e-05,0.832673213281926,FALSE
3366,"ABCA9","exp",6.55932731280166e-05,0.832738806555054,FALSE
3367,"PNPLA3","exp",6.55606879156878e-05,0.832804367242969,FALSE
3368,"IRAK3","exp",6.55051487896735e-05,0.832869872391759,FALSE
3369,"TTPA","meth",6.55048859586007e-05,0.832935377277717,FALSE
3370,"DLGAP1","exp",6.54657708542871e-05,0.833000843048572,FALSE
3371,"FBXO44;FBXO2","meth",6.54560577859769e-05,0.833066299106358,FALSE
3372,"MAPRE3.1","meth",6.54278472508366e-05,0.833131726953609,FALSE
3373,"OBFC1.1","meth",6.54261242471375e-05,0.833197153077856,FALSE
3374,"SYT6","exp",6.54131403921444e-05,0.833262566218248,FALSE
3375,"C12orf75","exp",6.539320611545e-05,0.833327959424363,FALSE
3376,"SERHL2.1","meth",6.53742005085459e-05,0.833393333624872,FALSE
3377,"GABRR2","exp",6.5370398219027e-05,0.833458704023091,FALSE
3378,"STAT5B","meth",6.53694637085462e-05,0.833524073486799,FALSE
3379,"SLC39A2.1","meth",6.53595053312347e-05,0.833589432992131,FALSE
3380,"ASH2L.1","meth",6.53592191374e-05,0.833654792211268,FALSE
3381,"CCDC7.1","meth",6.53483671344412e-05,0.833720140578402,FALSE
3382,"RASGRP4","exp",6.53362243388808e-05,0.833785476802741,FALSE
3383,"PRRX1","exp",6.53320949706936e-05,0.833850808897712,FALSE
3384,"CXorf56.1","meth",6.53320365637886e-05,0.833916140934276,FALSE
3385,"SEMA4C","exp",6.52983825050973e-05,0.833981439316781,FALSE
3386,"EFHD1.1","meth",6.52694360429534e-05,0.834046708752824,FALSE
3387,"C11orf61.1","meth",6.5256726700414e-05,0.834111965479524,FALSE
3388,"F7","exp",6.52464003596007e-05,0.834177211879884,FALSE
3389,"DAZAP1","meth",6.52108305544237e-05,0.834242422710438,FALSE
3390,"TNFRSF9","exp",6.51553439946239e-05,0.834307578054433,FALSE
3391,"SPRYD4.1","meth",6.51495383482617e-05,0.834372727592781,FALSE
3392,"RGS17","exp",6.51408006752659e-05,0.834437868393457,FALSE
3393,"FAM126A","exp",6.51124090787199e-05,0.834502980802535,FALSE
3394,"HCN3.1","meth",6.50653506353191e-05,0.834568046153171,FALSE
3395,"LOC100303728","exp",6.50627982535684e-05,0.834633108951424,FALSE
3396,"LBXCOR1","exp",6.50583534880939e-05,0.834698167304912,FALSE
3397,"SLC37A3.1","meth",6.5027339421511e-05,0.834763194644334,FALSE
3398,"RAB40AL","exp",6.50133334456794e-05,0.83482820797778,FALSE
3399,"CUL5","meth",6.50085791236082e-05,0.834893216556903,FALSE
3400,"DVWA;CAPN7","meth",6.49968159729306e-05,0.834958213372876,FALSE
3401,"RNFT1.1","meth",6.49886098027707e-05,0.835023201982679,FALSE
3402,"BAD","exp",6.49811278782335e-05,0.835088183110557,FALSE
3403,"ENGASE","exp",6.4978867531008e-05,0.835153161978088,FALSE
3404,"P2RY1.1","meth",6.49272475083227e-05,0.835218089225596,FALSE
3405,"FAAH2","exp",6.49139365746612e-05,0.835283003162171,FALSE
3406,"AIM2.1","meth",6.49032013855126e-05,0.835347906363556,FALSE
3407,"DMBT1","meth",6.48989727255868e-05,0.835412805336282,FALSE
3408,"AGBL4;BEND5","meth",6.48978688350813e-05,0.835477703205117,FALSE
3409,"EIF1B","meth",6.48839504696073e-05,0.835542587155587,FALSE
3410,"ZNF426.1","meth",6.4869728388227e-05,0.835607456883975,FALSE
3411,"ELOVL4","exp",6.48586310762671e-05,0.835672315515051,FALSE
3412,"KIAA1161","exp",6.48420259931607e-05,0.835737157541044,FALSE
3413,"PHYHD1","exp",6.48298656755287e-05,0.83580198740672,FALSE
3414,"CCDC132","exp",6.48029576143711e-05,0.835866790364334,FALSE
3415,"WDR35","exp",6.4792818175654e-05,0.83593158318251,FALSE
3416,"AP4S1;STRN3","meth",6.47846996158517e-05,0.835996367882126,FALSE
3417,"FABP3","exp",6.47721362905749e-05,0.836061140018416,FALSE
3418,"MC3R","meth",6.47711608952605e-05,0.836125911179312,FALSE
3419,"TEX14","exp",6.47659334772583e-05,0.836190677112789,FALSE
3420,"KCTD10;UBE3B","meth",6.4762265523621e-05,0.836255439378312,FALSE
3421,"BTAF1.1","meth",6.47617749056186e-05,0.836320201153218,FALSE
3422,"CCDC126","exp",6.47223444040177e-05,0.836384923497622,FALSE
3423,"KANK2","exp",6.47059963112935e-05,0.836449629493933,FALSE
3424,"PTPRK","exp",6.46902439690009e-05,0.836514319737902,FALSE
3425,"ATPAF2","exp",6.46308324651815e-05,0.836578950570368,FALSE
3426,"MSH5","exp",6.46233505406443e-05,0.836643573920908,FALSE
3427,"LOC375190;PFN4","meth",6.46059160794862e-05,0.836708179836988,FALSE
3428,"LYG1","exp",6.4603509714998e-05,0.836772783346703,FALSE
3429,"SHISA3","exp",6.45743004217813e-05,0.836837357647125,FALSE
3430,"GPR55","exp",6.45716837924349e-05,0.836901929330917,FALSE
3431,"CCDC62.1","meth",6.45086510605024e-05,0.836966437981978,FALSE
3432,"PRRX2","exp",6.45076581431165e-05,0.837030945640121,FALSE
3433,"ID2.1","meth",6.44744246141416e-05,0.837095420064735,FALSE
3434,"MRPL36","exp",6.44465294762886e-05,0.837159866594211,FALSE
3435,"KLC3.1","meth",6.44311450974978e-05,0.837224297739309,FALSE
3436,"SCNN1G","meth",6.44293812089652e-05,0.837288727120518,FALSE
3437,"AKR1B10","meth",6.44190665495329e-05,0.837353146187067,FALSE
3438,"TNFAIP2","exp",6.44048444681527e-05,0.837417551031535,FALSE
3439,"NCRNA00176.1","meth",6.44034602245029e-05,0.83748195449176,FALSE
3440,"TMED7;TMED7-TICAM2","meth",6.43927133539733e-05,0.837546347205114,FALSE
3441,"SLC4A4","exp",6.43876903601388e-05,0.837610734895474,FALSE
3442,"CR1.1","meth",6.43828425870194e-05,0.837675117738061,FALSE
3443,"HHATL","meth",6.43616350397949e-05,0.837739479373101,FALSE
3444,"POMGNT1","meth",6.42853497811059e-05,0.837803764722882,FALSE
3445,"RAB20.1","meth",6.42205940454742e-05,0.837867985316927,FALSE
3446,"PDSS2","exp",6.4213065395413e-05,0.837932198382323,FALSE
3447,"SGPP1.1","meth",6.41691726062661e-05,0.837996367554929,FALSE
3448,"SIRPD","meth",6.41675372129246e-05,0.838060535092142,FALSE
3449,"DHX58.1","meth",6.41623214763034e-05,0.838124697413618,FALSE
3450,"SMCR7","exp",6.41571699872778e-05,0.838188854583605,FALSE
3451,"NCAPD2.1","meth",6.41431990555893e-05,0.838252997782661,FALSE
3452,"SULF1","exp",6.4122826727107e-05,0.838317120609388,FALSE
3453,"TRIM33","meth",6.41089258837045e-05,0.838381229535272,FALSE
3454,"GULP1","exp",6.41054506728539e-05,0.838445334985945,FALSE
3455,"IFI27","exp",6.40873036474541e-05,0.838509422289592,FALSE
3456,"SLC6A4","exp",6.40780461530033e-05,0.838573500335745,FALSE
3457,"KLF7","exp",6.40708212188483e-05,0.838637571156964,FALSE
3458,"EXOSC3","exp",6.40300415177407e-05,0.838701601198482,FALSE
3459,"C17orf106","exp",6.40206555280987e-05,0.83876562185401,FALSE
3460,"ZUFSP","exp",6.40135824518969e-05,0.838829635436462,FALSE
3461,"C11orf46","meth",6.39806000726138e-05,0.838893616036534,FALSE
3462,"GTF2IRD2","exp",6.39533941362404e-05,0.838957569430671,FALSE
3463,"DOCK6","exp",6.39428633712594e-05,0.839021512294042,FALSE
3464,"FBXO22OS","exp",6.39344002107173e-05,0.839085446694253,FALSE
3465,"MYST4","exp",6.39333897712599e-05,0.839149380084024,FALSE
3466,"EXD2","exp",6.38985792558486e-05,0.83921327866328,FALSE
3467,"APOL3","exp",6.38918274176246e-05,0.839277170490697,FALSE
3468,"EVC.1","meth",6.38505921426576e-05,0.83934102108284,FALSE
3469,"C1orf131","exp",6.38346996237928e-05,0.839404855782464,FALSE
3470,"RFXAP","exp",6.38136439345214e-05,0.839468669426398,FALSE
3471,"DKK2.1","meth",6.38113485431528e-05,0.839532480774941,FALSE
3472,"ISG20L2","exp",6.37884413549913e-05,0.839596269216296,FALSE
3473,"SMAD6.1","meth",6.37137856489532e-05,0.839659983001945,FALSE
3474,"SERPINE2.1","meth",6.37025014348971e-05,0.83972368550338,FALSE
3475,"ACOT8","exp",6.36300710319416e-05,0.839787315574412,FALSE
3476,"KLHDC10.1","meth",6.36211815009926e-05,0.839850936755913,FALSE
3477,"DAB2IP.1","meth",6.36041617288603e-05,0.839914540917642,FALSE
3478,"DEFB125","meth",6.35867564711547e-05,0.839978127674113,FALSE
3479,"BACE2.1","meth",6.35618108820068e-05,0.840041689484995,FALSE
3480,"FAIM.1","meth",6.35364914886666e-05,0.840105225976484,FALSE
3481,"KCNIP3","exp",6.34846203162895e-05,0.8401687105968,FALSE
3482,"ARMC3","meth",6.34827629767088e-05,0.840232193359777,FALSE
3483,"EEF1A1","meth",6.3445680432691e-05,0.84029563904021,FALSE
3484,"SLC39A8","exp",6.34346298462551e-05,0.840359073670056,FALSE
3485,"ACER3.1","meth",6.33957892543952e-05,0.84042246945931,FALSE
3486,"DCPS","exp",6.33490637303533e-05,0.840485818523041,FALSE
3487,"HSD17B12","exp",6.33466456844841e-05,0.840549165168725,FALSE
3488,"FCHSD2","exp",6.33431471108715e-05,0.840612508315836,FALSE
3489,"ECM2","exp",6.33272312292447e-05,0.840675835547065,FALSE
3490,"PRSS3.1","meth",6.33221731912672e-05,0.840739157720257,FALSE
3491,"MERTK.1","meth",6.33211569111192e-05,0.840802478877168,FALSE
3492,"FXR1","meth",6.32579022329475e-05,0.840865736779401,FALSE
3493,"MMP2.1","meth",6.32514482699392e-05,0.840928988227671,FALSE
3494,"C21orf45.1","meth",6.32433063473749e-05,0.840992231534018,FALSE
3495,"GNPTAB.1","meth",6.32177124415809e-05,0.84105544924646,FALSE
3496,"CEP78","exp",6.32074036228391e-05,0.841118656650082,FALSE
3497,"SOX30","exp",6.31867275784506e-05,0.841181843377661,FALSE
3498,"SFRP2","exp",6.31835327207442e-05,0.841245026910381,FALSE
3499,"SLC35E4.1","meth",6.31341613639034e-05,0.841308161071745,FALSE
3500,"OVCA2;DPH1","meth",6.31257507695758e-05,0.841371286822515,FALSE
3501,"TWIST2","exp",6.30661406822793e-05,0.841434352963197,FALSE
3502,"SCRN3","exp",6.30569883202576e-05,0.841497409951518,FALSE
3503,"A4GALT","exp",6.30306059212454e-05,0.841560440557439,FALSE
3504,"CASP1","exp",6.30214418778427e-05,0.841623461999317,FALSE
3505,"MUC15;ANO3","meth",6.30076111227263e-05,0.84168646961044,FALSE
3506,"MXD1.1","meth",6.29597174605833e-05,0.8417494293279,FALSE
3507,"CLPP","meth",6.29289779064542e-05,0.841812358305807,FALSE
3508,"TTLL12","exp",6.29203395251969e-05,0.841875278645332,FALSE
3509,"PCSK4","exp",6.29011879010302e-05,0.841938179833233,FALSE
3510,"AKAP9","exp",6.28997277284039e-05,0.842001079560961,FALSE
3511,"SLC35E4","exp",6.28968774714373e-05,0.842063976438433,FALSE
3512,"LOC149134","exp",6.28956801298838e-05,0.842126872118562,FALSE
3513,"TRIM59.1","meth",6.28348026127476e-05,0.842189706921175,FALSE
3514,"RCN1","exp",6.2831374127421e-05,0.842252538295303,FALSE
3515,"DUOXA2;DUOX2","meth",6.2814079842835e-05,0.842315352375145,FALSE
3516,"TMOD4","exp",6.28108908258191e-05,0.842378163265971,FALSE
3517,"EXT1.1","meth",6.28087414517132e-05,0.842440972007423,FALSE
3518,"C1orf83;TMEM59","meth",6.28010843064608e-05,0.842503773091729,FALSE
3519,"NAAA.1","meth",6.2781734098817e-05,0.842566554825828,FALSE
3520,"JUNB.1","meth",6.27435126201507e-05,0.842629298338448,FALSE
3521,"PRCP;C11orf82","meth",6.27326197323584e-05,0.842692030958181,FALSE
3522,"LOC100288778","exp",6.27135498778587e-05,0.842754744508059,FALSE
3523,"RAB12","exp",6.27103199760094e-05,0.842817454828034,FALSE
3524,"DLL3.1","meth",6.26973361210162e-05,0.842880152164155,FALSE
3525,"RPS6KA1","exp",6.26819166980824e-05,0.842942834080854,FALSE
3526,"ZNF100","exp",6.2667081344199e-05,0.843005501162198,FALSE
3527,"SLC7A3","meth",6.26639624154692e-05,0.843068165124613,FALSE
3528,"LGALS8","exp",6.26583144677507e-05,0.843130823439081,FALSE
3529,"BUB1.1","meth",6.26215648430917e-05,0.843193445003924,FALSE
3530,"CRHR2","meth",6.26192519296516e-05,0.843256064255854,FALSE
3531,"CCDC89.1","meth",6.26060344470382e-05,0.843318670290301,FALSE
3532,"FAM83E","exp",6.2604620999936e-05,0.843381274911301,FALSE
3533,"VCPIP1","exp",6.25299711345884e-05,0.843443804882435,FALSE
3534,"ABCA11P","exp",6.25197674482758e-05,0.843506324649884,FALSE
3535,"LYSMD2","exp",6.24858330364403e-05,0.84356881048292,FALSE
3536,"PEX16","exp",6.24718095385372e-05,0.843631282292459,FALSE
3537,"TCP11L1","exp",6.24507246458133e-05,0.843693733017104,FALSE
3538,"RAB11FIP5","exp",6.2410815207591e-05,0.843756143832312,FALSE
3539,"VAC14","meth",6.23957228633254e-05,0.843818539555175,FALSE
3540,"UPF0639","exp",6.23748365540787e-05,0.843880914391729,FALSE
3541,"RDX","exp",6.23198406122813e-05,0.843943234232342,FALSE
3542,"C11orf35","exp",6.22971086448349e-05,0.844005531340987,FALSE
3543,"C14orf159","exp",6.22714329693738e-05,0.844067802773956,FALSE
3544,"HCN2","exp",6.22573919493992e-05,0.844130060165905,FALSE
3545,"C1orf103","exp",6.22267750497707e-05,0.844192286940955,FALSE
3546,"GIPC2","exp",6.2174769541512e-05,0.844254461710497,FALSE
3547,"PTPRR","exp",6.2169717344225e-05,0.844316631427841,FALSE
3548,"DCUN1D5","exp",6.21609504677766e-05,0.844378792378308,FALSE
3549,"ZNF259","meth",6.21531414645711e-05,0.844440945519773,FALSE
3550,"SLC17A1","meth",6.21175775000847e-05,0.844503063097273,FALSE
3551,"DPY30","meth",6.2101708343982e-05,0.844565164805617,FALSE
3552,"MTMR9","exp",6.2098460920061e-05,0.844627263266537,FALSE
3553,"LRRC8C","exp",6.20714126823313e-05,0.84468933467922,FALSE
3554,"CASP4","exp",6.20489727494101e-05,0.844751383651969,FALSE
3555,"SLC2A3","exp",6.20392246369569e-05,0.844813422876606,FALSE
3556,"KILLIN.1","meth",6.20340556258597e-05,0.844875456932232,FALSE
3557,"GGCX.1","meth",6.20089990635922e-05,0.844937465931295,FALSE
3558,"CARD16","exp",6.20023640391783e-05,0.844999468295335,FALSE
3559,"DOCK9","exp",6.19614967277131e-05,0.845061429792062,FALSE
3560,"TXNDC5","exp",6.19349040638427e-05,0.845123364696126,FALSE
3561,"CEMP1","exp",6.19112843114395e-05,0.845185275980437,FALSE
3562,"STAR.1","meth",6.18972199287029e-05,0.845247173200366,FALSE
3563,"SLCO2A1.1","meth",6.18674966547217e-05,0.845309040697021,FALSE
3564,"STXBP2.1","meth",6.18590334941796e-05,0.845370899730515,FALSE
3565,"LRCH3.1","meth",6.18452728273492e-05,0.845432745003342,FALSE
3566,"ZMYND8","exp",6.17478325876502e-05,0.84549449283593,FALSE
3567,"ZNF469","exp",6.1715241534631e-05,0.845556208077465,FALSE
3568,"ELF5","meth",6.16697250335236e-05,0.845617877802498,FALSE
3569,"ALG2;SEC61B","meth",6.16670558379627e-05,0.845679544858336,FALSE
3570,"PLEKHA8.1","meth",6.16234200391981e-05,0.845741168278375,FALSE
3571,"MACROD1","exp",6.16179589935757e-05,0.845802786237369,FALSE
3572,"SRRM5","exp",6.16154182932059e-05,0.845864401655662,FALSE
3573,"C19orf70","exp",6.16101149462271e-05,0.845926011770608,FALSE
3574,"FAM177B","exp",6.15210794601652e-05,0.845987532850069,FALSE
3575,"BAI2","exp",6.15079379065284e-05,0.846049040787975,FALSE
3576,"EYA1","exp",6.14473874680605e-05,0.846110488175443,FALSE
3577,"LPL.1","meth",6.14281540742267e-05,0.846171916329517,FALSE
3578,"ITGAE;GSG2","meth",6.13928879849561e-05,0.846233309217502,FALSE
3579,"CRH","meth",6.13906451598021e-05,0.846294699862662,FALSE
3580,"CDKN2AIP.1","meth",6.13558580071528e-05,0.846356055720669,FALSE
3581,"C8orf38","exp",6.13501341304577e-05,0.8464174058548,FALSE
3582,"FIGF","exp",6.13381373521599e-05,0.846478743992152,FALSE
3583,"GGCX","exp",6.13313387884118e-05,0.84654007533094,FALSE
3584,"DAK","exp",6.13282607445156e-05,0.846601403591685,FALSE
3585,"ENOX1","exp",6.13097983218285e-05,0.846662713390007,FALSE
3586,"DLK1","meth",6.13006225970448e-05,0.846724014012604,FALSE
3587,"EIF4B","meth",6.12907167859479e-05,0.84678530472939,FALSE
3588,"ZNF826","exp",6.12899691775632e-05,0.846846594698567,FALSE
3589,"CBX8.1","meth",6.12370408402047e-05,0.846907831739407,FALSE
3590,"CSTF2.1","meth",6.12163647958161e-05,0.846969048104203,FALSE
3591,"NCAPD2","exp",6.12063246488376e-05,0.847030254428852,FALSE
3592,"MMP24","exp",6.11885923124637e-05,0.847091443021164,FALSE
3593,"UBAP2.1","meth",6.11807716278772e-05,0.847152623792792,FALSE
3594,"RIBC2","exp",6.11796093304666e-05,0.847213803402123,FALSE
3595,"ZNF782","exp",6.11702992698013e-05,0.847274973701392,FALSE
3596,"C19orf39.1","meth",6.11670168017373e-05,0.847336140718194,FALSE
3597,"WNT10A","exp",6.10681747963171e-05,0.84739720889299,FALSE
3598,"ITGAE","exp",6.10467277807818e-05,0.847458255620771,FALSE
3599,"PACRGL","exp",6.09960597906488e-05,0.847519251680562,FALSE
3600,"FOXO1","exp",6.09899971539044e-05,0.847580241677716,FALSE
3601,"ATP1B1","exp",6.09624875016247e-05,0.847641204165217,FALSE
3602,"CDH5.1","meth",6.095665265181e-05,0.847702160817869,FALSE
3603,"PRDX2.1","meth",6.09560043351639e-05,0.847763116822204,FALSE
3604,"MX2.1","meth",6.09487852416994e-05,0.847824065607446,FALSE
3605,"OCLN","exp",6.09313157363982e-05,0.847884996923182,FALSE
3606,"LOC647946","exp",6.08933454074236e-05,0.84794589026859,FALSE
3607,"RNFT1","exp",6.08823882720358e-05,0.848006772656862,FALSE
3608,"POP1;HRSP12","meth",6.08795146523072e-05,0.848067652171514,FALSE
3609,"PPM1K.1","meth",6.08500133245652e-05,0.848128502184839,FALSE
3610,"C1orf187","exp",6.08483720905332e-05,0.848189350556929,FALSE
3611,"C2orf81","exp",6.08298629423221e-05,0.848250180419871,FALSE
3612,"SLC35A3","exp",6.08251670271559e-05,0.848311005586899,FALSE
3613,"OR2W3","exp",6.08116107844932e-05,0.848371817197683,FALSE
3614,"ZFP64.1","meth",6.07930607514486e-05,0.848432610258435,FALSE
3615,"SH3RF2.1","meth",6.07760643420783e-05,0.848493386322777,FALSE
3616,"DMPK;SIX5","meth",6.07700425901674e-05,0.848554156365367,FALSE
3617,"C2;CFB","meth",6.07435842621787e-05,0.848614899949629,FALSE
3618,"DLG5","exp",6.06714575751294e-05,0.848675571407204,FALSE
3619,"C14orf49","exp",6.06262623119998e-05,0.848736197669516,FALSE
3620,"FLJ42627","exp",6.06178283549103e-05,0.848796815497871,FALSE
3621,"RPLP1","meth",6.06151474779684e-05,0.848857430645349,FALSE
3622,"ATP6V1G1","meth",6.06105625359217e-05,0.848918041207885,FALSE
3623,"FTSJD2","meth",6.0605305914467e-05,0.848978646513799,FALSE
3624,"MIP","exp",6.05466712224849e-05,0.849039193185022,FALSE
3625,"ANKH","exp",6.05436223820411e-05,0.849099736807404,FALSE
3626,"PPM1D","exp",6.05288337536819e-05,0.849160265641158,FALSE
3627,"SGSM2;TSR1","meth",6.04841816747693e-05,0.849220749822832,FALSE
3628,"SLC38A1.1","meth",6.04836326498618e-05,0.849281233455482,FALSE
3629,"CTAGE1","exp",6.04709933956084e-05,0.849341704448878,FALSE
3630,"TCOF1.1","meth",6.0470514458987e-05,0.849402174963337,FALSE
3631,"AIG1.1","meth",6.04640488145977e-05,0.849462639012151,FALSE
3632,"CRIP3","exp",6.04639027973351e-05,0.849523102914949,FALSE
3633,"DYRK3","exp",6.04472626700856e-05,0.849583550177619,FALSE
3634,"GFPT2.1","meth",6.04467603707022e-05,0.84964399693799,FALSE
3635,"HPS5;GTF2H1","meth",6.04413226878418e-05,0.849704438260677,FALSE
3636,"UCHL5","exp",6.04270538809375e-05,0.849764865314558,FALSE
3637,"DMPK;DMWD","meth",6.03931253097925e-05,0.849825258439868,FALSE
3638,"NUDT12.1","meth",6.03525967583766e-05,0.849885611036627,FALSE
3639,"LRRC23","exp",6.03417914809419e-05,0.849945952828107,FALSE
3640,"EFCAB4A","exp",6.0335664596602e-05,0.850006288492704,FALSE
3641,"COL15A1","exp",6.03306532841484e-05,0.850066619145988,FALSE
3642,"LSM6","exp",6.03260800234828e-05,0.850126945226012,FALSE
3643,"GPR179","exp",6.03183878340874e-05,0.850187263613846,FALSE
3644,"IZUMO1;RASIP1","meth",6.03031669946308e-05,0.85024756678084,FALSE
3645,"ERP29;TMEM116","meth",6.02742847800823e-05,0.85030784106562,FALSE
3646,"TMEM165.1","meth",6.02737182331033e-05,0.850368114783854,FALSE
3647,"OBSCN","exp",6.02621069403789e-05,0.850428376890794,FALSE
3648,"CYP2C8","exp",6.02527501541895e-05,0.850488629640948,FALSE
3649,"SMOC2.1","meth",6.02192479534514e-05,0.850548848888902,FALSE
3650,"SLC9A8.1","meth",6.02182667174465e-05,0.850609067155619,FALSE
3651,"TMEM97.1","meth",6.02022223406286e-05,0.85066926937796,FALSE
3652,"MYD88","exp",6.01807344402599e-05,0.8507294501124,FALSE
3653,"PDLIM2","exp",6.01730364101739e-05,0.85078962314881,FALSE
3654,"TRERF1.1","meth",6.01601635283004e-05,0.850849783312338,FALSE
3655,"C10orf72","exp",6.01592056550575e-05,0.850909942517993,FALSE
3656,"RAB11FIP2","exp",6.01551171717039e-05,0.850970097635165,FALSE
3657,"LOC220594","exp",6.01496678074625e-05,0.851030247302973,FALSE
3658,"EPHA4.1","meth",6.01243892989558e-05,0.851090371692272,FALSE
3659,"LARS2","exp",6.0117999583543e-05,0.851150489691855,FALSE
3660,"BTBD10","meth",6.01088238587593e-05,0.851210598515714,FALSE
3661,"MEX3A","exp",6.00775644831752e-05,0.851270676080197,FALSE
3662,"ANG;RNASE4","meth",6.0070047514495e-05,0.851330746127712,FALSE
3663,"PEX11A;WDR93","meth",6.00295306444601e-05,0.851390775658356,FALSE
3664,"HMGB2","exp",6.0026014548776e-05,0.851450801672905,FALSE
3665,"WDR37.1","meth",6.00195722671487e-05,0.851510821245172,FALSE
3666,"TMEM150C","exp",6.00150690947691e-05,0.851570836314267,FALSE
3667,"PEG10","exp",5.99833074198016e-05,0.851630819621687,FALSE
3668,"UGGT2","exp",5.99711237394077e-05,0.851690790745426,FALSE
3669,"C1orf130","exp",5.99521648580276e-05,0.851750742910284,FALSE
3670,"C12orf61.1","meth",5.99132424965007e-05,0.851810656152781,FALSE
3671,"BHMT","exp",5.98895526558114e-05,0.851870545705436,FALSE
3672,"UQCR","meth",5.98808733897206e-05,0.851930426578826,FALSE
3673,"BTN3A3.1","meth",5.9871212887625e-05,0.851990297791714,FALSE
3674,"IRX5.1","meth",5.98699980239999e-05,0.852050167789738,FALSE
3675,"C21orf56","exp",5.98588014203013e-05,0.852110026591158,FALSE
3676,"ADCK5","exp",5.98334703455801e-05,0.852169860061504,FALSE
3677,"PUSL1;ACAP3","meth",5.98318466336196e-05,0.852229691908137,FALSE
3678,"SIGMAR1.1","meth",5.98198031297978e-05,0.852289511711267,FALSE
3679,"NBPF16","exp",5.98050845897246e-05,0.852349316795857,FALSE
3680,"TMED10","meth",5.98029936225237e-05,0.852409119789479,FALSE
3681,"HOXC10","meth",5.97996936323883e-05,0.852468919483112,FALSE
3682,"CXorf22","meth",5.97895950785047e-05,0.85252870907819,FALSE
3683,"FAM22F","exp",5.97736499934254e-05,0.852588482728183,FALSE
3684,"HSF1;BOP1","meth",5.97636098464469e-05,0.85264824633803,FALSE
3685,"INSC","exp",5.96842173404091e-05,0.85270793055537,FALSE
3686,"C3orf58","exp",5.96688504836898e-05,0.852767599405854,FALSE
3687,"AP2S1","exp",5.96235092032976e-05,0.852827222915057,FALSE
3688,"DCP1B","exp",5.96232171687723e-05,0.852886846132226,FALSE
3689,"SLIT3","exp",5.96137786129158e-05,0.852946459910839,FALSE
3690,"RSRC2;KNTC1","meth",5.96097718992293e-05,0.853006069682738,FALSE
3691,"SATL1","exp",5.96058119110667e-05,0.853065675494649,FALSE
3692,"MYCN","exp",5.95942940693904e-05,0.853125269788719,FALSE
3693,"RPS27","exp",5.95932485857899e-05,0.853184863037305,FALSE
3694,"AFF4","exp",5.9579423671364e-05,0.853244442460976,FALSE
3695,"ETV6","exp",5.9578255533263e-05,0.853304020716509,FALSE
3696,"AKAP3","exp",5.95347190262369e-05,0.853363555435536,FALSE
3697,"CAT","exp",5.9514235724635e-05,0.85342306967126,FALSE
3698,"PCGF3","meth",5.95107021068793e-05,0.853482580373367,FALSE
3699,"DGKH.1","meth",5.94962171944263e-05,0.853542076590561,FALSE
3700,"ZCCHC12.1","meth",5.94258602366001e-05,0.853601502450798,FALSE
3701,"HLA-DOA","exp",5.94108613433827e-05,0.853660913312141,FALSE
3702,"INF2.1","meth",5.9387294157194e-05,0.853720300606299,FALSE
3703,"BBS12","exp",5.93475132141628e-05,0.853779648119513,FALSE
3704,"TMEM159","exp",5.93351367909822e-05,0.853838983256304,FALSE
3705,"CTSL2.1","meth",5.93283090237816e-05,0.853898311565328,FALSE
3706,"CALCOCO1.1","meth",5.93130064146578e-05,0.853957624571742,FALSE
3707,"ATP8B2;AQP10","meth",5.92743352028226e-05,0.854016898906945,FALSE
3708,"CCDC69","exp",5.92464575870411e-05,0.854076145364532,FALSE
3709,"IL1R1","exp",5.92434204279783e-05,0.85413538878496,FALSE
3710,"QRFPR","meth",5.92411191959193e-05,0.854194629904156,FALSE
3711,"C6orf115","exp",5.92078272600394e-05,0.854253837731416,FALSE
3712,"LRRC4B","exp",5.91397832156533e-05,0.854312977514632,FALSE
3713,"NLRP1","exp",5.91236337064063e-05,0.854372101148338,FALSE
3714,"ABCE1;ANAPC10","meth",5.91017252763211e-05,0.854431202873615,FALSE
3715,"LIMD1.1","meth",5.90916150410566e-05,0.854490294488656,FALSE
3716,"EXOSC7","exp",5.90719844802684e-05,0.854549366473136,FALSE
3717,"CRISP2","meth",5.90709448373585e-05,0.854608437417973,FALSE
3718,"MRPL23","exp",5.90639710528952e-05,0.854667501389026,FALSE
3719,"CD63","meth",5.90398373197276e-05,0.854726541226346,FALSE
3720,"CDK2","exp",5.90371038765711e-05,0.854785578330222,FALSE
3721,"MDM4.1","meth",5.90222101157828e-05,0.854844600540338,FALSE
3722,"LOC285359","exp",5.90129701434035e-05,0.854903613510482,FALSE
3723,"COL21A1","exp",5.90012712403215e-05,0.854962614781722,FALSE
3724,"MEIG1","exp",5.89952494884105e-05,0.85502161003121,FALSE
3725,"FGFR1OP","exp",5.89889649054269e-05,0.855080598996116,FALSE
3726,"RASAL1","exp",5.89487050257743e-05,0.855139547701142,FALSE
3727,"MGC16142","exp",5.89129366371202e-05,0.855198460637779,FALSE
3728,"ZNF474","exp",5.89108047850857e-05,0.855257371442564,FALSE
3729,"FOXD4","exp",5.8879860806789e-05,0.85531625130337,FALSE
3730,"BNIP1.1","meth",5.88339646607987e-05,0.855375085268031,FALSE
3731,"ATOH1","meth",5.88309859086411e-05,0.85543391625394,FALSE
3732,"GPATCH3","exp",5.88250634484688e-05,0.855492741317388,FALSE
3733,"CASZ1.1","meth",5.88055438608002e-05,0.855551546861249,FALSE
3734,"KIAA1407","exp",5.8796905479543e-05,0.855610343766729,FALSE
3735,"CCPG1.1","meth",5.87945049557453e-05,0.855669138271684,FALSE
3736,"ALAD.1","meth",5.87639464630219e-05,0.855727902218147,FALSE
3737,"ITSN1","exp",5.87615517799147e-05,0.855786663769927,FALSE
3738,"QTRTD1;KIAA1407","meth",5.87455307658589e-05,0.855845409300693,FALSE
3739,"SFRP2.1","meth",5.87244283510634e-05,0.855904133729044,FALSE
3740,"TWF1","meth",5.87158308546397e-05,0.855962849559899,FALSE
3741,"DAPK3","exp",5.87013576235677e-05,0.856021550917522,FALSE
3742,"ABCD3","exp",5.86483825606851e-05,0.856080199300083,FALSE
3743,"AVPR1B","meth",5.86187936225856e-05,0.856138818093706,FALSE
3744,"GATA2","exp",5.86129879762234e-05,0.856197431081682,FALSE
3745,"LOC641367","exp",5.85999398736346e-05,0.856256031021555,FALSE
3746,"SOX18","exp",5.85701698741294e-05,0.85631460119143,FALSE
3747,"ATOH8.1","meth",5.85626237019966e-05,0.856373163815132,FALSE
3748,"SUMF1.1","meth",5.85345066179044e-05,0.856431698321749,FALSE
3749,"RGS2.1","meth",5.85242854095202e-05,0.856490222607159,FALSE
3750,"TTC14","exp",5.85235670045881e-05,0.856548746174164,FALSE
3751,"MRPL23.1","meth",5.85032647643919e-05,0.856607249438928,FALSE
3752,"PDYN","meth",5.84871911841214e-05,0.856665736630112,FALSE
3753,"FAM13AOS","exp",5.84738977725315e-05,0.856724210527885,FALSE
3754,"ZNF815","exp",5.8455546322964e-05,0.856782666074208,FALSE
3755,"CDC42EP3.1","meth",5.84422879555171e-05,0.856841108362163,FALSE
3756,"MAST1.1","meth",5.84390989385013e-05,0.856899547461102,FALSE
3757,"ZRSR2.1","meth",5.84129384857283e-05,0.856957960399587,FALSE
3758,"MOAP1","exp",5.8397653398676e-05,0.857016358052986,FALSE
3759,"GPC3","exp",5.83687419806751e-05,0.857074726794967,FALSE
3760,"CDK9","meth",5.83661779175433e-05,0.857133092972884,FALSE
3761,"C1orf213;ZNF436","meth",5.83365364132292e-05,0.857191429509298,FALSE
3762,"ALAS2.1","meth",5.8316882489679e-05,0.857249746391787,FALSE
3763,"UACA","exp",5.83134890484955e-05,0.857308059880836,FALSE
3764,"LTB4R2;CIDEB;LTB4R","meth",5.83082032235882e-05,0.857366368084059,FALSE
3765,"ZNF138","exp",5.82841162159446e-05,0.857424652200275,FALSE
3766,"CDH22","exp",5.82298620418414e-05,0.857482882062317,FALSE
3767,"LOC646851","exp",5.82276425794494e-05,0.857541109704897,FALSE
3768,"GHRL","exp",5.82230926815458e-05,0.857599332797578,FALSE
3769,"PLAC8L1","exp",5.82156925266757e-05,0.857657548490105,FALSE
3770,"DPF3","exp",5.81991341690933e-05,0.857715747624274,FALSE
3771,"SDC4","exp",5.81944557759986e-05,0.85777394208005,FALSE
3772,"FLJ26850","exp",5.81856888995502e-05,0.85783212776895,FALSE
3773,"MIR1292;NOP56","meth",5.81773834376518e-05,0.857890305152387,FALSE
3774,"GSDMA","exp",5.81436943348175e-05,0.857948448846722,FALSE
3775,"SLC43A2","exp",5.8061217944193e-05,0.858006510064666,FALSE
3776,"T-SP1","meth",5.80582800768689e-05,0.858064568344743,FALSE
3777,"PQLC1","exp",5.80413595964752e-05,0.85812260970434,FALSE
3778,"TUBB6","exp",5.80373996083126e-05,0.858180647103948,FALSE
3779,"FLNA.1","meth",5.80303323728013e-05,0.858238677436321,FALSE
3780,"METAP2","meth",5.80250640699655e-05,0.858296702500391,FALSE
3781,"FAM127A","exp",5.79852772862438e-05,0.858354687777677,FALSE
3782,"SFRS16","exp",5.79798629661455e-05,0.858412667640643,FALSE
3783,"GABRA6","meth",5.79188335910562e-05,0.858470586474234,FALSE
3784,"TUBA8","exp",5.79187927062226e-05,0.85852850526694,FALSE
3785,"TCF15","exp",5.78993140033876e-05,0.858586404580944,FALSE
3786,"CBX2","exp",5.7858440851232e-05,0.858644263021795,FALSE
3787,"SLC5A12","meth",5.78354285306413e-05,0.858702098450326,FALSE
3788,"EZR","exp",5.77543831091905e-05,0.858759852833435,FALSE
3789,"CORO2A","exp",5.77278838963682e-05,0.858817580717331,FALSE
3790,"HDAC8","meth",5.7706956702288e-05,0.858875287674033,FALSE
3791,"LOC144571","exp",5.7703142731388e-05,0.858932990816765,FALSE
3792,"ITGA2","exp",5.77012386662833e-05,0.858990692055431,FALSE
3793,"CAPRIN1","meth",5.76912686075909e-05,0.859048383324039,FALSE
3794,"SLC10A7.1","meth",5.76732734401442e-05,0.859106056597479,FALSE
3795,"RGS10","exp",5.76628711703544e-05,0.859163719468649,FALSE
3796,"MSH4","exp",5.76437954751642e-05,0.859221363264124,FALSE
3797,"MAP2K6","exp",5.76414825617242e-05,0.859279004746686,FALSE
3798,"C4orf43","exp",5.76400924773839e-05,0.859336644839163,FALSE
3799,"SLC23A1","exp",5.76190893543271e-05,0.859394263928518,FALSE
3800,"GALNT2","meth",5.76132077789883e-05,0.859451877136297,FALSE
3801,"TSTD2","exp",5.75696303871287e-05,0.859509446766684,FALSE
3802,"PHOSPHO1","exp",5.75540766283132e-05,0.859567000843312,FALSE
3803,"DOK2.1","meth",5.75463085099412e-05,0.859624547151822,FALSE
3804,"BBS2","exp",5.7524341672951e-05,0.859682071493495,FALSE
3805,"STAG3L1","exp",5.74833633883662e-05,0.859739554856883,FALSE
3806,"COMMD2","exp",5.74549893138917e-05,0.859797009846197,FALSE
3807,"C7orf46.1","meth",5.74365852981097e-05,0.859854446431495,FALSE
3808,"TNPO1","meth",5.74226669326357e-05,0.859911869098428,FALSE
3809,"CENPM.1","meth",5.74167327910824e-05,0.859969285831219,FALSE
3810,"MCF2L2;B3GNT5","meth",5.74052558342396e-05,0.860026691087053,FALSE
3811,"TMF1","exp",5.73927509158679e-05,0.860084083837969,FALSE
3812,"ZWILCH;RPL4","meth",5.73913024246226e-05,0.860141475140394,FALSE
3813,"MYO1B.1","meth",5.73891530505166e-05,0.860198864293444,FALSE
3814,"GNRH1","exp",5.73648440966338e-05,0.860256229137541,FALSE
3815,"ADAM21P1","exp",5.73602591545872e-05,0.860313589396696,FALSE
3816,"LRRC4C","exp",5.73433737183365e-05,0.860370932770414,FALSE
3817,"GORASP1;TTC21A","meth",5.73014492418899e-05,0.860428234219656,FALSE
3818,"DNAJB13","exp",5.72941542194488e-05,0.860485528373875,FALSE
3819,"VSX2","meth",5.72819354949119e-05,0.86054281030937,FALSE
3820,"CCR10","exp",5.72777243570576e-05,0.860600088033727,FALSE
3821,"C14orf21","exp",5.72555998214237e-05,0.860657343633549,FALSE
3822,"PHPT1.1","meth",5.7246435778021e-05,0.860714590069327,FALSE
3823,"NR2E3","exp",5.72371432394272e-05,0.860771827212566,FALSE
3824,"ZNF77","exp",5.72331598885026e-05,0.860829060372455,FALSE
3825,"ORAI2.1","meth",5.72329262608824e-05,0.860886293298716,FALSE
3826,"CACNB3","exp",5.72017661770369e-05,0.860943495064893,FALSE
3827,"KIF21A","exp",5.7189617540786e-05,0.861000684682433,FALSE
3828,"ATXN10","meth",5.71844602110699e-05,0.861057869142644,FALSE
3829,"TARSL2","exp",5.71392299037973e-05,0.861115008372548,FALSE
3830,"WDSUB1","exp",5.7126719144735e-05,0.861172135091693,FALSE
3831,"MLH1;EPM2AIP1","meth",5.70934739343792e-05,0.861229228565627,FALSE
3832,"SLC36A2","meth",5.70786385804959e-05,0.861286307204208,FALSE
3833,"LOC400759","exp",5.7078212210089e-05,0.861343385416418,FALSE
3834,"CD2AP","exp",5.7050340434998e-05,0.861400435756853,FALSE
3835,"SIVA1","exp",5.70243902470832e-05,0.8614574601471,FALSE
3836,"UBE2L6","exp",5.69617196379619e-05,0.861514421866738,FALSE
3837,"LOC285033","exp",5.69527483373458e-05,0.861571374615075,FALSE
3838,"STC2","exp",5.69478071131784e-05,0.861628322422189,FALSE
3839,"ARHGAP15.1","meth",5.69447991575682e-05,0.861685267221346,FALSE
3840,"SLC10A3.1","meth",5.69395658988755e-05,0.861742206787245,FALSE
3841,"MYOT.1","meth",5.69349400719954e-05,0.861799141727317,FALSE
3842,"PYCARD.1","meth",5.69163841982602e-05,0.861856058111515,FALSE
3843,"ZNF555","exp",5.68974019541182e-05,0.86191295551347,FALSE
3844,"ZNF684","exp",5.6878337940309e-05,0.86196983385141,FALSE
3845,"LRRC3.1","meth",5.68465178584365e-05,0.862026680369268,FALSE
3846,"BOLA3","exp",5.68367522239117e-05,0.862083517121492,FALSE
3847,"EPN3.1","meth",5.67689651699078e-05,0.862140286086662,FALSE
3848,"MYO1A.1","meth",5.67572370633733e-05,0.862197043323725,FALSE
3849,"NCRNA00235","exp",5.67473370929669e-05,0.862253790660818,FALSE
3850,"RDH11.1","meth",5.67458944424121e-05,0.862310536555261,FALSE
3851,"PPAP2C","exp",5.6744644534644e-05,0.862367281199795,FALSE
3852,"GMPPA.1","meth",5.67349781918578e-05,0.862424016177987,FALSE
3853,"XRN2","meth",5.67320052803907e-05,0.862480748183267,FALSE
3854,"DES","exp",5.67128244527714e-05,0.86253746100772,FALSE
3855,"PBLD;HNRNPH3","meth",5.67067326125745e-05,0.862594167740333,FALSE
3856,"RNF43","exp",5.66948818515393e-05,0.862650862622184,FALSE
3857,"PROC","exp",5.66885680651032e-05,0.86270755119025,FALSE
3858,"C1orf74","exp",5.66779204863121e-05,0.862764229110736,FALSE
3859,"KRT19","meth",5.66760164212074e-05,0.862820905127157,FALSE
3860,"ARL8A","meth",5.66709992680634e-05,0.862877576126425,FALSE
3861,"ERO1L","exp",5.6651643219729e-05,0.862934227769645,FALSE
3862,"TDRD7","exp",5.66447044794088e-05,0.862990872474124,FALSE
3863,"FBXO16.1","meth",5.66248402910004e-05,0.863047497314415,FALSE
3864,"TSHZ1;ZADH2","meth",5.65986039092509e-05,0.863104095918325,FALSE
3865,"MRPS15.1","meth",5.65962442702868e-05,0.863160692162595,FALSE
3866,"SLC9A3R2.1","meth",5.65919747255274e-05,0.86321728413732,FALSE
3867,"C6orf72","exp",5.65886104877964e-05,0.863273872747808,FALSE
3868,"CRADD.1","meth",5.6587600048339e-05,0.863330460347857,FALSE
3869,"ESAM","exp",5.65603707492036e-05,0.863387020718606,FALSE
3870,"IFT27","exp",5.65456405277493e-05,0.863443566359133,FALSE
3871,"EME1;MRPL27","meth",5.65332115383542e-05,0.863500099570672,FALSE
3872,"SEMA4B","exp",5.6515187167455e-05,0.863556614757839,FALSE
3873,"DNAJC18.1","meth",5.64942307699222e-05,0.863613108988609,FALSE
3874,"USF2","meth",5.6479027452537e-05,0.863669588016062,FALSE
3875,"GRIA2","meth",5.64787763028453e-05,0.863726066792365,FALSE
3876,"OR10H2","meth",5.64727253474819e-05,0.863782539517712,FALSE
3877,"IFI6","exp",5.64517689499491e-05,0.863838991286662,FALSE
3878,"RAB38","exp",5.6423885493477e-05,0.863895415172155,FALSE
3879,"IQCC","exp",5.64089216444026e-05,0.8639518240938,FALSE
3880,"RINL","exp",5.64083083718996e-05,0.864008232402172,FALSE
3881,"PRKG1.1","meth",5.64027772379911e-05,0.86406463517941,FALSE
3882,"ADARB1.1","meth",5.63864933928625e-05,0.864121021672803,FALSE
3883,"OR1E1","meth",5.63721019314575e-05,0.864177393774734,FALSE
3884,"POLE4.1","meth",5.63439147590792e-05,0.864233737689493,FALSE
3885,"SULT1A3","exp",5.6343681131459e-05,0.864290081370625,FALSE
3886,"HAPLN3.1","meth",5.63037600118557e-05,0.864346385130636,FALSE
3887,"PRKY","exp",5.6274644169687e-05,0.864402659774806,FALSE
3888,"GRHL3","exp",5.62612806698111e-05,0.864458921055476,FALSE
3889,"CCNB3","exp",5.62378887043376e-05,0.86451515894418,FALSE
3890,"DEPDC5","exp",5.62348223418223e-05,0.864571393766522,FALSE
3891,"MIRLET7I;C12orf61","meth",5.62050815457696e-05,0.864627598848068,FALSE
3892,"IER5","exp",5.61850129331936e-05,0.864683783861001,FALSE
3893,"REV1","meth",5.61648158254265e-05,0.864739948676826,FALSE
3894,"LDLR.1","meth",5.6161515835291e-05,0.864796110192662,FALSE
3895,"ZNF200","meth",5.61588875245636e-05,0.864852269080186,FALSE
3896,"C19orf56;MORG1","meth",5.61559029317155e-05,0.864908424983118,FALSE
3897,"PIK3C2A","exp",5.61372769696942e-05,0.864964562260088,FALSE
3898,"SCAMP5","exp",5.61216414412117e-05,0.865020683901529,FALSE
3899,"ASNA1","meth",5.60841734116206e-05,0.865076768074941,FALSE
3900,"SPDYA.1","meth",5.60819831526811e-05,0.865132850058093,FALSE
3901,"NOTCH4.1","meth",5.60793431605727e-05,0.865188929401254,FALSE
3902,"ZAK.1","meth",5.60724745085385e-05,0.865245001875762,FALSE
3903,"HIST1H3C.1","meth",5.60538310244458e-05,0.865301055706787,FALSE
3904,"TMEM120B","exp",5.6049543957615e-05,0.865357105250744,FALSE
3905,"TMEM130","exp",5.60462322860985e-05,0.86541315148303,FALSE
3906,"CCDC61","exp",5.60199667008964e-05,0.865469171449731,FALSE
3907,"PRSS35.1","meth",5.60157029968276e-05,0.865525187152728,FALSE
3908,"ODF3L1","exp",5.60048977193929e-05,0.865581192050448,FALSE
3909,"PNPO","exp",5.59911487339435e-05,0.865637183199182,FALSE
3910,"NEK5","exp",5.59539668981872e-05,0.86569313716608,FALSE
3911,"ASF1B.1","meth",5.59407494155738e-05,0.865749077915495,FALSE
3912,"RIMBP3","exp",5.59247167201369e-05,0.865805002632215,FALSE
3913,"ABCC4.1","meth",5.58887030224816e-05,0.865860891335238,FALSE
3914,"WDR52.1","meth",5.58598091265521e-05,0.865916751144365,FALSE
3915,"CABP1","exp",5.5858570900165e-05,0.865972609715265,FALSE
3916,"ZNF226","exp",5.58575604607076e-05,0.866028467275725,FALSE
3917,"STAB1","exp",5.58568186930134e-05,0.866084324094418,FALSE
3918,"GREM2","exp",5.58238129509683e-05,0.86614014790737,FALSE
3919,"ALPK2","exp",5.58192513716837e-05,0.866195967158741,FALSE
3920,"TCTE3;C6orf70","meth",5.57757907936342e-05,0.866251742949535,FALSE
3921,"GNG11.1","meth",5.5757188194375e-05,0.866307500137729,FALSE
3922,"ENTPD5;C14orf45","meth",5.57410912513425e-05,0.866363241228981,FALSE
3923,"CMC1","exp",5.57398647063364e-05,0.866418981093687,FALSE
3924,"ZDHHC16;EXOSC1","meth",5.57246146634272e-05,0.86647470570835,FALSE
3925,"SPINK2","exp",5.56680650979555e-05,0.866530373773448,FALSE
3926,"HMGN3.1","meth",5.56408065953675e-05,0.866586014580044,FALSE
3927,"ZBTB48","exp",5.56384352750224e-05,0.866641653015319,FALSE
3928,"LCE3A","meth",5.56376000562801e-05,0.866697290615375,FALSE
3929,"CPB2","exp",5.56336634308796e-05,0.866752924278806,FALSE
3930,"ABHD10","exp",5.55647724863702e-05,0.866808489051292,FALSE
3931,"C11orf54","exp",5.55521741169504e-05,0.866864041225409,FALSE
3932,"CYP2S1.1","meth",5.55465203285414e-05,0.866919587745738,FALSE
3933,"ARHGAP39","exp",5.55424318451877e-05,0.866975130177583,FALSE
3934,"FBXL14","exp",5.55330867403793e-05,0.867030663264323,FALSE
3935,"SLC38A4.1","meth",5.54877162565346e-05,0.86708615098058,FALSE
3936,"LRRC15","meth",5.54739906338472e-05,0.867141624971213,FALSE
3937,"MMP2","exp",5.54713389603579e-05,0.867197096310174,FALSE
3938,"PLEKHB1","exp",5.54660940202842e-05,0.867252562404194,FALSE
3939,"RTN3","meth",5.54489223901987e-05,0.867308011326584,FALSE
3940,"LOC145783;TCF12","meth",5.54186325692385e-05,0.867363429959153,FALSE
3941,"GORAB","exp",5.5404626593407e-05,0.867418834585747,FALSE
3942,"NUP37","exp",5.53889560207814e-05,0.867474223541768,FALSE
3943,"HNRNPAB","meth",5.5377981363322e-05,0.867529601523131,FALSE
3944,"VWA3B","exp",5.5376270041004e-05,0.867584977793172,FALSE
3945,"PPCS","exp",5.53738987206589e-05,0.867640351691893,FALSE
3946,"DDIT3","exp",5.53585785894636e-05,0.867695710270482,FALSE
3947,"LGI2","exp",5.53507987897106e-05,0.867751061069272,FALSE
3948,"ACVR1C","exp",5.53498759606108e-05,0.867806410945232,FALSE
3949,"GCN1L1","meth",5.53427561588849e-05,0.867861753701391,FALSE
3950,"LENG9","exp",5.5322272857283e-05,0.867917075974249,FALSE
3951,"LYRM5","exp",5.5305498394152e-05,0.867972381472643,FALSE
3952,"IMP3","meth",5.53045054767661e-05,0.86802768597812,FALSE
3953,"LIN37.1","meth",5.5303337338665e-05,0.868082989315458,FALSE
3954,"GSTM1","exp",5.52996927477898e-05,0.868138289008206,FALSE
3955,"BMP1.1","meth",5.52260416405186e-05,0.868193515049847,FALSE
3956,"VWC2","meth",5.5215271407227e-05,0.868248730321254,FALSE
3957,"INPP5A","exp",5.52043025904581e-05,0.868303934623844,FALSE
3958,"PRKAA1.1","meth",5.52003426022956e-05,0.868359134966447,FALSE
3959,"GFM2;NSA2","meth",5.51842339778821e-05,0.868414319200424,FALSE
3960,"DPP7","exp",5.51829548666615e-05,0.868469502155291,FALSE
3961,"DDX60L","exp",5.51787086846641e-05,0.868524680863976,FALSE
3962,"SNRNP48","exp",5.51754203759097e-05,0.868579856284352,FALSE
3963,"ZGPAT","exp",5.51426015359607e-05,0.868634998885888,FALSE
3964,"KCNC4","exp",5.51420233076007e-05,0.868690140909195,FALSE
3965,"A2M","exp",5.51409953460718e-05,0.868745281904541,FALSE
3966,"PRPF8","meth",5.51402652597586e-05,0.868800422169801,FALSE
3967,"FKBP8","meth",5.51198462057523e-05,0.868855542016007,FALSE
3968,"FLJ35220","exp",5.51174281598831e-05,0.868910659444167,FALSE
3969,"RBM38.1","meth",5.50849480799835e-05,0.868965744392247,FALSE
3970,"DUSP6.1","meth",5.50833652528566e-05,0.8690208277575,FALSE
3971,"EFCAB1","exp",5.50731498851629e-05,0.869075900907385,FALSE
3972,"CDKN2AIPNL","exp",5.50591088651883e-05,0.86913096001625,FALSE
3973,"MT1F.1","meth",5.50518664089618e-05,0.869186011882659,FALSE
3974,"SLC41A2","exp",5.49716036400387e-05,0.869240983486299,FALSE
3975,"STOML1","exp",5.49711130220363e-05,0.869295954599321,FALSE
3976,"FITM2","exp",5.4921286091336e-05,0.869350875885412,FALSE
3977,"LTBP2","exp",5.49152000918296e-05,0.869405791085504,FALSE
3978,"IQSEC1.1","meth",5.49005574807329e-05,0.869460691642985,FALSE
3979,"HACE1.1","meth",5.4896141918711e-05,0.869515587784903,FALSE
3980,"SUMO3","meth",5.48867792918311e-05,0.869570474564195,FALSE
3981,"LGR6","exp",5.48828309850495e-05,0.86962535739518,FALSE
3982,"LOC646999","exp",5.48671195275904e-05,0.869680224514708,FALSE
3983,"FSIP1","exp",5.48607999004637e-05,0.869735085314608,FALSE
3984,"DPY19L2","exp",5.48573363709941e-05,0.869789942650979,FALSE
3985,"SLC8A2","exp",5.48546204499092e-05,0.869844797271429,FALSE
3986,"NEU3","exp",5.48501873658157e-05,0.869899647458795,FALSE
3987,"RBM38","exp",5.48484877248787e-05,0.86995449594652,FALSE
3988,"TMEM203;NDOR1","meth",5.48375305894908e-05,0.870009333477109,FALSE
3989,"KCNH1.1","meth",5.48328638777772e-05,0.870064166340987,FALSE
3990,"KHDRBS3.1","meth",5.48251132814767e-05,0.870118991454269,FALSE
3991,"C20orf112.1","meth",5.48072699719832e-05,0.870173798724241,FALSE
3992,"CD99","exp",5.47970078787655e-05,0.870228595732119,FALSE
3993,"CNTNAP1","exp",5.47960383241416e-05,0.870283391770444,FALSE
3994,"UBE3C","meth",5.47863719813554e-05,0.870338178142425,FALSE
3995,"DCHS2","exp",5.47860390619966e-05,0.870392964181487,FALSE
3996,"LRP6","exp",5.47851512770398e-05,0.870447749332764,FALSE
3997,"CAT.1","meth",5.47755608632302e-05,0.870502524893627,FALSE
3998,"KIF11.1","meth",5.47609240928241e-05,0.87055728581772,FALSE
3999,"IGF2","exp",5.47473620094709e-05,0.870612033179729,FALSE
4000,"OSTM1","exp",5.47407386664379e-05,0.870666773918396,FALSE
4001,"NUDT16.1","meth",5.47297464869071e-05,0.870721503664883,FALSE
4002,"MYO1B","exp",5.46946906624946e-05,0.870776198355545,FALSE
4003,"PCDH8","meth",5.4687378117982e-05,0.870830885733663,FALSE
4004,"Non-alcoholic fatty liver disease ","path_mut",5.46780271724831e-05,0.870885563760836,FALSE
4005,"TCN1","meth",5.46677125130509e-05,0.870940231473349,FALSE
4006,"MBOAT2","exp",5.46622631488095e-05,0.870994893736498,FALSE
4007,"MIS12;DERL2","meth",5.46551141436311e-05,0.871049548850641,FALSE
4008,"HSPD1;HSPE1","meth",5.46538408731009e-05,0.871104202691514,FALSE
4009,"USE1","exp",5.46465925761839e-05,0.87115884928409,FALSE
4010,"ITLN1","meth",5.46409679912274e-05,0.871213490252082,FALSE
4011,"ATP5A1;HAUS1","meth",5.46269970595388e-05,0.871268117249141,FALSE
4012,"ACBD5.1","meth",5.46152514309328e-05,0.871322732500572,FALSE
4013,"CCDC40","exp",5.46068817214388e-05,0.871377339382293,FALSE
4014,"PXT1","exp",5.45874964696519e-05,0.871431926878763,FALSE
4015,"C11orf9","exp",5.45818134777903e-05,0.871486508692241,FALSE
4016,"C4orf12","exp",5.45779118965328e-05,0.871541086604138,FALSE
4017,"RAG2;C11orf74","meth",5.45379148479529e-05,0.871595624518986,FALSE
4018,"LIME1","exp",5.45281959389521e-05,0.871650152714925,FALSE
4019,"ALX4","meth",5.4518033137473e-05,0.871704670748062,FALSE
4020,"CASP14","meth",5.44752150353791e-05,0.871759145963097,FALSE
4021,"DHX32","exp",5.44734394654655e-05,0.871813619402563,FALSE
4022,"C6orf122","exp",5.44727619453669e-05,0.871868092164508,FALSE
4023,"LOC407835","exp",5.44666584237889e-05,0.871922558822932,FALSE
4024,"LRRC4","exp",5.44648361283512e-05,0.87197702365906,FALSE
4025,"HLA-DQB2","exp",5.44558648277352e-05,0.872031479523888,FALSE
4026,"GPR113","exp",5.44523428913605e-05,0.87208593186678,FALSE
4027,"C9orf119;GOLGA2","meth",5.44409593855658e-05,0.872140372826165,FALSE
4028,"GTF2A2","meth",5.44386289500542e-05,0.872194811455115,FALSE
4029,"TTC7A","exp",5.44376652361209e-05,0.872249249120351,FALSE
4030,"PAPD5","exp",5.44307148144196e-05,0.872303679835166,FALSE
4031,"APH1B.1","meth",5.44231335981438e-05,0.872358102968764,FALSE
4032,"ZNF525","exp",5.44019961392053e-05,0.872412504964903,FALSE
4033,"SLC6A15","meth",5.43925984681824e-05,0.872466897563371,FALSE
4034,"RFC2","exp",5.43760459512905e-05,0.872521273609323,FALSE
4035,"CLEC10A.1","meth",5.43758648898849e-05,0.872575649474212,FALSE
4036,"CEP68.1","meth",5.43497920474695e-05,0.87262999926626,FALSE
4037,"PTPRM.1","meth",5.43478295754597e-05,0.872684347095835,FALSE
4038,"GPR146","exp",5.43160153342776e-05,0.87273866311117,FALSE
4039,"TCTN2","exp",5.42880617895195e-05,0.872792951172959,FALSE
4040,"DGUOK","meth",5.42880033826145e-05,0.872847239176342,FALSE
4041,"SP4","exp",5.42870513500621e-05,0.872901526227692,FALSE
4042,"LOC650368","exp",5.42829862294705e-05,0.872955809213921,FALSE
4043,"CCDC6","exp",5.42602834654766e-05,0.873010069497387,FALSE
4044,"ZDHHC23","exp",5.42316991261439e-05,0.873064301196513,FALSE
4045,"ZBTB32","exp",5.42303090418037e-05,0.873118531505555,FALSE
4046,"ITGA8","exp",5.42129972351462e-05,0.87317274450279,FALSE
4047,"ALDH1A2","exp",5.4205632124419e-05,0.873226950134914,FALSE
4048,"FRAT2","exp",5.41976887853319e-05,0.8732811478237,FALSE
4049,"PNMAL2","exp",5.41755116834835e-05,0.873335323335383,FALSE
4050,"PIGY","meth",5.41715516953209e-05,0.873389494887078,FALSE
4051,"ADAM32","exp",5.41697644440263e-05,0.873443664651522,FALSE
4052,"CX3CR1.1","meth",5.41673872829907e-05,0.873497832038805,FALSE
4053,"OLAH","exp",5.41606763296002e-05,0.873551992715135,FALSE
4054,"KIF20B","exp",5.41562724489592e-05,0.873606148987584,FALSE
4055,"RSPO2","meth",5.41541405969248e-05,0.873660303128181,FALSE
4056,"LOC728855","exp",5.41523533456302e-05,0.873714455481526,FALSE
4057,"ZNF689","exp",5.4144929827998e-05,0.873768600411355,FALSE
4058,"B4GALT5.1","meth",5.40907866270144e-05,0.873822691197982,FALSE
4059,"ZNF749","exp",5.40867156657323e-05,0.873876777913647,FALSE
4060,"ELAC1","exp",5.40820547947091e-05,0.873930859968442,FALSE
4061,"FCER2","exp",5.40549539907648e-05,0.873984914922433,FALSE
4062,"THRB","exp",5.40432784504448e-05,0.874038958200883,FALSE
4063,"CECR1","exp",5.40163295044536e-05,0.874092974530388,FALSE
4064,"POU3F4","meth",5.40049518393494e-05,0.874146979482227,FALSE
4065,"TRHR","meth",5.39986322122227e-05,0.874200978114439,FALSE
4066,"NLE1.1","meth",5.39735814906457e-05,0.87425495169593,FALSE
4067,"NDUFS7","exp",5.39706669860836e-05,0.874308922362916,FALSE
4068,"TMPRSS9","exp",5.39161324588361e-05,0.874362838495375,FALSE
4069,"STK40","meth",5.39077510679611e-05,0.874416746246443,FALSE
4070,"LOC255167","exp",5.39013847153104e-05,0.874470647631158,FALSE
4071,"PLXNB1.1","meth",5.38993287922526e-05,0.87452454695995,FALSE
4072,"CHEK1.1","meth",5.38914672228325e-05,0.874578438427173,FALSE
4073,"ZNF528","exp",5.38558039666075e-05,0.87463229423114,FALSE
4074,"ACOX1;C17orf106","meth",5.38506933624154e-05,0.874686144924502,FALSE
4075,"FLJ45983","meth",5.38148490447847e-05,0.874739959773547,FALSE
4076,"CXCR2.1","meth",5.380520022407e-05,0.874793764973771,FALSE
4077,"SIGLEC15","exp",5.37875379759822e-05,0.874847552511747,FALSE
4078,"NPHP4","exp",5.37855638225914e-05,0.87490133807557,FALSE
4079,"PES1","meth",5.37764873895463e-05,0.874955114562959,FALSE
4080,"TSEN15.1","meth",5.37400297994125e-05,0.875008854592759,FALSE
4081,"TBC1D19","exp",5.37331144218543e-05,0.87506258770718,FALSE
4082,"VPS45","meth",5.37288974433095e-05,0.875116316604624,FALSE
4083,"PODNL1","exp",5.36891749071834e-05,0.875170005779531,FALSE
4084,"OXNAD1;DPH3","meth",5.36699590354211e-05,0.875223675738566,FALSE
4085,"LYPD6","exp",5.36494698931287e-05,0.87527732520846,FALSE
4086,"GPR6","meth",5.36227545747577e-05,0.875330947963034,FALSE
4087,"DLL3","exp",5.36162772489874e-05,0.875384564240283,FALSE
4088,"PHLDA1","exp",5.35803686837612e-05,0.875438144608967,FALSE
4089,"ASCL1","meth",5.3540044556513e-05,0.875491684653524,FALSE
4090,"NAV2;LOC100126784","meth",5.34618669141003e-05,0.875545146520438,FALSE
4091,"CETP","exp",5.34608798374049e-05,0.875598607400275,FALSE
4092,"TBR1","meth",5.34517041126212e-05,0.875652059104388,FALSE
4093,"YAF2.1","meth",5.34409922862346e-05,0.875705500096674,FALSE
4094,"ACOT11","exp",5.34289312603412e-05,0.875758929027934,FALSE
4095,"GSTM4","exp",5.34161985550398e-05,0.875812345226489,FALSE
4096,"C9orf100.1","meth",5.34153808583691e-05,0.875865760607348,FALSE
4097,"MSTO1.1","meth",5.33767622127484e-05,0.87591913736956,FALSE
4098,"FLJ42709","exp",5.33181450428378e-05,0.875972455514603,FALSE
4099,"NLGN4X","exp",5.32544406314971e-05,0.876025709955235,FALSE
4100,"CSNK2A1P","exp",5.32539675355662e-05,0.87607896392277,FALSE
4101,"PTCHD2","exp",5.3248161889204e-05,0.87613221208466,FALSE
4102,"TRIB1","exp",5.32274157565293e-05,0.876185439500416,FALSE
4103,"MAN2A2","exp",5.32183393234842e-05,0.87623865783974,FALSE
4104,"BCL2L10","exp",5.32161432238542e-05,0.876291873982963,FALSE
4105,"TMC6","exp",5.32123467750258e-05,0.876345086329738,FALSE
4106,"SNRPN","exp",5.31951167380353e-05,0.876398281446476,FALSE
4107,"SMARCD1","meth",5.31864841974686e-05,0.876451467930674,FALSE
4108,"KCNAB3","exp",5.31849072110322e-05,0.876504652837885,FALSE
4109,"BCDIN3D","exp",5.3183563852216e-05,0.876557836401737,FALSE
4110,"SLC39A14","exp",5.31739091908108e-05,0.876611010310928,FALSE
4111,"WDR85","exp",5.31682612430922e-05,0.876664178572171,FALSE
4112,"CDON","exp",5.31422701703439e-05,0.876717320842342,FALSE
4113,"GNB2","meth",5.31345020519719e-05,0.876770455344394,FALSE
4114,"SPTBN5","exp",5.31223125308875e-05,0.876823577656924,FALSE
4115,"DNAH6","exp",5.31088847834159e-05,0.876876686541708,FALSE
4116,"TPH1","exp",5.30951416386571e-05,0.876929781683346,FALSE
4117,"MRPL13","exp",5.30863630808277e-05,0.876982868046427,FALSE
4118,"TPI1P2","exp",5.30851540578931e-05,0.877035953200485,FALSE
4119,"SIP1.1","meth",5.30841260963642e-05,0.877089037326582,FALSE
4120,"CALML6","exp",5.30749854157235e-05,0.877142112311997,FALSE
4121,"ZC3H13","exp",5.30689695045031e-05,0.877195181281502,FALSE
4122,"HEXIM2","exp",5.30606874053666e-05,0.877248241968907,FALSE
4123,"SEMA6A.1","meth",5.30533982236161e-05,0.877301295367131,FALSE
4124,"IFNA8","meth",5.30524228283017e-05,0.877354347789959,FALSE
4125,"ZNF774","exp",5.3030415106478e-05,0.877407378205066,FALSE
4126,"UCK1","exp",5.30172677121507e-05,0.877460395472778,FALSE
4127,"CARD11.1","meth",5.29945649481568e-05,0.877513390037726,FALSE
4128,"PSRC1.1","meth",5.29852665688724e-05,0.877566375304295,FALSE
4129,"TMEM45A.1","meth",5.29781467671465e-05,0.877619353451062,FALSE
4130,"BICD1.1","meth",5.29702618349645e-05,0.877672323712897,FALSE
4131,"CAPN3","exp",5.29499946389113e-05,0.877725273707536,FALSE
4132,"FAM158A.1","meth",5.29366194576543e-05,0.877778210326993,FALSE
4133,"SGSM2","exp",5.28973758581495e-05,0.877831107702851,FALSE
4134,"MUM1.1","meth",5.28925806512447e-05,0.877884000283503,FALSE
4135,"GREM1","exp",5.28705554073494e-05,0.87793687083891,FALSE
4136,"S100PBP;YARS","meth",5.28648140085828e-05,0.877989735652919,FALSE
4137,"TLR9","exp",5.2860643755562e-05,0.878042596296674,FALSE
4138,"SLC9A1","exp",5.28602465886077e-05,0.878095456543263,FALSE
4139,"NFIL3","exp",5.28473503439721e-05,0.878148303893607,FALSE
4140,"SOD1","meth",5.28404057629614e-05,0.87820114429937,FALSE
4141,"DISP2","exp",5.28352717960073e-05,0.878253979571166,FALSE
4142,"THNSL1","exp",5.28220367913224e-05,0.878306801607957,FALSE
4143,"ZNF187","exp",5.28110329304105e-05,0.878359612640887,FALSE
4144,"CCNE1","exp",5.28021317180805e-05,0.878412414772605,FALSE
4145,"GPR126","exp",5.27963494344803e-05,0.87846521112204,FALSE
4146,"LOC388152","exp",5.27714622522375e-05,0.878517982584292,FALSE
4147,"WWTR1","exp",5.27449747207962e-05,0.878570727559013,FALSE
4148,"FOXO3B","exp",5.27316345836822e-05,0.878623459193597,FALSE
4149,"MAD2L2.1","meth",5.2721944878134e-05,0.878676181138475,FALSE
4150,"CIT","exp",5.27199648840527e-05,0.878728901103359,FALSE
4151,"SEC31A","meth",5.26869766640791e-05,0.878781588080023,FALSE
4152,"DNM3","exp",5.26593443572988e-05,0.87883424742438,FALSE
4153,"TBCE.1","meth",5.26479725328851e-05,0.878886895396913,FALSE
4154,"NAA40","exp",5.26388376929349e-05,0.878939534234606,FALSE
4155,"C4orf39","exp",5.26309878048959e-05,0.878992165222411,FALSE
4156,"APOBEC3B","exp",5.26253807420108e-05,0.879044790603153,FALSE
4157,"GEMIN7","exp",5.26227173871404e-05,0.87909741332054,FALSE
4158,"BCAT2.1","meth",5.26084953057602e-05,0.879150021815846,FALSE
4159,"PARK2","exp",5.26033847015681e-05,0.879202625200547,FALSE
4160,"FLJ40852","exp",5.255762873215e-05,0.87925518282928,FALSE
4161,"AGL.1","meth",5.25574418300538e-05,0.87930774027111,FALSE
4162,"BCAM","exp",5.25484588480568e-05,0.879360288729958,FALSE
4163,"CYR61","exp",5.25432139079831e-05,0.879412831943866,FALSE
4164,"C10orf54","exp",5.2526427763471e-05,0.879465358371629,FALSE
4165,"UBE2Q2.1","meth",5.25078018014498e-05,0.87951786617343,FALSE
4166,"TSPAN6","exp",5.25061897708703e-05,0.879570372363201,FALSE
4167,"KCNA5.1","meth",5.24829438226595e-05,0.879622855307024,FALSE
4168,"CERCAM.1","meth",5.24671097106997e-05,0.879675322416735,FALSE
4169,"PFN4","exp",5.24608660125496e-05,0.879727783282747,FALSE
4170,"PRKX","exp",5.24606907918345e-05,0.879780243973539,FALSE
4171,"GMDS","exp",5.24592656633512e-05,0.879832703239202,FALSE
4172,"SLC2A3.1","meth",5.24532263893688e-05,0.879885156465592,FALSE
4173,"LAMA5","exp",5.24446814591596e-05,0.879937601147051,FALSE
4174,"WDR77;ATP5F1","meth",5.24151742907271e-05,0.879990016321342,FALSE
4175,"DAB1.1","meth",5.24073711282121e-05,0.88004242369247,FALSE
4176,"LOC399744","exp",5.23771105107044e-05,0.880094800802981,FALSE
4177,"ARHGAP21","exp",5.23667841698912e-05,0.88014716758715,FALSE
4178,"HDAC2","meth",5.23566038463405e-05,0.880199524190997,FALSE
4179,"ANKRD5","exp",5.23422532697691e-05,0.880251866444267,FALSE
4180,"MYOM2","exp",5.23394964638507e-05,0.88030420594073,FALSE
4181,"TMEM106B.1","meth",5.23341171878953e-05,0.880356540057918,FALSE
4182,"SQSTM1","meth",5.22749393116962e-05,0.88040881499723,FALSE
4183,"GPR135.1","meth",5.22561439696503e-05,0.8804610711412,FALSE
4184,"MIF4GD","exp",5.22386335795156e-05,0.880513309774779,FALSE
4185,"GOLGA8C","exp",5.22293527223028e-05,0.880565539127502,FALSE
4186,"TOB1","exp",5.22205391203304e-05,0.880617759666622,FALSE
4187,"MTMR4","meth",5.22079524322916e-05,0.880669967619054,FALSE
4188,"SLC15A4","exp",5.21851795800116e-05,0.880722152798634,FALSE
4189,"DCBLD2.1","meth",5.2164456810099e-05,0.880774317255444,FALSE
4190,"LEO1","meth",5.21428579366106e-05,0.880826460113381,FALSE
4191,"ZNF444.1","meth",5.21425659020854e-05,0.880878602679283,FALSE
4192,"SPATS1","meth",5.20968274547388e-05,0.880930699506738,FALSE
4193,"LOC285074","exp",5.20808064406829e-05,0.880982780313179,FALSE
4194,"COCH.1","meth",5.20759353048015e-05,0.881034856248483,FALSE
4195,"COMT","exp",5.20405407203398e-05,0.881086896789204,FALSE
4196,"PHOX2B","meth",5.20372932964189e-05,0.8811389340825,FALSE
4197,"HBEGF.1","meth",5.20264704969126e-05,0.881190960552997,FALSE
4198,"RPL29","meth",5.20201041442619e-05,0.881242980657141,FALSE
4199,"FUT1","exp",5.20054323297128e-05,0.881294986089471,FALSE
4200,"DLG3.1","meth",5.19831617768163e-05,0.881346969251248,FALSE
4201,"ANGPT2","exp",5.19718191558551e-05,0.881398941070404,FALSE
4202,"KPNA3.1","meth",5.19298187504319e-05,0.881450870889154,FALSE
4203,"C15orf38","exp",5.19075481975354e-05,0.881502778437352,FALSE
4204,"ABCG5","exp",5.18955046937136e-05,0.881554673942046,FALSE
4205,"OPN1SW","exp",5.18808387198549e-05,0.881606554780765,FALSE
4206,"GVIN1","exp",5.1859222324295e-05,0.88165841400309,FALSE
4207,"ITGB7","exp",5.18515126128281e-05,0.881710265515703,FALSE
4208,"LARP1B","exp",5.18334531977859e-05,0.8817620989689,FALSE
4209,"RRAGC.1","meth",5.18217367726323e-05,0.881813920705673,FALSE
4210,"WNT3","exp",5.18142256446426e-05,0.881865734931318,FALSE
4211,"AIG1","exp",5.18127537906353e-05,0.881917547685108,FALSE
4212,"COL27A1","exp",5.17982104712772e-05,0.88196934589558,FALSE
4213,"ARFGAP3.1","meth",5.1778994599515e-05,0.882021124890179,FALSE
4214,"KIAA0664P3","exp",5.17717638246695e-05,0.882072896654004,FALSE
4215,"C13orf36","meth",5.17631721689363e-05,0.882124659826173,FALSE
4216,"PURG;WRN","meth",5.17597787277527e-05,0.8821764196049,FALSE
4217,"IRF1","exp",5.1753459100626e-05,0.882228173064001,FALSE
4218,"LY75.1","meth",5.17514615844732e-05,0.882279924525585,FALSE
4219,"EPHA7","meth",5.17440555889126e-05,0.882331668581174,FALSE
4220,"CES7","meth",5.172113671937e-05,0.882383389717894,FALSE
4221,"NGFR.1","meth",5.17209790207264e-05,0.882435110696914,FALSE
4222,"INTS1","meth",5.17197466350298e-05,0.882486830443549,FALSE
4223,"TCF19;CCHCR1","meth",5.17154887716515e-05,0.882538545932321,FALSE
4224,"DYNLT3","exp",5.17136723169043e-05,0.882590259604638,FALSE
4225,"CLCN4","exp",5.17101211770771e-05,0.882641969725815,FALSE
4226,"ZNF586","exp",5.16967226330581e-05,0.882693666448448,FALSE
4227,"COX6B2","exp",5.168772796968e-05,0.882745354176418,FALSE
4228,"GP1BA","exp",5.16691487331829e-05,0.882797023325151,FALSE
4229,"REXO1","exp",5.16655508678316e-05,0.882848688876019,FALSE
4230,"PLCXD1","exp",5.16645170656122e-05,0.882900353393085,FALSE
4231,"ADAMTSL1","exp",5.16631094592004e-05,0.882952016502544,FALSE
4232,"SPDYE7P","exp",5.16493955178941e-05,0.883003665898062,FALSE
4233,"CADM3.1","meth",5.16423224416923e-05,0.883055308220503,FALSE
4234,"BCL9L","exp",5.16307345117299e-05,0.883106938955015,FALSE
4235,"RNF122.1","meth",5.16304716806571e-05,0.883158569426696,FALSE
4236,"FSCN2","exp",5.1625279306798e-05,0.883210194706003,FALSE
4237,"UBQLN4","meth",5.1586888448107e-05,0.883261781594451,FALSE
4238,"SLC7A9","exp",5.15831854503267e-05,0.883313364779901,FALSE
4239,"FER1L5","exp",5.15545018192554e-05,0.88336491928172,FALSE
4240,"INTS3","meth",5.15186983864583e-05,0.883416437980107,FALSE
4241,"CHRM4","exp",5.15114208860887e-05,0.883467949400993,FALSE
4242,"HNRPDL;ENOPH1","meth",5.14987173842398e-05,0.883519448118377,FALSE
4243,"ZNF219;C14orf176","meth",5.14952772175322e-05,0.883570943395595,FALSE
4244,"LGALS12.1","meth",5.14896467918852e-05,0.883622433042387,FALSE
4245,"MRPL52.1","meth",5.14653203159309e-05,0.883673898362702,FALSE
4246,"AHSA1;C14orf133","meth",5.14632235080395e-05,0.88372536158621,FALSE
4247,"LRRC16A.1","meth",5.14490539928738e-05,0.883776810640203,FALSE
4248,"TMEM22","exp",5.14424890567459e-05,0.88382825312926,FALSE
4249,"C11orf63","exp",5.14338740382506e-05,0.883879687003298,FALSE
4250,"FYN.1","meth",5.14277354725296e-05,0.883931114738771,FALSE
4251,"LOC100130581","exp",5.13650999075514e-05,0.883982479838679,FALSE
4252,"RTN2;FLJ40125","meth",5.13422277635328e-05,0.884033822066442,FALSE
4253,"HMGCS1.1","meth",5.13270653309812e-05,0.884085149131773,FALSE
4254,"ANKRD35","exp",5.13246940106361e-05,0.884136473825784,FALSE
4255,"SIRT2;RINL","meth",5.13050459277765e-05,0.884187778871711,FALSE
4256,"MAST3","exp",5.129953815663e-05,0.884239078409868,FALSE
4257,"USP6NL.1","meth",5.12887971267909e-05,0.884290367206995,FALSE
4258,"ASPM.1","meth",5.12404829349315e-05,0.88434160768993,FALSE
4259,"CHFR","exp",5.12189541497292e-05,0.884392826644079,FALSE
4260,"WDR52","exp",5.1208732941345e-05,0.884444035377021,FALSE
4261,"ARHGAP22","exp",5.12080437398654e-05,0.884495243420761,FALSE
4262,"EAF2","exp",5.12074479894338e-05,0.88454645086875,FALSE
4263,"PCK2.1","meth",5.1206501797572e-05,0.884597657370548,FALSE
4264,"CUL9","exp",5.12057191450443e-05,0.884648863089693,FALSE
4265,"ZDHHC7","meth",5.12052051642798e-05,0.884700068294857,FALSE
4266,"SDCBP","meth",5.1165809706822e-05,0.884751234104564,FALSE
4267,"AVPR2","exp",5.10765639559018e-05,0.88480231066852,FALSE
4268,"OR10H3","meth",5.10694733576285e-05,0.884853380141877,FALSE
4269,"HTRA4.1","meth",5.10608700205143e-05,0.884904441011898,FALSE
4270,"APOBEC3F","exp",5.10445569719331e-05,0.88495548556887,FALSE
4271,"PAX9","exp",5.10391893773588e-05,0.885006524758247,FALSE
4272,"PGA3","exp",5.10185074922797e-05,0.885057543265739,FALSE
4273,"C10orf137.1","meth",5.10097347751408e-05,0.885108553000514,FALSE
4274,"TMEM177","exp",5.09967158760047e-05,0.88515954971639,FALSE
4275,"TFCP2L1","exp",5.0986004049618e-05,0.88521053572044,FALSE
4276,"C6orf35","exp",5.09738086878431e-05,0.885261509529128,FALSE
4277,"HMGN5","exp",5.09595398809388e-05,0.885312469069009,FALSE
4278,"KDM6A","exp",5.09490908856249e-05,0.885363418159895,FALSE
4279,"NUDT6","exp",5.09467312466608e-05,0.885414364891141,FALSE
4280,"P2RX7","exp",5.09284382039984e-05,0.885465293329345,FALSE
4281,"LOC728613","exp",5.09010278434572e-05,0.885516194357189,FALSE
4282,"RPL9;LIAS","meth",5.08660829921644e-05,0.885567060440181,FALSE
4283,"C1orf190","exp",5.08616907929044e-05,0.885617922130974,FALSE
4284,"JUNB","exp",5.08525734750257e-05,0.885668774704449,FALSE
4285,"CBX4","exp",5.08458041147302e-05,0.885719620508564,FALSE
4286,"ABP1","exp",5.08207825966057e-05,0.88577044129116,FALSE
4287,"C12orf43","meth",5.08084704210207e-05,0.885821249761581,FALSE
4288,"FAM198B.1","meth",5.07799912141171e-05,0.885872029752795,FALSE
4289,"HIST1H2BB;HIST1H3C","meth",5.07742264525884e-05,0.885922803979248,FALSE
4290,"RBM4B.1","meth",5.07385106301488e-05,0.885973542489878,FALSE
4291,"ZSCAN20","exp",5.07290837556734e-05,0.886024271573634,FALSE
4292,"TMEM116;ERP29","meth",5.07181733458096e-05,0.88607498974698,FALSE
4293,"CBR3","exp",5.07042432989546e-05,0.886125693990279,FALSE
4294,"STRC","exp",5.07011652550583e-05,0.886176395155534,FALSE
4295,"PTPN1","meth",5.06760502858858e-05,0.88622707120582,FALSE
4296,"RFX8","exp",5.06734161344679e-05,0.886277744621954,FALSE
4297,"Porphyrin metabolism ","path_mut",5.06718858735555e-05,0.886328416507828,FALSE
4298,"MOBP","exp",5.06558531781186e-05,0.886379072361006,FALSE
4299,"TREML2","exp",5.06360882814489e-05,0.886429708449287,FALSE
4300,"GABARAPL1.1","meth",5.06270994587613e-05,0.886480335548746,FALSE
4301,"SFRS17A","exp",5.06214923958763e-05,0.886530957041142,FALSE
4302,"C1QTNF2","exp",5.06108798612283e-05,0.886581567921003,FALSE
4303,"PSMC6","meth",5.06001388313891e-05,0.886632168059835,FALSE
4304,"MON1A","exp",5.05941521236212e-05,0.886682762211958,FALSE
4305,"LRRN3;IMMP2L","meth",5.05874586923022e-05,0.886733349670651,FALSE
4306,"C17orf101","exp",5.0569375914498e-05,0.886783919046565,FALSE
4307,"SUFU;ACTR1A","meth",5.05670045941529e-05,0.886834486051159,FALSE
4308,"KCNQ4.1","meth",5.05654509704785e-05,0.88688505150213,FALSE
4309,"APPL2","exp",5.05611522222666e-05,0.886935612654352,FALSE
4310,"NHSL1","exp",5.05534775549427e-05,0.886986166131907,FALSE
4311,"CHCHD4","exp",5.05447749260899e-05,0.887036710906833,FALSE
4312,"SLC30A3.1","meth",5.05415333428595e-05,0.887087252440176,FALSE
4313,"LOC619207","exp",5.05259270178295e-05,0.887137778367194,FALSE
4314,"TRMT11","exp",5.05207930508754e-05,0.887188299160245,FALSE
4315,"ARL14","meth",5.05180888111715e-05,0.887238817249056,FALSE
4316,"ST7L;CAPZA1","meth",5.05154312969916e-05,0.887289332680353,FALSE
4317,"PCDHGA3","exp",5.04982012600011e-05,0.887339830881613,FALSE
4318,"ABCC3","exp",5.04967294059938e-05,0.887390327611019,FALSE
4319,"FAM117A.1","meth",5.04849487332447e-05,0.887440812559752,FALSE
4320,"KCNMB2.1","meth",5.04768360141329e-05,0.887491289395766,FALSE
4321,"EWSR1;RHBDD3","meth",5.04725431066116e-05,0.887541761938873,FALSE
4322,"FPR1.1","meth",5.04476325616067e-05,0.887592209571434,FALSE
4323,"RNF19A","exp",5.04408223164776e-05,0.887642650393751,FALSE
4324,"CD96.1","meth",5.04318393344805e-05,0.887693082233085,FALSE
4325,"CRYBB2","exp",5.04105149734459e-05,0.887743492748059,FALSE
4326,"DKFZP586I1420","exp",5.04094227643214e-05,0.887793902170823,FALSE
4327,"C13orf27","exp",5.0407869140647e-05,0.887844310039964,FALSE
4328,"LRMP","exp",5.04016020797349e-05,0.887894711642043,FALSE
4329,"ARRB2","exp",5.03977939495255e-05,0.887945109435993,FALSE
4330,"C2orf60;C2orf47","meth",5.03660381152484e-05,0.887995475474108,FALSE
4331,"KRTAP5-9","exp",5.03314904309099e-05,0.888045806964539,FALSE
4332,"KCTD17","exp",5.03270339840544e-05,0.888096133998523,FALSE
4333,"DUSP1.1","meth",5.02963586775209e-05,0.888146430357201,FALSE
4334,"SLC3A2","exp",5.02459184743176e-05,0.888196676275675,FALSE
4335,"WHAMML2","exp",5.0233565413899e-05,0.888246909841089,FALSE
4336,"IFI44L.1","meth",5.02331273621111e-05,0.888297142968451,FALSE
4337,"MST1","exp",5.0212375388746e-05,0.88834735534384,FALSE
4338,"PNMT.1","meth",5.01981708294372e-05,0.888397553514669,FALSE
4339,"B9D2","exp",5.01943101330133e-05,0.888447747824802,FALSE
4340,"NOL3","exp",5.01867756422615e-05,0.888497934600444,FALSE
4341,"PPAPDC3","exp",5.01803158385627e-05,0.888548114916283,FALSE
4342,"TMEM67.1","meth",5.017623903659e-05,0.88859829115532,FALSE
4343,"CEPT1;DRAM2","meth",5.01715840062574e-05,0.888648462739326,FALSE
4344,"AKR1A1","meth",5.0166134642016e-05,0.888698628873968,FALSE
4345,"SRM.1","meth",5.01606794370841e-05,0.888748789553405,FALSE
4346,"SH3PXD2B","exp",5.01585067002161e-05,0.888798948060105,FALSE
4347,"IRF4.1","meth",5.01558433453457e-05,0.88884910390345,FALSE
4348,"PLCB1","exp",5.01544415796245e-05,0.88889925834503,FALSE
4349,"PUS1.1","meth",5.0152263002066e-05,0.888949410608032,FALSE
4350,"C20orf160","exp",5.01508261922017e-05,0.888999561434224,FALSE
4351,"TLR2.1","meth",5.01433793118075e-05,0.889049704813536,FALSE
4352,"PAX6.1","meth",5.01374101261112e-05,0.889099842223662,FALSE
4353,"ZWINT.1","meth",5.00990134267297e-05,0.889149941237089,FALSE
4354,"FAM134A;C2orf24","meth",5.00858076254974e-05,0.889200027044714,FALSE
4355,"RBM7","exp",5.00853228481854e-05,0.889250112367563,FALSE
4356,"HCN1","meth",5.00799902977541e-05,0.88930019235786,FALSE
4357,"ZNF396.1","meth",5.0076485883451e-05,0.889350268843744,FALSE
4358,"KATNA1","exp",5.00756448240182e-05,0.889400344488568,FALSE
4359,"OSBPL11.1","meth",5.00722513828347e-05,0.889450416739951,FALSE
4360,"NPTX2","exp",5.00640101685318e-05,0.889500480750119,FALSE
4361,"MPI","exp",5.0056995499235e-05,0.889550537745618,FALSE
4362,"NAPRT1.1","meth",5.00417162528733e-05,0.889600579461871,FALSE
4363,"CACNA2D3","exp",5.00273890390639e-05,0.88965060685091,FALSE
4364,"LMTK2","exp",5.00134940363519e-05,0.889700620344947,FALSE
4365,"TRNT1.1","meth",4.99782045843193e-05,0.889750598549531,FALSE
4366,"HLA-DPB2","exp",4.99568802232846e-05,0.889800555429754,FALSE
4367,"SFI1","exp",4.99459172472063e-05,0.889850501347001,FALSE
4368,"ZDHHC14.1","meth",4.99313096802527e-05,0.889900432656682,FALSE
4369,"MRPL35","meth",4.99248849206969e-05,0.889950357541602,FALSE
4370,"TTC32","exp",4.9922227406517e-05,0.890000279769009,FALSE
4371,"KLF6","exp",4.99120061981328e-05,0.890050191775207,FALSE
4372,"DDX60","exp",4.98991917231643e-05,0.89010009096693,FALSE
4373,"HIPK4","exp",4.98795903658287e-05,0.890149970557296,FALSE
4374,"WFIKKN1","exp",4.9878819394682e-05,0.890199849376691,FALSE
4375,"OXER1","exp",4.9862634841292e-05,0.890249712011532,FALSE
4376,"CCDC12.1","meth",4.98596210449913e-05,0.890299571632577,FALSE
4377,"PAQR3","exp",4.98558421182344e-05,0.890349427474695,FALSE
4378,"SYNPO2","exp",4.98440088792708e-05,0.890399271483574,FALSE
4379,"RPS6KA3.1","meth",4.98333204156462e-05,0.89044910480399,FALSE
4380,"PPP3CC.1","meth",4.98217967332793e-05,0.890498926600723,FALSE
4381,"PMS2CL","exp",4.97720515722462e-05,0.890548698652296,FALSE
4382,"FGF17","exp",4.9769055298017e-05,0.890598467707594,FALSE
4383,"ZNF232.1","meth",4.97687515821107e-05,0.890648236459176,FALSE
4384,"FLRT1","exp",4.9726225514542e-05,0.89069796268469,FALSE
4385,"FLG","exp",4.97126225463553e-05,0.890747675307237,FALSE
4386,"IRF9","exp",4.97085457443827e-05,0.890797383852981,FALSE
4387,"LOC147804","exp",4.96817311342731e-05,0.890847065584115,FALSE
4388,"PLBD2","exp",4.96677718839656e-05,0.890896733355999,FALSE
4389,"RNF169","exp",4.96658795002419e-05,0.8909463992355,FALSE
4390,"RCBTB2","exp",4.96608565064074e-05,0.890996060092006,FALSE
4391,"CYP4F11.1","meth",4.96573871362472e-05,0.891045717479142,FALSE
4392,"ZNF415.1","meth",4.96520137009824e-05,0.891095369492843,FALSE
4393,"CCDC42B","exp",4.96386969266305e-05,0.89114500818977,FALSE
4394,"DZIP1","exp",4.96311682765692e-05,0.891194639358046,FALSE
4395,"HAUS6","exp",4.96169228324269e-05,0.891244256280879,FALSE
4396,"CPNE8","exp",4.96007674824894e-05,0.891293857048361,FALSE
4397,"TUBGCP6","exp",4.95728022563503e-05,0.891343429850618,FALSE
4398,"KIAA1328;C18orf10","meth",4.95724050893959e-05,0.891393002255707,FALSE
4399,"FNIP1","exp",4.95683399688043e-05,0.891442570595676,FALSE
4400,"PPT2;PRRT1","meth",4.95515421429112e-05,0.891492122137819,FALSE
4401,"FLII","meth",4.95077544861934e-05,0.891541629892305,FALSE
4402,"SBK1","exp",4.94998753947018e-05,0.8915911297677,FALSE
4403,"MYL12B","meth",4.94931469192398e-05,0.891640622914619,FALSE
4404,"MBTD1","exp",4.94812202292281e-05,0.891690104134848,FALSE
4405,"CEP57;FAM76B","meth",4.9473276890141e-05,0.891739577411738,FALSE
4406,"RNF44","meth",4.94543413715229e-05,0.89178903175311,FALSE
4407,"MAST1","exp",4.94481268768254e-05,0.891838479879987,FALSE
4408,"FOXN2.1","meth",4.94420525586999e-05,0.891887921932545,FALSE
4409,"DBT","exp",4.94286014484663e-05,0.891937350533994,FALSE
4410,"WDR34","exp",4.94245246464937e-05,0.89198677505864,FALSE
4411,"ST3GAL3","exp",4.94151036127087e-05,0.892036190162253,FALSE
4412,"DVL1","exp",4.94057468265193e-05,0.89208559590908,FALSE
4413,"SLC35E2.1","meth",4.93952277429194e-05,0.892134991136823,FALSE
4414,"MAL","exp",4.93787277922421e-05,0.892184369864615,FALSE
4415,"KCNA1","meth",4.935188397868e-05,0.892233721748594,FALSE
4416,"ZNF331.1","meth",4.93259688349082e-05,0.892283047717428,FALSE
4417,"MTHFD2.1","meth",4.93183700965609e-05,0.892332366087525,FALSE
4418,"THAP3.1","meth",4.93066186272643e-05,0.892381672706152,FALSE
4419,"ZNF616","exp",4.92779057927405e-05,0.892430950611945,FALSE
4420,"RGS9","exp",4.927281271062e-05,0.892480223424656,FALSE
4421,"ALDH8A1","exp",4.9240513692126e-05,0.892529463938348,FALSE
4422,"RHOBTB2","exp",4.92393105098819e-05,0.892578703248858,FALSE
4423,"NES.1","meth",4.92290776201167e-05,0.892627932326478,FALSE
4424,"TADA2A;ACACA","meth",4.92158659781938e-05,0.892677148192456,FALSE
4425,"TAS2R31","exp",4.91632063125986e-05,0.892726311398769,FALSE
4426,"PAFAH2.1","meth",4.91537560753611e-05,0.892775465154844,FALSE
4427,"ZNF589","exp",4.91374722302325e-05,0.892824602627074,FALSE
4428,"GRSF1","meth",4.91176255638957e-05,0.892873720252638,FALSE
4429,"ACD","exp",4.91141445123545e-05,0.892922834397151,FALSE
4430,"IL9R","exp",4.90947008536626e-05,0.892971929098004,FALSE
4431,"CAND1","meth",4.90837904437988e-05,0.893021012888448,FALSE
4432,"PNCK","exp",4.90762150682135e-05,0.893070089103516,FALSE
4433,"VIPR1","exp",4.90698954410868e-05,0.893119158998957,FALSE
4434,"LOC647121","exp",4.90625770558837e-05,0.893168221576013,FALSE
4435,"PDGFB","exp",4.90501363851076e-05,0.893217271712398,FALSE
4436,"GLUD1","exp",4.9047899400644e-05,0.893266319611799,FALSE
4437,"FAM49A.1","meth",4.90438693241954e-05,0.893315363481123,FALSE
4438,"CSF2RA","exp",4.9042315700521e-05,0.893364405796824,FALSE
4439,"TNFSF4.1","meth",4.90301203387461e-05,0.893413435917162,FALSE
4440,"NUDT2","exp",4.9021090631225e-05,0.893462457007794,FALSE
4441,"DCUN1D2","exp",4.89705277735211e-05,0.893511427535567,FALSE
4442,"ANUBL1.1","meth",4.89581396689595e-05,0.893560385675236,FALSE
4443,"TMEM111","meth",4.89509848230905e-05,0.893609336660059,FALSE
4444,"CCDC34","exp",4.89147929843748e-05,0.893658251453044,FALSE
4445,"HMGA2;RPSAP52","meth",4.89098838840051e-05,0.893707161336928,FALSE
4446,"ASNSD1","meth",4.889468056662e-05,0.893756056017494,FALSE
4447,"PRKG2","exp",4.88675330371516e-05,0.893804923550531,FALSE
4448,"PRDXDD1P","exp",4.88611316403579e-05,0.893853784682172,FALSE
4449,"SLC27A5","exp",4.8855375639865e-05,0.893902640057812,FALSE
4450,"HOMEZ","exp",4.88520084817887e-05,0.893951492066293,FALSE
4451,"KIAA1468","exp",4.88464890292612e-05,0.894000338555323,FALSE
4452,"DEDD2","exp",4.88454201828988e-05,0.894049183975505,FALSE
4453,"PLD1","exp",4.88424764748841e-05,0.89409802645198,FALSE
4454,"GRIN2A.1","meth",4.8833712518781e-05,0.894146860164499,FALSE
4455,"CTHRC1.1","meth",4.88119004600892e-05,0.894195672064959,FALSE
4456,"IL1RAP.1","meth",4.87959612157004e-05,0.894244468026175,FALSE
4457,"PPP1R14A","exp",4.87954822790789e-05,0.894293263508454,FALSE
4458,"CEACAM4.1","meth",4.87840520477602e-05,0.894342047560502,FALSE
4459,"EREG","meth",4.87824458578712e-05,0.89439083000636,FALSE
4460,"CXXC1","meth",4.87405038593531e-05,0.894439570510219,FALSE
4461,"TRPC5;ZCCHC16","meth",4.87234548837683e-05,0.894488293965103,FALSE
4462,"FUT10","exp",4.87033687491207e-05,0.894536997333852,FALSE
4463,"SSTR2.1","meth",4.86795562539309e-05,0.894585676890106,FALSE
4464,"CENPE.1","meth",4.86520874864847e-05,0.894634328977592,FALSE
4465,"MGMT","exp",4.8612335746906e-05,0.894682941313339,FALSE
4466,"LRTOMT;C11orf59","meth",4.85989897691015e-05,0.894731540303108,FALSE
4467,"WDR51A","meth",4.85599184699667e-05,0.894780100221578,FALSE
4468,"CASP1.1","meth",4.85585371466622e-05,0.894828658758725,FALSE
4469,"SCNM1","exp",4.85381648181799e-05,0.894877196923543,FALSE
4470,"NME3","exp",4.85337813799557e-05,0.894925730704923,FALSE
4471,"WSB1","exp",4.85217816813127e-05,0.894974252486604,FALSE
4472,"PHF21B","meth",4.85200878810662e-05,0.895022772574485,FALSE
4473,"TXNL1","meth",4.85087043752715e-05,0.895071281278861,FALSE
4474,"MYOM1","exp",4.84615174366796e-05,0.895119742796297,FALSE
4475,"HLA-DQB1","exp",4.84479232295287e-05,0.895168190719527,FALSE
4476,"PDSS1","exp",4.84369748551766e-05,0.895216627694382,FALSE
4477,"OR12D2","meth",4.84355789301458e-05,0.895265063273312,FALSE
4478,"EMG1","exp",4.8406854414241e-05,0.895313470127726,FALSE
4479,"WWC3.1","meth",4.83962915254623e-05,0.895361866419252,FALSE
4480,"TFPT","exp",4.83530266105447e-05,0.895410219445862,FALSE
4481,"FZD3.1","meth",4.83276225271922e-05,0.89545854706839,FALSE
4482,"SDC2","exp",4.83121622194248e-05,0.895506859230609,FALSE
4483,"ZNF211.1","meth",4.83067303772549e-05,0.895555165960986,FALSE
4484,"RUNX2;SUPT3H","meth",4.83031558746657e-05,0.895603469116861,FALSE
4485,"NRAS;CSDE1","meth",4.82755878154809e-05,0.895651744704676,FALSE
4486,"STARD8","exp",4.82651709439648e-05,0.89570000987562,FALSE
4487,"ATP4B","meth",4.82589243254695e-05,0.895748268799946,FALSE
4488,"RNF180","exp",4.82562638909443e-05,0.895796525063837,FALSE
4489,"RNF125","exp",4.82320454677643e-05,0.895844757109304,FALSE
4490,"KIAA1033","exp",4.82225747881101e-05,0.895892979684093,FALSE
4491,"CD8B","exp",4.82221630194295e-05,0.895941201847112,FALSE
4492,"SP3","meth",4.81970976961262e-05,0.895989398944808,FALSE
4493,"SDS","exp",4.81964084946466e-05,0.896037595353303,FALSE
4494,"API5","meth",4.81782556285563e-05,0.896085773608931,FALSE
4495,"SLC8A3.1","meth",4.81602429390381e-05,0.89613393385187,FALSE
4496,"WNK2.1","meth",4.81539729577808e-05,0.896182087824828,FALSE
4497,"AMZ2P1","exp",4.81460938662892e-05,0.896230233918694,FALSE
4498,"PRG3","meth",4.81089207915686e-05,0.896278342839486,FALSE
4499,"HIST1H2BD.1","meth",4.80976949844175e-05,0.89632644053447,FALSE
4500,"PTPRG","exp",4.80941847294238e-05,0.8963745347192,FALSE
4501,"DULLARD;C17orf81","meth",4.80421091328791e-05,0.896422576828333,FALSE
4502,"FAM19A1","exp",4.80379564019298e-05,0.896470614784735,FALSE
4503,"CREM","exp",4.80229399866409e-05,0.896518637724721,FALSE
4504,"UCP3","exp",4.80114922332506e-05,0.896566649216954,FALSE
4505,"GNG12","exp",4.79895545997129e-05,0.896614638771554,FALSE
4506,"TMEM133","exp",4.79787610036592e-05,0.896662617532558,FALSE
4507,"NNAT","exp",4.79525917898505e-05,0.896710570124348,FALSE
4508,"LRRC17","exp",4.79434248261025e-05,0.896758513549174,FALSE
4509,"FAM110A.1","meth",4.79421865997154e-05,0.896806455735773,FALSE
4510,"G3BP1","meth",4.79305052187049e-05,0.896854386240992,FALSE
4511,"CPA6","exp",4.79263641691367e-05,0.896902312605161,FALSE
4512,"EIF4G1","meth",4.78965941696314e-05,0.896950209199331,FALSE
4513,"ZNF497","exp",4.78884288843051e-05,0.896998097628215,FALSE
4514,"GRPEL2","exp",4.78557648226545e-05,0.897045953393038,FALSE
4515,"ITGA11","exp",4.78245083674157e-05,0.897093777901405,FALSE
4516,"U2AF2","meth",4.77938564236442e-05,0.897141571757829,FALSE
4517,"FAM151B.1","meth",4.77829664561972e-05,0.897189354724285,FALSE
4518,"ADCK1","exp",4.77825108823378e-05,0.897237137235167,FALSE
4519,"CN5H6.4","exp",4.77317202377042e-05,0.897284868955405,FALSE
4520,"HIST1H2AK","exp",4.77185991264841e-05,0.897332587554532,FALSE
4521,"TRPM4","exp",4.76841010880149e-05,0.89738027165562,FALSE
4522,"NCALD","exp",4.76754539457219e-05,0.897427947109565,FALSE
4523,"SLC25A36","exp",4.76668009627384e-05,0.897475613910528,FALSE
4524,"RNGTT.1","meth",4.76622890293231e-05,0.897523276199557,FALSE
4525,"SH3BGR.1","meth",4.76463410238985e-05,0.897570922540581,FALSE
4526,"EIF4EBP3;ANKHD1-EIF4EBP3","meth",4.76143895264896e-05,0.897618536930108,FALSE
4527,"ABHD15","exp",4.75780166263682e-05,0.897666114946734,FALSE
4528,"FAM123B","exp",4.75778618480698e-05,0.897713692808582,FALSE
4529,"ACSS1","exp",4.75774354776629e-05,0.89776127024406,FALSE
4530,"HSPB1","exp",4.75628279107093e-05,0.897808833071971,FALSE
4531,"SPOCD1","exp",4.75389336458523e-05,0.897856372005616,FALSE
4532,"OLAH.1","meth",4.75314225178626e-05,0.897903903428134,FALSE
4533,"TNFSF12;TNFSF12-TNFSF13","meth",4.75233419225486e-05,0.897951426770057,FALSE
4534,"HMGXB3;TIGD6","meth",4.75187599008472e-05,0.897998945529958,FALSE
4535,"GOLM1","exp",4.7516330173597e-05,0.898046461860131,FALSE
4536,"FBXW4","exp",4.74913699827229e-05,0.898093953230114,FALSE
4537,"TRIM9","exp",4.74893753869153e-05,0.898141442605501,FALSE
4538,"MTCP1NB","exp",4.74782313494313e-05,0.89818892083685,FALSE
4539,"NFIC.1","meth",4.74601281292103e-05,0.89823638096498,FALSE
4540,"TXNDC9","exp",4.74510984216892e-05,0.898283832063401,FALSE
4541,"SLC22A18AS","exp",4.74438063195934e-05,0.898331275869721,FALSE
4542,"PRTFDC1.1","meth",4.74363886426518e-05,0.898378712258364,FALSE
4543,"C2CD2.1","meth",4.74209721400632e-05,0.898426133230504,FALSE
4544,"RNF34","meth",4.74167610022089e-05,0.898473549991506,FALSE
4545,"AVPI1.1","meth",4.74132653489415e-05,0.898520963256855,FALSE
4546,"UBTD1","exp",4.74131543758219e-05,0.89856837641123,FALSE
4547,"FGF21;FUT1","meth",4.74106720823572e-05,0.898615787083313,FALSE
4548,"ANKRD46.1","meth",4.74002639718768e-05,0.898663187347285,FALSE
4549,"DDI2","exp",4.73953344290904e-05,0.898710582681714,FALSE
4550,"ZNF23","exp",4.73897624103484e-05,0.898757972444124,FALSE
4551,"SNAI2","exp",4.73880802914829e-05,0.898805360524416,FALSE
4552,"ZNF541.1","meth",4.73857761390786e-05,0.898852746300555,FALSE
4553,"ASPH.1","meth",4.73706458303248e-05,0.898900116946385,FALSE
4554,"TLR5","exp",4.73605239136792e-05,0.898947477470299,FALSE
4555,"FGFR4","exp",4.7343632636738e-05,0.898994821102935,FALSE
4556,"CCNO","meth",4.73433522835938e-05,0.899042164455219,FALSE
4557,"SILV","exp",4.7337459026874e-05,0.899089501914246,FALSE
4558,"LOC729082","exp",4.73284702041864e-05,0.89913683038445,FALSE
4559,"SLIT2.1","meth",4.73256725134344e-05,0.899184156056964,FALSE
4560,"CTAGE5","exp",4.73194521780463e-05,0.899231475509142,FALSE
4561,"VKORC1","exp",4.73188622683053e-05,0.89927879437141,FALSE
4562,"NRL","exp",4.73119176872945e-05,0.899326106289097,FALSE
4563,"GTDC1","exp",4.72966618036948e-05,0.899373402950901,FALSE
4564,"TMX2;MED19","meth",4.72889754549899e-05,0.899420691926356,FALSE
4565,"SWAP70.1","meth",4.72774459319326e-05,0.899467969372288,FALSE
4566,"FUCA1","exp",4.72681154288505e-05,0.899515237487717,FALSE
4567,"IRS1","exp",4.72676656956815e-05,0.899562505153412,FALSE
4568,"NANOS1.1","meth",4.7264549687297e-05,0.8996097697031,FALSE
4569,"POLR3D;MIR320A","meth",4.7235591543772e-05,0.899657005294643,FALSE
4570,"PDK2","exp",4.72016454505555e-05,0.899704206940094,FALSE
4571,"CYP2J2","exp",4.71949637006175e-05,0.899751401903795,FALSE
4572,"TMEM87B","exp",4.71858814268819e-05,0.899798587785221,FALSE
4573,"NKAIN1","exp",4.71850695709016e-05,0.899845772854792,FALSE
4574,"HESX1","exp",4.71827829405688e-05,0.899892955637733,FALSE
4575,"C18orf1","exp",4.71823828532692e-05,0.899940138020586,FALSE
4576,"BLCAP","meth",4.71713235057976e-05,0.899987309344092,FALSE
4577,"PAK7","meth",4.71631961849595e-05,0.900034472540277,FALSE
4578,"METT5D1;KIF18A","meth",4.71318959245419e-05,0.900081604436202,FALSE
4579,"FAM70A.1","meth",4.71064129918675e-05,0.900128710849193,FALSE
4580,"TPK1","exp",4.71006540710294e-05,0.900175811503264,FALSE
4581,"CDH13.1","meth",4.70680717790459e-05,0.900222879575043,FALSE
4582,"ECE2","exp",4.70650901065429e-05,0.90026994466515,FALSE
4583,"EBF3","exp",4.70365583334248e-05,0.900316981223483,FALSE
4584,"PARP11","exp",4.70330013529071e-05,0.900364014224836,FALSE
4585,"ERGIC1.1","meth",4.69925195270153e-05,0.900411006744363,FALSE
4586,"DNAJA4","exp",4.69810571718987e-05,0.900457987801535,FALSE
4587,"TMEM184A.1","meth",4.69746294919977e-05,0.900504962431027,FALSE
4588,"CD207","exp",4.69708797686934e-05,0.900551933310796,FALSE
4589,"DUSP14.1","meth",4.69408703008774e-05,0.900598874181097,FALSE
4590,"WDTC1","meth",4.686049947918e-05,0.900645734680576,FALSE
4591,"DIO3","meth",4.68452523566161e-05,0.900692579932933,FALSE
4592,"UFD1L;CDC45L","meth",4.68382844128433e-05,0.900739418217345,FALSE
4593,"JAKMIP1","exp",4.68366840636449e-05,0.900786254901409,FALSE
4594,"C1orf104","exp",4.68365088429297e-05,0.900833091410252,FALSE
4595,"PLEKHM1","exp",4.68240097652485e-05,0.900879915420017,FALSE
4596,"POLR2E","meth",4.68041397361497e-05,0.900926719559754,FALSE
4597,"TMSL3","exp",4.67980946214767e-05,0.900973517654375,FALSE
4598,"HIP1R","exp",4.67571221775824e-05,0.901020274776553,FALSE
4599,"GSTO2.1","meth",4.67328482678427e-05,0.90106700762482,FALSE
4600,"LDOC1.1","meth",4.67066615319624e-05,0.901113714286352,FALSE
4601,"LMO3.1","meth",4.67027336675976e-05,0.90116041702002,FALSE
4602,"SUCLA2","exp",4.6701466237758e-05,0.901207118486258,FALSE
4603,"MGST3","exp",4.66882750382519e-05,0.901253806761296,FALSE
4604,"CLDN23","exp",4.6686715573887e-05,0.90130049347687,FALSE
4605,"BMP10","meth",4.66758694116188e-05,0.901347169346282,FALSE
4606,"CHN2.1","meth",4.66754459615571e-05,0.901393844792243,FALSE
4607,"CDK2;SILV","meth",4.66639164384998e-05,0.901440508708682,FALSE
4608,"MED7.1","meth",4.66604529090302e-05,0.901487169161591,FALSE
4609,"NR2F2.1","meth",4.66587445070574e-05,0.901533827906098,FALSE
4610,"MYC.1","meth",4.66331593622992e-05,0.90158046106546,FALSE
4611,"STYXL1","exp",4.66322598959613e-05,0.901627093325356,FALSE
4612,"ZNF691.1","meth",4.66318247645187e-05,0.90167372515012,FALSE
4613,"HCFC1R1;THOC6","meth",4.66041807763574e-05,0.901720329330897,FALSE
4614,"KIF5A.1","meth",4.65960680572456e-05,0.901766925398954,FALSE
4615,"RPS15AP10","exp",4.65785576671109e-05,0.901813503956621,FALSE
4616,"C6orf125","exp",4.65735375936216e-05,0.901860077494215,FALSE
4617,"IDI1","exp",4.65729593652616e-05,0.90190665045358,FALSE
4618,"ITK.1","meth",4.65682342466429e-05,0.901953218687827,FALSE
4619,"TP53I13","exp",4.65410516730315e-05,0.9019997597395,FALSE
4620,"GDF3","meth",4.65402222949797e-05,0.902046299961795,FALSE
4621,"AOAH","exp",4.65309268360406e-05,0.902092830888631,FALSE
4622,"KCNRG","exp",4.65172099743891e-05,0.902139348098605,FALSE
4623,"CKS2.1","meth",4.64977312715541e-05,0.902185845829877,FALSE
4624,"WT1","meth",4.6470379317918e-05,0.902232316209195,FALSE
4625,"TNFSF15.1","meth",4.64689366673632e-05,0.902278785145862,FALSE
4626,"ZNF671.1","meth",4.64688490570056e-05,0.902325253994919,FALSE
4627,"CAMTA2;SPAG7","meth",4.64522848587328e-05,0.902371706279778,FALSE
4628,"LOC285456","exp",4.64303238624331e-05,0.90241813660364,FALSE
4629,"C20orf103.1","meth",4.63791477322261e-05,0.902464515751372,FALSE
4630,"PRELID2","exp",4.63583899181705e-05,0.902510874141291,FALSE
4631,"C1orf9.1","meth",4.63543978062101e-05,0.902557228539097,FALSE
4632,"PPP2R1B","exp",4.63425558062108e-05,0.902603571094903,FALSE
4633,"ATP1B3","exp",4.63317738915381e-05,0.902649902868795,FALSE
4634,"AKR1E2","exp",4.63240933835237e-05,0.902696226962178,FALSE
4635,"MYH9","meth",4.63165793351887e-05,0.902742543541513,FALSE
4636,"ZBTB3.1","meth",4.62816812094199e-05,0.902788825222723,FALSE
4637,"LNX2","exp",4.62804050185445e-05,0.902835105627741,FALSE
4638,"EBF4","exp",4.62533042146001e-05,0.902881358931956,FALSE
4639,"CNNM2","exp",4.62434801731703e-05,0.902927602412129,FALSE
4640,"TIMM8A","exp",4.62396311581274e-05,0.902973842043287,FALSE
4641,"SLC25A10.1","meth",4.62118469933939e-05,0.90302005389028,FALSE
4642,"RAD9B","exp",4.61985857056018e-05,0.903066252475986,FALSE
4643,"PRDM5.1","meth",4.61798078856274e-05,0.903112432283872,FALSE
4644,"ABHD4","exp",4.61792793031367e-05,0.903158611563175,FALSE
4645,"UBE2F","meth",4.61608577652831e-05,0.90320477242094,FALSE
4646,"NUDT3","meth",4.61536503531997e-05,0.903250926071294,FALSE
4647,"HSPA1B.1","meth",4.61248966338423e-05,0.903297050967927,FALSE
4648,"MRTO4","exp",4.61242132730532e-05,0.9033431751812,FALSE
4649,"IRF8","exp",4.61018726318707e-05,0.903389277053832,FALSE
4650,"BRD9;TRIP13","meth",4.6080489863931e-05,0.903435357543696,FALSE
4651,"CD70.1","meth",4.60770905820569e-05,0.903481434634278,FALSE
4652,"AP4S1","exp",4.60678272469156e-05,0.903527502461525,FALSE
4653,"KRAS.1","meth",4.60551354264477e-05,0.903573557596952,FALSE
4654,"SEC23A","exp",4.6048815799321e-05,0.903619606412751,FALSE
4655,"EPM2A","exp",4.60347222131319e-05,0.903665641134964,FALSE
4656,"PLAC4","exp",4.60204942910611e-05,0.903711661629255,FALSE
4657,"MTUS2","exp",4.60022596553037e-05,0.90375766388891,FALSE
4658,"NSUN7","exp",4.59882419980912e-05,0.903803652130908,FALSE
4659,"KIFC2.1","meth",4.59442090323721e-05,0.903849596339941,FALSE
4660,"PDE6A","exp",4.59252267882301e-05,0.903895521566729,FALSE
4661,"NAGA","meth",4.59164015048767e-05,0.903941437968234,FALSE
4662,"COL5A3","exp",4.59068227724481e-05,0.903987344791006,FALSE
4663,"PDZRN4","exp",4.58986282836692e-05,0.90403324341929,FALSE
4664,"C14orf174","exp",4.58927204252232e-05,0.904079136139715,FALSE
4665,"CSPG4","exp",4.58803878072213e-05,0.904125016527522,FALSE
4666,"HIST1H4I","exp",4.58511872750404e-05,0.904170867714797,FALSE
4667,"GRHPR","exp",4.58509186032771e-05,0.904216718633401,FALSE
4668,"C1orf156","exp",4.58222378925511e-05,0.904262540871293,FALSE
4669,"WNT9B.1","meth",4.58076770511216e-05,0.904308348548344,FALSE
4670,"HPDL","exp",4.58075076710969e-05,0.904354156056016,FALSE
4671,"STAB2","exp",4.57961066432307e-05,0.904399952162659,FALSE
4672,"ACTR2","meth",4.57863351680154e-05,0.904445738497827,FALSE
4673,"ZNF791","exp",4.57816275714682e-05,0.904491520125398,FALSE
4674,"SPATA7","exp",4.5778885367276e-05,0.904537299010766,FALSE
4675,"FN3K","exp",4.57788503231329e-05,0.904583077861089,FALSE
4676,"CCDC148;PKP4","meth",4.57440485687574e-05,0.904628821909657,FALSE
4677,"ZNF438","exp",4.57410522945282e-05,0.904674562961952,FALSE
4678,"ZNRF3","exp",4.57357080627159e-05,0.904720298670015,FALSE
4679,"FBXW10","exp",4.57348261184497e-05,0.904766033496133,FALSE
4680,"LYPD6B","exp",4.57122284868849e-05,0.90481174572462,FALSE
4681,"LYPD5.1","meth",4.5709316902668e-05,0.904857455041523,FALSE
4682,"MCAT.1","meth",4.57028512582787e-05,0.904903157892781,FALSE
4683,"PKD2L1","exp",4.56911523551967e-05,0.904948849045136,FALSE
4684,"AKAP10","exp",4.5670312771474e-05,0.904994519357908,FALSE
4685,"BCCIP;UROS","meth",4.56451715191942e-05,0.905040164529427,FALSE
4686,"LOC390595","exp",4.56244750323888e-05,0.905085789004459,FALSE
4687,"C20orf103","exp",4.56164586846704e-05,0.905131405463144,FALSE
4688,"RNF222","exp",4.55940450348565e-05,0.905176999508179,FALSE
4689,"C19orf36;MOBKL2A","meth",4.55720577554495e-05,0.905222571565934,FALSE
4690,"ARHGAP15","exp",4.55608640720962e-05,0.905268132430006,FALSE
4691,"LRFN4;PC","meth",4.55602478792479e-05,0.905313692677886,FALSE
4692,"FHIT","exp",4.55508677302965e-05,0.905359243545616,FALSE
4693,"MAP3K15","exp",4.55496557870167e-05,0.905404793201403,FALSE
4694,"RPP25","exp",4.55203793258591e-05,0.905450313580729,FALSE
4695,"ZNF236","exp",4.54922710028026e-05,0.905495805851732,FALSE
4696,"LOC100129387","exp",4.54865588074885e-05,0.905541292410539,FALSE
4697,"ITGB1","meth",4.54864273919521e-05,0.905586778837931,FALSE
4698,"Thyroid hormone synthesis ","path_mut",4.54593849949129e-05,0.905632238222926,FALSE
4699,"UGGT2.1","meth",4.54448358348643e-05,0.905677683058761,FALSE
4700,"SYT5","exp",4.54303450817208e-05,0.905723113403843,FALSE
4701,"HTATIP2","exp",4.54275736740761e-05,0.905768540977517,FALSE
4702,"VKORC1.1","meth",4.54157141520052e-05,0.905813956691669,FALSE
4703,"RIOK2","meth",4.53996639344968e-05,0.905859356355603,FALSE
4704,"MMEL1","exp",4.5396095272598e-05,0.905904752450876,FALSE
4705,"FGFBP1","meth",4.53888761791336e-05,0.905950141327055,FALSE
4706,"SH3PXD2A","exp",4.53866070708723e-05,0.905995527934126,FALSE
4707,"MME","exp",4.53600990970142e-05,0.906040888033223,FALSE
4708,"NCRNA00107","exp",4.53594098955346e-05,0.906086247443118,FALSE
4709,"ALOX12","exp",4.53586243226617e-05,0.906131606067441,FALSE
4710,"ARHGEF11","meth",4.53537853105781e-05,0.906176959852752,FALSE
4711,"RTEL1","exp",4.53526551369653e-05,0.906222312507889,FALSE
4712,"MYL4","exp",4.53478219655722e-05,0.906267660329854,FALSE
4713,"TSPAN31.1","meth",4.53417009219227e-05,0.906313002030776,FALSE
4714,"KIAA0247","exp",4.53345635981253e-05,0.906358336594374,FALSE
4715,"SIGLEC5","exp",4.53316958190872e-05,0.906403668290193,FALSE
4716,"KBTBD11","exp",4.53006875931949e-05,0.906448968977786,FALSE
4717,"C10orf81.1","meth",4.52329823088581e-05,0.906494201960095,FALSE
4718,"FBXO41","exp",4.52221536686614e-05,0.906539424113764,FALSE
4719,"PCGF1","exp",4.51893815542365e-05,0.906584613495318,FALSE
4720,"METTL10","exp",4.51767130965306e-05,0.906629790208415,FALSE
4721,"ABTB1","exp",4.51698327631154e-05,0.906674960041178,FALSE
4722,"RHBDD1.1","meth",4.51676249821044e-05,0.90672012766616,FALSE
4723,"CATSPERG.1","meth",4.51531167068894e-05,0.906765280782867,FALSE
4724,"MLH1","exp",4.51507483068895e-05,0.906810431531174,FALSE
4725,"HIST1H1C.1","meth",4.51301978373468e-05,0.906855561729011,FALSE
4726,"TUBA1B","meth",4.51085756010964e-05,0.906900670304612,FALSE
4727,"ISM2","exp",4.51034533155233e-05,0.906945773757928,FALSE
4728,"PCGF2.1","meth",4.50985997017135e-05,0.90699087235763,FALSE
4729,"AVIL","exp",4.50863167295809e-05,0.907035958674359,FALSE
4730,"TES.1","meth",4.50851077066463e-05,0.907081043782066,FALSE
4731,"C10orf47.1","meth",4.50659093569556e-05,0.907126109691423,FALSE
4732,"C20orf27.1","meth",4.5051336834145e-05,0.907171161028257,FALSE
4733,"NSMCE2","exp",4.50101482847021e-05,0.907216171176542,FALSE
4734,"GLIPR1L2","exp",4.50032153850723e-05,0.907261174391927,FALSE
4735,"ATP6V0A1.1","meth",4.49984114171318e-05,0.907306172803344,FALSE
4736,"GABRQ","meth",4.49958619557262e-05,0.9073511686653,FALSE
4737,"CCDC117.1","meth",4.49853224297095e-05,0.907396153987729,FALSE
4738,"C1QTNF9B","exp",4.49797474906223e-05,0.90744113373522,FALSE
4739,"DOC2B","exp",4.49572725135581e-05,0.907486091007733,FALSE
4740,"PER3","exp",4.4927666053387e-05,0.907531018673787,FALSE
4741,"SPAG17","exp",4.49180026309461e-05,0.907575936676418,FALSE
4742,"COL4A3BP","exp",4.49062131971612e-05,0.907620842889615,FALSE
4743,"GRRP1.1","meth",4.48935564208364e-05,0.907665736446036,FALSE
4744,"POU5F1","exp",4.48849881278652e-05,0.907710621434164,FALSE
4745,"LOC100133545","exp",4.4853576894328e-05,0.907755475011058,FALSE
4746,"NEK4","exp",4.48189357589414e-05,0.907800293946817,FALSE
4747,"FAM101A","exp",4.48085334891515e-05,0.907845102480306,FALSE
4748,"KIF5A","exp",4.48081626053045e-05,0.907889910642911,FALSE
4749,"COMMD1","exp",4.48045150940839e-05,0.907934715158005,FALSE
4750,"C22orf27","exp",4.47917677870562e-05,0.907979506925792,FALSE
4751,"PLA2G2F","meth",4.47826592302133e-05,0.908024289585023,FALSE
4752,"RADIL","exp",4.47767163276242e-05,0.90806906630135,FALSE
4753,"CA5BP","exp",4.47718364307071e-05,0.908113838137781,FALSE
4754,"AEBP2","exp",4.47640099054301e-05,0.908158602147686,FALSE
4755,"PAFAH1B2","exp",4.47453868637541e-05,0.90820334753455,FALSE
4756,"LRG1","exp",4.4743871204568e-05,0.908248091405755,FALSE
4757,"ACRC","exp",4.47429600568492e-05,0.908292834365812,FALSE
4758,"BCL6.1","meth",4.47371164459987e-05,0.908337571482258,FALSE
4759,"CDC42EP1.1","meth",4.47310216854565e-05,0.908382302503943,FALSE
4760,"CMAS","exp",4.47297308928548e-05,0.908427032234836,FALSE
4761,"COG6","exp",4.47288022230645e-05,0.908471761037059,FALSE
4762,"RNF216L","exp",4.47188496864435e-05,0.908516479886745,FALSE
4763,"MYADM","exp",4.47048261885404e-05,0.908561184712934,FALSE
4764,"POR","exp",4.47009187665924e-05,0.908605885631701,FALSE
4765,"XIRP1","exp",4.47003668213397e-05,0.908650585998522,FALSE
4766,"HLX","exp",4.46971807246691e-05,0.908695283179247,FALSE
4767,"C14orf33","exp",4.46938807345336e-05,0.908739977059981,FALSE
4768,"KLHL31","exp",4.46768259182583e-05,0.9087846538859,FALSE
4769,"S100A12","exp",4.46690957643746e-05,0.908829322981664,FALSE
4770,"PDXP.1","meth",4.46560593431669e-05,0.908873979041007,FALSE
4771,"MORF4.1","meth",4.46505661737467e-05,0.908918629607181,FALSE
4772,"FANCE.1","meth",4.46418226600604e-05,0.908963271429841,FALSE
4773,"C9orf100","exp",4.461025956857e-05,0.909007881689409,FALSE
4774,"MOSPD3","exp",4.46097981540201e-05,0.909052491487563,FALSE
4775,"ALDOB.1","meth",4.46047401160426e-05,0.909097096227679,FALSE
4776,"NMUR1","exp",4.45952022684475e-05,0.909141691429948,FALSE
4777,"MARCH5;CPEB3","meth",4.45807290373755e-05,0.909186272158985,FALSE
4778,"GRM1","exp",4.45749350723943e-05,0.909230847094058,FALSE
4779,"BLOC1S1.1","meth",4.45603975937268e-05,0.909275407491651,FALSE
4780,"APCDD1L","exp",4.45462309989063e-05,0.90931995372265,FALSE
4781,"NRTN","exp",4.4531129893605e-05,0.909364484852544,FALSE
4782,"EBF1.1","meth",4.45287702546409e-05,0.909409013622798,FALSE
4783,"LACTB","exp",4.45244627453933e-05,0.909453538085544,FALSE
4784,"RPAP2;GLMN","meth",4.4495744070179e-05,0.909498033829614,FALSE
4785,"SMARCD2","exp",4.4487675156246e-05,0.90954252150477,FALSE
4786,"LHX5","meth",4.44805261510676e-05,0.909587002030921,FALSE
4787,"BOK","exp",4.44803158862094e-05,0.909631482346807,FALSE
4788,"FLAD1","exp",4.44799011971835e-05,0.909675962248005,FALSE
4789,"PDP2","exp",4.44756491744957e-05,0.909720437897179,FALSE
4790,"MVK","exp",4.44709006931149e-05,0.909764908797872,FALSE
4791,"BMP8B","exp",4.44650892060622e-05,0.909809373887078,FALSE
4792,"C4orf48","exp",4.4419689518765e-05,0.909853793576597,FALSE
4793,"RAPGEFL1","exp",4.44111037037222e-05,0.909898204680301,FALSE
4794,"CUL7","exp",4.44109051202451e-05,0.909942615585421,FALSE
4795,"CXorf38","exp",4.43900071296173e-05,0.90998700559255,FALSE
4796,"ARAP3","exp",4.43892653619231e-05,0.910031394857912,FALSE
4797,"RSPRY1","exp",4.43761559320841e-05,0.910075771013845,FALSE
4798,"CD81","meth",4.43650381777074e-05,0.910120136052022,FALSE
4799,"PTPN23","meth",4.43610927912711e-05,0.910164497144814,FALSE
4800,"NEIL3.1","meth",4.43546329875723e-05,0.910208851777801,FALSE
4801,"ARSB","exp",4.43521828179054e-05,0.910253203960619,FALSE
4802,"MAGEE1","exp",4.43467509757355e-05,0.910297550711595,FALSE
4803,"NMI.1","meth",4.43389127690774e-05,0.910341889624364,FALSE
4804,"LUC7L3","meth",4.43210665392387e-05,0.910386210690903,FALSE
4805,"C20orf111","meth",4.42938167976865e-05,0.910430504507701,FALSE
4806,"MRPL24.1","meth",4.42853653185254e-05,0.91047478987302,FALSE
4807,"ZFPM2","exp",4.42823164780816e-05,0.910519072189498,FALSE
4808,"PTPRM","exp",4.42790865762322e-05,0.910563351276074,FALSE
4809,"ARMCX4","meth",4.42773285283901e-05,0.910607628604602,FALSE
4810,"C9orf156","meth",4.42769664055788e-05,0.910651905571008,FALSE
4811,"CCDC23","exp",4.42742942896727e-05,0.910696179865297,FALSE
4812,"DR1","meth",4.42692917382549e-05,0.910740449157036,FALSE
4813,"TXNRD2;COMT","meth",4.4241560139736e-05,0.910784690717175,FALSE
4814,"RFNG","exp",4.42326764494776e-05,0.910828923393625,FALSE
4815,"CXCL12.1","meth",4.42202182566299e-05,0.910873143611882,FALSE
4816,"TFB1M","exp",4.42062502452866e-05,0.910917349862127,FALSE
4817,"KDM1A","meth",4.41930240016375e-05,0.910961542886129,FALSE
4818,"C19orf57","exp",4.41860385357932e-05,0.911005728924664,FALSE
4819,"MAPRE3","exp",4.41224713806794e-05,0.911049851396045,FALSE
4820,"EGLN3.1","meth",4.41129247720486e-05,0.911093964320817,FALSE
4821,"CIB3","meth",4.41091049604581e-05,0.911138073425777,FALSE
4822,"TACR1","exp",4.4107820008547e-05,0.911182181245786,FALSE
4823,"SEMA3C","exp",4.41020844504708e-05,0.911226283330236,FALSE
4824,"FBXO5.1","meth",4.40756086004105e-05,0.911270358938837,FALSE
4825,"EGFR.1","meth",4.40698409185366e-05,0.911314428779755,FALSE
4826,"GAD2","meth",4.40695634857376e-05,0.911358498343241,FALSE
4827,"TSC22D2.1","meth",4.40578821047271e-05,0.911402556225346,FALSE
4828,"DHRS7.1","meth",4.40445711710657e-05,0.911446600796517,FALSE
4829,"MIXL1","meth",4.39715946635479e-05,0.91149057239118,FALSE
4830,"RHPN1","exp",4.39445960716874e-05,0.911534516987252,FALSE
4831,"PPAN-P2RY11;SNORD105;PPAN","meth",4.39355459217496e-05,0.911578452533174,FALSE
4832,"TGFA","exp",4.39242383449314e-05,0.911622376771519,FALSE
4833,"FOXE1","meth",4.39066199020223e-05,0.911666283391421,FALSE
4834,"ADAMTS18.1","meth",4.39037287602222e-05,0.911710187120181,FALSE
4835,"BTN2A2.1","meth",4.38958730314927e-05,0.911754082993212,FALSE
4836,"CCBE1","exp",4.38625285293982e-05,0.911797945521742,FALSE
4837,"BANK1","exp",4.38486598097935e-05,0.911841794181552,FALSE
4838,"C20orf7","exp",4.38158030053563e-05,0.911885609984557,FALSE
4839,"MMGT1","exp",4.38153649535684e-05,0.911929425349511,FALSE
4840,"NAIP","exp",4.38050561348267e-05,0.911973230405645,FALSE
4841,"OXNAD1","exp",4.37678567769988e-05,0.912016998262422,FALSE
4842,"HS3ST1","exp",4.37540084998108e-05,0.912060752270922,FALSE
4843,"FKRP","exp",4.37487080731773e-05,0.912104500978995,FALSE
4844,"SPEF1.1","meth",4.36989278680011e-05,0.912148199906863,FALSE
4845,"C20orf165","exp",4.36758571405054e-05,0.912191875764004,FALSE
4846,"TTC23L","exp",4.36716839671394e-05,0.912235547447971,FALSE
4847,"CDH1","exp",4.36595586936505e-05,0.912279207006665,FALSE
4848,"ARFGAP3","exp",4.36170238650461e-05,0.91232282403053,FALSE
4849,"TTC8.1","meth",4.35910181905715e-05,0.91236641504872,FALSE
4850,"RRP7A","exp",4.35791323853933e-05,0.912409994181106,FALSE
4851,"C16orf61","exp",4.35723133792284e-05,0.912453566494485,FALSE
4852,"DGKD.1","meth",4.35699683419906e-05,0.912497136462827,FALSE
4853,"CTSH","exp",4.35217388401435e-05,0.912540658201667,FALSE
4854,"RNASEH2C","exp",4.35143678887259e-05,0.912584172569556,FALSE
4855,"XPNPEP3;ST13","meth",4.34951841407615e-05,0.912627667753697,FALSE
4856,"EPRS","meth",4.34751856164715e-05,0.912671142939313,FALSE
4857,"C14orf43","exp",4.34535867429831e-05,0.912714596526056,FALSE
4858,"SLC16A10.1","meth",4.34516184302828e-05,0.912758048144486,FALSE
4859,"PLSCR3","exp",4.34085228953899e-05,0.912801456667382,FALSE
4860,"FSTL1","exp",4.34028720273261e-05,0.912844859539409,FALSE
4861,"FCN3","exp",4.33770620159834e-05,0.912888236601425,FALSE
4862,"SMO.1","meth",4.33472131671564e-05,0.912931583814592,FALSE
4863,"PPP3CA","exp",4.33436970714722e-05,0.912974927511664,FALSE
4864,"MICAL1","exp",4.33424208805968e-05,0.913018269932544,FALSE
4865,"VAT1.1","meth",4.33360895720891e-05,0.913061606022116,FALSE
4866,"TXK","exp",4.33298896791178e-05,0.913104935911795,FALSE
4867,"POM121L8P","exp",4.3315685119809e-05,0.913148251596915,FALSE
4868,"IGFALS","exp",4.32967525215363e-05,0.913191548349437,FALSE
4869,"CIDEA","meth",4.32946586339902e-05,0.913234843008071,FALSE
4870,"RASA4P","exp",4.32571730823275e-05,0.913278100181153,FALSE
4871,"FH","meth",4.32563962704903e-05,0.913321356577423,FALSE
4872,"IGSF11","exp",4.32548922926852e-05,0.913364611469716,FALSE
4873,"SNAPC3","exp",4.32529502630922e-05,0.913407864419979,FALSE
4874,"C5orf30","exp",4.32426852495293e-05,0.913451107105229,FALSE
4875,"PWWP2B.1","meth",4.32181134645737e-05,0.913494325218693,FALSE
4876,"IL6.1","meth",4.32131897624778e-05,0.913537538408456,FALSE
4877,"ZNF395.1","meth",4.32113119804804e-05,0.913580749720436,FALSE
4878,"RAD54L2","exp",4.32068584539701e-05,0.91362395657889,FALSE
4879,"RASL10B","exp",4.31971045008263e-05,0.913667153683391,FALSE
4880,"UAP1L1","exp",4.31929926547107e-05,0.913710346676046,FALSE
4881,"HIGD1B","exp",4.31834664884966e-05,0.913753530142534,FALSE
4882,"CNN3","exp",4.31639498211733e-05,0.913796694092356,FALSE
4883,"NLGN1","exp",4.31558925886213e-05,0.913839849984944,FALSE
4884,"CYP4B1","meth",4.31546426808532e-05,0.913883004627625,FALSE
4885,"ST3GAL1.1","meth",4.31398598931845e-05,0.913926144487518,FALSE
4886,"CACHD1","exp",4.31213186211756e-05,0.91396926580614,FALSE
4887,"CNIH3","exp",4.31182902231486e-05,0.914012384096363,FALSE
4888,"EIF3D","meth",4.31004819577981e-05,0.91405548457832,FALSE
4889,"ZMYND11","exp",4.3099763552866e-05,0.914098584341873,FALSE
4890,"JAG2.1","meth",4.30874163331379e-05,0.914141671758206,FALSE
4891,"ZNF431","exp",4.30871535020651e-05,0.914184758911709,FALSE
4892,"PPP1R2P1","exp",4.3085856868773e-05,0.914227844768577,FALSE
4893,"WDR25","exp",4.30765730912149e-05,0.914270921341669,FALSE
4894,"HOOK3","exp",4.30717632825838e-05,0.914313993104951,FALSE
4895,"C20orf71","meth",4.30644653397975e-05,0.914357057570291,FALSE
4896,"FLJ35776","exp",4.30636213600195e-05,0.914400121191651,FALSE
4897,"PM20D1.1","meth",4.30565073989841e-05,0.91444317769905,FALSE
4898,"STK32B.1","meth",4.30449136283312e-05,0.914486222612678,FALSE
4899,"KCNH2","exp",4.30400716959024e-05,0.914529262684374,FALSE
4900,"KIRREL2","exp",4.30342134833256e-05,0.914572296897857,FALSE
4901,"ATP6V1C2.1","meth",4.30071009980003e-05,0.914615303998855,FALSE
4902,"SLC12A1","exp",4.29537462902349e-05,0.914658257745146,FALSE
4903,"NFATC4.1","meth",4.29531797432559e-05,0.914701210924889,FALSE
4904,"CLCN5","exp",4.29529870004692e-05,0.914744163911889,FALSE
4905,"KIAA0895","exp",4.29457095000997e-05,0.914787109621389,FALSE
4906,"C19orf22","meth",4.29384173980038e-05,0.914830048038787,FALSE
4907,"ZBTB34","exp",4.29348867005934e-05,0.914872982925488,FALSE
4908,"RREB1.1","meth",4.29345537812346e-05,0.914915917479269,FALSE
4909,"F3.1","meth",4.29338967035528e-05,0.914958851375973,FALSE
4910,"ARC","exp",4.29208865654524e-05,0.915001772262538,FALSE
4911,"C16orf59","exp",4.29200863908531e-05,0.915044692348929,FALSE
4912,"GGCT.1","meth",4.2915171449793e-05,0.915087607520379,FALSE
4913,"ARID3C","exp",4.29081246566984e-05,0.915130515645036,FALSE
4914,"PRDM15","exp",4.29020328165014e-05,0.915173417677852,FALSE
4915,"DHRS4L1","exp",4.28988321181046e-05,0.91521631650997,FALSE
4916,"CEP350","exp",4.28896330305588e-05,0.915259206143001,FALSE
4917,"LYZ.1","meth",4.28132660022027e-05,0.915302019409003,FALSE
4918,"CD47","exp",4.28064995622524e-05,0.915344825908565,FALSE
4919,"UGDH","exp",4.28010560387015e-05,0.915387626964604,FALSE
4920,"GRIN2C.1","meth",4.2789050499368e-05,0.915430416015103,FALSE
4921,"RGS19;OPRL1","meth",4.27860133403053e-05,0.915473202028444,FALSE
4922,"ALAS2","exp",4.2770138343512e-05,0.915515972166787,FALSE
4923,"DLEU2L","exp",4.27673581748315e-05,0.915558739524962,FALSE
4924,"FRMPD1.1","meth",4.27277320100987e-05,0.915601467256972,FALSE
4925,"RAB3A","exp",4.27183839849451e-05,0.915644185640957,FALSE
4926,"SNRPE","exp",4.26953891864259e-05,0.915686881030143,FALSE
4927,"CDA","exp",4.26742342054159e-05,0.915729555264349,FALSE
4928,"SMPD1.1","meth",4.2657599918857e-05,0.915772212864268,FALSE
4929,"FAM134B.1","meth",4.26556432875377e-05,0.915814868507555,FALSE
4930,"C20orf27","exp",4.26541276283516e-05,0.915857522635184,FALSE
4931,"HRH3","meth",4.26460645551091e-05,0.915900168699739,FALSE
4932,"TBC1D3H","exp",4.26430361570822e-05,0.915942811735896,FALSE
4933,"HSPA13","exp",4.26378525442588e-05,0.91598544958844,FALSE
4934,"ENTPD1.1","meth",4.2625300900363e-05,0.91602807488934,FALSE
4935,"CCDC36","exp",4.26157805748394e-05,0.916070690669915,FALSE
4936,"NKD2","exp",4.26043941486995e-05,0.916113295064064,FALSE
4937,"WNT2B","exp",4.26043912283542e-05,0.916155899455292,FALSE
4938,"UHRF1.1","meth",4.25828945669497e-05,0.916198482349859,FALSE
4939,"AK3L1.1","meth",4.25607846330421e-05,0.916241043134492,FALSE
4940,"BCL11A.1","meth",4.25580979154097e-05,0.916283601232408,FALSE
4941,"MTMR8.1","meth",4.25542664224382e-05,0.91632615549883,FALSE
4942,"OXTR","exp",4.25522572249044e-05,0.916368707756055,FALSE
4943,"ANKRD58","exp",4.2536519484338e-05,0.91641124427554,FALSE
4944,"EIF4E","exp",4.25149790177547e-05,0.916453759254557,FALSE
4945,"MTRR","exp",4.25102042532667e-05,0.91649626945881,FALSE
4946,"CA3.1","meth",4.24730282582008e-05,0.916538742487069,FALSE
4947,"NCDN;KIAA0319L","meth",4.24591098927268e-05,0.916581201596961,FALSE
4948,"PPPDE1.1","meth",4.24585491864383e-05,0.916623660146148,FALSE
4949,"C9orf125.1","meth",4.24456062162787e-05,0.916666105752364,FALSE
4950,"SNX13","exp",4.24391960584492e-05,0.916708544948422,FALSE
4951,"ZNF646;ZNF668","meth",4.24373620816305e-05,0.916750982310504,FALSE
4952,"EPX","exp",4.24204386808916e-05,0.916793402749185,FALSE
4953,"TPI1","meth",4.24155500229387e-05,0.916835818299208,FALSE
4954,"ZNF511","exp",4.24093472096221e-05,0.916878227646418,FALSE
4955,"RLF","exp",4.24076913738639e-05,0.916920635337791,FALSE
4956,"ZDHHC13","exp",4.24068824382289e-05,0.91696304222023,FALSE
4957,"ATP8B4","exp",4.23943833605477e-05,0.91700543660359,FALSE
4958,"WDR63.1","meth",4.23899093916207e-05,0.917047826512982,FALSE
4959,"SGCG.1","meth",4.23796297763314e-05,0.917090206142758,FALSE
4960,"UMOD","meth",4.23724661694268e-05,0.917132578608928,FALSE
4961,"ZNF417.1","meth",4.23717390034589e-05,0.917174950347931,FALSE
4962,"ENDOG.1","meth",4.23669613186256e-05,0.91721731730925,FALSE
4963,"CORIN.1","meth",4.23272767469877e-05,0.917259644585997,FALSE
4964,"MED12L","exp",4.23250076387264e-05,0.917301969593636,FALSE
4965,"TMEM117","exp",4.23247652500704e-05,0.917344294358886,FALSE
4966,"HUS1","meth",4.23189157985294e-05,0.917386613274684,FALSE
4967,"HCFC1R1","exp",4.23004533758424e-05,0.91742891372806,FALSE
4968,"MRE11A","exp",4.22890581886666e-05,0.917471202786249,FALSE
4969,"MEGF9","exp",4.22715507188772e-05,0.917513474336968,FALSE
4970,"NUDCD1","exp",4.22692991326874e-05,0.9175557436361,FALSE
4971,"ASB16","exp",4.22344360510616e-05,0.917597978072151,FALSE
4972,"OR2A4","exp",4.22082259524193e-05,0.917640186298104,FALSE
4973,"SLC30A7;EXTL2","meth",4.21849303583391e-05,0.917682371228462,FALSE
4974,"TNKS.1","meth",4.21783040949609e-05,0.917724549532557,FALSE
4975,"CLU","exp",4.21771710010029e-05,0.917766726703558,FALSE
4976,"PTGS1","exp",4.21599438843577e-05,0.917808886647442,FALSE
4977,"C7orf44","meth",4.21513201048267e-05,0.917851037967547,FALSE
4978,"NOMO2","exp",4.21118516387375e-05,0.917893149819186,FALSE
4979,"ZP4;LOC100130331","meth",4.20976003539047e-05,0.91793524741954,FALSE
4980,"WDR46;PFDN6","meth",4.20928693945955e-05,0.917977340288935,FALSE
4981,"ATF7IP2","exp",4.2078910144288e-05,0.918019419199079,FALSE
4982,"C21orf2","exp",4.2078460411119e-05,0.91806149765949,FALSE
4983,"FGFRL1","exp",4.2071212114202e-05,0.918103568871604,FALSE
4984,"PREPL;C2orf34","meth",4.20703009664832e-05,0.918145639172571,FALSE
4985,"IL11","exp",4.2069199996323e-05,0.918187708372567,FALSE
4986,"IRF5.1","meth",4.20467220989136e-05,0.918229755094666,FALSE
4987,"MAPKAPK3.1","meth",4.20181319188904e-05,0.918271773226585,FALSE
4988,"TMTC3;CEP290","meth",4.20127468022446e-05,0.918313785973387,FALSE
4989,"NMNAT2","exp",4.20095665462645e-05,0.918355795539933,FALSE
4990,"TMEM51;C1orf126","meth",4.19740201038495e-05,0.918397769560037,FALSE
4991,"LOC100289341","exp",4.19432133817796e-05,0.918439712773419,FALSE
4992,"LIF","exp",4.19411282552693e-05,0.918481653901674,FALSE
4993,"CRABP2.1","meth",4.19175581487354e-05,0.918523571459823,FALSE
4994,"ZNF25.1","meth",4.19070244634091e-05,0.918565478484286,FALSE
4995,"NFATC1","exp",4.18790650779605e-05,0.918607357549364,FALSE
4996,"DLL1","exp",4.18667879465185e-05,0.918649224337311,FALSE
4997,"PSMD4","meth",4.18599806217347e-05,0.918691084317933,FALSE
4998,"RET.1","meth",4.18084832535499e-05,0.918732892801186,FALSE
4999,"NUDT22;TRPT1","meth",4.18052562720458e-05,0.918774698057458,FALSE
5000,"EFNA2","meth",4.17685475322203e-05,0.91881646660499,FALSE
5001,"KCNH7.1","meth",4.17335851588559e-05,0.918858200190149,FALSE
5002,"DYRK2","exp",4.17251015558971e-05,0.918899925291705,FALSE
5003,"HSD3B7","exp",4.17094163815452e-05,0.918941634708087,FALSE
5004,"SSR1","meth",4.16983365916568e-05,0.918983333044678,FALSE
5005,"CCDC77","exp",4.16866581309916e-05,0.919025019702809,FALSE
5006,"S100A8.1","meth",4.16692324308692e-05,0.91906668893524,FALSE
5007,"MMP10","meth",4.16658623524476e-05,0.919108354797593,FALSE
5008,"AK2","meth",4.16569845028797e-05,0.919150011782096,FALSE
5009,"PPP1R12C.1","meth",4.16545927401178e-05,0.919191666374836,FALSE
5010,"UNC13D","exp",4.16509452288972e-05,0.919233317320065,FALSE
5011,"TFG","meth",4.16315424550388e-05,0.91927494886252,FALSE
5012,"NDRG3","exp",4.16291623736579e-05,0.919316578024893,FALSE
5013,"HK3","exp",4.16224076150886e-05,0.919358200432508,FALSE
5014,"CBLN2","exp",4.16211080614512e-05,0.91939982154057,FALSE
5015,"LBX1;FLJ41350","meth",4.1616955330502e-05,0.9194414384959,FALSE
5016,"KAAG1;DCDC2","meth",4.16096369452989e-05,0.919483048132846,FALSE
5017,"WNT5A.1","meth",4.16015388279134e-05,0.919524649671674,FALSE
5018,"TMC7","exp",4.16013110409837e-05,0.919566250982715,FALSE
5019,"ITGA3","exp",4.15940423016499e-05,0.919607845025016,FALSE
5020,"CLN8","exp",4.15919221309965e-05,0.919649436947147,FALSE
5021,"LRRC41;UQCRH","meth",4.15705685665093e-05,0.919691007515714,FALSE
5022,"ADAMTS14","exp",4.15389324663877e-05,0.91973254644818,FALSE
5023,"ITFG1","exp",4.15249410922824e-05,0.919774071389272,FALSE
5024,"AAAS","meth",4.1522266056031e-05,0.919815593655329,FALSE
5025,"ACSS3","exp",4.15217666769928e-05,0.919857115422006,FALSE
5026,"SNAP25.1","meth",4.15156281112718e-05,0.919898631050117,FALSE
5027,"ANKRD23","exp",4.14876103189181e-05,0.919940118660436,FALSE
5028,"ACOT7","exp",4.14819390084375e-05,0.919981600599444,FALSE
5029,"C2orf50","exp",4.14664027716936e-05,0.920023067002216,FALSE
5030,"ILDR2.1","meth",4.14544760816819e-05,0.920064521478298,FALSE
5031,"SPDYE8P","exp",4.14501948555415e-05,0.920105971673153,FALSE
5032,"PSEN2.1","meth",4.14469503519658e-05,0.920147418623505,FALSE
5033,"MRPL38","meth",4.14464538932729e-05,0.920188865077398,FALSE
5034,"SBDS;TYW1","meth",4.14321179184278e-05,0.920230297195317,FALSE
5035,"LOC440354","exp",4.1413103550488e-05,0.920271710298867,FALSE
5036,"DDIT4","exp",4.13942089167035e-05,0.920313104507784,FALSE
5037,"LOH3CR2A","exp",4.13878805285411e-05,0.920354492388313,FALSE
5038,"NOD1.1","meth",4.13714944713286e-05,0.920395863882784,FALSE
5039,"MAN1C1.1","meth",4.13606716718224e-05,0.920437224554456,FALSE
5040,"C6orf165","exp",4.13558793852628e-05,0.920478580433841,FALSE
5041,"MALL","exp",4.13463240155963e-05,0.920519926757857,FALSE
5042,"NEGR1","exp",4.13292750400115e-05,0.920561256032897,FALSE
5043,"MED25","exp",4.13291991110349e-05,0.920602585232008,FALSE
5044,"SDHAF2;CPSF7","meth",4.1315444284895e-05,0.920643900676293,FALSE
5045,"LIPT2","exp",4.13077988210237e-05,0.920685208475114,FALSE
5046,"GMNN","exp",4.13070804160915e-05,0.92072651555553,FALSE
5047,"C3orf18","exp",4.12781193522213e-05,0.920767793674882,FALSE
5048,"TBCE","exp",4.12696649527149e-05,0.920809063339835,FALSE
5049,"SAMD14.1","meth",4.12518946518527e-05,0.920850315234486,FALSE
5050,"DLX4","exp",4.12341126696095e-05,0.920891549347156,FALSE
5051,"TUBGCP3.1","meth",4.12301088762682e-05,0.920932779456032,FALSE
5052,"CCDC121","exp",4.12174316575265e-05,0.92097399688769,FALSE
5053,"IL28RA.1","meth",4.12154049379212e-05,0.921015212292628,FALSE
5054,"LOC339674","exp",4.12036096634459e-05,0.921056415902291,FALSE
5055,"LYVE1","exp",4.12035950617196e-05,0.921097619497353,FALSE
5056,"ABHD11","exp",4.11939842054932e-05,0.921138813481559,FALSE
5057,"LIMD1","exp",4.11905586405119e-05,0.921180004040199,FALSE
5058,"MOSPD1","exp",4.11882632491434e-05,0.921221192303448,FALSE
5059,"MPP2","exp",4.11830299904507e-05,0.921262375333439,FALSE
5060,"AMBP","exp",4.11629730592557e-05,0.921303538306498,FALSE
5061,"TTLL11","exp",4.1162537927813e-05,0.921344700844426,FALSE
5062,"TPMT","exp",4.11594452821905e-05,0.921385860289708,FALSE
5063,"GNS","meth",4.11374434010572e-05,0.921426997733109,FALSE
5064,"SLC33A1","exp",4.11252363579013e-05,0.921468122969467,FALSE
5065,"TRIM8","meth",4.11195533660397e-05,0.921509242522833,FALSE
5066,"ZSWIM7;TTC19","meth",4.11032607598753e-05,0.921550345783593,FALSE
5067,"NR2C1","exp",4.11004221842897e-05,0.921591446205777,FALSE
5068,"SPRY2.1","meth",4.11001622735623e-05,0.921632546368051,FALSE
5069,"RAB27A.1","meth",4.10801812713438e-05,0.921673626549322,FALSE
5070,"EXOSC8","exp",4.10606616836753e-05,0.921714687211006,FALSE
5071,"SOSTDC1","exp",4.1053606129545e-05,0.921755740817135,FALSE
5072,"PRIC285","exp",4.10314436294228e-05,0.921796772260765,FALSE
5073,"VTN.1","meth",4.10290139021726e-05,0.921837801274667,FALSE
5074,"ING2","exp",4.10283977093243e-05,0.921878829672376,FALSE
5075,"LOC219347","exp",4.10237368383011e-05,0.921919853409214,FALSE
5076,"WNT5A","exp",4.10083436984746e-05,0.921960861752913,FALSE
5077,"TNNI3K","exp",4.10074880373156e-05,0.92200186924095,FALSE
5078,"YPEL2","exp",4.10045384886104e-05,0.922042873779439,FALSE
5079,"RECQL;GOLT1B","meth",4.10038463667855e-05,0.922083877625806,FALSE
5080,"HDAC11","exp",4.09803463485377e-05,0.922124857972154,FALSE
5081,"TMEM39B","exp",4.09744355697464e-05,0.922165832407724,FALSE
5082,"MINPP1.1","meth",4.09674033783781e-05,0.922206799811102,FALSE
5083,"TRIO","exp",4.09364886035338e-05,0.922247736299706,FALSE
5084,"RHOJ","exp",4.09063944457055e-05,0.922288642694152,FALSE
5085,"PIR","exp",4.08709385339935e-05,0.922329513632686,FALSE
5086,"BTNL8","exp",4.08701734035373e-05,0.922370383806089,FALSE
5087,"EFHC1.1","meth",4.08649810296781e-05,0.922411248787119,FALSE
5088,"ZNF337.1","meth",4.08533989404062e-05,0.922452102186059,FALSE
5089,"CHD8","meth",4.08439603845497e-05,0.922492946146444,FALSE
5090,"METTL1;FAM119B","meth",4.08399303081011e-05,0.922533786076752,FALSE
5091,"USP32","exp",4.08359119130335e-05,0.922574621988665,FALSE
5092,"DDX42;CCDC47","meth",4.08346853680274e-05,0.922615456674033,FALSE
5093,"GCA.1","meth",4.08290841458329e-05,0.922656285758179,FALSE
5094,"WDR41","meth",4.08225571741933e-05,0.922697108315353,FALSE
5095,"SKAP1.1","meth",4.0812531628941e-05,0.922737920846982,FALSE
5096,"MPHOSPH9","exp",4.07973078691391e-05,0.922778718154851,FALSE
5097,"KRTAP20-1","meth",4.07783577487949e-05,0.9228194965126,FALSE
5098,"SEPHS2.1","meth",4.07590133818415e-05,0.922860255525982,FALSE
5099,"MRPS18B;PPP1R10","meth",4.07572582543447e-05,0.922901012784236,FALSE
5100,"NETO2","exp",4.07298508141488e-05,0.92294174263505,FALSE
5101,"ADAM20","exp",4.07186016442357e-05,0.922982461236694,FALSE
5102,"FGF13","exp",4.07077759243842e-05,0.923023169012619,FALSE
5103,"AP3B1","meth",4.07046891194522e-05,0.923063873701738,FALSE
5104,"RARB","exp",4.07004984240147e-05,0.923104574200162,FALSE
5105,"SERPINF2","exp",4.06882300536084e-05,0.923145262430216,FALSE
5106,"SEC61A2","exp",4.06679920610078e-05,0.923185930422277,FALSE
5107,"TMEM135","exp",4.06597537670501e-05,0.923226590176044,FALSE
5108,"EXOC6","exp",4.06505546795044e-05,0.923267240730723,FALSE
5109,"PXT1;KCTD20","meth",4.06439400975072e-05,0.923307884670821,FALSE
5110,"PNO1;WDR92","meth",4.06194267194567e-05,0.92334850409754,FALSE
5111,"RNF144A","exp",4.06174817695184e-05,0.92338912157931,FALSE
5112,"RABEP1","exp",4.06092726790133e-05,0.923429730851989,FALSE
5113,"NAPEPLD.1","meth",4.05920922878921e-05,0.923470322944277,FALSE
5114,"ATG2B","exp",4.05893763668072e-05,0.923510912320644,FALSE
5115,"PHACTR1","exp",4.05817834691504e-05,0.923551494104113,FALSE
5116,"NOTCH3","exp",4.05760946365983e-05,0.923592070198749,FALSE
5117,"TIRAP.1","meth",4.05647987411611e-05,0.92363263499749,FALSE
5118,"C5orf56","exp",4.05596472521355e-05,0.923673194644743,FALSE
5119,"MRI1","exp",4.05300991988695e-05,0.923713724743942,FALSE
5120,"C8orf80","exp",4.05298130050347e-05,0.923754254556947,FALSE
5121,"ITIH4","exp",4.05289485828399e-05,0.92379478350553,FALSE
5122,"PLA2G16","exp",4.05208475451092e-05,0.923835304353075,FALSE
5123,"SMAD2","meth",4.04886244555917e-05,0.92387579297753,FALSE
5124,"PHKA2.1","meth",4.04883207396855e-05,0.92391628129827,FALSE
5125,"C10orf25","exp",4.04837036738411e-05,0.923956765001944,FALSE
5126,"STK35","exp",4.0451565274336e-05,0.923997216567218,FALSE
5127,"CACNA1C","exp",4.04442644112044e-05,0.924037660831629,FALSE
5128,"TEX9","exp",4.04286697675554e-05,0.924078089501397,FALSE
5129,"PPM1F.1","meth",4.04224815559651e-05,0.924118511982953,FALSE
5130,"INSM1","exp",4.0422318016631e-05,0.924158934300969,FALSE
5131,"CAPZA2","meth",4.04117142430187e-05,0.924199346015212,FALSE
5132,"PLA2G4C.1","meth",4.04062531973963e-05,0.92423975226841,FALSE
5133,"BRIP1","exp",4.03930473961639e-05,0.924280145315806,FALSE
5134,"TMCO7","exp",4.03921975756954e-05,0.924320537513382,FALSE
5135,"BACE2","exp",4.03856793650916e-05,0.924360923192747,FALSE
5136,"CASC3","meth",4.03850748536243e-05,0.9244013082676,FALSE
5137,"HADH","exp",4.03838745917254e-05,0.924441692142192,FALSE
5138,"NDC80","exp",4.03821019421571e-05,0.924482074244134,FALSE
5139,"NAGLU.1","meth",4.03593933374727e-05,0.924522433637471,FALSE
5140,"ICA1L","exp",4.03534591959194e-05,0.924562787096667,FALSE
5141,"SCLT1","exp",4.03519756605311e-05,0.924603139072328,FALSE
5142,"EGFLAM","exp",4.03334022647244e-05,0.924643472474593,FALSE
5143,"BEX1","exp",4.03293780289663e-05,0.924683801852622,FALSE
5144,"AGAP11","exp",4.03160378918523e-05,0.924724117890514,FALSE
5145,"MAP3K5.1","meth",4.03133920590534e-05,0.924764431282573,FALSE
5146,"B4GALT2.1","meth",4.03026043036902e-05,0.924804733886876,FALSE
5147,"GUSB","exp",4.03001979392021e-05,0.924845034084815,FALSE
5148,"PPP1R16A","exp",4.02952654760704e-05,0.924885329350292,FALSE
5149,"ZNF296.1","meth",4.02922370780434e-05,0.92492562158737,FALSE
5150,"C21orf125","exp",4.02878127549857e-05,0.924965909400125,FALSE
5151,"MAMSTR","exp",4.02820041882782e-05,0.925006191404313,FALSE
5152,"KRT23.1","meth",4.02412069650991e-05,0.925046432611278,FALSE
5153,"HK2","exp",4.02405761705245e-05,0.925086673187448,FALSE
5154,"MAPK7","exp",4.0214906335754e-05,0.925126888093784,FALSE
5155,"CCDC34.1","meth",4.0206606714546e-05,0.925167094700499,FALSE
5156,"SH3GL3","meth",4.01428614183718e-05,0.925207237561917,FALSE
5157,"ALG10","exp",4.01412201843398e-05,0.925247378782102,FALSE
5158,"NFATC2.1","meth",4.0123835369051e-05,0.92528750261747,FALSE
5159,"CABYR","exp",4.01234878479659e-05,0.925327626105318,FALSE
5160,"GBA2;RGP1","meth",4.00934462563522e-05,0.925367719551575,FALSE
5161,"MRO","exp",4.00889868891514e-05,0.925407808538464,FALSE
5162,"DIO1","exp",4.00815925749718e-05,0.925447890131039,FALSE
5163,"MSH3;DHFR","meth",4.00803193044417e-05,0.925487970450343,FALSE
5164,"FAM35B2","exp",4.00616057320629e-05,0.925528032056075,FALSE
5165,"SPHK2","exp",4.00337105942098e-05,0.92556806576667,FALSE
5166,"NPY6R","exp",4.00285006982791e-05,0.925608094267368,FALSE
5167,"LOC100128239","exp",4.00211589503141e-05,0.925648115426318,FALSE
5168,"NOL4","meth",4.00148071993896e-05,0.925688130233518,FALSE
5169,"SLAMF7.1","meth",4.00017094509316e-05,0.925728131942969,FALSE
5170,"PRAF2.1","meth",3.99500485434127e-05,0.925768081991512,FALSE
5171,"PIK3R2","meth",3.99319862080253e-05,0.92580801397772,FALSE
5172,"NCOA4","meth",3.9928064184351e-05,0.925847942041904,FALSE
5173,"SH3TC2.1","meth",3.99248576452636e-05,0.92588786689955,FALSE
5174,"POLE","exp",3.98847583845998e-05,0.925927751657934,FALSE
5175,"C5orf34.1","meth",3.98488936245524e-05,0.925967600551559,FALSE
5176,"E2F3.1","meth",3.98409094006317e-05,0.92600744146096,FALSE
5177,"ZNF573","exp",3.98370895890413e-05,0.926047278550548,FALSE
5178,"TNNC1","exp",3.98214014943442e-05,0.926087099952043,FALSE
5179,"NHLRC4","exp",3.98083533917555e-05,0.926126908305435,FALSE
5180,"WDR66","exp",3.98002348319532e-05,0.926166708540267,FALSE
5181,"NSUN3","exp",3.97975305922493e-05,0.926206506070859,FALSE
5182,"ARMCX1.1","meth",3.97934187461336e-05,0.926246299489605,FALSE
5183,"SLC25A25","exp",3.97731019042111e-05,0.926286072591509,FALSE
5184,"TUBB1","exp",3.97603779599454e-05,0.926325832969469,FALSE
5185,"SPRR2A","meth",3.97184593241893e-05,0.926365551428793,FALSE
5186,"CA3","exp",3.96951170045851e-05,0.926405246545798,FALSE
5187,"ZCCHC24.1","meth",3.96842007540308e-05,0.926444930746552,FALSE
5188,"LOC644936","exp",3.96779891796785e-05,0.926484608735732,FALSE
5189,"THBD","exp",3.96776591806649e-05,0.926524286394912,FALSE
5190,"CPT1A.1","meth",3.96713453942288e-05,0.926563957740307,FALSE
5191,"ARID5B","exp",3.96559580950927e-05,0.926603613698402,FALSE
5192,"FCN1.1","meth",3.96536743851051e-05,0.926643267372787,FALSE
5193,"RELN","exp",3.9645707683256e-05,0.92668291308047,FALSE
5194,"SLITRK6","exp",3.96347038223441e-05,0.926722547784292,FALSE
5195,"SRD5A1","exp",3.96299787037254e-05,0.926762177762996,FALSE
5196,"ZBTB2","exp",3.96276365868328e-05,0.926801805399583,FALSE
5197,"IRF4","exp",3.96231450958342e-05,0.926841428544679,FALSE
5198,"MCM7;AP4M1","meth",3.95801751357871e-05,0.926881008719814,FALSE
5199,"C6orf147","exp",3.95571482134702e-05,0.926920565868028,FALSE
5200,"SNHG11","exp",3.95533955698206e-05,0.926960119263598,FALSE
5201,"SLC13A3","exp",3.95464509888099e-05,0.926999665714587,FALSE
5202,"ULK2.1","meth",3.9540741713841e-05,0.9270392064563,FALSE
5203,"SORBS1","exp",3.95086033143359e-05,0.927078715059615,FALSE
5204,"MATK","exp",3.95011067880724e-05,0.927118216166403,FALSE
5205,"EPB41","exp",3.94757552709344e-05,0.927157691921674,FALSE
5206,"PSMC3","meth",3.94512827777174e-05,0.927197143204452,FALSE
5207,"DYNLT1","exp",3.94366810514543e-05,0.927236579885503,FALSE
5208,"TAGAP","exp",3.94345784028724e-05,0.927276014463906,FALSE
5209,"TUB","exp",3.9431082749605e-05,0.927315445546655,FALSE
5210,"FKBP10;SC65","meth",3.94224502090383e-05,0.927354867996865,FALSE
5211,"HRAS.1","meth",3.94057370731575e-05,0.927394273733938,FALSE
5212,"NPW","exp",3.94025422154512e-05,0.927433676276153,FALSE
5213,"WBSCR27.1","meth",3.93872483673632e-05,0.92747306352452,FALSE
5214,"ZNF619","exp",3.93783150312354e-05,0.927512441839552,FALSE
5215,"NAA40.1","meth",3.93752486687202e-05,0.92755181708822,FALSE
5216,"HMGN3","exp",3.9373350444306e-05,0.927591190438665,FALSE
5217,"CIB2","exp",3.93695306327155e-05,0.927630559969297,FALSE
5218,"CHI3L1","exp",3.93577236768592e-05,0.927669917692974,FALSE
5219,"IVNS1ABP","exp",3.93567658036163e-05,0.927709274458778,FALSE
5220,"STXBP3","meth",3.93427247836417e-05,0.927748617183562,FALSE
5221,"MYLK4","exp",3.93423246963421e-05,0.927787959508258,FALSE
5222,"CTGF.1","meth",3.93289465947399e-05,0.927827288454853,FALSE
5223,"CX3CL1.1","meth",3.9325780940486e-05,0.927866614235793,FALSE
5224,"OTP","meth",3.93244346613246e-05,0.927905938670455,FALSE
5225,"GPR155","exp",3.93171045947405e-05,0.927945255775049,FALSE
5226,"MMP15.1","meth",3.93124962899318e-05,0.927984568271339,FALSE
5227,"CYGB.1","meth",3.93105425789578e-05,0.928023878813918,FALSE
5228,"COPB1","meth",3.92994014618191e-05,0.92806317821538,FALSE
5229,"SAMD10.1","meth",3.92953830667515e-05,0.928102473598447,FALSE
5230,"MAP2.1","meth",3.92944310341991e-05,0.928141768029481,FALSE
5231,"HTR7P;HEBP1","meth",3.92847646914129e-05,0.928181052794173,FALSE
5232,"RELB.1","meth",3.92764913533123e-05,0.928220329285526,FALSE
5233,"RRAGA","meth",3.925698636737e-05,0.928259586271893,FALSE
5234,"VPS13A;LOC100286938","meth",3.92375018238445e-05,0.928298823773717,FALSE
5235,"ANO10","exp",3.92304696324762e-05,0.92833805424335,FALSE
5236,"CAMK2G.1","meth",3.92298388379016e-05,0.928377284082187,FALSE
5237,"LOC389791;PTGES2","meth",3.92268571653987e-05,0.928416510939353,FALSE
5238,"G2E3","exp",3.92246114198994e-05,0.928455735550773,FALSE
5239,"PHGDH","exp",3.92218808970882e-05,0.92849495743167,FALSE
5240,"PTOV1","exp",3.91918655885818e-05,0.928534149297258,FALSE
5241,"GYS2","exp",3.91860161370408e-05,0.928573335313395,FALSE
5242,"MMP21","exp",3.91748020112707e-05,0.928612510115407,FALSE
5243,"PPP4C","meth",3.91493278396321e-05,0.928651659443246,FALSE
5244,"UBE2CBP","exp",3.91416210485104e-05,0.928690801064295,FALSE
5245,"ABTB2","exp",3.91386160132455e-05,0.928729939680308,FALSE
5246,"ZNF596;RPL23AP53","meth",3.91287773700894e-05,0.928769068457678,FALSE
5247,"LRRC50","exp",3.91267302080673e-05,0.928808195187886,FALSE
5248,"JPH2","meth",3.91230593340848e-05,0.92884731824722,FALSE
5249,"CILP2.1","meth",3.91194351856263e-05,0.928886437682406,FALSE
5250,"GPR27;EIF4E3","meth",3.91135302475255e-05,0.928925551212654,FALSE
5251,"SLC16A9","exp",3.91096607900657e-05,0.928964660873444,FALSE
5252,"HS6ST3","exp",3.91090884023962e-05,0.929003769961846,FALSE
5253,"TET3","exp",3.91072164610893e-05,0.929042877178307,FALSE
5254,"DYRK1B","exp",3.91017320527049e-05,0.92908197891036,FALSE
5255,"CCDC37","meth",3.90841136097958e-05,0.92912106302397,FALSE
5256,"LZIC","exp",3.90729228467878e-05,0.929160135946816,FALSE
5257,"TCHH","exp",3.90667346351974e-05,0.929199202681452,FALSE
5258,"TFAP2A","exp",3.90584496157158e-05,0.929238261131067,FALSE
5259,"SMC2","exp",3.90491629178124e-05,0.929277310293985,FALSE
5260,"RNF146","exp",3.90436201025229e-05,0.929316353914088,FALSE
5261,"DSN1.1","meth",3.90428900162098e-05,0.929355396804104,FALSE
5262,"KPNA5.1","meth",3.90176699146081e-05,0.929394414474018,FALSE
5263,"MRPL40","exp",3.90173749597376e-05,0.929433431848978,FALSE
5264,"RFX3","exp",3.9015228505977e-05,0.929472447077484,FALSE
5265,"NEIL3","exp",3.90039705750281e-05,0.929511451048059,FALSE
5266,"WRAP53;TP53","meth",3.90026242958666e-05,0.929550453672355,FALSE
5267,"HIST1H2BH;HIST1H3F","meth",3.90005683728088e-05,0.929589454240728,FALSE
5268,"HOXB3","exp",3.89626622914298e-05,0.929628416903019,FALSE
5269,"GNLY","exp",3.896127804778e-05,0.929667378181067,FALSE
5270,"C2orf84","exp",3.89124381937752e-05,0.929706290619261,FALSE
5271,"HIST4H4.1","meth",3.88884855220132e-05,0.929745179104783,FALSE
5272,"KIF27","exp",3.88606633927914e-05,0.929784039768176,FALSE
5273,"ANAPC13;CEP63","meth",3.88396807121514e-05,0.929822879448888,FALSE
5274,"HIST1H2BL","exp",3.88389185020404e-05,0.92986171836739,FALSE
5275,"ZNF804B","meth",3.88093324842861e-05,0.929900527699874,FALSE
5276,"SREBF1","exp",3.88090521311419e-05,0.929939336752005,FALSE
5277,"TMEM91","exp",3.87955426140032e-05,0.929978132294619,FALSE
5278,"EIF3E","meth",3.87941700517345e-05,0.930016926464671,FALSE
5279,"ZNF416","exp",3.87853184852738e-05,0.930055711783156,FALSE
5280,"DDX18","meth",3.87647271308976e-05,0.930094476510287,FALSE
5281,"PCDHB5.1","meth",3.87631443037706e-05,0.930133239654591,FALSE
5282,"THOP1","exp",3.87611993538324e-05,0.930172000853945,FALSE
5283,"EPSTI1","exp",3.87478008098134e-05,0.930210748654755,FALSE
5284,"TMED5;CCDC18","meth",3.87457332053745e-05,0.93024949438796,FALSE
5285,"THY1","exp",3.87408679101836e-05,0.93028823525587,FALSE
5286,"TBRG4","meth",3.8731242452231e-05,0.930326966498322,FALSE
5287,"ERLIN2","exp",3.87143044497658e-05,0.930365680802772,FALSE
5288,"ITGB3BP","exp",3.87116556966217e-05,0.930404392458469,FALSE
5289,"EXTL2","exp",3.87115476438473e-05,0.930443104006113,FALSE
5290,"B3GAT2.1","meth",3.87092113676452e-05,0.93048181321748,FALSE
5291,"OTUD4","exp",3.87012972320106e-05,0.930520514514712,FALSE
5292,"C14orf128","exp",3.87000239614805e-05,0.930559214538674,FALSE
5293,"HCG4P6","exp",3.86695998046387e-05,0.930597884138478,FALSE
5294,"FAM185A","exp",3.86513476468098e-05,0.930636535486125,FALSE
5295,"ALOX5","exp",3.86427238672788e-05,0.930675178209993,FALSE
5296,"HIST1H2AI","meth",3.86243402939135e-05,0.930713802550286,FALSE
5297,"B3GALNT1.1","meth",3.86231166692527e-05,0.930752425666956,FALSE
5298,"ZNF575","exp",3.85761370751737e-05,0.930791001804031,FALSE
5299,"ARL17B","exp",3.85734474371961e-05,0.930829575251468,FALSE
5300,"FBLN7","exp",3.85591669489108e-05,0.930868134418417,FALSE
5301,"GPR1","exp",3.8550846885286e-05,0.930906685265302,FALSE
5302,"OSBPL6","exp",3.85432773503912e-05,0.930945228542653,FALSE
5303,"RAD51L1","exp",3.85210360009473e-05,0.930983749578654,FALSE
5304,"CCDC6.1","meth",3.85019778278287e-05,0.931022251556482,FALSE
5305,"TMEM126A.1","meth",3.8490641047558e-05,0.931060742197529,FALSE
5306,"CHIC2.1","meth",3.84805629360912e-05,0.931099222760465,FALSE
5307,"EGR4.1","meth",3.8464457232023e-05,0.931137687217697,FALSE
5308,"ZNF460","exp",3.84595860961416e-05,0.931176146803793,FALSE
5309,"SLC19A1.1","meth",3.84464036576713e-05,0.931214593207451,FALSE
5310,"RUNDC3B","exp",3.84382529740712e-05,0.931253031460425,FALSE
5311,"PODNL1.1","meth",3.84304176877584e-05,0.931291461878113,FALSE
5312,"MLC1","exp",3.84161547215446e-05,0.931329878032835,FALSE
5313,"MYNN","exp",3.84142944616187e-05,0.931368292327296,FALSE
5314,"ZNF251","exp",3.84123290692637e-05,0.931406704656365,FALSE
5315,"TDRD6","exp",3.84115756201885e-05,0.931445116231986,FALSE
5316,"PRKD2","meth",3.83741659975024e-05,0.931483490397983,FALSE
5317,"EMID2","exp",3.83681588473178e-05,0.93152185855683,FALSE
5318,"CCDC152","exp",3.83677353972562e-05,0.931560226292228,FALSE
5319,"TLE4.1","meth",3.8362797093434e-05,0.931598589089321,FALSE
5320,"TC2N","exp",3.83556218051483e-05,0.931636944711126,FALSE
5321,"C3orf26","exp",3.83463117444829e-05,0.931675291022871,FALSE
5322,"NPY","meth",3.83241988902301e-05,0.931713615221761,FALSE
5323,"ZC3H3","exp",3.83045157632274e-05,0.931751919737524,FALSE
5324,"LOC654433","exp",3.83007689602683e-05,0.931790220506485,FALSE
5325,"PRKAR1A","meth",3.82984414451019e-05,0.93182851894793,FALSE
5326,"IL7.1","meth",3.82902527970136e-05,0.931866809200727,FALSE
5327,"CYP26B1","exp",3.82861467915884e-05,0.931905095347518,FALSE
5328,"TM4SF18.1","meth",3.8273679837705e-05,0.931943369027356,FALSE
5329,"LOC84856","meth",3.82412640054009e-05,0.931981610291361,FALSE
5330,"KPNA1","meth",3.81747677439987e-05,0.932019785059105,FALSE
5331,"PRPF18","meth",3.81675311284627e-05,0.932057952590234,FALSE
5332,"C1orf114","exp",3.81639537055282e-05,0.932096116543939,FALSE
5333,"CITED2","exp",3.81471500389446e-05,0.932134263693978,FALSE
5334,"IL4R.1","meth",3.81287401824721e-05,0.932172392434161,FALSE
5335,"NMT2","exp",3.80899696788983e-05,0.93221048240384,FALSE
5336,"TGIF1","exp",3.80737763644725e-05,0.932248556180204,FALSE
5337,"GALNT10","exp",3.80722753070126e-05,0.932286628455511,FALSE
5338,"LOC100302650","exp",3.80685956719943e-05,0.932324697051183,FALSE
5339,"CDCA8.1","meth",3.80642706406752e-05,0.932362761321824,FALSE
5340,"WHAMML1","exp",3.80591775585546e-05,0.932400820499382,FALSE
5341,"ST8SIA1","exp",3.80530214707621e-05,0.932438873520853,FALSE
5342,"GNPNAT1.1","meth",3.80512546618843e-05,0.932476924775515,FALSE
5343,"LGALS9","exp",3.80509217425255e-05,0.932514975697257,FALSE
5344,"ZNF674","exp",3.80506005045477e-05,0.932553026297762,FALSE
5345,"RNASE3","exp",3.80503230717487e-05,0.932591076620834,FALSE
5346,"C14orf106","exp",3.80293433114538e-05,0.932629105964145,FALSE
5347,"PPP2R1B.1","meth",3.80213474061522e-05,0.932667127311551,FALSE
5348,"SH2D6","exp",3.8015068663859e-05,0.932705142380215,FALSE
5349,"WARS2.1","meth",3.79646868675608e-05,0.932743107067083,FALSE
5350,"NOS2","exp",3.79458447999909e-05,0.932781052911883,FALSE
5351,"THEM5","exp",3.7939788003937e-05,0.932818992699887,FALSE
5352,"SP6","exp",3.79354717336536e-05,0.93285692817162,FALSE
5353,"IPO4.1","meth",3.79339443930865e-05,0.932894862116013,FALSE
5354,"EZH1","exp",3.789531698643e-05,0.932932757433,FALSE
5355,"MAP2","exp",3.78884658564674e-05,0.932970645898856,FALSE
5356,"MLLT4","exp",3.78765508478367e-05,0.933008522449704,FALSE
5357,"LOC729991-MEF2B","exp",3.78549432133125e-05,0.933046377392918,FALSE
5358,"ZNHIT1;PLOD3","meth",3.78494149997493e-05,0.933084226807917,FALSE
5359,"NCAPG;DCAF16","meth",3.78467341228074e-05,0.93312207354204,FALSE
5360,"GPR125.1","meth",3.7845203861895e-05,0.933159918745902,FALSE
5361,"SPARC.1","meth",3.78434428937077e-05,0.933197762188796,FALSE
5362,"ALPK3","exp",3.78306342594297e-05,0.933235592823055,FALSE
5363,"C3orf70","exp",3.78051600877911e-05,0.933273397983143,FALSE
5364,"IFI27L1","exp",3.77958003812564e-05,0.933311193783524,FALSE
5365,"MLF1IP.1","meth",3.77940744572121e-05,0.933348987857981,FALSE
5366,"ESM1","exp",3.77847819186183e-05,0.9333867726399,FALSE
5367,"FNDC4","exp",3.77796829958072e-05,0.933424552322896,FALSE
5368,"CHRNA6","exp",3.77796187482117e-05,0.933462331941644,FALSE
5369,"SNAPC4","exp",3.77354105617775e-05,0.933500067352206,FALSE
5370,"CNTN1.1","meth",3.77319879171414e-05,0.933537799340123,FALSE
5371,"SERP2","exp",3.7705336846366e-05,0.933575504676969,FALSE
5372,"GPSM3","exp",3.76922098944554e-05,0.933613196886864,FALSE
5373,"GAL3ST1","exp",3.76769510905105e-05,0.933650873837954,FALSE
5374,"HYDIN","exp",3.76659472295986e-05,0.933688539785184,FALSE
5375,"NUPL1","meth",3.76637394485876e-05,0.933726203524632,FALSE
5376,"FGFR1OP2","exp",3.76543943437792e-05,0.933763857918976,FALSE
5377,"CD200","exp",3.76410074811412e-05,0.933801498926457,FALSE
5378,"DOCK2.1","meth",3.76318405173932e-05,0.933839130766975,FALSE
5379,"SIGLEC10;LOC100129083","meth",3.76051660838558e-05,0.933876735933058,FALSE
5380,"HSF5","exp",3.75742980345356e-05,0.933914310231093,FALSE
5381,"Mannose type O-glycan biosynthesis ","path_mut",3.75655369987777e-05,0.933951875768092,FALSE
5382,"DIRAS2","meth",3.75653705390983e-05,0.933989441138631,FALSE
5383,"HDAC3;RELL2","meth",3.75611272774462e-05,0.934027002265908,FALSE
5384,"RNF130","exp",3.75593371058064e-05,0.934064561603014,FALSE
5385,"STAG3L4","exp",3.7551691641935e-05,0.934102113294656,FALSE
5386,"CELF5","exp",3.75170592675842e-05,0.934139630353924,FALSE
5387,"NOG.1","meth",3.75156896256607e-05,0.934177146043549,FALSE
5388,"EXOC1","meth",3.75119866278804e-05,0.934214658030177,FALSE
5389,"ELMOD3;RETSAT","meth",3.75084004439102e-05,0.934252166430621,FALSE
5390,"LZTR1","meth",3.74928583664757e-05,0.934289659288988,FALSE
5391,"LOC644538","exp",3.74859867940963e-05,0.934327145275782,FALSE
5392,"FEZ2","exp",3.74847368863282e-05,0.934364630012668,FALSE
5393,"MKX.1","meth",3.74773104483507e-05,0.934402107323116,FALSE
5394,"GRHL3.1","meth",3.74607287280064e-05,0.934439568051844,FALSE
5395,"SHC2","exp",3.74587487339251e-05,0.934477026800578,FALSE
5396,"ENPP5.1","meth",3.74573615699301e-05,0.934514484162148,FALSE
5397,"PNMA1","exp",3.74525254781917e-05,0.934551936687626,FALSE
5398,"LPHN1.1","meth",3.7451082827637e-05,0.934589387770454,FALSE
5399,"DSP.1","meth",3.74506009706703e-05,0.934626838371425,FALSE
5400,"CDO1.1","meth",3.7448945134912e-05,0.93466428731656,FALSE
5401,"METRN","exp",3.74429409050726e-05,0.934701730257465,FALSE
5402,"SMEK2","meth",3.74271447576012e-05,0.934739157402222,FALSE
5403,"PPP3CA.1","meth",3.74231146811526e-05,0.934776580516903,FALSE
5404,"TNK2","exp",3.74198176113624e-05,0.934814000334515,FALSE
5405,"CHD6.1","meth",3.73969542283796e-05,0.934851397288743,FALSE
5406,"SOLH","exp",3.73950822870727e-05,0.93488879237103,FALSE
5407,"LOC646471","exp",3.73910930954576e-05,0.934926183464126,FALSE
5408,"PABPC5","exp",3.73877230170361e-05,0.934963571187143,FALSE
5409,"ATXN1L","exp",3.73862219595762e-05,0.935000957409102,FALSE
5410,"ZNF286B","exp",3.73813829474926e-05,0.93503833879205,FALSE
5411,"DHRSX","exp",3.73811434791819e-05,0.935075719935529,FALSE
5412,"ADCY10","exp",3.73711208542749e-05,0.935113091056383,FALSE
5413,"ZNF700","exp",3.73671433440408e-05,0.935150458199727,FALSE
5414,"PTPRE","exp",3.7355584617531e-05,0.935187813784345,FALSE
5415,"FADS2.1","meth",3.7343932439973e-05,0.935225157716785,FALSE
5416,"KLHDC8B","exp",3.73365264444124e-05,0.935262494243229,FALSE
5417,"C14orf133;AHSA1","meth",3.73298476148196e-05,0.935299824090844,FALSE
5418,"MIA","exp",3.73212267556339e-05,0.9353371453176,FALSE
5419,"ZNF71","exp",3.73142500508254e-05,0.93537445956765,FALSE
5420,"MUS81","meth",3.7313286336892e-05,0.935411772853987,FALSE
5421,"KCNQ3","exp",3.73120364291239e-05,0.935449084890416,FALSE
5422,"SOX4.1","meth",3.72984626643897e-05,0.935486383353081,FALSE
5423,"DPH1","exp",3.72892898599512e-05,0.935523672642941,FALSE
5424,"ITGA6.1","meth",3.72839310264126e-05,0.935560956573967,FALSE
5425,"TDH","exp",3.72812851936138e-05,0.935598237859161,FALSE
5426,"TUFM","meth",3.72800995334412e-05,0.935635517958694,FALSE
5427,"WDR3","exp",3.72778216641441e-05,0.935672795780358,FALSE
5428,"LCORL","exp",3.72673901909018e-05,0.935710063170549,FALSE
5429,"NPDC1.1","meth",3.72653021440462e-05,0.935747328472693,FALSE
5430,"GCC1","meth",3.72563688079184e-05,0.935784584841501,FALSE
5431,"FAM111B.1","meth",3.72490971482394e-05,0.93582183393865,FALSE
5432,"RNF114","meth",3.72464659171668e-05,0.935859080404567,FALSE
5433,"GLTPD1;CPSF3L","meth",3.7229197915688e-05,0.935896309602482,FALSE
5434,"SLC12A9","meth",3.72023541021259e-05,0.935933511956584,FALSE
5435,"MAP2K3","exp",3.71872851206224e-05,0.935970699241705,FALSE
5436,"TNNT1","exp",3.71817773494759e-05,0.936007881019055,FALSE
5437,"FAM183B","exp",3.7174298345284e-05,0.9360450553174,FALSE
5438,"LYSMD4","exp",3.71742428587242e-05,0.936082229560259,FALSE
5439,"DMPK","exp",3.71645210293782e-05,0.936119394081288,FALSE
5440,"Peroxisome ","path_mut",3.71464995788243e-05,0.936156540580867,FALSE
5441,"RAB6A","meth",3.71325870540408e-05,0.936193673167921,FALSE
5442,"EIF4ENIF1","meth",3.71258585785787e-05,0.9362307990265,FALSE
5443,"CKS2","exp",3.71237092044728e-05,0.936267922735704,FALSE
5444,"PATL2","exp",3.70863755107633e-05,0.936305009111215,FALSE
5445,"RFC4","exp",3.70623527507152e-05,0.936342071463966,FALSE
5446,"PER2","exp",3.7054546667855e-05,0.936379126010633,FALSE
5447,"VANGL2","exp",3.70496083640328e-05,0.936416175618997,FALSE
5448,"PDE9A","exp",3.7042847764773e-05,0.936453218466762,FALSE
5449,"MGC2889;HRASLS","meth",3.70231909208776e-05,0.936490241657683,FALSE
5450,"HSD17B6.1","meth",3.70217365889417e-05,0.936527263394272,FALSE
5451,"CARHSP1","exp",3.70172217351812e-05,0.936564280616007,FALSE
5452,"KBTBD8","exp",3.70041823936282e-05,0.936601284798401,FALSE
5453,"TAF5","exp",3.69961485238383e-05,0.936638280946925,FALSE
5454,"PLD4","exp",3.69961368424573e-05,0.936675277083767,FALSE
5455,"C1orf86.1","meth",3.69508364468986e-05,0.936712227920214,FALSE
5456,"MRFAP1","meth",3.69396398432e-05,0.936749167560057,FALSE
5457,"KIF26A","exp",3.6939604799057e-05,0.936786107164856,FALSE
5458,"ESRRG.1","meth",3.6939604799057e-05,0.936823046769655,FALSE
5459,"KRTAP13-3","meth",3.69298099610797e-05,0.936859976579616,FALSE
5460,"ZNRD1","exp",3.69272108538049e-05,0.93689690379047,FALSE
5461,"TPRKB","exp",3.69197522920297e-05,0.936933823542762,FALSE
5462,"TMEM20.1","meth",3.69113300163211e-05,0.936970734872778,FALSE
5463,"MST4","exp",3.69041167635472e-05,0.937007638989542,FALSE
5464,"TMEM60","exp",3.68994033263094e-05,0.937044538392868,FALSE
5465,"OSCAR","exp",3.68976511191578e-05,0.937081436043987,FALSE
5466,"DAAM2","exp",3.68772437465325e-05,0.937118313287734,FALSE
5467,"UNC119.1","meth",3.68744957016498e-05,0.937155187783436,FALSE
5468,"FANCF","exp",3.68624142333397e-05,0.937192050197669,FALSE
5469,"PRPF6","meth",3.68623733485062e-05,0.937228912571017,FALSE
5470,"PLEKHG4B","exp",3.6856336994869e-05,0.937265768908012,FALSE
5471,"SLC25A10","exp",3.68562231014042e-05,0.937302625131114,FALSE
5472,"LBR","exp",3.68536064720578e-05,0.937339478737586,FALSE
5473,"RAP2B.1","meth",3.68462647240927e-05,0.93737632500231,FALSE
5474,"ZBTB22.1","meth",3.68312950343278e-05,0.937413156297344,FALSE
5475,"ACTR6.1","meth",3.68172890584962e-05,0.937449973586403,FALSE
5476,"KIAA1529","exp",3.68153879137367e-05,0.937486788974317,FALSE
5477,"TJP2","exp",3.67884915339601e-05,0.93752357746585,FALSE
5478,"CDKN2BAS","exp",3.67828932321108e-05,0.937560360359083,FALSE
5479,"HMOX1","exp",3.67669277046147e-05,0.937597127286787,FALSE
5480,"FAM83G","exp",3.67601086984499e-05,0.937633887395486,FALSE
5481,"LOC100272228","exp",3.67565225144796e-05,0.937670643918,FALSE
5482,"STX7","meth",3.67437372429637e-05,0.937707387655243,FALSE
5483,"CTTNBP2NL.1","meth",3.67320441805722e-05,0.937744119699424,FALSE
5484,"DPY19L4","exp",3.67307913524588e-05,0.937780850490776,FALSE
5485,"ULBP1.1","meth",3.67228129692286e-05,0.937817573303745,FALSE
5486,"LAMC3","exp",3.67116426486374e-05,0.937854284946394,FALSE
5487,"CD244","exp",3.66979871142361e-05,0.937890982933508,FALSE
5488,"CBX6.1","meth",3.66954902190451e-05,0.937927678423727,FALSE
5489,"TCAM1P","exp",3.66917463364312e-05,0.937964370170064,FALSE
5490,"NIPAL4","exp",3.66854763551739e-05,0.938001055646419,FALSE
5491,"LEKR1","exp",3.66743323176899e-05,0.938037729978736,FALSE
5492,"CDKN1A","exp",3.66697386146075e-05,0.938074399717351,FALSE
5493,"C18orf10;KIAA1328","meth",3.66597422728078e-05,0.938111059459624,FALSE
5494,"UCRC;ZMAT5","meth",3.66247974215149e-05,0.938147684257045,FALSE
5495,"NR1D1","exp",3.66244703428466e-05,0.938184308727388,FALSE
5496,"MBD2","exp",3.66194415083216e-05,0.938220928168896,FALSE
5497,"PIGT","meth",3.66177418673845e-05,0.938257545910764,FALSE
5498,"FAM38A","exp",3.66094247241051e-05,0.938294155335488,FALSE
5499,"C5orf35","exp",3.66057538501225e-05,0.938330761089338,FALSE
5500,"CAMK4","exp",3.65957575083228e-05,0.938367356846846,FALSE
5501,"CENPBD1","exp",3.65787260548095e-05,0.938403935572901,FALSE
5502,"GSTM3.1","meth",3.65695211265733e-05,0.938440505094028,FALSE
5503,"WARS","exp",3.65535205549341e-05,0.938477058614583,FALSE
5504,"BIVM","exp",3.65322692025308e-05,0.938513590883785,FALSE
5505,"RORB","exp",3.65171710175748e-05,0.938550108054803,FALSE
5506,"FAM98B.1","meth",3.65170892479077e-05,0.938586625144051,FALSE
5507,"GIYD1;SULT1A3;GIYD2;BOLA2B;BOLA2;SULT1A4","meth",3.6516087569486e-05,0.93862314123162,FALSE
5508,"TIAF1","exp",3.65080449386603e-05,0.938659649276559,FALSE
5509,"MUC1;MIR92B","meth",3.64925992326192e-05,0.938696141875792,FALSE
5510,"CAMLG.1","meth",3.64908470254676e-05,0.938732632722817,FALSE
5511,"LSM1","exp",3.64902279122741e-05,0.93876912295073,FALSE
5512,"NIPAL3","exp",3.64894043749128e-05,0.938805612355104,FALSE
5513,"KLF8","exp",3.64855904040129e-05,0.938842097945508,FALSE
5514,"ZNF74","exp",3.6458737829415e-05,0.938878556683338,FALSE
5515,"LOC100134868","exp",3.64518487349641e-05,0.938915008532073,FALSE
5516,"LIPA.1","meth",3.64363504627084e-05,0.938951444882536,FALSE
5517,"TMEM216","exp",3.64358394022892e-05,0.938987880721938,FALSE
5518,"MYCT1","exp",3.63913859068538e-05,0.939024272107845,FALSE
5519,"IL20RB","exp",3.63839331857691e-05,0.93906065604103,FALSE
5520,"RBM43.1","meth",3.6374880115486e-05,0.939097030921146,FALSE
5521,"TTC37;ARSK","meth",3.63508602757832e-05,0.939133381781422,FALSE
5522,"SLC35F3","exp",3.63488715206662e-05,0.939169730652942,FALSE
5523,"IER2","exp",3.63413136671524e-05,0.939206071966609,FALSE
5524,"ALG14.1","meth",3.63404609263386e-05,0.939242412427536,FALSE
5525,"BREA2","exp",3.63374880148714e-05,0.939278749915551,FALSE
5526,"GOLGA6L5","exp",3.63298746747979e-05,0.939315079790226,FALSE
5527,"ZNF425;ZNF398","meth",3.63045523611124e-05,0.939351384342587,FALSE
5528,"EXTL3","exp",3.62906544380551e-05,0.939387674997025,FALSE
5529,"BMPER","exp",3.62784561559349e-05,0.939423953453181,FALSE
5530,"CDC34.1","meth",3.62766572232593e-05,0.939460230110404,FALSE
5531,"MYBPC2","exp",3.62723789174642e-05,0.939496502489321,FALSE
5532,"ZFP30","exp",3.62698761815827e-05,0.939532772365503,FALSE
5533,"SLC38A3","exp",3.62534609209178e-05,0.939569025826424,FALSE
5534,"THAP5;DNAJB9","meth",3.62374778713502e-05,0.939605263304295,FALSE
5535,"NVL.1","meth",3.62327177085884e-05,0.939641496022004,FALSE
5536,"C17orf71","meth",3.62142669672823e-05,0.939677710288971,FALSE
5537,"DENND3.1","meth",3.62115568868879e-05,0.939713921845858,FALSE
5538,"MTERF.1","meth",3.6204956906617e-05,0.939750126802765,FALSE
5539,"COPE;DDX49","meth",3.61817460025491e-05,0.939786308548767,FALSE
5540,"FOXRED2","exp",3.61616890713541e-05,0.939822470237839,FALSE
5541,"MARCKS.1","meth",3.61551737810955e-05,0.93985862541162,FALSE
5542,"PRDM6","exp",3.61337413672865e-05,0.939894759152987,FALSE
5543,"FBRSL1","exp",3.6122243968027e-05,0.939930881396955,FALSE
5544,"HOXC8","meth",3.61154191211716e-05,0.939966996816076,FALSE
5545,"STAG1.1","meth",3.6109990199347e-05,0.940003106806276,FALSE
5546,"THUMPD2","exp",3.6108071532516e-05,0.940039214877808,FALSE
5547,"CCDC82","exp",3.60944101574242e-05,0.940075309287965,FALSE
5548,"ATF1","exp",3.6094188211185e-05,0.940111403476177,FALSE
5549,"PPP2R5E","exp",3.60745780928137e-05,0.94014747805427,FALSE
5550,"SLC25A13.1","meth",3.60730741150086e-05,0.940183551128384,FALSE
5551,"C11orf16","exp",3.60706648301751e-05,0.940219621793215,FALSE
5552,"CACNB4","exp",3.60453658792517e-05,0.940255667159094,FALSE
5553,"TNRC6C","exp",3.60450796854169e-05,0.940291712238779,FALSE
5554,"TRIM4.1","meth",3.60361405085987e-05,0.940327748379288,FALSE
5555,"TSSC4","exp",3.60232442639631e-05,0.940363771623552,FALSE
5556,"ZNF280D","exp",3.59982957544699e-05,0.940399769919306,FALSE
5557,"ATP6V0C","meth",3.59982052237671e-05,0.94043576812453,FALSE
5558,"MSL3","meth",3.59859660568134e-05,0.940471754090587,FALSE
5559,"POP5","exp",3.59642474491696e-05,0.940507718338036,FALSE
5560,"ARMCX3.1","meth",3.59432735295653e-05,0.940543661611566,FALSE
5561,"RPL22","meth",3.5932079846212e-05,0.940579593691412,FALSE
5562,"RTN1.1","meth",3.59307072839432e-05,0.940615524398696,FALSE
5563,"MRPS17","exp",3.59149023754361e-05,0.940651439301071,FALSE
5564,"SIPA1.1","meth",3.59016644504059e-05,0.940687340965522,FALSE
5565,"SNRPA1","exp",3.58975818077428e-05,0.940723238547329,FALSE
5566,"SLC7A11.1","meth",3.58867444065103e-05,0.940759125291736,FALSE
5567,"C1orf201","exp",3.58711556035518e-05,0.94079499644734,FALSE
5568,"DCUN1D3","exp",3.58525471636021e-05,0.940830848994503,FALSE
5569,"RNF125.1","meth",3.58504182319129e-05,0.940866699412735,FALSE
5570,"SPDEF","exp",3.57974198062683e-05,0.940902496832541,FALSE
5571,"DVL2","meth",3.5792341325874e-05,0.940938289173867,FALSE
5572,"C19orf73","exp",3.577056139098e-05,0.940974059735258,FALSE
5573,"GNAO1","exp",3.5742736341413e-05,0.9410098024716,FALSE
5574,"DNALI1","exp",3.57345126491816e-05,0.941045536984249,FALSE
5575,"SH3RF1","exp",3.57292589480721e-05,0.941081266243197,FALSE
5576,"DYNLT1.1","meth",3.57120259907364e-05,0.941116978269188,FALSE
5577,"ATG16L1","meth",3.57112374975182e-05,0.941152689506685,FALSE
5578,"ELAC2","meth",3.56997021337704e-05,0.941188389208819,FALSE
5579,"RPP40","exp",3.56991297461008e-05,0.941224088338565,FALSE
5580,"TPMT;KDM1B","meth",3.56936336563354e-05,0.941259781972221,FALSE
5581,"APTX","meth",3.56806994472115e-05,0.941295462671669,FALSE
5582,"TIFA","exp",3.56771161835866e-05,0.941331139787852,FALSE
5583,"MAGEF1","exp",3.56739154851897e-05,0.941366813703338,FALSE
5584,"DMWD.1","meth",3.56655107315527e-05,0.941402479214069,FALSE
5585,"RABGAP1L","exp",3.56644068410472e-05,0.94143814362091,FALSE
5586,"RTN4RL2.1","meth",3.56610484440066e-05,0.941473804669354,FALSE
5587,"RAB39","exp",3.56544134195927e-05,0.941509459082774,FALSE
5588,"MAPK1IP1L","meth",3.56415901835884e-05,0.941545100672957,FALSE
5589,"NXPH4","exp",3.56272366866718e-05,0.941580727909644,FALSE
5590,"LRFN5","meth",3.56239892627509e-05,0.941616351898907,FALSE
5591,"FRMD4A","exp",3.56203271498041e-05,0.941651972226056,FALSE
5592,"UNC80","exp",3.56086107246506e-05,0.941687580836781,FALSE
5593,"PEBP1.1","meth",3.55783209036904e-05,0.941723159157685,FALSE
5594,"ZMYND15","exp",3.55772578980184e-05,0.941758736415583,FALSE
5595,"ANO9","exp",3.55725619828522e-05,0.941794308977566,FALSE
5596,"RPGRIP1L","exp",3.55633161697824e-05,0.941829872293735,FALSE
5597,"SLC7A5P1","exp",3.55554779631244e-05,0.941865427771698,FALSE
5598,"ZFC3H1","exp",3.55479960385872e-05,0.941900975767737,FALSE
5599,"LOC100131691","exp",3.55464278131865e-05,0.94193652219555,FALSE
5600,"PPP1R3B","exp",3.55237454916094e-05,0.941972045941042,FALSE
5601,"OSBPL10","exp",3.55214325781693e-05,0.94200756737362,FALSE
5602,"REEP6","exp",3.55151888800192e-05,0.9420430825625,FALSE
5603,"BEX5","exp",3.54926379739785e-05,0.942078575200474,FALSE
5604,"TRIM3","exp",3.54833016302058e-05,0.942114058502104,FALSE
5605,"LVRN","meth",3.54700987493187e-05,0.942149528600853,FALSE
5606,"CCDC116","exp",3.54517151759535e-05,0.942184980316029,FALSE
5607,"TCERG1L","meth",3.54505265954356e-05,0.942220430842625,FALSE
5608,"FRAT1","exp",3.54494285456207e-05,0.94225588027117,FALSE
5609,"ZNF702P","exp",3.54448698866813e-05,0.942291325141057,FALSE
5610,"SLC1A4","exp",3.54446479404421e-05,0.942326769788998,FALSE
5611,"MSC.1","meth",3.54410851192339e-05,0.942362210874117,FALSE
5612,"LOC100132215","exp",3.54316845278657e-05,0.942397642558645,FALSE
5613,"C12orf61","exp",3.54084882255242e-05,0.94243305104687,FALSE
5614,"FAM24B","exp",3.53923503976582e-05,0.942468443397268,FALSE
5615,"CROT","exp",3.53895322644894e-05,0.942503832929532,FALSE
5616,"ZFAND2B.1","meth",3.53882122684352e-05,0.942539221141801,FALSE
5617,"C9orf93","exp",3.53821321096192e-05,0.94257460327391,FALSE
5618,"AGAP1.1","meth",3.5378002741432e-05,0.942609981276652,FALSE
5619,"PGGT1B","exp",3.5361275003825e-05,0.942645342551656,FALSE
5620,"SPRED1","exp",3.53552707739856e-05,0.94268069782243,FALSE
5621,"SAC3D1","exp",3.53510304326788e-05,0.942716048852862,FALSE
5622,"C1orf159.1","meth",3.5349044597907e-05,0.94275139789746,FALSE
5623,"SPAST","exp",3.53484809712733e-05,0.942786746378432,FALSE
5624,"SLC44A2","exp",3.53347261451334e-05,0.942822081104577,FALSE
5625,"CTXN1","exp",3.53283831552447e-05,0.942857409487732,FALSE
5626,"YAF2","exp",3.53271274067861e-05,0.942892736615139,FALSE
5627,"CDK4","meth",3.53256818358861e-05,0.942928062296975,FALSE
5628,"ESX1","meth",3.52982364312019e-05,0.942963360533406,FALSE
5629,"LPGAT1.1","meth",3.52893030950742e-05,0.942998649836501,FALSE
5630,"HEATR5A","exp",3.52824023192422e-05,0.94303393223882,FALSE
5631,"NDUFAF2","exp",3.52705807616596e-05,0.943069202819582,FALSE
5632,"SLC2A4RG","exp",3.52221935611689e-05,0.943104425013143,FALSE
5633,"PRR14","meth",3.51894769333038e-05,0.943139614490076,FALSE
5634,"LSM10","exp",3.51892841905171e-05,0.943174803774267,FALSE
5635,"LPP.1","meth",3.51871873826257e-05,0.94320999096165,FALSE
5636,"ZSCAN22","exp",3.51822695212203e-05,0.943245173231171,FALSE
5637,"MPZ","exp",3.51787592662267e-05,0.943280351990437,FALSE
5638,"LOC338799","exp",3.51570494196187e-05,0.943315509039857,FALSE
5639,"CCL8","exp",3.51419512346626e-05,0.943350650991091,FALSE
5640,"MCART2","exp",3.51395915956985e-05,0.943385790582687,FALSE
5641,"ZNF836","exp",3.51053184238137e-05,0.943420895901111,FALSE
5642,"ACSS3.1","meth",3.50587856425585e-05,0.943455954686753,FALSE
5643,"GPR63.1","meth",3.50480592144456e-05,0.943491002745968,FALSE
5644,"TNFRSF17","meth",3.50459770082805e-05,0.943526048722976,FALSE
5645,"TRIM14","exp",3.50402239281328e-05,0.943561088946904,FALSE
5646,"FRYL","exp",3.50326602339285e-05,0.943596121607138,FALSE
5647,"ART5.1","meth",3.50266355616723e-05,0.9436311482427,FALSE
5648,"HEBP2","exp",3.49984805130918e-05,0.943666146723213,FALSE
5649,"TRIM54","exp",3.49948359222165e-05,0.943701141559135,FALSE
5650,"MED23","exp",3.49879147039678e-05,0.943736129473839,FALSE
5651,"RNF5","exp",3.49819279962e-05,0.943771111401835,FALSE
5652,"HLA-DMA","exp",3.49817702975563e-05,0.943806093172133,FALSE
5653,"SEMA7A","exp",3.49713709481117e-05,0.943841064543081,FALSE
5654,"RFX5","meth",3.49682082142031e-05,0.943876032751295,FALSE
5655,"C9orf173","exp",3.49666604312192e-05,0.943910999411726,FALSE
5656,"PLCH2","exp",3.49654280455226e-05,0.943945964839772,FALSE
5657,"TADA1.1","meth",3.49581914299866e-05,0.943980923031202,FALSE
5658,"TBXA2R.1","meth",3.49381637022442e-05,0.944015861194904,FALSE
5659,"TMEM71","exp",3.4931353457115e-05,0.944050792548361,FALSE
5660,"PTPN6.1","meth",3.4930474433194e-05,0.944085723022794,FALSE
5661,"FZD2.1","meth",3.49302729293716e-05,0.944120653295724,FALSE
5662,"COX10","exp",3.49172189860924e-05,0.94415557051471,FALSE
5663,"KIAA1530","exp",3.49067437076712e-05,0.944190477258417,FALSE
5664,"C13orf28","meth",3.49007365574866e-05,0.944225377994975,FALSE
5665,"FGFBP2","exp",3.48996385076716e-05,0.944260277633483,FALSE
5666,"TIMM44","exp",3.48985988647616e-05,0.944295176232347,FALSE
5667,"MMP9","exp",3.48900510142072e-05,0.944330066283362,FALSE
5668,"DUSP23","exp",3.48847243044664e-05,0.944364951007666,FALSE
5669,"MSX2P1","exp",3.48781622886838e-05,0.944399829169955,FALSE
5670,"DEAF1","exp",3.48692727577348e-05,0.944434698442712,FALSE
5671,"ZNF775","exp",3.48637270221001e-05,0.944469562169735,FALSE
5672,"FAM100A.1","meth",3.48491165348012e-05,0.944504411286269,FALSE
5673,"RBBP9","exp",3.4838270372533e-05,0.944539249556642,FALSE
5674,"FERMT3","exp",3.48360333880695e-05,0.94457408559003,FALSE
5675,"PHF16","exp",3.48250850137174e-05,0.944608910675044,FALSE
5676,"CUEDC1","exp",3.482158936045e-05,0.944643732264404,FALSE
5677,"C20orf72;SNX5","meth",3.47947572282689e-05,0.944678527021632,FALSE
5678,"LRRIQ3;TNNI3K;FPGT","meth",3.47942228050877e-05,0.944713321244437,FALSE
5679,"SHF.1","meth",3.47889282191447e-05,0.944748110172657,FALSE
5680,"C1orf170","exp",3.47675483715502e-05,0.944782877721028,FALSE
5681,"MAD2L1.1","meth",3.47630802433137e-05,0.944817640801271,FALSE
5682,"LDOC1L","exp",3.47529437249419e-05,0.944852393744996,FALSE
5683,"ZNF615","exp",3.47526400090356e-05,0.944887146385005,FALSE
5684,"IFIH1","exp",3.47471380785797e-05,0.944921893523084,FALSE
5685,"CDK10.1","meth",3.47404417269154e-05,0.944956633964811,FALSE
5686,"SLC22A4","exp",3.4740251904474e-05,0.944991374216715,FALSE
5687,"FFAR3","exp",3.47333569693325e-05,0.945026107573685,FALSE
5688,"ELP2P","exp",3.4719061879321e-05,0.945060826635564,FALSE
5689,"PTTG2","exp",3.47153179967071e-05,0.945095541953561,FALSE
5690,"CPXM2","exp",3.46913244401116e-05,0.945130233278001,FALSE
5691,"XKR6","exp",3.46835534013943e-05,0.945164916831402,FALSE
5692,"C6orf1","exp",3.46780135064501e-05,0.945199594844909,FALSE
5693,"EMILIN1","exp",3.46613383350576e-05,0.945234256183244,FALSE
5694,"RPS19","exp",3.46531088021357e-05,0.945268909292046,FALSE
5695,"KLRG1","exp",3.46488480184122e-05,0.945303558140064,FALSE
5696,"BAMBI","exp",3.46383815010268e-05,0.945338196521565,FALSE
5697,"SHC4.1","meth",3.46340301866004e-05,0.945372830551752,FALSE
5698,"FOXJ2","meth",3.46308265678582e-05,0.94540746137832,FALSE
5699,"CXCR2","exp",3.46099636213735e-05,0.945442071341941,FALSE
5700,"TRIT1","exp",3.45989276366639e-05,0.945476670269578,FALSE
5701,"LY6K","exp",3.45964424228539e-05,0.945511266712001,FALSE
5702,"PRR5L","exp",3.45933059720526e-05,0.945545860017973,FALSE
5703,"LOC729799","exp",3.45884874023857e-05,0.945580448505375,FALSE
5704,"CLEC12B.1","meth",3.45864285589826e-05,0.945615034933934,FALSE
5705,"UROS","exp",3.45819341476388e-05,0.945649616868082,FALSE
5706,"FZD1","exp",3.45705564825346e-05,0.945684187424564,FALSE
5707,"INHBB.1","meth",3.45679456938788e-05,0.945718755370258,FALSE
5708,"WWP1.1","meth",3.45394256021417e-05,0.94575329479586,FALSE
5709,"NUDT8","exp",3.45363650803169e-05,0.94578783116094,FALSE
5710,"COX5B.1","meth",3.45187028322291e-05,0.945822349863773,FALSE
5711,"PCDHGA4;PCDHGA11;PCDHGA9;PCDHGA1;PCDHGB1;PCDHGB6;PCDHGA12;PCDHGB3;PCDHGB7;PCDHGA6;PCDHGA8;PCDHGA10;PCDHGA5;PCDHGB4;PCDHGA3;PCDHGA2;PCDHGB2;PCDHGA7;PCDHGB5","meth",3.4504702697088e-05,0.94585685456647,FALSE
5712,"FKBP9.1","meth",3.45035053555344e-05,0.945891358071825,FALSE
5713,"POU3F1.1","meth",3.44990985545482e-05,0.94592585717038,FALSE
5714,"FOXA3;SYMPK","meth",3.44967213935126e-05,0.945960353891773,FALSE
5715,"C3orf34","exp",3.44806799370399e-05,0.94599483457171,FALSE
5716,"PCSK9.1","meth",3.44747428751414e-05,0.946029309314586,FALSE
5717,"TARBP2","exp",3.44687766097903e-05,0.946063778091195,FALSE
5718,"ZNF141","exp",3.44610581372876e-05,0.946098239149333,FALSE
5719,"TNFRSF19.1","meth",3.44503842753892e-05,0.946132689533608,FALSE
5720,"ESRP2.1","meth",3.44427242097916e-05,0.946167132257818,FALSE
5721,"CATSPERG","exp",3.44322956568945e-05,0.946201564553475,FALSE
5722,"TRIM6","exp",3.44138565969695e-05,0.946235978410072,FALSE
5723,"NDUFB1;CPSF2","meth",3.44107551903112e-05,0.946270389165262,FALSE
5724,"GPCPD1","exp",3.44105858102865e-05,0.946304799751072,FALSE
5725,"SKAP1","exp",3.43873252603494e-05,0.946339187076333,FALSE
5726,"FZD7.1","meth",3.43795892657752e-05,0.946373566665599,FALSE
5727,"MIR425;DALRD3;NDUFAF3","meth",3.4376592991546e-05,0.94640794325859,FALSE
5728,"ATAD5","exp",3.43428542428425e-05,0.946442286112833,FALSE
5729,"Cortisol synthesis and secretion ","path_mut",3.43411487612149e-05,0.946476627261594,FALSE
5730,"PRKAA2","exp",3.4322884922005e-05,0.946510950146516,FALSE
5731,"PDE3B;PSMA1","meth",3.43085781506124e-05,0.946545258724667,FALSE
5732,"ZNF175","exp",3.4291348113622e-05,0.94657955007278,FALSE
5733,"TGFB2","exp",3.42901098872349e-05,0.946613840182668,FALSE
5734,"USP8","meth",3.42858783069638e-05,0.946648126060975,FALSE
5735,"OVOL1.1","meth",3.42789570887151e-05,0.946682405018063,FALSE
5736,"TMEM20","exp",3.42569581279271e-05,0.946716661976191,FALSE
5737,"PSMD9","meth",3.42506939873602e-05,0.946750912670179,FALSE
5738,"C1orf27;MIR548F1;TPR","meth",3.42442721481497e-05,0.946785156942327,FALSE
5739,"AGPAT6","meth",3.4242333038902e-05,0.946819399275366,FALSE
5740,"CAMK2G","exp",3.4241258351849e-05,0.946853640533718,FALSE
5741,"SNTB1.1","meth",3.42294017501234e-05,0.946887869935468,FALSE
5742,"TGFBR1","exp",3.42207137229968e-05,0.946922090649191,FALSE
5743,"CD53.1","meth",3.41927251340957e-05,0.946956283374325,FALSE
5744,"CCDC45;DDX5","meth",3.41909816879799e-05,0.946990474356013,FALSE
5745,"C1orf43;UBAP2L","meth",3.41739385530856e-05,0.947024648294566,FALSE
5746,"TP53I11","exp",3.41547489644306e-05,0.94705880304353,FALSE
5747,"RAB28","exp",3.41516387967365e-05,0.947092954682327,FALSE
5748,"C14orf126","exp",3.41503509244801e-05,0.947127105033251,FALSE
5749,"MCM3.1","meth",3.41356090216449e-05,0.947161240642273,FALSE
5750,"VSIG8","exp",3.41338801772553e-05,0.94719537452245,FALSE
5751,"REPS2","exp",3.41332785861333e-05,0.947229507801036,FALSE
5752,"C10orf128","exp",3.412208490278e-05,0.947263629885939,FALSE
5753,"MFSD8","exp",3.41204991553078e-05,0.947297750385095,FALSE
5754,"INVS","exp",3.41117994468003e-05,0.947331862184541,FALSE
5755,"CECR4","exp",3.40916140204141e-05,0.947365953798562,FALSE
5756,"C1orf51.1","meth",3.40895931414993e-05,0.947400043391703,FALSE
5757,"WDR8","exp",3.40847278463085e-05,0.94743412811955,FALSE
5758,"CEACAM3","exp",3.40843890862592e-05,0.947468212508636,FALSE
5759,"FAHD1","exp",3.40784345022891e-05,0.947502290943138,FALSE
5760,"WDR31","exp",3.40703743493918e-05,0.947536361317488,FALSE
5761,"C1orf50","exp",3.40689375395275e-05,0.947570430255027,FALSE
5762,"PARP2","exp",3.4027626335584e-05,0.947604457881363,FALSE
5763,"SEZ6L","exp",3.40271357175815e-05,0.94763848501708,FALSE
5764,"LDHB.1","meth",3.40234706842895e-05,0.947672508487765,FALSE
5765,"ROMO1","exp",3.40205240559296e-05,0.94770652901182,FALSE
5766,"SDPR","exp",3.4014563631269e-05,0.947740543575452,FALSE
5767,"GJB4","exp",3.40130129279398e-05,0.94777455658838,FALSE
5768,"SNX16","exp",3.40106854127735e-05,0.947808567273792,FALSE
5769,"NGRN","meth",3.3968971201185e-05,0.947842536244994,FALSE
5770,"GP1BB;SEPT5","meth",3.39407168608659e-05,0.947876476961855,FALSE
5771,"TRAM1","meth",3.39280513235053e-05,0.947910405013178,FALSE
5772,"COMMD8","exp",3.39075008539626e-05,0.947944312514032,FALSE
5773,"TMEM52","exp",3.39047644904609e-05,0.947978217278522,FALSE
5774,"ADAT3","exp",3.39047498887346e-05,0.948012122028411,FALSE
5775,"CD46","exp",3.38671854877502e-05,0.948045989213899,FALSE
5776,"SNRNP48.1","meth",3.38570869338666e-05,0.948079846300833,FALSE
5777,"FIG4","exp",3.38531444677756e-05,0.9481136994453,FALSE
5778,"PCDHB12.1","meth",3.38409257432386e-05,0.948147540371044,FALSE
5779,"CDC16","meth",3.38402014976159e-05,0.948181380572541,FALSE
5780,"FLVCR2","exp",3.38124523770255e-05,0.948215193024918,FALSE
5781,"INSR","exp",3.38078615942884e-05,0.948249000886513,FALSE
5782,"RRN3","meth",3.3801880727211e-05,0.94828280276724,FALSE
5783,"IGF2R.1","meth",3.37579674956474e-05,0.948316560734735,FALSE
5784,"MAP4K4","exp",3.37570475868928e-05,0.948350317782322,FALSE
5785,"IKBKE.1","meth",3.37567935168558e-05,0.948384074575839,FALSE
5786,"ALG10B","exp",3.37298562522456e-05,0.948417804432091,FALSE
5787,"DPP8.1","meth",3.37246171528624e-05,0.948451529049244,FALSE
5788,"LYPLAL1.1","meth",3.37080033087203e-05,0.948485237052553,FALSE
5789,"IRF6","exp",3.37006936845529e-05,0.948518937746238,FALSE
5790,"CCDC154","exp",3.36970812174754e-05,0.948552634827455,FALSE
5791,"EPHA2.1","meth",3.36916493753056e-05,0.94858632647683,FALSE
5792,"LAD1","meth",3.3686059834492e-05,0.948620012536665,FALSE
5793,"C15orf56","exp",3.36855108095846e-05,0.948653698047474,FALSE
5794,"FAM125A","exp",3.36596891168609e-05,0.948687357736591,FALSE
5795,"TMEM14A.1","meth",3.3659540179253e-05,0.94872101727677,FALSE
5796,"ATRIP.1","meth",3.36551976258623e-05,0.948754672474396,FALSE
5797,"ANKRD54","exp",3.3648673574568e-05,0.948788321147971,FALSE
5798,"LOC100233209","exp",3.36479639306716e-05,0.948821969111902,FALSE
5799,"IFIT3","exp",3.36458700431255e-05,0.948855614981945,FALSE
5800,"CPNE7","exp",3.36421787267262e-05,0.948889257160672,FALSE
5801,"FEN1;C11orf10;MIR611","meth",3.36365483010791e-05,0.948922893708973,FALSE
5802,"MIR17HG.1","meth",3.36323400835701e-05,0.948956526049056,FALSE
5803,"KIAA1683","exp",3.36290780579229e-05,0.948990155127114,FALSE
5804,"LYRM4;FARS2","meth",3.36236286936815e-05,0.949023778755808,FALSE
5805,"CCDC144C","exp",3.36104141314134e-05,0.949057389169939,FALSE
5806,"C22orf23","exp",3.35832578409093e-05,0.94909097242778,FALSE
5807,"PIF1","exp",3.35692168209347e-05,0.949124541644601,FALSE
5808,"LOC729234","exp",3.3568723282587e-05,0.949158110367884,FALSE
5809,"GLCE","exp",3.35648713471988e-05,0.949191675239231,FALSE
5810,"HAS3.1","meth",3.35647749758054e-05,0.949225240014207,FALSE
5811,"LASS1","exp",3.35542296090982e-05,0.949258794243816,FALSE
5812,"ATG10.1","meth",3.35447092835747e-05,0.949292338953099,FALSE
5813,"ESR1","exp",3.35271404865349e-05,0.949325866093586,FALSE
5814,"RASSF2.1","meth",3.35269419030577e-05,0.949359393035489,FALSE
5815,"MITD1","exp",3.35152021151422e-05,0.949392908237604,FALSE
5816,"SLC16A5","exp",3.35039500248838e-05,0.949426412187629,FALSE
5817,"AGFG2","exp",3.34944355400508e-05,0.949459906623169,FALSE
5818,"NXPH3","exp",3.34861709629858e-05,0.949493392794132,FALSE
5819,"VPS25","meth",3.34610764362301e-05,0.949526853870568,FALSE
5820,"PDCD1LG2","exp",3.34566871573154e-05,0.949560310557725,FALSE
5821,"KPNA4","meth",3.3450370450534e-05,0.949593760928176,FALSE
5822,"KIF24","exp",3.34311721008432e-05,0.949627192100277,FALSE
5823,"PRR12","exp",3.34185678907329e-05,0.949660610668168,FALSE
5824,"PDPK1.1","meth",3.34148473708811e-05,0.949694025515538,FALSE
5825,"CSGALNACT1","exp",3.34065857141614e-05,0.949727432101253,FALSE
5826,"SLC39A3.1","meth",3.33972668924603e-05,0.949760829368145,FALSE
5827,"C13orf15.1","meth",3.33924015972694e-05,0.949794221769742,FALSE
5828,"HLA-B","exp",3.33912860253829e-05,0.949827613055768,FALSE
5829,"HOXD13","meth",3.33742545718696e-05,0.94986098731034,FALSE
5830,"GNE.1","meth",3.33669829121906e-05,0.949894354293252,FALSE
5831,"TATDN1","exp",3.3366825213547e-05,0.949927721118465,FALSE
5832,"KLHL11.1","meth",3.3363531064102e-05,0.94996108464953,FALSE
5833,"HERC2","meth",3.33614021324128e-05,0.949994446051662,FALSE
5834,"RTN4RL2","exp",3.3354583126248e-05,0.950027800634788,FALSE
5835,"NPAS1.1","meth",3.3348549692956e-05,0.950061149184481,FALSE
5836,"USP2.1","meth",3.33474808465936e-05,0.950094496665328,FALSE
5837,"HSD17B8","exp",3.33463944781596e-05,0.950127843059806,FALSE
5838,"KCNK17","exp",3.33425659055334e-05,0.950161185625711,FALSE
5839,"KBTBD7","exp",3.33293601043011e-05,0.950194514985816,FALSE
5840,"IFI6.1","meth",3.33292491311815e-05,0.950227844234947,FALSE
5841,"PTPN2.1","meth",3.33290534680495e-05,0.950261173288415,FALSE
5842,"LAIR2","exp",3.33117562631183e-05,0.950294485044678,FALSE
5843,"PIGP;TTC3","meth",3.33041254009732e-05,0.950327789170079,FALSE
5844,"CSTB","exp",3.32991024071387e-05,0.950361088272486,FALSE
5845,"FBXL4","exp",3.32975633851905e-05,0.950394385835871,FALSE
5846,"TXLNG","exp",3.32934778221821e-05,0.950427679313693,FALSE
5847,"RIC8B","exp",3.32778189309375e-05,0.950460957132624,FALSE
5848,"GRM6","exp",3.32543597975232e-05,0.950494211492422,FALSE
5849,"STT3B","exp",3.32463726532573e-05,0.950527457865075,FALSE
5850,"COL11A1.1","meth",3.3244889117869e-05,0.950560702754193,FALSE
5851,"ADAMTS14.1","meth",3.32434347859332e-05,0.950593946188979,FALSE
5852,"SGCB","exp",3.32419804539974e-05,0.950627188169433,FALSE
5853,"PPIAL4D","exp",3.32336925141704e-05,0.950660421861947,FALSE
5854,"C1orf198.1","meth",3.32316307504221e-05,0.950693653492697,FALSE
5855,"PHB","meth",3.32289790769327e-05,0.950726882471774,FALSE
5856,"TMEM187","exp",3.32246861694113e-05,0.950760107157944,FALSE
5857,"RIPK2.1","meth",3.32227908653424e-05,0.950793329948809,FALSE
5858,"ERBB2;PGAP3","meth",3.32174028283513e-05,0.950826547351638,FALSE
5859,"CXADR","exp",3.32093251533826e-05,0.950859756676791,FALSE
5860,"ST6GAL2","exp",3.31732647302032e-05,0.950892929941521,FALSE
5861,"ZNF564","exp",3.31710277457397e-05,0.950926100969267,FALSE
5862,"MNAT1","exp",3.31644628096118e-05,0.950959265432076,FALSE
5863,"ZDHHC15.1","meth",3.31608766256416e-05,0.950992426308702,FALSE
5864,"BAK1.1","meth",3.31599946813753e-05,0.951025586303383,FALSE
5865,"BCL2L11","exp",3.31451009205869e-05,0.951058731404304,FALSE
5866,"SRPX","exp",3.31402969526463e-05,0.951091871701257,FALSE
5867,"ADCY2.1","meth",3.31353644895147e-05,0.951125007065746,FALSE
5868,"NQO2","exp",3.312745035388e-05,0.9511581345161,FALSE
5869,"TEX261","meth",3.31223660327952e-05,0.951191256882133,FALSE
5870,"PROM2","exp",3.31102144761991e-05,0.951224367096609,FALSE
5871,"FN3K.1","meth",3.31032348510453e-05,0.95125747033146,FALSE
5872,"IMPACT","exp",3.30852513649797e-05,0.951290555582825,FALSE
5873,"KIAA1407;QTRTD1","meth",3.30836334937097e-05,0.951323639216319,FALSE
5874,"CTPS","exp",3.30537466803944e-05,0.951356692962999,FALSE
5875,"KIF16B.1","meth",3.30360961136875e-05,0.951389729059113,FALSE
5876,"ZNF319","exp",3.30357602739835e-05,0.951422764819387,FALSE
5877,"PNMA5","exp",3.29931027908784e-05,0.951455757922178,FALSE
5878,"INSIG2","exp",3.29833313156632e-05,0.951488741253494,FALSE
5879,"SERPING1.1","meth",3.2963919780769e-05,0.951521705173274,FALSE
5880,"KLK7","meth",3.2950071503581e-05,0.951554655244778,FALSE
5881,"TBCCD1;DNAJB11","meth",3.29438716106097e-05,0.951587599116389,FALSE
5882,"ITGB3BP;EFCAB7","meth",3.29375110986495e-05,0.951620536627487,FALSE
5883,"PDCD10","exp",3.29351339376139e-05,0.951653471761425,FALSE
5884,"ABO","exp",3.29169869122141e-05,0.951686388748337,FALSE
5885,"TCF3","exp",3.28940242374927e-05,0.951719282772575,FALSE
5886,"DNAJC1","exp",3.28939541492067e-05,0.951752176726724,FALSE
5887,"ING5","exp",3.28934197260254e-05,0.95178507014645,FALSE
5888,"CCDC148","exp",3.28929962759638e-05,0.951817963142726,FALSE
5889,"MRPL19","meth",3.28921347741143e-05,0.9518508552775,FALSE
5890,"C2orf49","exp",3.28716631538934e-05,0.951883726940654,FALSE
5891,"RHOBTB3","exp",3.28705125378639e-05,0.951916597453192,FALSE
5892,"ZNF883","exp",3.28694933373707e-05,0.951949466946529,FALSE
5893,"LHX6","exp",3.28612725654846e-05,0.951982328219094,FALSE
5894,"RAB30.1","meth",3.28611177871862e-05,0.952015189336882,FALSE
5895,"SNX25","exp",3.28515010902693e-05,0.952048040837972,FALSE
5896,"NCAM1.1","meth",3.28503387928588e-05,0.952080891176765,FALSE
5897,"ZER1","meth",3.28381492717743e-05,0.952113729326037,FALSE
5898,"LOC158572","exp",3.28158845595683e-05,0.952146545210596,FALSE
5899,"CELF4","exp",3.27895138419372e-05,0.952179334724438,FALSE
5900,"RBM24","meth",3.27857057117277e-05,0.95221212043015,FALSE
5901,"MOCOS","exp",3.27825166947119e-05,0.952244902946844,FALSE
5902,"FBXO32.1","meth",3.27722283183869e-05,0.952277675175163,FALSE
5903,"AKAP1","exp",3.27654268342935e-05,0.952310440601997,FALSE
5904,"C7orf10;C7orf11","meth",3.27530182873151e-05,0.952343193620285,FALSE
5905,"TET1","exp",3.2742011506058e-05,0.952375935631791,FALSE
5906,"SERTAD3","exp",3.27264723489688e-05,0.95240866210414,FALSE
5907,"GABRE","exp",3.27255173960712e-05,0.952441387621536,FALSE
5908,"RAI1","exp",3.27220305038396e-05,0.95247410965204,FALSE
5909,"CASC2;RAB11FIP2","meth",3.27138768998942e-05,0.952506823528939,FALSE
5910,"EPB41L3","exp",3.2700233046874e-05,0.952539523761986,FALSE
5911,"ABHD14B;ABHD14A","meth",3.2699654818514e-05,0.952572223416805,FALSE
5912,"DNAL4","exp",3.26957736796732e-05,0.952604919190485,FALSE
5913,"NPC1","exp",3.26818903583423e-05,0.952637601080843,FALSE
5914,"NAA10","exp",3.26704104811542e-05,0.952670271491324,FALSE
5915,"FDXACB1","exp",3.26592810453965e-05,0.952702930772369,FALSE
5916,"FAT3","exp",3.26004828140802e-05,0.952735531255183,FALSE
5917,"FAM86B1","exp",3.25993497201222e-05,0.952768130604904,FALSE
5918,"CRCT1","meth",3.25987072441666e-05,0.952800729312148,FALSE
5919,"SUSD4","exp",3.25975420264108e-05,0.952833326854174,FALSE
5920,"XKR8","exp",3.25972266291235e-05,0.952865924080803,FALSE
5921,"PIK3IP1.1","meth",3.25897213418243e-05,0.952898513802145,FALSE
5922,"SETD7.1","meth",3.25888686010105e-05,0.952931102670746,FALSE
5923,"TTC24","exp",3.25745209447844e-05,0.952963677191691,FALSE
5924,"KLHL30","exp",3.25535820693231e-05,0.95299623077376,FALSE
5925,"TRAPPC2","exp",3.25486496061914e-05,0.953028779423366,FALSE
5926,"CDK7","exp",3.25362585812845e-05,0.953061315681948,FALSE
5927,"ANO5","exp",3.25304879790654e-05,0.953093846169927,FALSE
5928,"RNF185","meth",3.252892267401e-05,0.953126375092601,FALSE
5929,"MANBA","exp",3.25199513733939e-05,0.953158895043974,FALSE
5930,"UBA7","exp",3.25106267110023e-05,0.953191405670685,FALSE
5931,"ARSA","exp",3.25026483277721e-05,0.953223908319013,FALSE
5932,"NLN;SGTB","meth",3.24935660540365e-05,0.953256401885067,FALSE
5933,"CD9","exp",3.24928534897948e-05,0.953288894738557,FALSE
5934,"CDRT4","exp",3.24864550133463e-05,0.95332138119357,FALSE
5935,"C8orf55","exp",3.24720810740129e-05,0.953353853274644,FALSE
5936,"ZMYM6","meth",3.24568952786993e-05,0.953386310169923,FALSE
5937,"PLEKHN1","exp",3.24499244145813e-05,0.953418760094337,FALSE
5938,"MTFR1","exp",3.24420044382562e-05,0.953451202098776,FALSE
5939,"OXCT2","exp",3.24416539968259e-05,0.953483643752773,FALSE
5940,"NCKAP1","meth",3.24253759923877e-05,0.953516069128765,FALSE
5941,"RORA.1","meth",3.24192899928813e-05,0.953548488418758,FALSE
5942,"SIGLEC10","exp",3.24182211465188e-05,0.953580906639904,FALSE
5943,"GTF2I","exp",3.24133616920185e-05,0.953613320001596,FALSE
5944,"C22orf32","exp",3.24074742759892e-05,0.953645727475872,FALSE
5945,"ISCU","exp",3.2402316946273e-05,0.953678129792819,FALSE
5946,"GSDMC","meth",3.24009735874568e-05,0.953710530766406,FALSE
5947,"CKB","exp",3.23853906251888e-05,0.953742916157031,FALSE
5948,"SSBP4","exp",3.2384409389184e-05,0.95377530056642,FALSE
5949,"SPATA24","exp",3.23606377788276e-05,0.953807661204199,FALSE
5950,"POLR2J2","exp",3.23528871825272e-05,0.953840014091382,FALSE
5951,"SYTL4.1","meth",3.23492192288899e-05,0.95387236331061,FALSE
5952,"ZNF266.1","meth",3.23482525946113e-05,0.953904711563205,FALSE
5953,"PRH2","exp",3.234320915836e-05,0.953937054772363,FALSE
5954,"TMBIM4","exp",3.23345532550312e-05,0.953969389325618,FALSE
5955,"VRK1","exp",3.23240166493597e-05,0.954001713342268,FALSE
5956,"MIR636;SFRS2;MFSD11","meth",3.23197120604574e-05,0.954034033054328,FALSE
5957,"SLC5A11","exp",3.23105129729116e-05,0.954066343567301,FALSE
5958,"GMCL1L","exp",3.23057352880783e-05,0.954098649302589,FALSE
5959,"GTF3C6","exp",3.2291200729756e-05,0.954130940503319,FALSE
5960,"HMGB3","exp",3.22885957817907e-05,0.954163229099101,FALSE
5961,"NPDC1","exp",3.22834588944913e-05,0.954195512557995,FALSE
5962,"EIF2B4;SNX17","meth",3.22793645704472e-05,0.954227791922566,FALSE
5963,"CLPB","exp",3.22792594380181e-05,0.954260071182004,FALSE
5964,"CPNE8.1","meth",3.22745635228518e-05,0.954292345745527,FALSE
5965,"NCRNA00105","exp",3.22657528412247e-05,0.954324611498368,FALSE
5966,"ANKRD10","exp",3.22641203682285e-05,0.954356875618736,FALSE
5967,"DONSON.1","meth",3.22564281788331e-05,0.954389132046915,FALSE
5968,"FBL","exp",3.22508240362933e-05,0.954421382870951,FALSE
5969,"KLHL7.1","meth",3.22443496308682e-05,0.954453627220582,FALSE
5970,"FAM151B","exp",3.2216232546776e-05,0.954485843453129,FALSE
5971,"GMIP.1","meth",3.2193690401771e-05,0.95451803714353,FALSE
5972,"LOC283392;TRHDE","meth",3.21570546705768e-05,0.954550194198201,FALSE
5973,"ACOX3","exp",3.2154478926064e-05,0.954582348677127,FALSE
5974,"C16orf93","exp",3.21527179578767e-05,0.954614501395085,FALSE
5975,"SRXN1","exp",3.21435743568907e-05,0.954646644969442,FALSE
5976,"DYDC1;DYDC2","meth",3.21417228580006e-05,0.9546787866923,FALSE
5977,"ABCA7.1","meth",3.2139994013611e-05,0.954710926686314,FALSE
5978,"ASTN2.1","meth",3.21376460560279e-05,0.95474306433237,FALSE
5979,"PON2.1","meth",3.21364603958554e-05,0.954775200792765,FALSE
5980,"TRIB2.1","meth",3.2119104784019e-05,0.95480731989755,FALSE
5981,"SIRT2","exp",3.21141460377801e-05,0.954839434043587,FALSE
5982,"TPRG1L","meth",3.21120025043646e-05,0.954871546046092,FALSE
5983,"ISCA2","exp",3.20994683825404e-05,0.954903645514474,FALSE
5984,"CENPC1","exp",3.2088666025451e-05,0.9549357341805,FALSE
5985,"KIAA1614","exp",3.20794143716906e-05,0.954967813594871,FALSE
5986,"PSEN2","exp",3.20777205714441e-05,0.954999891315443,FALSE
5987,"GDAP2","exp",3.20651630868579e-05,0.95503195647853,FALSE
5988,"HIST1H4A","meth",3.20186478276741e-05,0.955063975126357,FALSE
5989,"STXBP1.1","meth",3.19978724915469e-05,0.955095972998849,FALSE
5990,"CYP2R1.1","meth",3.19889303943834e-05,0.955127961929243,FALSE
5991,"DNAJC30","exp",3.19827129793406e-05,0.955159944642223,FALSE
5992,"TRIML1","meth",3.19749915864926e-05,0.955191919633809,FALSE
5993,"FLJ40330","exp",3.19545958952483e-05,0.955223874229704,FALSE
5994,"MARVELD3.1","meth",3.19466905206495e-05,0.955255820920225,FALSE
5995,"NUP43","meth",3.19411769088125e-05,0.955287762097134,FALSE
5996,"ZKSCAN3","exp",3.19301555258291e-05,0.95531969225266,FALSE
5997,"TSGA14.1","meth",3.19054786084445e-05,0.955351597731268,FALSE
5998,"ST7L","exp",3.18945565171997e-05,0.955383492287785,FALSE
5999,"ARL6","exp",3.18846565467933e-05,0.955415376944332,FALSE
6000,"DNAH9.1","meth",3.1871231719667e-05,0.955447248176052,FALSE
6001,"FKBP3;FANCM","meth",3.18622458173247e-05,0.955479110421869,FALSE
6002,"PECI","exp",3.18589925527133e-05,0.955510969414422,FALSE
6003,"AKAP13.1","meth",3.18536307988294e-05,0.95554282304522,FALSE
6004,"EDA","exp",3.18424049916784e-05,0.955574665450212,FALSE
6005,"TEKT5","exp",3.18415493305193e-05,0.955606506999543,FALSE
6006,"CLEC9A","exp",3.18394788057352e-05,0.955638346478348,FALSE
6007,"FOXG1","meth",3.18128627791028e-05,0.955670159341128,FALSE
6008,"C16orf86;C16orf48","meth",3.18095919924199e-05,0.95570196893312,FALSE
6009,"C21orf71","exp",3.17989619357004e-05,0.955733767895056,FALSE
6010,"PFKP","exp",3.1785756134468e-05,0.95576555365119,FALSE
6011,"PKDREJ","exp",3.17853998523472e-05,0.955797339051043,FALSE
6012,"PCDH19","exp",3.17832154340982e-05,0.955829122266477,FALSE
6013,"SKIL","exp",3.17655531860104e-05,0.955860887819663,FALSE
6014,"NCK2","exp",3.17584100215225e-05,0.955892646229684,FALSE
6015,"CALHM2.1","meth",3.17433848451977e-05,0.955924389614529,FALSE
6016,"SCARNA5","exp",3.17430198020411e-05,0.955956132634331,FALSE
6017,"HGF","exp",3.17210588057414e-05,0.955987853693137,FALSE
6018,"TOMM40L.1","meth",3.17167658982201e-05,0.956019570459035,FALSE
6019,"C1orf228","exp",3.17143186488984e-05,0.956051284777684,FALSE
6020,"FGF14","exp",3.16896855366925e-05,0.956082974463221,FALSE
6021,"HLX.1","meth",3.1679055479973e-05,0.956114653518701,FALSE
6022,"GALT","exp",3.16684429453249e-05,0.956146321961646,FALSE
6023,"UBFD1;EARS2","meth",3.16575763406399e-05,0.956177979537987,FALSE
6024,"RAC3.1","meth",3.16548341364477e-05,0.956209634372123,FALSE
6025,"PSMC3IP.1","meth",3.16470046908254e-05,0.956241281376814,FALSE
6026,"C9orf68","exp",3.16429600126506e-05,0.956272924336827,FALSE
6027,"RPS9","meth",3.16428753226382e-05,0.95630456721215,FALSE
6028,"EVI5L","exp",3.16344530469297e-05,0.956336201665196,FALSE
6029,"AMPD2","exp",3.16250028096922e-05,0.956367826668006,FALSE
6030,"CBX7","exp",3.16103485172145e-05,0.956399437016523,FALSE
6031,"CHRNB2","exp",3.16062950780039e-05,0.956431043311601,FALSE
6032,"AGAP2","exp",3.16008690765245e-05,0.956462644180678,FALSE
6033,"CD101","exp",3.15965790893484e-05,0.956494240759767,FALSE
6034,"DAND5","exp",3.15955423667837e-05,0.956525836302134,FALSE
6035,"TMEM171.1","meth",3.1593579894774e-05,0.956557429882029,FALSE
6036,"CDC42EP5","meth",3.15704390789922e-05,0.956589000321108,FALSE
6037,"CORO2B","exp",3.15588453083393e-05,0.956620559166416,FALSE
6038,"NPAS2.1","meth",3.15496958666628e-05,0.956652108862283,FALSE
6039,"ALDH1A2.1","meth",3.15349744062444e-05,0.956683643836689,FALSE
6040,"BMP6.1","meth",3.15330791021754e-05,0.956715176915791,FALSE
6041,"NPR2","exp",3.15299222089573e-05,0.956746706838,FALSE
6042,"CERCAM","exp",3.15269989433595e-05,0.956778233836944,FALSE
6043,"FAM161A","exp",3.15249751440994e-05,0.956809758812088,FALSE
6044,"RSPH9","exp",3.15222475416334e-05,0.956841281059629,FALSE
6045,"MED13L.1","meth",3.15210239169726e-05,0.956872802083546,FALSE
6046,"SYCE2","exp",3.15187956935448e-05,0.95690432087924,FALSE
6047,"COX7B","exp",3.15123300491555e-05,0.956935833209289,FALSE
6048,"UNC45B","exp",3.14965222203031e-05,0.95696732973151,FALSE
6049,"LRRC37B","exp",3.14948430217828e-05,0.956998824574531,FALSE
6050,"H2AFB1","exp",3.14838450015615e-05,0.957030308419533,FALSE
6051,"KLRC3","exp",3.1473874942869e-05,0.957061782294476,FALSE
6052,"CA7","meth",3.1465528596137e-05,0.957093247823072,FALSE
6053,"DYNC1LI2","meth",3.14603975495282e-05,0.957124708220621,FALSE
6054,"MID1IP1.1","meth",3.14597696752988e-05,0.957156167990297,FALSE
6055,"GLS.1","meth",3.14588789699968e-05,0.957187626869267,FALSE
6056,"MINPP1","exp",3.14577429556935e-05,0.957219084612222,FALSE
6057,"TBC1D10B","meth",3.1456615702426e-05,0.957250541227925,FALSE
6058,"ZNF627","exp",3.14519402296766e-05,0.957281993168154,FALSE
6059,"NIPAL3.1","meth",3.14514642134004e-05,0.957313444632368,FALSE
6060,"POLS","meth",3.14451971524883e-05,0.95734488982952,FALSE
6061,"AIFM2","exp",3.1439391506126e-05,0.957376329221026,FALSE
6062,"C14orf167","exp",3.14349116965085e-05,0.957407764132723,FALSE
6063,"TPO","meth",3.14335683376923e-05,0.957439197701061,FALSE
6064,"WDR76.1","meth",3.14286095914534e-05,0.957470626310652,FALSE
6065,"ZNF718.1","meth",3.13939976595193e-05,0.957502020308312,FALSE
6066,"CENPB","meth",3.13911999687673e-05,0.95753341150828,FALSE
6067,"MARCH9","exp",3.13889921877563e-05,0.957564800500468,FALSE
6068,"DEFB126","meth",3.13861010459562e-05,0.957596186601514,FALSE
6069,"STRA6","meth",3.13793200042796e-05,0.957627565921518,FALSE
6070,"HIST1H2BJ.1","meth",3.13791126597667e-05,0.957658945034178,FALSE
6071,"KIAA0240","exp",3.13753424940455e-05,0.957690320376672,FALSE
6072,"POLR3G","exp",3.13650599584111e-05,0.95772168543663,FALSE
6073,"LNP1","exp",3.1362227223516e-05,0.957753047663854,FALSE
6074,"PLEKHM1P","exp",3.13572947603843e-05,0.957784404958614,FALSE
6075,"WDR7.1","meth",3.1345753555946e-05,0.95781575071217,FALSE
6076,"MESP1","exp",3.13452395751815e-05,0.957847095951745,FALSE
6077,"ABHD3","exp",3.13405991465751e-05,0.957878436550892,FALSE
6078,"MYOZ1","exp",3.13404268462052e-05,0.957909776977738,FALSE
6079,"CCT7;C2orf7","meth",3.13201421280805e-05,0.957941097119866,FALSE
6080,"ABTB1.1","meth",3.13159835564408e-05,0.957972413103423,FALSE
6081,"DOCK5","exp",3.13013993522492e-05,0.958003714502775,FALSE
6082,"CANX","meth",3.13003188245057e-05,0.958035014821599,FALSE
6083,"CHAD;ACSF2","meth",3.12971298074898e-05,0.958066311951407,FALSE
6084,"OLIG2","meth",3.12944810543457e-05,0.958097606432461,FALSE
6085,"B4GALNT1.1","meth",3.12915227446048e-05,0.958128897955206,FALSE
6086,"TPRXL","exp",3.12865756797469e-05,0.958160184530886,FALSE
6087,"SRF","meth",3.12800749912145e-05,0.958191464605877,FALSE
6088,"DPY19L3.1","meth",3.12775868570593e-05,0.958222742192734,FALSE
6089,"CEP76","exp",3.12555207283305e-05,0.958253997713462,FALSE
6090,"TSPAN13","exp",3.12444234163705e-05,0.958285242136879,FALSE
6091,"PIAS1.1","meth",3.12379227278382e-05,0.958316480059606,FALSE
6092,"RORA","exp",3.12166100481845e-05,0.958347696669655,FALSE
6093,"ZNF155","exp",3.12080008703798e-05,0.958378904670525,FALSE
6094,"FZD4","exp",3.11809847564478e-05,0.958410085655282,FALSE
6095,"CLGN","exp",3.11808124560779e-05,0.958441266467738,FALSE
6096,"CALM1","meth",3.11779213142778e-05,0.958472444389052,FALSE
6097,"GALNT5.1","meth",3.11638218873981e-05,0.958503608210939,FALSE
6098,"YWHAQ","meth",3.11622273788902e-05,0.958534770438318,FALSE
6099,"SET","meth",3.11414987682871e-05,0.958565911937086,FALSE
6100,"C12orf32","exp",3.11401583298162e-05,0.958597052095416,FALSE
6101,"S100A1","exp",3.11258573991141e-05,0.958628177952815,FALSE
6102,"RDH5","exp",3.11237897946752e-05,0.95865930174261,FALSE
6103,"COBL","exp",3.11142490267349e-05,0.958690415991637,FALSE
6104,"CHD4","meth",3.10984645606445e-05,0.958721514456197,FALSE
6105,"MYH10","exp",3.10894027293256e-05,0.958752603858927,FALSE
6106,"KIF17","exp",3.10886229971431e-05,0.958783692481924,FALSE
6107,"CHEK1","exp",3.10865115875255e-05,0.958814778993511,FALSE
6108,"CACNA1B","exp",3.10805978883889e-05,0.9588458595914,FALSE
6109,"EPHB2.1","meth",3.10782236476985e-05,0.958876937815047,FALSE
6110,"TMEM42.1","meth",3.10640307697708e-05,0.958908001845817,FALSE
6111,"CD300LF;RAB37","meth",3.10609498055293e-05,0.958939062795623,FALSE
6112,"MGAM.1","meth",3.10538154020771e-05,0.958970116611025,FALSE
6113,"TRIM68","exp",3.10496947949257e-05,0.95900116630582,FALSE
6114,"RAB37;CD300LF","meth",3.10387201374663e-05,0.959032205025957,FALSE
6115,"SEMA3E","meth",3.10377973083665e-05,0.959063242823265,FALSE
6116,"H2AFY","meth",3.10165079914749e-05,0.959094259331257,FALSE
6117,"EOMES.1","meth",3.10062400575667e-05,0.959125265571315,FALSE
6118,"LACE1.1","meth",3.100385121515e-05,0.95915626942253,FALSE
6119,"NOS1","meth",3.10007089236582e-05,0.959187270131453,FALSE
6120,"RPL32;SNORA7A","meth",3.09957560181098e-05,0.959218265887471,FALSE
6121,"SYTL1","exp",3.09906629359892e-05,0.959249256550407,FALSE
6122,"ANXA8","exp",3.09842031322904e-05,0.95928024075354,FALSE
6123,"GPRC5D","exp",3.09823224299477e-05,0.95931122307597,FALSE
6124,"BMP4","exp",3.0977389966816e-05,0.959342200465936,FALSE
6125,"USMG5;PDCD11","meth",3.09735380314278e-05,0.959373174003968,FALSE
6126,"SLC35D2","exp",3.09727495382096e-05,0.959404146753506,FALSE
6127,"DNAJC24","exp",3.09482828856831e-05,0.959435095036392,FALSE
6128,"GNE","exp",3.09420654706403e-05,0.959466037101862,FALSE
6129,"PIPOX","exp",3.09213981872875e-05,0.95949695850005,FALSE
6130,"C6orf70;TCTE3","meth",3.09107214050439e-05,0.959527869221455,FALSE
6131,"LRRC56.1","meth",3.09077192901242e-05,0.959558776940745,FALSE
6132,"ANAPC10","exp",3.09055815973993e-05,0.959589682522342,FALSE
6133,"ASPHD1.1","meth",3.08731424023332e-05,0.959620555664744,FALSE
6134,"SCYL3.1","meth",3.08623050011007e-05,0.959651417969746,FALSE
6135,"DZIP1L","exp",3.08443594795233e-05,0.959682262329225,FALSE
6136,"ATP6V1A;NAA50","meth",3.08380281710157e-05,0.959713100357396,FALSE
6137,"POLR3D","exp",3.0833904643519e-05,0.95974393426204,FALSE
6138,"DPH2.1","meth",3.08315450045548e-05,0.959774765807044,FALSE
6139,"PHF2.1","meth",3.08226700753321e-05,0.95980558847712,FALSE
6140,"UTP20","exp",3.08147354972807e-05,0.959836403212617,FALSE
6141,"KCNK1","exp",3.08072097675647e-05,0.959867210422385,FALSE
6142,"FICD.1","meth",3.08001571337797e-05,0.959898010579518,FALSE
6143,"CBL.1","meth",3.07973302395751e-05,0.959928807909758,FALSE
6144,"ASB1","exp",3.07922634405618e-05,0.959959600173198,FALSE
6145,"YJEFN3","exp",3.07871586770602e-05,0.959990387331876,FALSE
6146,"RBBP7","meth",3.07745252634974e-05,0.960021161857139,FALSE
6147,"PKD1L1","exp",3.0762671582117e-05,0.960051924528721,FALSE
6148,"ZNF395","exp",3.07591438050518e-05,0.960082683672526,FALSE
6149,"LAYN","exp",3.07536331135601e-05,0.96011343730564,FALSE
6150,"C14orf50","exp",3.07471295046826e-05,0.960144184435144,FALSE
6151,"C22orf25","exp",3.07432366844608e-05,0.960174927671829,FALSE
6152,"ZNF202.1","meth",3.07416830607864e-05,0.96020566935489,FALSE
6153,"SYCE1","exp",3.07366250228089e-05,0.960236405979913,FALSE
6154,"DFNA5.1","meth",3.07243216082596e-05,0.960267130301521,FALSE
6155,"C1D.1","meth",3.07172426913672e-05,0.960297847544212,FALSE
6156,"NEK3","exp",3.07047844985195e-05,0.960328552328711,FALSE
6157,"UBL3.1","meth",3.06959592151661e-05,0.960359248287926,FALSE
6158,"ZNF558","exp",3.06857555288535e-05,0.960389934043455,FALSE
6159,"DARC.1","meth",3.06811443036996e-05,0.960420615187758,FALSE
6160,"C20orf46","exp",3.06728359214558e-05,0.96045128802368,FALSE
6161,"FYTTD1;KIAA0226","meth",3.06534389882879e-05,0.960481941462668,FALSE
6162,"PSMB3","meth",3.0652168638103e-05,0.960512593631306,FALSE
6163,"STYK1.1","meth",3.06514239500636e-05,0.960543245055256,FALSE
6164,"SCNN1B.1","meth",3.06345034696699e-05,0.960573879558726,FALSE
6165,"VPS52;RPS18","meth",3.06163126390914e-05,0.960604495871365,FALSE
6166,"CHP2","meth",3.06087401838513e-05,0.960635104611549,FALSE
6167,"WDR27","exp",3.06074260284876e-05,0.960665712037577,FALSE
6168,"CNNM4.1","meth",3.06072362060462e-05,0.960696319273784,FALSE
6169,"TMEM38B","exp",3.06068302780561e-05,0.960726926104062,FALSE
6170,"C21orf66;C21orf49","meth",3.0585246006294e-05,0.960757511350068,FALSE
6171,"SLC27A1","exp",3.05833945074038e-05,0.960788094744575,FALSE
6172,"BAG4","exp",3.05748904620282e-05,0.960818669635037,FALSE
6173,"PCDHB9","exp",3.05316722726346e-05,0.96084920130731,FALSE
6174,"RPL31P11","exp",3.05255921138187e-05,0.960879726899424,FALSE
6175,"SCARB1","exp",3.05240034460012e-05,0.96091025090287,FALSE
6176,"LEFTY1","exp",3.05205778810199e-05,0.960940771480751,FALSE
6177,"BMP6","exp",3.05193863801568e-05,0.960971290867131,FALSE
6178,"CLUL1.1","meth",3.05178824023517e-05,0.961001808749533,FALSE
6179,"DUSP16","exp",3.05145356866922e-05,0.96103232328522,FALSE
6180,"YARS2","exp",3.05141209976664e-05,0.961062837406218,FALSE
6181,"PLK1S1.1","meth",3.05107684413164e-05,0.961093348174659,FALSE
6182,"NRN1L","exp",3.05086482706629e-05,0.96112385682293,FALSE
6183,"UCN.1","meth",3.04576882460047e-05,0.961154314511176,FALSE
6184,"S100A16","exp",3.04537078154254e-05,0.961184768218991,FALSE
6185,"DCXR.1","meth",3.04510035757214e-05,0.961215219222567,FALSE
6186,"ALS2CL","exp",3.04459426173987e-05,0.961245665165184,FALSE
6187,"DAB2","exp",3.04423885572262e-05,0.961276107553741,FALSE
6188,"SYNE2","exp",3.04332566376213e-05,0.961306540810379,FALSE
6189,"MEGF11","exp",3.04218964945886e-05,0.961336962706874,FALSE
6190,"COQ10B","meth",3.04195835811485e-05,0.961367382290455,FALSE
6191,"MYBL1.1","meth",3.04148876659823e-05,0.961397797178121,FALSE
6192,"FDX1L","exp",3.04099873266484e-05,0.961428207165447,FALSE
6193,"TPM2","exp",3.04032121256623e-05,0.961458610377573,FALSE
6194,"LCE2D","meth",3.03993514292383e-05,0.961489009729002,FALSE
6195,"MCM2","exp",3.03869691653672e-05,0.961519396698168,FALSE
6196,"CBLB.1","meth",3.03776883081544e-05,0.961549774386476,FALSE
6197,"GZMB.1","meth",3.03762368965638e-05,0.961580150623372,FALSE
6198,"OXR1.1","meth",3.03691550593262e-05,0.961610519778432,FALSE
6199,"LHX1","meth",3.0351615465739e-05,0.961640871393897,FALSE
6200,"RNF38.1","meth",3.03489053853445e-05,0.961671220299283,FALSE
6201,"SSSCA1.1","meth",3.03408277103758e-05,0.961701561126993,FALSE
6202,"PSMB4","meth",3.03286995165416e-05,0.96173188982651,FALSE
6203,"LOC442308","exp",3.03216410420661e-05,0.961762211467552,FALSE
6204,"FHOD1.1","meth",3.03169743303524e-05,0.961792528441882,FALSE
6205,"ATP8A1","exp",3.03063851584664e-05,0.961822834827041,FALSE
6206,"KIF26B","exp",3.03038386174061e-05,0.961853138665658,FALSE
6207,"PTPDC1","exp",3.03003458844839e-05,0.961883439011542,FALSE
6208,"TECPR1","exp",3.02949490864571e-05,0.961913733960629,FALSE
6209,"NFIA.1","meth",3.02713234933634e-05,0.961944005284122,FALSE
6210,"NCRNA00085","exp",3.02700794262858e-05,0.961974275363548,FALSE
6211,"BET1.1","meth",3.02603692783208e-05,0.962004535732827,FALSE
6212,"MS4A6A","exp",3.02453353409603e-05,0.962034781068168,FALSE
6213,"SPSB1.1","meth",3.02438722479887e-05,0.962065024940416,FALSE
6214,"TWIST1.1","meth",3.02265575209859e-05,0.962095251497937,FALSE
6215,"IQCD","exp",3.02166809133416e-05,0.96212546817885,FALSE
6216,"LGI1","meth",3.02156120669791e-05,0.962155683790917,FALSE
6217,"AK7.1","meth",3.02128172965724e-05,0.962185896608213,FALSE
6218,"TYW3;CRYZ","meth",3.02111118149448e-05,0.962216107720028,FALSE
6219,"PCDH9.1","meth",3.02066962529229e-05,0.962246314416281,FALSE
6220,"MBIP","exp",3.02066845715419e-05,0.962276521100853,FALSE
6221,"ACTR5.1","meth",3.0195125845032e-05,0.962306716226698,FALSE
6222,"MAFF.1","meth",3.01938671762281e-05,0.962336910093874,FALSE
6223,"PRSS21.1","meth",3.01828691560067e-05,0.96236709296303,FALSE
6224,"ADAMTS10.1","meth",3.01782404087813e-05,0.962397271203439,FALSE
6225,"MUS81;CFL1","meth",3.0163405054898e-05,0.962427434608494,FALSE
6226,"CKB.1","meth",3.01439701572418e-05,0.962457578578651,FALSE
6227,"PRDM10","exp",3.01275373745053e-05,0.962487706116025,FALSE
6228,"SCNN1D","exp",3.01098430026197e-05,0.962517815959028,FALSE
6229,"RECQL5","exp",3.01068146045927e-05,0.962547922773633,FALSE
6230,"SERPINH1","exp",3.01034240837544e-05,0.962578026197716,FALSE
6231,"CTPS2","exp",3.00973439249384e-05,0.962608123541641,FALSE
6232,"TSPAN2","exp",3.00855106859748e-05,0.962638209052327,FALSE
6233,"RPS10.1","meth",3.00610177503411e-05,0.962668270070078,FALSE
6234,"CD28.1","meth",3.00587661641513e-05,0.962698328836242,FALSE
6235,"SLMAP","exp",3.00449295683444e-05,0.96272837376581,FALSE
6236,"NAA25.1","meth",3.00405432097749e-05,0.96275841430902,FALSE
6237,"PEX5L","exp",3.00390041878268e-05,0.962788453313208,FALSE
6238,"AMY2A","exp",3.0037815607309e-05,0.962818491128815,FALSE
6239,"TTLL1.1","meth",3.00367438406013e-05,0.962848527872656,FALSE
6240,"ZFHX3","exp",3.00226444137216e-05,0.962878550517069,FALSE
6241,"PSPN","exp",3.00128057705655e-05,0.96290856332284,FALSE
6242,"NOL12.1","meth",3.00082383505904e-05,0.96293857156119,FALSE
6243,"RPS26","exp",3.00014835920211e-05,0.962968573044783,FALSE
6244,"CRTAM","exp",2.99875068196421e-05,0.962998560551602,FALSE
6245,"ADRA2C","exp",2.9984084175006e-05,0.963028544635777,FALSE
6246,"ARHGEF2.1","meth",2.99708550110116e-05,0.963058515490788,FALSE
6247,"ZSCAN23","exp",2.99544251486204e-05,0.963088469915937,FALSE
6248,"GEN1","exp",2.99467066761177e-05,0.963118416622613,FALSE
6249,"C12orf71","exp",2.99400453685965e-05,0.963148356667981,FALSE
6250,"ZNF563.1","meth",2.99221874573767e-05,0.963178278855439,FALSE
6251,"SERTAD1.1","meth",2.99161365020133e-05,0.963208194991941,FALSE
6252,"LRRC10B","exp",2.9913890756514e-05,0.963238108882697,FALSE
6253,"LOC550643","exp",2.99003111510893e-05,0.963268009193848,FALSE
6254,"LILRA6","exp",2.98913748946163e-05,0.963297900568743,FALSE
6255,"LOC404266;HOXB6","meth",2.98839864211271e-05,0.963327784555164,FALSE
6256,"SNX21.1","meth",2.98751728191547e-05,0.963357659727983,FALSE
6257,"HIST2H4A","exp",2.98709616813004e-05,0.963387530689665,FALSE
6258,"RAP1B","meth",2.98582786218683e-05,0.963417388968287,FALSE
6259,"ERAP2","exp",2.98484575007837e-05,0.963447237425787,FALSE
6260,"TTC33","exp",2.98422751298839e-05,0.963477079700917,FALSE
6261,"CALB1.1","meth",2.98344632063332e-05,0.963506914164124,FALSE
6262,"HOXC9","meth",2.98029147165691e-05,0.96353671707884,FALSE
6263,"MDFI.1","meth",2.98015859594792e-05,0.9635665186648,FALSE
6264,"SEMA5A","exp",2.98004207417234e-05,0.963596319085541,FALSE
6265,"MN1.1","meth",2.97820780531917e-05,0.963626101163594,FALSE
6266,"UBE4A","meth",2.97681188028841e-05,0.963655869282397,FALSE
6267,"ATG9B","exp",2.97664250026376e-05,0.9636856357074,FALSE
6268,"CRX","meth",2.97552546820463e-05,0.963715390962082,FALSE
6269,"CHAC1","exp",2.97327358998034e-05,0.963745123697982,FALSE
6270,"PLCH1","exp",2.97111136635529e-05,0.963774834811645,FALSE
6271,"LARGE","exp",2.97051532388923e-05,0.963804539964884,FALSE
6272,"C9orf7.1","meth",2.97017072314942e-05,0.963834241672116,FALSE
6273,"APOO","exp",2.96983371530727e-05,0.963863940009269,FALSE
6274,"LOC100131193","exp",2.96870587797071e-05,0.963893627068048,FALSE
6275,"TP53INP1","exp",2.96806719846396e-05,0.963923307740033,FALSE
6276,"FAM109B","exp",2.96697907782283e-05,0.963952977530811,FALSE
6277,"BMP15","meth",2.96669405212618e-05,0.963982644471333,FALSE
6278,"RAD21","meth",2.96639325656516e-05,0.964012308403898,FALSE
6279,"ZNF256","exp",2.9660828238648e-05,0.964041969232137,FALSE
6280,"ARPC3","meth",2.96527943688581e-05,0.964071622026506,FALSE
6281,"OXSM;NGLY1","meth",2.96489949996844e-05,0.964101271021505,FALSE
6282,"FAM86A.1","meth",2.96321095634338e-05,0.964130903131069,FALSE
6283,"NLRP2","exp",2.96293848813131e-05,0.96416053251595,FALSE
6284,"PARL","meth",2.96125841350747e-05,0.964190145100085,FALSE
6285,"YES1","exp",2.96117518366777e-05,0.964219756851922,FALSE
6286,"GPNMB","exp",2.96077188398839e-05,0.964249364570762,FALSE
6287,"SEMA3C.1","meth",2.96067930904388e-05,0.964278971363852,FALSE
6288,"SFXN1","exp",2.95958271940152e-05,0.964308567191046,FALSE
6289,"ATL2.1","meth",2.95922848152238e-05,0.964338159475861,FALSE
6290,"MYRIP.1","meth",2.95911254381585e-05,0.9643677506013,FALSE
6291,"ZNF498","meth",2.9588137924965e-05,0.964397338739225,FALSE
6292,"CCDC123","exp",2.95673713498736e-05,0.964426906110574,FALSE
6293,"RSAD1","exp",2.95647751629441e-05,0.964456470885737,FALSE
6294,"KIF20B.1","meth",2.95601464157187e-05,0.964486031032153,FALSE
6295,"ENTPD4","exp",2.95599098677532e-05,0.964515590942021,FALSE
6296,"ANKRD29","exp",2.95569661597386e-05,0.96454514790818,FALSE
6297,"VDAC1","meth",2.95472822948809e-05,0.964574695190475,FALSE
6298,"ADCY1.1","meth",2.9542487087976e-05,0.964604237677563,FALSE
6299,"ANKRD27;RGS9BP","meth",2.9527943768618e-05,0.964633765621332,FALSE
6300,"CUEDC2","exp",2.95199858278046e-05,0.96466328560716,FALSE
6301,"ZNF101","exp",2.95024257918006e-05,0.964692788032952,FALSE
6302,"ZNF75D.1","meth",2.94911444980897e-05,0.96472227917745,FALSE
6303,"PIN4","exp",2.9483101867264e-05,0.964751762279317,FALSE
6304,"LCAT","exp",2.9477275778485e-05,0.964781239555095,FALSE
6305,"TOX2","exp",2.94709853548109e-05,0.96481071054045,FALSE
6306,"LOC728743","exp",2.94663128024067e-05,0.964840176853253,FALSE
6307,"PNPLA3.1","meth",2.94469567540723e-05,0.964869623810007,FALSE
6308,"DISP1.1","meth",2.94434611008049e-05,0.964899067271108,FALSE
6309,"C19orf10","exp",2.94408765952563e-05,0.964928508147703,FALSE
6310,"BACE1.1","meth",2.94328544068474e-05,0.96495794100211,FALSE
6311,"GRIA4","exp",2.94311868897081e-05,0.964987372188999,FALSE
6312,"NSMCE2;KIAA0196","meth",2.94236144344681e-05,0.965016795803434,FALSE
6313,"ZNF117","exp",2.94163748985868e-05,0.965046212178332,FALSE
6314,"EPCAM.1","meth",2.93919286884771e-05,0.965075604107021,FALSE
6315,"ATP11B.1","meth",2.93909854169605e-05,0.965104995092438,FALSE
6316,"ZNF584.1","meth",2.9385985785888e-05,0.965134381078224,FALSE
6317,"NDUFB5;MRPL47","meth",2.9380898544458e-05,0.965163761976768,FALSE
6318,"PANX1","exp",2.93613497533369e-05,0.965193123326521,FALSE
6319,"KIF1B.1","meth",2.93306248009341e-05,0.965222453951322,FALSE
6320,"FANCB","exp",2.92951718095673e-05,0.965251749123132,FALSE
6321,"NCRNA00189","exp",2.92913607590126e-05,0.965281040483891,FALSE
6322,"TPTE2P1","exp",2.92862530751658e-05,0.965310326736966,FALSE
6323,"CHRAC1","exp",2.92785754874966e-05,0.965339605312454,FALSE
6324,"C1orf216","exp",2.92661143743037e-05,0.965368871426828,FALSE
6325,"PAG1","exp",2.92645811930461e-05,0.965398136008021,FALSE
6326,"B3GNT8.1","meth",2.92472109794835e-05,0.965427383219,FALSE
6327,"PAAF1","exp",2.92396122411361e-05,0.965456622831242,FALSE
6328,"ASTE1","exp",2.92389902075973e-05,0.965485861821449,FALSE
6329,"SLC43A1","exp",2.92267481202983e-05,0.96551508856957,FALSE
6330,"CDCP2","exp",2.9222697601433e-05,0.965544311267171,FALSE
6331,"FIBCD1","exp",2.92204372542074e-05,0.965573531704425,FALSE
6332,"RNF183","exp",2.92077687965015e-05,0.965602739473222,FALSE
6333,"SGOL1.1","meth",2.92047082746768e-05,0.965631944181496,FALSE
6334,"SGK3","exp",2.91955500719646e-05,0.965661139731568,FALSE
6335,"ZNF660","exp",2.91871745217801e-05,0.96569032690609,FALSE
6336,"NAALAD2.1","meth",2.91828494904609e-05,0.96571950975558,FALSE
6337,"EHD3.1","meth",2.91794735713489e-05,0.965748689229152,FALSE
6338,"CCDC66","exp",2.91718952754183e-05,0.965777861124427,FALSE
6339,"GDF9","exp",2.91641154756654e-05,0.965807025239903,FALSE
6340,"TMSB15A","exp",2.91618200842968e-05,0.965836187059987,FALSE
6341,"C7orf53","exp",2.91571008063686e-05,0.965865344160794,FALSE
6342,"STRN3","exp",2.91462546441003e-05,0.965894490415438,FALSE
6343,"TTC14.1","meth",2.9142887486024e-05,0.965923633302924,FALSE
6344,"TXNDC3","exp",2.91410914736937e-05,0.965952774394398,FALSE
6345,"ALG5.1","meth",2.91368569730774e-05,0.96598191125137,FALSE
6346,"FOXP4","exp",2.913116522018e-05,0.966011042416591,FALSE
6347,"CCDC28A.1","meth",2.91206957824494e-05,0.966040163112373,FALSE
6348,"RCBTB1.1","meth",2.90940242692572e-05,0.966069257136642,FALSE
6349,"LINGO1","exp",2.90910192339922e-05,0.966098348155876,FALSE
6350,"ASH1L","exp",2.90891151688875e-05,0.966127437271045,FALSE
6351,"HRNR","exp",2.90701913316505e-05,0.966156507462377,FALSE
6352,"DUS3L","exp",2.9054879961491e-05,0.966185562342338,FALSE
6353,"RAB3C","exp",2.90521728014419e-05,0.96621461451514,FALSE
6354,"NCK1.1","meth",2.90403862880023e-05,0.966243654901428,FALSE
6355,"TROAP.1","meth",2.90353107279532e-05,0.966272690212156,FALSE
6356,"ZNF732","exp",2.90210185582869e-05,0.966301711230714,FALSE
6357,"PLXDC2","exp",2.90176192764128e-05,0.966330728849991,FALSE
6358,"MRI1.1","meth",2.90028423294346e-05,0.96635973169232,FALSE
6359,"MBNL1;LOC401093","meth",2.90020771989784e-05,0.966388733769519,FALSE
6360,"CHCHD7","exp",2.90000387979921e-05,0.966417733808317,FALSE
6361,"LOC100286793","exp",2.89980704852918e-05,0.966446731878802,FALSE
6362,"PKD2L2","exp",2.89897328995956e-05,0.966475721611702,FALSE
6363,"DISP2.1","meth",2.89844908798671e-05,0.966504706102582,FALSE
6364,"NHLH1","exp",2.89804754051447e-05,0.966533686577987,FALSE
6365,"KIAA1217","exp",2.89678945577964e-05,0.966562654472545,FALSE
6366,"EMID1","exp",2.89663146510148e-05,0.966591620787196,FALSE
6367,"PBK","exp",2.8959647502803e-05,0.966620580434698,FALSE
6368,"SORCS3","meth",2.89510470860341e-05,0.966649531481784,FALSE
6369,"LDHA","exp",2.89490787733338e-05,0.966678480560558,FALSE
6370,"C2orf52","exp",2.89368074825823e-05,0.96670741736804,FALSE
6371,"CC2D2B","exp",2.89347515595244e-05,0.9667363521196,FALSE
6372,"SH2D4B","exp",2.89306922796233e-05,0.96676528281188,FALSE
6373,"RAVER2","exp",2.892811069442e-05,0.966794210922574,FALSE
6374,"INCA1;KIF1C","meth",2.89278069785137e-05,0.966823138729553,FALSE
6375,"APLP2","meth",2.89255057464546e-05,0.966852064235299,FALSE
6376,"LOC646851;CBY1","meth",2.88956130924488e-05,0.966880959848391,FALSE
6377,"ADCY5","exp",2.88783188078628e-05,0.966909838167199,FALSE
6378,"MYL6B","exp",2.88738857237693e-05,0.966938712052923,FALSE
6379,"LHPP","exp",2.88647859279621e-05,0.966967576838851,FALSE
6380,"CAMTA1","exp",2.88566673681598e-05,0.966996433506219,FALSE
6381,"IL18R1","exp",2.88561913518837e-05,0.967025289697571,FALSE
6382,"RFTN1","exp",2.88400710460892e-05,0.967054129768617,FALSE
6383,"ZFP64","exp",2.88320254949182e-05,0.967082961794112,FALSE
6384,"NEURL3","exp",2.88187671274713e-05,0.96711178056124,FALSE
6385,"IGHMBP2","exp",2.88030089444882e-05,0.967140583570184,FALSE
6386,"SORD.1","meth",2.87881268650808e-05,0.967169371697049,FALSE
6387,"CTU2","exp",2.87842778500378e-05,0.967198155974899,FALSE
6388,"FAM101B","exp",2.87697082475725e-05,0.967226925683147,FALSE
6389,"C19orf12.1","meth",2.87626059679181e-05,0.967255688289115,FALSE
6390,"C14orf102","meth",2.87606697790157e-05,0.967284448958894,FALSE
6391,"LRIG3.1","meth",2.8759390667795e-05,0.967313208349562,FALSE
6392,"PDE4C.1","meth",2.87408055906073e-05,0.967341949155152,FALSE
6393,"CDKN3.1","meth",2.8719253442643e-05,0.967370668408595,FALSE
6394,"CH25H","exp",2.87102237351219e-05,0.96739937863233,FALSE
6395,"TRUB1","exp",2.87017839373418e-05,0.967428080416267,FALSE
6396,"FBXL6","exp",2.87009341168733e-05,0.967456781350384,FALSE
6397,"INCA1","exp",2.86909640581808e-05,0.967485472314442,FALSE
6398,"DST","exp",2.86745195940633e-05,0.967514146834036,FALSE
6399,"TCP11L1.1","meth",2.86731645538661e-05,0.96754281999859,FALSE
6400,"CDH12.1","meth",2.86647422781575e-05,0.967571484740868,FALSE
6401,"GPAT2","exp",2.86579992009692e-05,0.967600142740069,FALSE
6402,"SERPINE2","exp",2.86533354096008e-05,0.967628796075479,FALSE
6403,"C6orf192.1","meth",2.865078302785e-05,0.967657446858507,FALSE
6404,"CST6","exp",2.86441275610193e-05,0.967686090986068,FALSE
6405,"AGAP1","exp",2.86362280271109e-05,0.967714727214095,FALSE
6406,"Pyrimidine metabolism ","path_mut",2.86330185676783e-05,0.967743360232662,FALSE
6407,"TJP3","exp",2.86293681361125e-05,0.967771989600799,FALSE
6408,"TOM1L1","exp",2.86259192083692e-05,0.967800615520007,FALSE
6409,"PIK3CB","exp",2.8617327552636e-05,0.96782923284756,FALSE
6410,"PDE6G","exp",2.86085957203306e-05,0.96785784144328,FALSE
6411,"ZNF513.1","meth",2.86040633444986e-05,0.967886445506624,FALSE
6412,"ZDBF2","exp",2.85824907541174e-05,0.967915027997378,FALSE
6413,"ARHGEF10L","exp",2.85708035324164e-05,0.967943598800911,FALSE
6414,"CTPS.1","meth",2.85444006909875e-05,0.967972143201602,FALSE
6415,"LOC441454","exp",2.85404290214439e-05,0.968000683630623,FALSE
6416,"KCTD15","exp",2.85295624167589e-05,0.96802921319304,FALSE
6417,"TERC.1","meth",2.85144729928386e-05,0.968057727666033,FALSE
6418,"LCK","exp",2.85141283920988e-05,0.968086241794425,FALSE
6419,"ABCC6P2","exp",2.84900472251457e-05,0.96811473184165,FALSE
6420,"AHNAK","exp",2.84795807077603e-05,0.968143211422358,FALSE
6421,"LPAR6","exp",2.84612935057884e-05,0.968171672715864,FALSE
6422,"QPCTL;SNRPD2","meth",2.8449728938588e-05,0.968200122444802,FALSE
6423,"MRPL28","exp",2.8429961121573e-05,0.968228552405924,FALSE
6424,"CLIP1.1","meth",2.84283286485768e-05,0.968256980734572,FALSE
6425,"TRIB3.1","meth",2.8426839272498e-05,0.968285407573845,FALSE
6426,"SLC23A2","exp",2.8426366176567e-05,0.968313833940022,FALSE
6427,"C4orf34.1","meth",2.84206598219434e-05,0.968342254599843,FALSE
6428,"C1D","exp",2.84188813316846e-05,0.968370673481175,FALSE
6429,"RAB7A","meth",2.84080994170119e-05,0.968399081580592,FALSE
6430,"TARS","meth",2.83973817499348e-05,0.968427478962342,FALSE
6431,"KLF2.1","meth",2.83823040073955e-05,0.96845586126635,FALSE
6432,"XPA.1","meth",2.8362033890997e-05,0.96848422330024,FALSE
6433,"BTBD7;KIAA1409","meth",2.83519294964229e-05,0.968512575229737,FALSE
6434,"PGM1","exp",2.83504576424156e-05,0.968540925687379,FALSE
6435,"CCND2","exp",2.83500896789138e-05,0.968569275777058,FALSE
6436,"STAB1.1","mut",2.83264348823676e-05,0.968597602211941,FALSE
6437,"HPGD.1","meth",2.83257047960544e-05,0.968625927916737,FALSE
6438,"ECH1.1","meth",2.83193063196059e-05,0.968654247223056,FALSE
6439,"NPRL2","exp",2.83076103368692e-05,0.968682554833393,FALSE
6440,"C1orf88.1","meth",2.82949681622706e-05,0.968710849801556,FALSE
6441,"THAP7","exp",2.82946673667095e-05,0.968739144468922,FALSE
6442,"TAF1D","exp",2.82750338855762e-05,0.968767419502808,FALSE
6443,"NAT6","exp",2.82714856660942e-05,0.968795690988474,FALSE
6444,"NDRG1","exp",2.82600233109777e-05,0.968823951011785,FALSE
6445,"LOC162632","exp",2.82517674949485e-05,0.96885220277928,FALSE
6446,"NPBWR1","meth",2.82407899171439e-05,0.968880443569197,FALSE
6447,"NETO1.1","meth",2.82178739679466e-05,0.968908661443165,FALSE
6448,"JMJD5.1","meth",2.82084938189952e-05,0.968936869936984,FALSE
6449,"HIVEP1.1","meth",2.82045776360114e-05,0.96896507451462,FALSE
6450,"CXCL2","exp",2.82031583482186e-05,0.968993277672968,FALSE
6451,"GRM4","exp",2.81951828853337e-05,0.969021472855853,FALSE
6452,"LDB1","exp",2.81793925785528e-05,0.969049652248432,FALSE
6453,"EMR3","exp",2.81789808098722e-05,0.969077831229242,FALSE
6454,"TPST2","exp",2.81469475427962e-05,0.969105978176785,FALSE
6455,"RCAN3","exp",2.81396992458792e-05,0.969134117876031,FALSE
6456,"C13orf30","meth",2.81393254416868e-05,0.969162257201472,FALSE
6457,"FMNL1.1","meth",2.8115016487804e-05,0.96919037221796,FALSE
6458,"IFT46","exp",2.81053530653631e-05,0.969218477571026,FALSE
6459,"ANKRD1","exp",2.80977017608012e-05,0.969246575272786,FALSE
6460,"CCDC157","exp",2.80894138209743e-05,0.969274664686607,FALSE
6461,"IMPA2.1","meth",2.80861868394701e-05,0.969302750873447,FALSE
6462,"CRTAP","meth",2.80800073889156e-05,0.969330830880836,FALSE
6463,"C14orf45;ENTPD5","meth",2.80658699975476e-05,0.969358896750833,FALSE
6464,"PKN3","exp",2.80279785178949e-05,0.969386924729351,FALSE
6465,"TYSND1","exp",2.80225846402133e-05,0.969414947313991,FALSE
6466,"SYNC.1","meth",2.80213989800407e-05,0.969442968712971,FALSE
6467,"ALOX15","exp",2.80149420966872e-05,0.969470983655068,FALSE
6468,"TNFRSF11A.1","meth",2.80083771605593e-05,0.969498992032229,FALSE
6469,"ISL1","meth",2.79997212572305e-05,0.969526991753486,FALSE
6470,"MYO1F.1","meth",2.79972009992775e-05,0.969554988954485,FALSE
6471,"ANKRD27","exp",2.79902534979215e-05,0.969582979207983,FALSE
6472,"GPN1;CCDC121","meth",2.79889714663556e-05,0.96961096817945,FALSE
6473,"POC5","exp",2.79840740473669e-05,0.969638952253497,FALSE
6474,"ETAA1.1","meth",2.79832388286247e-05,0.969666935492325,FALSE
6475,"ZNF688.1","meth",2.79288736814019e-05,0.969694864366007,FALSE
6476,"FAM13B.1","meth",2.79250334273947e-05,0.969722789399434,FALSE
6477,"TNFRSF6B","exp",2.79199578673456e-05,0.969750709357302,FALSE
6478,"IDO1","exp",2.79102944449047e-05,0.969778619651746,FALSE
6479,"GSTM2P1","exp",2.79027774762245e-05,0.969806522429223,FALSE
6480,"PPP4R4","exp",2.78974945716625e-05,0.969834419923794,FALSE
6481,"ECH1","exp",2.78954941351644e-05,0.96986231541793,FALSE
6482,"FBXL6;GPR172A","meth",2.7892217507791e-05,0.969890207635437,FALSE
6483,"RSAD2","exp",2.78916714032287e-05,0.969918099306841,FALSE
6484,"SEC31B","exp",2.7867131742071e-05,0.969945966438583,FALSE
6485,"SOCS5.1","meth",2.78605346821453e-05,0.969973826973265,FALSE
6486,"TMEM47.1","meth",2.78452320730215e-05,0.970001672205338,FALSE
6487,"RCN2","exp",2.78425219926271e-05,0.97002951472733,FALSE
6488,"CHST13","exp",2.78297162786944e-05,0.970057344443609,FALSE
6489,"LOC168474","exp",2.78264075275231e-05,0.970085170851137,FALSE
6490,"YIF1B","exp",2.78181195876962e-05,0.970112988970724,FALSE
6491,"HRAS","exp",2.78163995043424e-05,0.970140805370229,FALSE
6492,"TBC1D19.1","meth",2.78096184626658e-05,0.970168614988691,FALSE
6493,"POLR2F","exp",2.77901222377593e-05,0.970196405110929,FALSE
6494,"MEF2B","exp",2.77794016503369e-05,0.97022418451258,FALSE
6495,"PHTF2;TMEM60","meth",2.77700302624213e-05,0.970251954542842,FALSE
6496,"LOXHD1.1","meth",2.77647882426928e-05,0.970279719331085,FALSE
6497,"C2orf16","exp",2.77642771822736e-05,0.970307483608267,FALSE
6498,"POLRMT.1","meth",2.77634127600788e-05,0.970335247021027,FALSE
6499,"ARHGAP19.1","meth",2.77605332996598e-05,0.970363007554327,FALSE
6500,"MGST1","exp",2.77570551684639e-05,0.970390764609495,FALSE
6501,"PFKFB1","exp",2.77271303906603e-05,0.970418491739886,FALSE
6502,"LCN10","exp",2.77244144695753e-05,0.970446216154355,FALSE
6503,"PQLC3.1","meth",2.77193389095263e-05,0.970473935493265,FALSE
6504,"EXTL3.1","meth",2.7703440549971e-05,0.970501638933815,FALSE
6505,"KIAA1377","exp",2.7690620234312e-05,0.970529329554049,FALSE
6506,"NDUFAF1.1","meth",2.76889030713034e-05,0.97055701845712,FALSE
6507,"CNIH","meth",2.76876823669878e-05,0.970584706139487,FALSE
6508,"ARID1A","meth",2.76849518441766e-05,0.970612391091332,FALSE
6509,"MAMDC2","exp",2.76827294614394e-05,0.970640073820793,FALSE
6510,"CSPP1","exp",2.76673918081726e-05,0.970667741212601,FALSE
6511,"AMDHD2","exp",2.76589169662495e-05,0.970695400129567,FALSE
6512,"RASSF3","exp",2.76483686791971e-05,0.970723048498247,FALSE
6513,"CPXM1","exp",2.76430361287658e-05,0.970750691534375,FALSE
6514,"RGS10.1","meth",2.76273421933782e-05,0.970778318876569,FALSE
6515,"AURKB.1","meth",2.76253271551539e-05,0.970805944203724,FALSE
6516,"EFCAB2","exp",2.76206370806782e-05,0.970833564840805,FALSE
6517,"TTLL9","exp",2.75904348700755e-05,0.970861155275675,FALSE
6518,"ACRV1","exp",2.75859842639105e-05,0.970888741259939,FALSE
6519,"ERCC6","exp",2.75826171058343e-05,0.970916323877044,FALSE
6520,"PTGFR","exp",2.75749044740221e-05,0.970943898781518,FALSE
6521,"CCDC142","exp",2.75571984207555e-05,0.970971455979939,FALSE
6522,"EML2.1","meth",2.7551632242704e-05,0.970999007612182,FALSE
6523,"LSM12","meth",2.75463288957252e-05,0.971026553941078,FALSE
6524,"GLT25D1.1","meth",2.75429734190299e-05,0.971054096914497,FALSE
6525,"ASL","exp",2.75390572360462e-05,0.971081635971733,FALSE
6526,"C7orf36.1","meth",2.75285907186608e-05,0.971109164562451,FALSE
6527,"MFHAS1","exp",2.75175313711891e-05,0.971136682093822,FALSE
6528,"THYN1","exp",2.75154900498575e-05,0.971164197583872,FALSE
6529,"RAB3GAP1","meth",2.75108174974533e-05,0.97119170840137,FALSE
6530,"TC2N.1","meth",2.7506063175382e-05,0.971219214464545,FALSE
6531,"GLO1","meth",2.75049855679838e-05,0.971246719450113,FALSE
6532,"ALDH2","exp",2.75043839768618e-05,0.97127422383409,FALSE
6533,"ZNF595","exp",2.75021002668742e-05,0.971301725934357,FALSE
6534,"C19orf40;CCDC123","meth",2.74985199235945e-05,0.97132922445428,FALSE
6535,"NLRP7","exp",2.74961369218684e-05,0.971356720591202,FALSE
6536,"SOCS1.1","meth",2.74797888291442e-05,0.971384200380031,FALSE
6537,"AP1S2.1","meth",2.7472838407443e-05,0.971411673218439,FALSE
6538,"SDHB","meth",2.74607452577519e-05,0.971439133963697,FALSE
6539,"GRIN3B","exp",2.74601874718086e-05,0.971466594151168,FALSE
6540,"PTDSS2","exp",2.74163472488763e-05,0.971494010498417,FALSE
6541,"IPPK","exp",2.74154185790859e-05,0.971521425916996,FALSE
6542,"ASB8","meth",2.74140343354362e-05,0.971548839951332,FALSE
6543,"IGFBP2.1","meth",2.74000400409856e-05,0.971576239991373,FALSE
6544,"CNGA4","exp",2.73988164163248e-05,0.971603638807789,FALSE
6545,"ACOT6","exp",2.73951718254495e-05,0.971631033979615,FALSE
6546,"ABCA1","exp",2.73781666550435e-05,0.97165841214627,FALSE
6547,"ARMC4","exp",2.73647505889529e-05,0.971685776896859,FALSE
6548,"GBP3","exp",2.7362589533466e-05,0.971713139486392,FALSE
6549,"TLL2","exp",2.73520324853778e-05,0.971740491518877,FALSE
6550,"EPHX3","exp",2.73443169332203e-05,0.971767835835811,FALSE
6551,"KIF3C.1","meth",2.73422288863647e-05,0.971795178064697,FALSE
6552,"KIAA0427","exp",2.73398400439481e-05,0.971822517904741,FALSE
6553,"OSBPL3.1","meth",2.73390223472773e-05,0.971849856927088,FALSE
6554,"FNIP2","exp",2.733870694999e-05,0.971877195634038,FALSE
6555,"SLC44A1.1","meth",2.73366802303847e-05,0.971904532314269,FALSE
6556,"RABEPK","exp",2.73344782900643e-05,0.971931866792559,FALSE
6557,"EPC2","exp",2.73329713919139e-05,0.971959199763951,FALSE
6558,"DOHH","exp",2.7321158595367e-05,0.971986520922546,FALSE
6559,"LGI4","exp",2.73157238328519e-05,0.972013836646379,FALSE
6560,"VIPR2","exp",2.73101226106574e-05,0.97204114676899,FALSE
6561,"GAL3ST2","exp",2.72922676197829e-05,0.972068439036609,FALSE
6562,"RGS5","exp",2.7288754444444e-05,0.972095727791054,FALSE
6563,"SLC5A10","meth",2.72746959023978e-05,0.972123002486956,FALSE
6564,"PCDH18","exp",2.72639110673799e-05,0.972150266398023,FALSE
6565,"EFEMP2.1","meth",2.72513886269367e-05,0.97217751778665,FALSE
6566,"DNAJC27","exp",2.72403584829175e-05,0.972204758145133,FALSE
6567,"C19orf41","meth",2.72106498106626e-05,0.972231968794944,FALSE
6568,"C4orf38;WWC2","meth",2.72069234501202e-05,0.972259175718394,FALSE
6569,"ELP3.1","meth",2.71993042693561e-05,0.972286375022663,FALSE
6570,"LOC441204","exp",2.71895532365576e-05,0.9723135645759,FALSE
6571,"GLDC.1","meth",2.717050674482e-05,0.972340735082645,FALSE
6572,"CETN3","exp",2.71636118096786e-05,0.972367898694455,FALSE
6573,"ERCC5","meth",2.71393437406293e-05,0.972395038038195,FALSE
6574,"C20orf134","exp",2.71285004987063e-05,0.972422166538694,FALSE
6575,"GNAQ","exp",2.70958568794725e-05,0.972449262395573,FALSE
6576,"CTSD","exp",2.70896014999414e-05,0.972476351997073,FALSE
6577,"FLT3.1","meth",2.70866227477837e-05,0.972503438619821,FALSE
6578,"C19orf77","exp",2.70770235729384e-05,0.972530515643394,FALSE
6579,"NLRP3","exp",2.70732417258362e-05,0.97255758888512,FALSE
6580,"VGF","exp",2.70682362540732e-05,0.972584657121374,FALSE
6581,"ZCCHC11","exp",2.7047402511041e-05,0.972611704523885,FALSE
6582,"GDAP1L1","exp",2.70433899566639e-05,0.972638747913842,FALSE
6583,"GCHFR.1","meth",2.70259087699817e-05,0.972665773822612,FALSE
6584,"CCDC8","exp",2.70166395941499e-05,0.972692790462206,FALSE
6585,"CCDC149","exp",2.70150042008084e-05,0.972719805466406,FALSE
6586,"SPDYE3","exp",2.69861365879863e-05,0.972746791602994,FALSE
6587,"KCTD14","exp",2.69733951216491e-05,0.972773764998116,FALSE
6588,"PELI3","exp",2.69731877771361e-05,0.972800738185893,FALSE
6589,"CDC42BPG","exp",2.69686875251019e-05,0.972827706873418,FALSE
6590,"FGD4","exp",2.69600520641899e-05,0.972854666925483,FALSE
6591,"PLEKHF2.1","meth",2.69482567897145e-05,0.972881615182272,FALSE
6592,"PRSS30P","exp",2.6915096269371e-05,0.972908530278542,FALSE
6593,"CD19","exp",2.69013677263384e-05,0.972935431646268,FALSE
6594,"GLIPR2","exp",2.68949780109257e-05,0.972962326624279,FALSE
6595,"C22orf13;SNRPD3","meth",2.68845319359571e-05,0.972989211156215,FALSE
6596,"SNHG3-RCC1","exp",2.68773975325049e-05,0.973016088553747,FALSE
6597,"HSF2BP","exp",2.68718138323819e-05,0.97304296036758,FALSE
6598,"HPS3.1","meth",2.68691855216545e-05,0.973069829553101,FALSE
6599,"KDELC1","exp",2.68645859778816e-05,0.973096694139079,FALSE
6600,"BCL2L15","exp",2.68586518363283e-05,0.973123552790916,FALSE
6601,"FAM126A.1","meth",2.68431389623464e-05,0.973150395929878,FALSE
6602,"NEFM.1","meth",2.6842972502667e-05,0.973177238902381,FALSE
6603,"COL23A1","exp",2.68373800415082e-05,0.973204076282422,FALSE
6604,"ANKK1","exp",2.68344246521126e-05,0.973230910707074,FALSE
6605,"PLN","exp",2.68282831660463e-05,0.97325773899024,FALSE
6606,"CLCN2","exp",2.68206669056275e-05,0.973284559657146,FALSE
6607,"LRRC3","exp",2.68027856316457e-05,0.973311362442778,FALSE
6608,"HOMER1","exp",2.67968631714733e-05,0.973338159305949,FALSE
6609,"PGF","exp",2.67965068893525e-05,0.973364955812838,FALSE
6610,"PHGDH.1","meth",2.67929002629655e-05,0.973391748713101,FALSE
6611,"GNB1","meth",2.67825184355925e-05,0.973418531231537,FALSE
6612,"XK","exp",2.67676830817091e-05,0.973445298914619,FALSE
6613,"KIAA0776.1","meth",2.67646605243727e-05,0.973472063575143,FALSE
6614,"RFESD.1","meth",2.67395484755454e-05,0.973498803123619,FALSE
6615,"ETV4.1","meth",2.67313569071118e-05,0.973525534480526,FALSE
6616,"ZNF710","exp",2.6725717720429e-05,0.973552260198246,FALSE
6617,"TSPAN4;POLR2L","meth",2.67166967739436e-05,0.97357897689502,FALSE
6618,"SLC25A1.1","meth",2.67075210491599e-05,0.973605684416069,FALSE
6619,"MT1F","exp",2.67032923892341e-05,0.973632387708458,FALSE
6620,"SNX12.1","meth",2.669960399318e-05,0.973659087312452,FALSE
6621,"DNAH1","exp",2.66985585095796e-05,0.973685785870961,FALSE
6622,"C21orf91","exp",2.66774852982367e-05,0.973712463356259,FALSE
6623,"NOX1","exp",2.66740451315291e-05,0.973739137401391,FALSE
6624,"TEX10","exp",2.66726229233911e-05,0.973765810024314,FALSE
6625,"NEUROG1","meth",2.66707363803579e-05,0.973792480760695,FALSE
6626,"PTS.1","meth",2.66659995803581e-05,0.973819146760275,FALSE
6627,"SOS2.1","meth",2.66612452582868e-05,0.973845808005533,FALSE
6628,"TMEM63C","exp",2.66532668750567e-05,0.973872461272408,FALSE
6629,"PRUNE2.1","meth",2.6652472541148e-05,0.97389911374495,FALSE
6630,"ZNF323","exp",2.66492309579176e-05,0.973925762975908,FALSE
6631,"FTSJ3;PSMC5","meth",2.66377598417653e-05,0.973952400735749,FALSE
6632,"BOD1L","exp",2.66315073825794e-05,0.973979032243132,FALSE
6633,"SEMA7A.1","meth",2.66308064997188e-05,0.974005663049632,FALSE
6634,"DNAH14","exp",2.65845102664289e-05,0.974032247559898,FALSE
6635,"LOC284009","exp",2.65773262171075e-05,0.974058824886115,FALSE
6636,"VNN2","exp",2.65622192711157e-05,0.974085387105386,FALSE
6637,"CCL1","meth",2.6552246292078e-05,0.974111939351678,FALSE
6638,"ACBD3","meth",2.6548408958416e-05,0.974138487760637,FALSE
6639,"PSMC4","meth",2.65377789016965e-05,0.974165025539539,FALSE
6640,"Transcriptional misregulation in cancer ","path_mut",2.65333721007103e-05,0.974191558911639,FALSE
6641,"PYY;NAGS","meth",2.65218630200697e-05,0.974218080774659,FALSE
6642,"MRPL21;IGHMBP2","meth",2.65211300134113e-05,0.974244601904673,FALSE
6643,"LOC401387","exp",2.65078424425119e-05,0.974271109747115,FALSE
6644,"PTGDR","exp",2.64862348079877e-05,0.974297595981923,FALSE
6645,"CPD","exp",2.64724157342523e-05,0.974324068397658,FALSE
6646,"IL12A","exp",2.64719835231549e-05,0.974350540381181,FALSE
6647,"SMARCA1.1","meth",2.64660844257446e-05,0.974377006465606,FALSE
6648,"EDNRA","exp",2.64649659335129e-05,0.97440347143154,FALSE
6649,"TMEM164","exp",2.64551710955356e-05,0.974429926602635,FALSE
6650,"KCNA3","exp",2.64478030644632e-05,0.9744563744057,FALSE
6651,"KIAA1586","exp",2.64423770629838e-05,0.974482816782763,FALSE
6652,"NKD1.1","meth",2.64400378664365e-05,0.974509256820629,FALSE
6653,"MOBKL2C.1","meth",2.6400496391716e-05,0.974535657317021,FALSE
6654,"HTR2C","meth",2.63921412839482e-05,0.974562049458305,FALSE
6655,"KCTD15.1","meth",2.63852317470805e-05,0.974588434690052,FALSE
6656,"CCT6A;PSPH","meth",2.6382358127352e-05,0.974614817048179,FALSE
6657,"ETV6.1","meth",2.63812922013348e-05,0.974641198340381,FALSE
6658,"BMS1","meth",2.63755303601513e-05,0.974667573870741,FALSE
6659,"PCNXL2","exp",2.63649937544799e-05,0.974693938864495,FALSE
6660,"SLIT2","exp",2.63643425174885e-05,0.974720303207013,FALSE
6661,"TUFT1","exp",2.63497612336422e-05,0.974746652968246,FALSE
6662,"SMOC2","exp",2.6341505417613e-05,0.974772994473664,FALSE
6663,"WASF1","exp",2.63386639216822e-05,0.974799333137586,FALSE
6664,"DDHD1","exp",2.63169891192173e-05,0.974825650126705,FALSE
6665,"KIAA1324L","exp",2.63121413460979e-05,0.974851962268051,FALSE
6666,"NME1-NME2","exp",2.63074571123127e-05,0.974878269725163,FALSE
6667,"CBX6","exp",2.63027962412895e-05,0.974904572521404,FALSE
6668,"C6orf167","exp",2.62862670871597e-05,0.974930858788492,FALSE
6669,"TMEM31","exp",2.62820092237814e-05,0.974957140797715,FALSE
6670,"FMN1","exp",2.62777250772958e-05,0.974983418522793,FALSE
6671,"SEMA3A","exp",2.62711659818584e-05,0.975009689688775,FALSE
6672,"TUBB2B","meth",2.6262098309849e-05,0.975035951787084,FALSE
6673,"C2orf86","exp",2.62611637993682e-05,0.975062212950884,FALSE
6674,"SLC10A5","exp",2.62573381470872e-05,0.975088470289031,FALSE
6675,"B3GALTL","exp",2.62569409801329e-05,0.975114727230011,FALSE
6676,"URB2;TAF5L","meth",2.62561933717482e-05,0.975140983423383,FALSE
6677,"ZNF830;CCT6B","meth",2.62542659438815e-05,0.975167237689327,FALSE
6678,"MAP2K4","meth",2.62512579882713e-05,0.975193488947315,FALSE
6679,"IL15RA.1","meth",2.62330583966569e-05,0.975219722005712,FALSE
6680,"C4orf31","exp",2.62202672844504e-05,0.975245942272996,FALSE
6681,"LOC401052","exp",2.62177207433902e-05,0.97527215999374,FALSE
6682,"C19orf26.1","meth",2.62125137678047e-05,0.975298372507507,FALSE
6683,"C17orf37.1","meth",2.61842477461046e-05,0.975324556755253,FALSE
6684,"AMT","exp",2.61662613396937e-05,0.975350723016593,FALSE
6685,"C12orf47;MAPKAPK5","meth",2.61558386274871e-05,0.975376878855221,FALSE
6686,"GCC2","exp",2.61465402482027e-05,0.975403025395469,FALSE
6687,"KLF11","exp",2.61464117530116e-05,0.975429171807222,FALSE
6688,"SULT1C4","exp",2.61420662792757e-05,0.975455313873501,FALSE
6689,"SPR","exp",2.61408981411747e-05,0.975481454771642,FALSE
6690,"SEC61A1","meth",2.61228854516565e-05,0.975507577657094,FALSE
6691,"NOL6;SUGT1P1","meth",2.61120305283525e-05,0.975533689687622,FALSE
6692,"EFHC2","exp",2.60986524267503e-05,0.975559788340049,FALSE
6693,"GPT2.1","meth",2.60953816400673e-05,0.975585883721689,FALSE
6694,"HSPB11","exp",2.60911880242846e-05,0.975611974909714,FALSE
6695,"RASL11B","exp",2.60513019488242e-05,0.975638026211662,FALSE
6696,"C14orf64","exp",2.60494241668268e-05,0.975664075635829,FALSE
6697,"MYO7B","exp",2.60304419226848e-05,0.975690106077752,FALSE
6698,"BAHCC1","exp",2.60206003591834e-05,0.975716126678111,FALSE
6699,"FRS3","exp",2.59992584760773e-05,0.975742125936587,FALSE
6700,"EGR2","exp",2.59955175138087e-05,0.975768121454101,FALSE
6701,"RPPH1","exp",2.59932104410591e-05,0.975794114664542,FALSE
6702,"ZNF831","exp",2.59928483182478e-05,0.97582010751286,FALSE
6703,"IFI27L2","exp",2.59804806561029e-05,0.975846087993516,FALSE
6704,"DFFB","exp",2.59800513653508e-05,0.975872068044882,FALSE
6705,"CLIC3","exp",2.59606369101114e-05,0.975898028681792,FALSE
6706,"SMPD1","exp",2.59595388602964e-05,0.975923988220652,FALSE
6707,"ULBP2","exp",2.59164812898917e-05,0.975949904701942,FALSE
6708,"LINS1;ASB7","meth",2.58967339152935e-05,0.975975801435857,FALSE
6709,"GLCCI1","exp",2.58963104652318e-05,0.976001697746323,FALSE
6710,"CTCFL","exp",2.58901981826181e-05,0.976027587944505,FALSE
6711,"CUX2","exp",2.58877684553679e-05,0.97605347571296,FALSE
6712,"SSPN","exp",2.58854497012373e-05,0.976079361162662,FALSE
6713,"SLITRK1","meth",2.58827396208429e-05,0.976105243902283,FALSE
6714,"MYBBP1A","exp",2.58722030151715e-05,0.976131116105298,FALSE
6715,"CAMKK1.1","meth",2.5858360578674e-05,0.976156974465877,FALSE
6716,"LOC80054","exp",2.58497747636313e-05,0.97618282424064,FALSE
6717,"TNFAIP8L3","exp",2.58423395646181e-05,0.976208666580205,FALSE
6718,"DCN.1","meth",2.58309677402044e-05,0.976234497547945,FALSE
6719,"ACSF2","exp",2.58280853594401e-05,0.976260325633304,FALSE
6720,"TCL1A","exp",2.58199317554948e-05,0.97628614556506,FALSE
6721,"ATRX","exp",2.58178583103654e-05,0.97631196342337,FALSE
6722,"MST1R.1","meth",2.5780352316286e-05,0.976337743775687,FALSE
6723,"ALS2CR4","exp",2.57777561293564e-05,0.976363521531816,FALSE
6724,"ICK.1","meth",2.57485935616637e-05,0.976389270125378,FALSE
6725,"MIPOL1.1","meth",2.57206312558699e-05,0.976414990756633,FALSE
6726,"ZNF488","exp",2.57189024114803e-05,0.976440709659045,FALSE
6727,"PRDM4","meth",2.57084008499519e-05,0.976466418059895,FALSE
6728,"CYP2S1","exp",2.56987082240584e-05,0.976492116768119,FALSE
6729,"PI4K2A","meth",2.56920235537752e-05,0.976517808791673,FALSE
6730,"SCAMP3","meth",2.56482592598194e-05,0.976543457050932,FALSE
6731,"SLITRK2","meth",2.56471174048256e-05,0.976569104168337,FALSE
6732,"PPIP5K1","exp",2.56447139606827e-05,0.976594748882298,FALSE
6733,"KLHL4.1","meth",2.56417293678345e-05,0.976620390611666,FALSE
6734,"TBC1D5","meth",2.56403509648753e-05,0.976646030962631,FALSE
6735,"XBP1.1","meth",2.5629723828501e-05,0.976671660686459,FALSE
6736,"RNASEH2A","exp",2.56006868356542e-05,0.976697261373295,FALSE
6737,"ZNF570","exp",2.55937247325719e-05,0.976722855098027,FALSE
6738,"SUZ12.1","meth",2.55887251014995e-05,0.976748443823129,FALSE
6739,"C20orf29","exp",2.55712439148173e-05,0.976774015067044,FALSE
6740,"MAP6","exp",2.55619280134614e-05,0.976799576995057,FALSE
6741,"SEMA6B.1","meth",2.55615950941026e-05,0.976825138590151,FALSE
6742,"VHL","exp",2.55397567523035e-05,0.976850678346904,FALSE
6743,"LIF.1","meth",2.55325113757317e-05,0.976876210858279,FALSE
6744,"ABCB8","meth",2.55302013826369e-05,0.976901741059662,FALSE
6745,"NR4A2","exp",2.54890975232063e-05,0.976927230157185,FALSE
6746,"HRH4","exp",2.54663976795576e-05,0.976952696554865,FALSE
6747,"SLC30A8","meth",2.5446808003603e-05,0.976978143362868,FALSE
6748,"PPP4R4.1","meth",2.54436686324565e-05,0.977003587031501,FALSE
6749,"H2AFY2","exp",2.54355880371425e-05,0.977029022619538,FALSE
6750,"TRIM59","exp",2.54262896578581e-05,0.977054448909196,FALSE
6751,"CXorf58;APOO","meth",2.54118602319649e-05,0.977079860769428,FALSE
6752,"GLRX","exp",2.54033357441725e-05,0.977105264105172,FALSE
6753,"EPS8","exp",2.54018405274032e-05,0.977130665945699,FALSE
6754,"TIRAP","exp",2.53995276139631e-05,0.977156065473313,FALSE
6755,"DIXDC1","exp",2.53985200948509e-05,0.977181463993408,FALSE
6756,"SNCAIP","exp",2.53925888736429e-05,0.977206856582282,FALSE
6757,"ENY2","exp",2.53917711769721e-05,0.977232248353459,FALSE
6758,"MRPL47","exp",2.5385804911621e-05,0.97725763415837,FALSE
6759,"UQCRH","exp",2.5385445709155e-05,0.97728301960408,FALSE
6760,"LRRC1","exp",2.53806037767261e-05,0.977308400207856,FALSE
6761,"SGK223","exp",2.5370499382152e-05,0.977333770707238,FALSE
6762,"CGN.1","meth",2.53612477283917e-05,0.977359131954967,FALSE
6763,"DMTF1.1","meth",2.53609089683424e-05,0.977384492863935,FALSE
6764,"DKKL1;TEAD2","meth",2.53541921742614e-05,0.977409847056109,FALSE
6765,"PNMAL1","exp",2.53491282955934e-05,0.977435196184405,FALSE
6766,"ZNF215","exp",2.53332416174191e-05,0.977460529426022,FALSE
6767,"H2AFV","meth",2.5333171529133e-05,0.977485862597551,FALSE
6768,"SPHK1","exp",2.53281368539175e-05,0.977511190734405,FALSE
6769,"GPC5","exp",2.53207775838809e-05,0.977536511511989,FALSE
6770,"SEC14L1.1","meth",2.53198401530548e-05,0.977561831352142,FALSE
6771,"LTBP1","exp",2.53184033431905e-05,0.977587149755486,FALSE
6772,"RALGPS1","exp",2.53152552110082e-05,0.977612465010697,FALSE
6773,"ABCC1","exp",2.53108046048432e-05,0.977637775815301,FALSE
6774,"FN1","exp",2.53089005397385e-05,0.977663084715841,FALSE
6775,"HECW1","exp",2.5294479874881e-05,0.977688379195716,FALSE
6776,"NLGN2","exp",2.52815485861024e-05,0.977713660744302,FALSE
6777,"NES","exp",2.52776674472617e-05,0.977738938411749,FALSE
6778,"GPR89B","exp",2.52761196642778e-05,0.977764214531414,FALSE
6779,"STAT5A","exp",2.52615705042292e-05,0.977789476101918,FALSE
6780,"FAM177A1","exp",2.52561999893097e-05,0.977814732301907,FALSE
6781,"CXXC4","meth",2.52488611616898e-05,0.977839981163069,FALSE
6782,"FUT4.1","meth",2.52483092164371e-05,0.977865229472285,FALSE
6783,"WDR76","exp",2.52320516544157e-05,0.97789046152394,FALSE
6784,"TCTA","exp",2.52173535567593e-05,0.977915678877497,FALSE
6785,"C20orf197","exp",2.52160189589789e-05,0.977940894896456,FALSE
6786,"EXOSC9","meth",2.52062095192753e-05,0.977966101105975,FALSE
6787,"POLA2.1","meth",2.51786940263051e-05,0.977991279800001,FALSE
6788,"FAM105B","exp",2.51673689274154e-05,0.978016447168929,FALSE
6789,"LOC115110","exp",2.51557021481312e-05,0.978041602871077,FALSE
6790,"TRIP13","exp",2.51519757875889e-05,0.978066754846864,FALSE
6791,"MAPK8IP1.1","meth",2.51496979182918e-05,0.978091904544783,FALSE
6792,"GPR137B","exp",2.51423736923982e-05,0.978117046918475,FALSE
6793,"RPH3A","exp",2.51359022073184e-05,0.978142182820682,FALSE
6794,"GAS5;SNORD76;SNORD75;SNORD77;ZBTB37;SNORD74","meth",2.51318838122508e-05,0.978167314704495,FALSE
6795,"PRTG","exp",2.51252166640391e-05,0.978192439921159,FALSE
6796,"MGST1.1","meth",2.51235199434473e-05,0.978217563441102,FALSE
6797,"RPL21P44","exp",2.51128051967154e-05,0.978242676246299,FALSE
6798,"LOC100289341;MAN1B1","meth",2.5099540988578e-05,0.978267775787287,FALSE
6799,"LOC400027","exp",2.50913815439422e-05,0.978292867168831,FALSE
6800,"PALM2","exp",2.5089784115089e-05,0.978317956952946,FALSE
6801,"ECE1.1","meth",2.50815195380241e-05,0.978343038472484,FALSE
6802,"MGC12916","exp",2.50714706300098e-05,0.978368109943115,FALSE
6803,"NCRNA00173.1","meth",2.50651860470262e-05,0.978393175129162,FALSE
6804,"WDR3;GDAP2","meth",2.50645640134874e-05,0.978418239693175,FALSE
6805,"LAMC1","exp",2.50587788095419e-05,0.978443298471985,FALSE
6806,"BLVRA","exp",2.50497549427113e-05,0.978468348226927,FALSE
6807,"TAL1.1","meth",2.50460548652763e-05,0.978493394281793,FALSE
6808,"SLC35F1","exp",2.5040456563427e-05,0.978518434738356,FALSE
6809,"CLECL1","exp",2.50396155039942e-05,0.97854347435386,FALSE
6810,"SOX13","exp",2.50344844573854e-05,0.978568508838317,FALSE
6811,"SPATA16","meth",2.50206069767449e-05,0.978593529445294,FALSE
6812,"SLC39A9;ERH","meth",2.50114166502349e-05,0.978618540861944,FALSE
6813,"SLC16A8","exp",2.50066769298899e-05,0.978643547538874,FALSE
6814,"GCOM1","exp",2.49875399074495e-05,0.978668535078782,FALSE
6815,"MBTPS1","meth",2.49810976258222e-05,0.978693516176407,FALSE
6816,"CCDC41;LOC144486","meth",2.4980863998202e-05,0.978718497040406,FALSE
6817,"LRRC34","exp",2.4970067481803e-05,0.978743467107887,FALSE
6818,"TTC33.1","meth",2.49662389091769e-05,0.978768433346797,FALSE
6819,"PDPN","meth",2.49410217279205e-05,0.978793374368524,FALSE
6820,"RBPJ","exp",2.49319744983278e-05,0.978818306343023,FALSE
6821,"IFI30.1","meth",2.49282861022738e-05,0.978843234629125,FALSE
6822,"CNOT4","meth",2.49196944465406e-05,0.978868154323572,FALSE
6823,"CLN3.1","meth",2.49036880342109e-05,0.978893058011606,FALSE
6824,"KLHL10","exp",2.49019299863689e-05,0.978917959941592,FALSE
6825,"SEL1L.1","meth",2.49004493713258e-05,0.978942860390963,FALSE
6826,"IFFO1.1","meth",2.48963112421028e-05,0.978967756702206,FALSE
6827,"RGS11","exp",2.48876903829171e-05,0.978992644392588,FALSE
6828,"RERG","meth",2.48324053269397e-05,0.979017476797915,FALSE
6829,"NTN4.1","meth",2.4807947435449e-05,0.979042284745351,FALSE
6830,"FRK.1","meth",2.48056870882235e-05,0.979067090432439,FALSE
6831,"XKR9","exp",2.48038122265713e-05,0.979091894244666,FALSE
6832,"BRD8;KIF20A","meth",2.47964003903201e-05,0.979116690645056,FALSE
6833,"SEC24B","meth",2.47827974221334e-05,0.979141473442478,FALSE
6834,"SLC31A2","exp",2.47753797451918e-05,0.979166248822223,FALSE
6835,"KCTD5","meth",2.47718724105434e-05,0.979191020694634,FALSE
6836,"PNRC1","exp",2.47656520751553e-05,0.979215786346709,FALSE
6837,"VILL.1","meth",2.47588447503714e-05,0.979240545191459,FALSE
6838,"ZNF274.1","meth",2.47505100850204e-05,0.979265295701544,FALSE
6839,"ABCB10","exp",2.47493477876099e-05,0.979290045049332,FALSE
6840,"LIN7A.1","meth",2.47412759533316e-05,0.979314786325285,FALSE
6841,"HELB","exp",2.47284906818157e-05,0.979339514815967,FALSE
6842,"RNF32","exp",2.47262712194237e-05,0.979364241087187,FALSE
6843,"TP53INP1.1","meth",2.4721858577747e-05,0.979388962945764,FALSE
6844,"FHL2","exp",2.47190112411256e-05,0.979413681957005,FALSE
6845,"CACNA1H","exp",2.47135034699792e-05,0.979438395460475,FALSE
6846,"B4GALNT3","exp",2.47003035094374e-05,0.979463095763985,FALSE
6847,"ELP4","exp",2.46954469752822e-05,0.97948779121096,FALSE
6848,"GTPBP3","exp",2.46800742778724e-05,0.979512471285238,FALSE
6849,"ILDR2","exp",2.46769290660354e-05,0.979537148214304,FALSE
6850,"RRAD","exp",2.46612059271953e-05,0.979561809420231,FALSE
6851,"CAMK2D","exp",2.46504240125226e-05,0.979586459844244,FALSE
6852,"CDH6","exp",2.46504064904511e-05,0.979611110250734,FALSE
6853,"DNAH3;TMEM159","meth",2.46458273890949e-05,0.979635756078123,FALSE
6854,"MRGPRF.1","meth",2.46267633752858e-05,0.979660382841499,FALSE
6855,"CCDC75;HEATR5B","meth",2.46214191434735e-05,0.979685004260642,FALSE
6856,"ZNF193","exp",2.46170678290471e-05,0.979709621328471,FALSE
6857,"GPR176","exp",2.46164399548178e-05,0.979734237768426,FALSE
6858,"PRPF38B","meth",2.45983834601209e-05,0.979758836151886,FALSE
6859,"APLP1","exp",2.4595819396989e-05,0.979783431971283,FALSE
6860,"ITIH5","exp",2.45925310882346e-05,0.979808024502371,FALSE
6861,"DHRS1;C14orf21","meth",2.45918068426119e-05,0.979832616309214,FALSE
6862,"RNF126.1","meth",2.45763728179518e-05,0.979857192682032,FALSE
6863,"KIAA1279","meth",2.45702517743023e-05,0.979881762933806,FALSE
6864,"SFRS11;LRRC40","meth",2.45597910976075e-05,0.979906322724904,FALSE
6865,"ATP1B2.1","meth",2.45571306630823e-05,0.979930879855567,FALSE
6866,"TGFBRAP1.1","meth",2.45452623799757e-05,0.979955425117947,FALSE
6867,"AKR7A3","exp",2.45191544934172e-05,0.97997994427244,FALSE
6868,"PTRH1","exp",2.45138219429859e-05,0.980004458094383,FALSE
6869,"ZFAT","exp",2.45029524179557e-05,0.980028961046801,FALSE
6870,"C1orf200","exp",2.45005840179558e-05,0.980053461630819,FALSE
6871,"KCNA4","meth",2.44922099279439e-05,0.980077953840747,FALSE
6872,"PIGA","exp",2.44897933422474e-05,0.980102443634089,FALSE
6873,"KCNN4.1","meth",2.44796130186967e-05,0.980126923247108,FALSE
6874,"GZMA.1","meth",2.4472656756305e-05,0.980151395903864,FALSE
6875,"ANP32C","exp",2.44556895503872e-05,0.980175851593415,FALSE
6876,"MED8;C1orf84","meth",2.44460173669106e-05,0.980200297610782,FALSE
6877,"SLC47A1.1","meth",2.44426429079712e-05,0.98022474025369,FALSE
6878,"SLC17A6","meth",2.4436231289969e-05,0.98024917648498,FALSE
6879,"METTL7B.1","meth",2.44270234413875e-05,0.980273603508421,FALSE
6880,"PRH1","exp",2.44164021457037e-05,0.980298019910567,FALSE
6881,"FARP2","exp",2.44156019711045e-05,0.980322435512538,FALSE
6882,"SULT1A1","exp",2.43949565903411e-05,0.980346830469128,FALSE
6883,"C21orf2.1","meth",2.43748835972472e-05,0.980371205352725,FALSE
6884,"ZNF721;ABCA11P","meth",2.43671768061255e-05,0.980395572529532,FALSE
6885,"LRP3","exp",2.43666715863968e-05,0.980419939201118,FALSE
6886,"BHLHE41","exp",2.43619873526116e-05,0.980444301188471,FALSE
6887,"PLEKHA4","exp",2.4360563684301e-05,0.980468661752155,FALSE
6888,"PAQR6","exp",2.43509134034137e-05,0.980493012665558,FALSE
6889,"KCNT1","exp",2.43421406862748e-05,0.980517354806244,FALSE
6890,"SPCS2","exp",2.43242039257332e-05,0.98054167901017,FALSE
6891,"ST6GAL1","exp",2.43179164224043e-05,0.980565996926593,FALSE
6892,"SERPINB12","meth",2.43117661753023e-05,0.980590308692768,FALSE
6893,"KIAA0564","exp",2.42957685240084e-05,0.980614604461292,FALSE
6894,"NID2","exp",2.42939243259814e-05,0.980638898385618,FALSE
6895,"C19orf71","exp",2.42917837129112e-05,0.980663190169331,FALSE
6896,"CLSTN3","exp",2.42875506724675e-05,0.980687477720003,FALSE
6897,"TRPV4","exp",2.4287232354835e-05,0.980711764952358,FALSE
6898,"HP","exp",2.42856524480533e-05,0.980736050604806,FALSE
6899,"LRRC8B","exp",2.42405272732098e-05,0.98076029113208,FALSE
6900,"SYTL3","exp",2.42392978078585e-05,0.980784530429887,FALSE
6901,"CYP2D6","exp",2.42306243824582e-05,0.98080876105427,FALSE
6902,"NFAM1.1","meth",2.4217980747687e-05,0.980832979035018,FALSE
6903,"SPTLC3.1","meth",2.41955919208077e-05,0.980857174626938,FALSE
6904,"ADI1.1","meth",2.41852538986135e-05,0.980881359880837,FALSE
6905,"WDR35.1","meth",2.41820999257406e-05,0.980905541980763,FALSE
6906,"RAB40A","exp",2.41674222705009e-05,0.980929709403033,FALSE
6907,"FLRT3","exp",2.4166359264829e-05,0.980953875762298,FALSE
6908,"TGFB1I1.1","meth",2.41354196670501e-05,0.980978011181965,FALSE
6909,"POLR2B;C4orf14","meth",2.41260190756819e-05,0.981002137201041,FALSE
6910,"ACTR5","exp",2.41145070746961e-05,0.981026251708115,FALSE
6911,"POLB.1","meth",2.41102258485557e-05,0.981050361933964,FALSE
6912,"FAM89A.1","meth",2.41094504968911e-05,0.981074471384461,FALSE
6913,"FCGR3B","exp",2.41003828248818e-05,0.981098571767286,FALSE
6914,"TAF13.1","meth",2.40861753452278e-05,0.981122657942631,FALSE
6915,"TMEM141.1","meth",2.40804865126756e-05,0.981146738429144,FALSE
6916,"MTX3","exp",2.40719678655737e-05,0.981170810397009,FALSE
6917,"ANTXR1.1","meth",2.40691351306787e-05,0.98119487953214,FALSE
6918,"CCNA2.1","meth",2.4034510057191e-05,0.981218914042197,FALSE
6919,"TAX1BP1","meth",2.4030469759534e-05,0.981242944511957,FALSE
6920,"GGA1","meth",2.40259227819757e-05,0.981266970434739,FALSE
6921,"CDS1.1","meth",2.40106815001022e-05,0.981290981116239,FALSE
6922,"VARS","meth",2.40101295548495e-05,0.981314991245794,FALSE
6923,"GSX2","meth",2.39958811903619e-05,0.981338987126984,FALSE
6924,"FAM193B","exp",2.39810662788954e-05,0.981362968193263,FALSE
6925,"HFM1","exp",2.39784350478228e-05,0.981386946628311,FALSE
6926,"SNX12","exp",2.39780320401779e-05,0.981410924660351,FALSE
6927,"FZD7","exp",2.39756461181065e-05,0.981434900306469,FALSE
6928,"CHTF18","exp",2.39600660761838e-05,0.981458860372545,FALSE
6929,"NFKBIZ","exp",2.39584219218066e-05,0.981482818794467,FALSE
6930,"ARHGAP27","exp",2.39322819114503e-05,0.981506751076378,FALSE
6931,"OSBPL7","exp",2.39249518448663e-05,0.981530676028223,FALSE
6932,"PLA2G15.1","meth",2.39158286862971e-05,0.98155459185691,FALSE
6933,"SLC39A11.1","meth",2.3912417723042e-05,0.981578504274633,FALSE
6934,"GEMIN8P4","exp",2.39118088310568e-05,0.981602416083464,FALSE
6935,"CSPG5","exp",2.38741086340181e-05,0.981626290192098,FALSE
6936,"MICAL2.1","meth",2.38703180258802e-05,0.981650160510124,FALSE
6937,"CDK8","exp",2.38570362956713e-05,0.981674017546419,FALSE
6938,"ST7OT1","exp",2.38487541965349e-05,0.981697866300616,FALSE
6939,"DYNLL2","exp",2.38425104983847e-05,0.981721708811114,FALSE
6940,"COX4I2","exp",2.38269917837123e-05,0.981745535802898,FALSE
6941,"SIGMAR1","exp",2.38256542655866e-05,0.981769361457164,FALSE
6942,"PCDHGB7","exp",2.38207510059075e-05,0.98179318220817,FALSE
6943,"SFXN3;PDZD7","meth",2.38152987213208e-05,0.981816997506891,FALSE
6944,"UIMC1","meth",2.38048555666974e-05,0.981840802362458,FALSE
6945,"ERBB2","exp",2.37956024527645e-05,0.98186459796491,FALSE
6946,"INSRR","exp",2.37708700488201e-05,0.981888368834959,FALSE
6947,"PPP1R14A.1","meth",2.37567355777974e-05,0.981912125570537,FALSE
6948,"C1orf220","exp",2.37486622833465e-05,0.98193587423282,FALSE
6949,"PGAP1","exp",2.37415424816206e-05,0.981959615775302,FALSE
6950,"C8orf41.1","meth",2.37358302863065e-05,0.981983351605588,FALSE
6951,"HSD17B7.1","meth",2.37277730537545e-05,0.982007079378642,FALSE
6952,"PER1.1","meth",2.3719479273237e-05,0.982030798857915,FALSE
6953,"BTBD11.1","meth",2.37130486729908e-05,0.982054511906588,FALSE
6954,"FAM127C","exp",2.37026376421652e-05,0.98207821454423,FALSE
6955,"MLLT10","exp",2.37022755193538e-05,0.98210191681975,FALSE
6956,"ZNF134.1","meth",2.36992179178743e-05,0.982125616037668,FALSE
6957,"EFNB3","exp",2.36804079741022e-05,0.982149296445642,FALSE
6958,"WAPAL","meth",2.36731976416735e-05,0.982172969643283,FALSE
6959,"NOC3L.1","meth",2.36444731257687e-05,0.982196614116409,FALSE
6960,"ERRFI1.1","meth",2.36441781708982e-05,0.98222025829458,FALSE
6961,"FLYWCH2","exp",2.36423339728712e-05,0.982243900628553,FALSE
6962,"IQCA1","exp",2.36410110564717e-05,0.982267541639609,FALSE
6963,"TSNARE1","exp",2.36362465131921e-05,0.982291177886123,FALSE
6964,"FOXK2","meth",2.35644089403228e-05,0.982314742295063,FALSE
6965,"LPCAT1","exp",2.35549265792876e-05,0.982338297221642,FALSE
6966,"C6orf126","meth",2.35301591312001e-05,0.982361827380773,FALSE
6967,"IRX3.1","meth",2.35282974111015e-05,0.982385355678184,FALSE
6968,"MAPK6","exp",2.35278973238019e-05,0.982408883575508,FALSE
6969,"PEPD.1","meth",2.35156172720146e-05,0.98243239919278,FALSE
6970,"TRIM47","exp",2.35137701536424e-05,0.982455912962934,FALSE
6971,"TFAM","exp",2.34940096374905e-05,0.982479406972571,FALSE
6972,"TXNDC17","exp",2.34659816239285e-05,0.982502872954195,FALSE
6973,"CCDC53","exp",2.34638804355192e-05,0.982526336834631,FALSE
6974,"SCAND1.1","meth",2.34415178917472e-05,0.982549778352523,FALSE
6975,"C1QC.1","meth",2.3431601859442e-05,0.982573209954382,FALSE
6976,"ENPEP","exp",2.34312353561128e-05,0.982596641189738,FALSE
6977,"LOC388692","exp",2.34229459561132e-05,0.982620064135694,FALSE
6978,"SIGLEC14","exp",2.34148843430433e-05,0.982643479020037,FALSE
6979,"TLE6","exp",2.33917552086426e-05,0.982666870775246,FALSE
6980,"TXNRD2","exp",2.33850135916269e-05,0.982690255788838,FALSE
6981,"SCD","exp",2.33801672786802e-05,0.982713635956116,FALSE
6982,"OSBPL1A","exp",2.33722093378668e-05,0.982737008165454,FALSE
6983,"PGAP3;ERBB2","meth",2.33591991997663e-05,0.982760367364654,FALSE
6984,"TPD52L1","exp",2.33553326626519e-05,0.982783722697317,FALSE
6985,"BIK","exp",2.33434176540212e-05,0.982807066114971,FALSE
6986,"AMY2B","exp",2.33246924002614e-05,0.982830390807371,FALSE
6987,"ZNF530","exp",2.33230044407053e-05,0.982853713811812,FALSE
6988,"MTRF1L","meth",2.3281637750202e-05,0.982876995449562,FALSE
6989,"DMXL2.1","meth",2.327531520273e-05,0.982900270764765,FALSE
6990,"FCRLA","exp",2.3267731066109e-05,0.982923538495831,FALSE
6991,"PDE4DIP.2","mut",2.32654444357762e-05,0.982946803940266,FALSE
6992,"RASA2","exp",2.32603425926198e-05,0.982970064282859,FALSE
6993,"SPIRE2","exp",2.32556349960726e-05,0.982993319917855,FALSE
6994,"ZFP14","exp",2.32449552934838e-05,0.983016564873149,FALSE
6995,"TRIM35;PTK2B","meth",2.32346318730158e-05,0.983039799505022,FALSE
6996,"C2orf69","exp",2.3229086137381e-05,0.983063028591159,FALSE
6997,"ZC3H15","meth",2.32231257127204e-05,0.983086251716872,FALSE
6998,"TGFBI","exp",2.3222838058713e-05,0.98310947455493,FALSE
6999,"SH3BP4.1","meth",2.32039302833749e-05,0.983132678485214,FALSE
7000,"DNASE2","meth",2.31738507272729e-05,0.983155852335941,FALSE
7001,"HBA1","exp",2.31732841802939e-05,0.983179025620121,FALSE
7002,"ORAOV1.1","meth",2.31622700981737e-05,0.983202187890219,FALSE
7003,"SAA1","meth",2.31558789225883e-05,0.983225343769142,FALSE
7004,"DPYD.1","meth",2.31546436165464e-05,0.983248498412759,FALSE
7005,"PHF5A","exp",2.3152511764512e-05,0.983271650924523,FALSE
7006,"SNHG7","exp",2.31515597319597e-05,0.983294802484255,FALSE
7007,"RASSF8.1","meth",2.31297053282617e-05,0.983317932189583,FALSE
7008,"ZIC5","meth",2.31270375928734e-05,0.983341059227176,FALSE
7009,"MCF2L.1","meth",2.31268214873247e-05,0.983364186048663,FALSE
7010,"HDHD3.1","meth",2.31097491489779e-05,0.983387295797812,FALSE
7011,"ZMYM5","exp",2.31039026177821e-05,0.98341039970043,FALSE
7012,"SOX3","meth",2.30815911800521e-05,0.98343348129161,FALSE
7013,"C21orf45","exp",2.30807705630361e-05,0.983456562062173,FALSE
7014,"RPUSD1","exp",2.30691417482402e-05,0.983479631203921,FALSE
7015,"LEAP2","exp",2.3057533375861e-05,0.983502688737297,FALSE
7016,"TMC4.1","meth",2.30449408471317e-05,0.983525733678144,FALSE
7017,"RASSF8","exp",2.30409837793144e-05,0.983548774661924,FALSE
7018,"SLFN5","exp",2.30230966646421e-05,0.983571797758588,FALSE
7019,"MAMSTR.1","meth",2.30118971405983e-05,0.983594809655729,FALSE
7020,"NRM.1","meth",2.30091315736441e-05,0.983617818787303,FALSE
7021,"SMPD4;FAM128B","meth",2.2998108730488e-05,0.983640816896033,FALSE
7022,"TSPAN9.1","meth",2.29977247050873e-05,0.983663814620738,FALSE
7023,"PRSS12","exp",2.29835697916479e-05,0.98368679819053,FALSE
7024,"MAN2C1","exp",2.29766339716729e-05,0.983709774824502,FALSE
7025,"FGF20","meth",2.29748642424498e-05,0.983732749688744,FALSE
7026,"RGS14","exp",2.29647715292567e-05,0.983755714460273,FALSE
7027,"DPYS.1","meth",2.29535135983079e-05,0.983778667973872,FALSE
7028,"DDX51;NOC4L","meth",2.295174678943e-05,0.983801619720661,FALSE
7029,"HSD17B7P2.1","meth",2.2940556026422e-05,0.983824560276688,FALSE
7030,"LOC729603","exp",2.29301128717986e-05,0.983847490389559,FALSE
7031,"FKBP6","exp",2.2922187054783e-05,0.983870412576614,FALSE
7032,"CD52","exp",2.29069720560168e-05,0.98389331954867,FALSE
7033,"GGT7.1","meth",2.28995018128606e-05,0.983916219050483,FALSE
7034,"CCNC","exp",2.28975422611961e-05,0.983939116592744,FALSE
7035,"CLDND1","exp",2.28928434256847e-05,0.98396200943617,FALSE
7036,"HIC2","exp",2.28793163864745e-05,0.983984888752556,FALSE
7037,"ZNF232","exp",2.28715614096562e-05,0.984007760313966,FALSE
7038,"OTOP1","meth",2.28608656451684e-05,0.984030621179611,FALSE
7039,"mRNA surveillance pathway ","path_mut",2.28445613576231e-05,0.984053465740969,FALSE
7040,"UNG.1","meth",2.28140641921499e-05,0.984076279805161,FALSE
7041,"C1orf38","exp",2.27976168076872e-05,0.984099077421969,FALSE
7042,"PDPR","exp",2.27945942503507e-05,0.984121872016219,FALSE
7043,"ORC4L","meth",2.27876292269232e-05,0.984144659645446,FALSE
7044,"ZNF540","exp",2.27847205630516e-05,0.984167444366009,FALSE
7045,"OR2A9P","exp",2.27665268121278e-05,0.984190210892821,FALSE
7046,"SEC24C","meth",2.27555287919064e-05,0.984212966421613,FALSE
7047,"PIGX","exp",2.2750923407443e-05,0.98423571734502,FALSE
7048,"EGLN3","exp",2.27452842207602e-05,0.984258462629241,FALSE
7049,"POMT1.1","meth",2.27230195085542e-05,0.98428118564875,FALSE
7050,"C4orf42","exp",2.27137386513414e-05,0.984303899387401,FALSE
7051,"PLA2G1B.1","meth",2.27019214742766e-05,0.984326601308875,FALSE
7052,"ZMYND19.1","meth",2.26757741630573e-05,0.984349277083038,FALSE
7053,"HDDC2","exp",2.26413724959814e-05,0.984371918455534,FALSE
7054,"YIPF4","meth",2.26345856136143e-05,0.984394553041148,FALSE
7055,"GLT25D2.1","meth",2.26309702261916e-05,0.984417184011374,FALSE
7056,"ZNF644","exp",2.26250477660192e-05,0.98443980905914,FALSE
7057,"SRRD","exp",2.26215375110256e-05,0.984462430596651,FALSE
7058,"MINA","exp",2.26177118587447e-05,0.98448504830851,FALSE
7059,"PRPH2","exp",2.26029173896949e-05,0.9845076512259,FALSE
7060,"RNF170","exp",2.26022033652806e-05,0.984530253429265,FALSE
7061,"RNF149","exp",2.2588584335195e-05,0.9845528420136,FALSE
7062,"NCAPH2;LMF2","meth",2.25862947845169e-05,0.984575428308384,FALSE
7063,"CKAP2L.1","meth",2.25769029541845e-05,0.984598005211339,FALSE
7064,"C10orf55","exp",2.25728232318666e-05,0.98462057803457,FALSE
7065,"HIST3H2A;HIST3H2BB","meth",2.25709323083155e-05,0.984643148966879,FALSE
7066,"PCDH17.1","meth",2.2554089217071e-05,0.984665703056096,FALSE
7067,"LIN7B","exp",2.25435292486376e-05,0.984688246585344,FALSE
7068,"CCDC63","meth",2.25286384081944e-05,0.984710775223753,FALSE
7069,"NUDT17","exp",2.25139111070855e-05,0.98473328913486,FALSE
7070,"TULP2","exp",2.24902037443247e-05,0.984755779338604,FALSE
7071,"TSPAN33","exp",2.24891013139918e-05,0.984778268439918,FALSE
7072,"PLEKHH2","exp",2.24880470693556e-05,0.984800756486987,FALSE
7073,"SH2D2A","exp",2.24869446390228e-05,0.984823243431626,FALSE
7074,"LRRC19","exp",2.2482531997346e-05,0.984845725963624,FALSE
7075,"GAB2.1","meth",2.24789837778641e-05,0.984868204947402,FALSE
7076,"PAK3.1","meth",2.24763087416127e-05,0.984890681256143,FALSE
7077,"GABRB2","exp",2.24740542350777e-05,0.984913155310378,FALSE
7078,"RNU5E;RNU5D;ZCCHC9","meth",2.24592758279268e-05,0.984935614586206,FALSE
7079,"CDK3;C17orf106","meth",2.24557889356952e-05,0.984958070375142,FALSE
7080,"NDE1.1","meth",2.24537038091848e-05,0.984980524078951,FALSE
7081,"LOX.1","meth",2.2452671467138e-05,0.985002976750418,FALSE
7082,"EHBP1","exp",2.24523765122675e-05,0.98502542912693,FALSE
7083,"HDHD1A","exp",2.24500402360654e-05,0.985047879167166,FALSE
7084,"TARDBP","meth",2.24461371946352e-05,0.985070325304361,FALSE
7085,"C10orf4.1","meth",2.24419304372988e-05,0.985092767234798,FALSE
7086,"CBX7.1","meth",2.2423338059248e-05,0.985115190572858,FALSE
7087,"NAGLU","exp",2.24112376086938e-05,0.985137601810466,FALSE
7088,"FAM179A","exp",2.2409759913996e-05,0.98516001157038,FALSE
7089,"C5orf36","exp",2.23966563248474e-05,0.985182408226705,FALSE
7090,"FAM3B","exp",2.23916070479057e-05,0.985204799833753,FALSE
7091,"NAV3","exp",2.23887597112844e-05,0.985227188593464,FALSE
7092,"FAM71E1","exp",2.23829102597434e-05,0.985249571503724,FALSE
7093,"XPO5;POLH","meth",2.23790524836646e-05,0.985271950556208,FALSE
7094,"INPP5B.1","meth",2.23656685413719e-05,0.985294316224749,FALSE
7095,"RHCG","meth",2.23588670572785e-05,0.985316675091806,FALSE
7096,"ESR1.1","meth",2.2357282769979e-05,0.985339032374576,FALSE
7097,"LAPTM4A","meth",2.23552954750346e-05,0.985361387670051,FALSE
7098,"GLB1L2","exp",2.23513179648005e-05,0.985383738988016,FALSE
7099,"DHH","exp",2.23400191490181e-05,0.985406079007165,FALSE
7100,"BVES","exp",2.23288751115341e-05,0.985428407882277,FALSE
7101,"HERC4","meth",2.23154093995743e-05,0.985450723291676,FALSE
7102,"FAM55C;NFKBIZ","meth",2.22867958567891e-05,0.985473010087533,FALSE
7103,"POU2F2.1","meth",2.22866323174549e-05,0.98549529671985,FALSE
7104,"NCRNA00167","exp",2.22804674686266e-05,0.985517577187319,FALSE
7105,"ZNF324","exp",2.2272541651611e-05,0.985539849728971,FALSE
7106,"VAMP4","exp",2.22684736106741e-05,0.985562118202581,FALSE
7107,"ODC1;SNORA80B","meth",2.22556649763961e-05,0.985584373867558,FALSE
7108,"KIAA0513","exp",2.22503674701079e-05,0.985606624235028,FALSE
7109,"AQP1","exp",2.22308741655466e-05,0.985628855109193,FALSE
7110,"HEATR6.1","meth",2.22257664816998e-05,0.985651080875675,FALSE
7111,"FAM199X","exp",2.22234710903312e-05,0.985673304346765,FALSE
7112,"UBXN2A","exp",2.22165265093205e-05,0.985695520873275,FALSE
7113,"C6orf145.1","meth",2.22098053347216e-05,0.98571773067861,FALSE
7114,"ZCCHC18","exp",2.22091760003196e-05,0.98573993985461,FALSE
7115,"HSF2","exp",2.22009581487788e-05,0.985762140812759,FALSE
7116,"ZNF154.1","meth",2.21978655031562e-05,0.985784338678262,FALSE
7117,"TMEM51","exp",2.21838011204196e-05,0.985806522479382,FALSE
7118,"RAB11FIP1","exp",2.21774230863879e-05,0.985828699902469,FALSE
7119,"SEPX1","exp",2.2120178478746e-05,0.985850820080947,FALSE
7120,"LOC389458","exp",2.2084272833865e-05,0.985872904353781,FALSE
7121,"SOCS4","exp",2.20792454595126e-05,0.985894983599241,FALSE
7122,"TMEM145","exp",2.20733010967509e-05,0.985917056900337,FALSE
7123,"FAM27A","exp",2.20730908318927e-05,0.985939129991169,FALSE
7124,"POP7","exp",2.20679130597598e-05,0.985961197904229,FALSE
7125,"C1orf95","exp",2.2067822529057e-05,0.985983265726758,FALSE
7126,"LOC253724","exp",2.20667989480459e-05,0.986005332525706,FALSE
7127,"BAZ2B","exp",2.20611772834346e-05,0.98602739370299,FALSE
7128,"INA","exp",2.20424447288117e-05,0.986049436147718,FALSE
7129,"KREMEN1.1","meth",2.20289848575424e-05,0.986071465132576,FALSE
7130,"ADAMTS2.1","meth",2.20226345667905e-05,0.986093487767143,FALSE
7131,"FXR2;SHBG","meth",2.20220986834367e-05,0.986115509865826,FALSE
7132,"CKAP2","exp",2.2021120367777e-05,0.986137530986194,FALSE
7133,"CATSPER2","exp",2.20201975386772e-05,0.986159551183733,FALSE
7134,"SLC27A4","exp",2.20179065278265e-05,0.98618156909026,FALSE
7135,"C19orf10.1","meth",2.20009159591468e-05,0.98620357000622,FALSE
7136,"SCRT2","meth",2.19900551951523e-05,0.986225560061415,FALSE
7137,"C1orf105;PIGC","meth",2.19885468368293e-05,0.986247548608251,FALSE
7138,"TRPM7","exp",2.19854921556951e-05,0.986269534100407,FALSE
7139,"PRKAB1","exp",2.19653622158687e-05,0.986291499462623,FALSE
7140,"RANBP6","exp",2.1961191962848e-05,0.986313460654586,FALSE
7141,"TUBB8","exp",2.19606458582858e-05,0.986335421300444,FALSE
7142,"GRB10.1","meth",2.19538969404069e-05,0.986357375197385,FALSE
7143,"AFARP1","exp",2.19514803547104e-05,0.986379326677739,FALSE
7144,"ADCK4;ITPKC","meth",2.19386527381883e-05,0.986401265330477,FALSE
7145,"C1orf229","exp",2.19354666415176e-05,0.986423200797119,FALSE
7146,"P4HA2.1","meth",2.19352125714807e-05,0.98644513600969,FALSE
7147,"KCNJ15","exp",2.19341700082255e-05,0.986467070179698,FALSE
7148,"CD69","exp",2.19249417172272e-05,0.986488995121416,FALSE
7149,"VWA2","exp",2.19173312974989e-05,0.986510912452713,FALSE
7150,"SOX12.1","meth",2.19133508669195e-05,0.98653282580358,FALSE
7151,"LCE2B","meth",2.19040349655637e-05,0.986554729838546,FALSE
7152,"C22orf32.1","meth",2.18928558839366e-05,0.98657662269443,FALSE
7153,"OBFC2A.1","meth",2.1891998762605e-05,0.986598514693192,FALSE
7154,"PFKFB2.1","meth",2.18910598716063e-05,0.986620405753064,FALSE
7155,"PAPSS2","exp",2.18873860772785e-05,0.986642293139141,FALSE
7156,"SNX33","exp",2.18669378198196e-05,0.986664160076961,FALSE
7157,"RPS10","exp",2.1858769614148e-05,0.986686018846575,FALSE
7158,"TXN.1","meth",2.18555134291914e-05,0.986707874360004,FALSE
7159,"TCIRG1","exp",2.18260456854198e-05,0.98672970040569,FALSE
7160,"TMEM26","exp",2.18182439830774e-05,0.986751518649673,FALSE
7161,"PXMP4","exp",2.17934852960257e-05,0.986773312134969,FALSE
7162,"LRP5L","exp",2.17886273016979e-05,0.98679510076227,FALSE
7163,"PPP1R3F","exp",2.1772946507864e-05,0.986816873708778,FALSE
7164,"ARHGEF19","exp",2.17662676782712e-05,0.986838639976457,FALSE
7165,"NR2F6.1","meth",2.17651915310457e-05,0.986860405167988,FALSE
7166,"FGFR1OP2;C12orf11","meth",2.17641504279631e-05,0.986882169318416,FALSE
7167,"SLC7A6OS","exp",2.17617002582961e-05,0.986903931018674,FALSE
7168,"ProSAPiP1","exp",2.17514994923287e-05,0.986925682518166,FALSE
7169,"ACAD9","meth",2.17397363416512e-05,0.986947422254508,FALSE
7170,"COL5A1.1","meth",2.1723341523403e-05,0.986969145596031,FALSE
7171,"PP14571","exp",2.17232685147716e-05,0.986990868864546,FALSE
7172,"NKAIN2","exp",2.17228771885078e-05,0.987012591741735,FALSE
7173,"USP20","exp",2.17191508279654e-05,0.987034310892563,FALSE
7174,"C1orf183;DDX20","meth",2.17126559801236e-05,0.987056023548543,FALSE
7175,"PSD4","exp",2.17070372358576e-05,0.987077730585779,FALSE
7176,"C1orf69","exp",2.17068415727256e-05,0.987099437427351,FALSE
7177,"SLC19A1","exp",2.16983973944277e-05,0.987121135824746,FALSE
7178,"PICK1","exp",2.16961326666843e-05,0.987142831957412,FALSE
7179,"LOC283314;C1RL","meth",2.16911067525045e-05,0.987164523064165,FALSE
7180,"RGPD6","exp",2.16895356067586e-05,0.987186212599772,FALSE
7181,"TRPM2","exp",2.16887733966477e-05,0.987207901373168,FALSE
7182,"C11orf93","exp",2.16834700496689e-05,0.987229584843218,FALSE
7183,"RAPGEF5","exp",2.16548039406692e-05,0.987251239647159,FALSE
7184,"SLC22A5","exp",2.16394896501644e-05,0.987272879136809,FALSE
7185,"MED4","meth",2.16379550087342e-05,0.987294517091818,FALSE
7186,"SUPT5H","meth",2.1627479730313e-05,0.987316144571548,FALSE
7187,"TEAD1","exp",2.16241695189692e-05,0.987337768741067,FALSE
7188,"PGBD2","exp",2.16152449438772e-05,0.987359383986011,FALSE
7189,"AMDHD1.1","meth",2.16124968989944e-05,0.98738099648291,FALSE
7190,"MSN.1","meth",2.16006841024476e-05,0.987402597167012,FALSE
7191,"PITPNM1","exp",2.15977345537424e-05,0.987424194901566,FALSE
7192,"MRPL46","exp",2.15937920876514e-05,0.987445788693654,FALSE
7193,"GALK2;COPS2","meth",2.15903490005986e-05,0.987467379042654,FALSE
7194,"SIK1","exp",2.15890596681695e-05,0.987488968102323,FALSE
7195,"NFKBIA","exp",2.15875250267393e-05,0.98751055562735,FALSE
7196,"CWF19L2","exp",2.15816770353709e-05,0.987532137304385,FALSE
7197,"LLGL2","exp",2.15635635939415e-05,0.987553700867979,FALSE
7198,"SNAP91","meth",2.15591743150268e-05,0.987575260042294,FALSE
7199,"ACSS2","exp",2.1546708821316e-05,0.987596806751115,FALSE
7200,"COG8;NIP7","meth",2.15427590543618e-05,0.98761834951017,FALSE
7201,"H1F0","exp",2.15336943026977e-05,0.987639883204472,FALSE
7202,"RANBP17","exp",2.15263788378399e-05,0.98766140958331,FALSE
7203,"FAM195B","exp",2.15232788913542e-05,0.987682932862201,FALSE
7204,"RBPMS","exp",2.15215777902446e-05,0.987704454439992,FALSE
7205,"PMEPA1.1","meth",2.15191013374703e-05,0.987725973541329,FALSE
7206,"CDK11A","exp",2.15091896856829e-05,0.987747482731015,FALSE
7207,"PKP3.1","meth",2.15028116516512e-05,0.987768985542666,FALSE
7208,"DDAH2.1","meth",2.15016902390742e-05,0.987790487232906,FALSE
7209,"THSD1.1","meth",2.14966730859302e-05,0.987811983905991,FALSE
7210,"GRB10","exp",2.14919100028232e-05,0.987833475815994,FALSE
7211,"TRAIP","exp",2.14838761330332e-05,0.987854959692127,FALSE
7212,"SPATA1","exp",2.14838425490628e-05,0.987876443534676,FALSE
7213,"APCDD1L.1","meth",2.14786063700249e-05,0.987897922141046,FALSE
7214,"ZC3HAV1","meth",2.14682522859317e-05,0.987919390393332,FALSE
7215,"LOC100133669","exp",2.14544507342678e-05,0.987940844844067,FALSE
7216,"LRRC28","exp",2.14444689941943e-05,0.987962289313061,FALSE
7217,"WRB","exp",2.14426700615187e-05,0.987983731983122,FALSE
7218,"RPA3","exp",2.14414610385841e-05,0.988005173444161,FALSE
7219,"CEP72.1","meth",2.14405674129368e-05,0.988026614011574,FALSE
7220,"IKBKB.1","meth",2.14388444092378e-05,0.988048052855983,FALSE
7221,"RPL37A","meth",2.1413761563863e-05,0.988069466617547,FALSE
7222,"KLHL20.1","meth",2.14047610597944e-05,0.988090871378607,FALSE
7223,"BCL7A","exp",2.1393357111583e-05,0.988112264735718,FALSE
7224,"TUBA4A","exp",2.13641273759495e-05,0.988133628863094,FALSE
7225,"MICAL2","exp",2.13622977796487e-05,0.988154991160874,FALSE
7226,"MORC2;TUG1","meth",2.13594811066525e-05,0.98817635064198,FALSE
7227,"ADAMTSL5","exp",2.13425518652231e-05,0.988197693193846,FALSE
7228,"C14orf2","exp",2.13379304188608e-05,0.988219031124264,FALSE
7229,"RBM44","exp",2.1332713222067e-05,0.988240363837486,FALSE
7230,"MORN4.1","meth",2.13283137219439e-05,0.988261692151208,FALSE
7231,"NCRNA00204B","exp",2.13243712558529e-05,0.988283016522464,FALSE
7232,"ADAMTS5","exp",2.13173653475919e-05,0.988304333887812,FALSE
7233,"SOAT1.1","meth",2.12918663530186e-05,0.988325625754165,FALSE
7234,"EIF5A","meth",2.1290368215904e-05,0.988346916122381,FALSE
7235,"VSIG1","exp",2.12793044879144e-05,0.988368195426869,FALSE
7236,"LRGUK.1","meth",2.12787919673226e-05,0.988389474218836,FALSE
7237,"C12orf68","exp",2.12593716713927e-05,0.988410733590507,FALSE
7238,"DIRC2;HSPBAP1","meth",2.12487547562268e-05,0.988431982345264,FALSE
7239,"SOS2","exp",2.12314414893966e-05,0.988453213786753,FALSE
7240,"MBOAT7;TSEN34","meth",2.12297287069059e-05,0.98847444351546,FALSE
7241,"BCAN","exp",2.12239362020974e-05,0.988495667451662,FALSE
7242,"SLC22A8","meth",2.12161549421717e-05,0.988516883606604,FALSE
7243,"MAPK15.1","meth",2.12114108413089e-05,0.988538095017445,FALSE
7244,"MFSD10.1","meth",2.11941837246636e-05,0.98855928920117,FALSE
7245,"SEMA3F.1","meth",2.1176743422815e-05,0.988580465944593,FALSE
7246,"SEPT10","exp",2.11699945049362e-05,0.988601635939098,FALSE
7247,"PDLIM7.1","meth",2.11539282255289e-05,0.988622789867324,FALSE
7248,"RELL2;HDAC3","meth",2.11341881517938e-05,0.988643924055475,FALSE
7249,"CALHM1","exp",2.11335456758382e-05,0.988665057601151,FALSE
7250,"MORN2","exp",2.11177203249142e-05,0.988686175321476,FALSE
7251,"ZDHHC6;VTI1A","meth",2.11158892684409e-05,0.988707291210744,FALSE
7252,"AP1S2","exp",2.11090994657285e-05,0.98872840031021,FALSE
7253,"BICD1","exp",2.11011590469866e-05,0.988749501469257,FALSE
7254,"PPP1R3C.1","meth",2.10912751384791e-05,0.988770592744396,FALSE
7255,"ZBTB8OS","exp",2.10734347493309e-05,0.988791666179145,FALSE
7256,"C1orf55","exp",2.1048680442797e-05,0.988812714859588,FALSE
7257,"ACOT2","exp",2.10347211924895e-05,0.98883374958078,FALSE
7258,"FUS","meth",2.09840619633922e-05,0.988854733642744,FALSE
7259,"DLEU2","exp",2.09756367673384e-05,0.988875709279511,FALSE
7260,"SMU1","meth",2.09728507579674e-05,0.988896682130269,FALSE
7261,"NTNG1.1","meth",2.09603049547622e-05,0.988917642435224,FALSE
7262,"LRRC66","exp",2.09497990127159e-05,0.988938592234236,FALSE
7263,"TLE1","exp",2.09377803318287e-05,0.988959530014568,FALSE
7264,"PRRG2;NOSIP","meth",2.09293580561201e-05,0.988980459372624,FALSE
7265,"IMMP1L;ELP4","meth",2.09253951476123e-05,0.989001384767772,FALSE
7266,"PILRB","exp",2.09251498386111e-05,0.989022309917611,FALSE
7267,"ADRA2A.1","meth",2.09237991789318e-05,0.98904323371679,FALSE
7268,"CD1A","meth",2.09225609525447e-05,0.989064156277742,FALSE
7269,"MRPL33.1","meth",2.09109219165403e-05,0.989085067199659,FALSE
7270,"CREB5","exp",2.08703378785647e-05,0.989105937537537,FALSE
7271,"CLCF1","exp",2.08690295638915e-05,0.989126806567101,FALSE
7272,"RECQL4","exp",2.0867429214693e-05,0.989147673996316,FALSE
7273,"CHORDC1","exp",2.08532450978011e-05,0.989168527241414,FALSE
7274,"KL","exp",2.08107292514408e-05,0.989189337970665,FALSE
7275,"SMCR7.1","meth",2.08088675313422e-05,0.989210146838196,FALSE
7276,"SRI","exp",2.08010906519345e-05,0.989230947928848,FALSE
7277,"LOC100125556","exp",2.07803824837481e-05,0.989251728311332,FALSE
7278,"PSMD5;LOC253039","meth",2.07412571582261e-05,0.98927246956849,FALSE
7279,"EEA1","exp",2.07401182235776e-05,0.989293209686714,FALSE
7280,"LENG1.1","meth",2.07128261370192e-05,0.989313922512851,FALSE
7281,"KCNS3","exp",2.07126173323337e-05,0.989334635130183,FALSE
7282,"ADAMTS3","exp",2.06981922869583e-05,0.98935533332247,FALSE
7283,"PKN3.1","meth",2.06900795678466e-05,0.989376023402038,FALSE
7284,"PLAC2","exp",2.06870467893017e-05,0.989396710448827,FALSE
7285,"FAM100A","exp",2.068445498289e-05,0.98941739490381,FALSE
7286,"NUP210","exp",2.06799007044686e-05,0.989438074804515,FALSE
7287,"ACOT13;TTRAP","meth",2.06648302627924e-05,0.989458739634778,FALSE
7288,"SNAPC5.1","meth",2.06540950736438e-05,0.989479393729851,FALSE
7289,"STMN1","exp",2.06510126492296e-05,0.9895000447425,FALSE
7290,"RAB3D","exp",2.06407899806728e-05,0.989520685532481,FALSE
7291,"PJA1","exp",2.06286676275292e-05,0.989541314200109,FALSE
7292,"C8orf55.1","meth",2.06256100260497e-05,0.989561939810135,FALSE
7293,"TEK.1","meth",2.06166226635347e-05,0.989582556432798,FALSE
7294,"GRIP1","exp",2.05803621967056e-05,0.989603136794995,FALSE
7295,"TSPAN10","exp",2.05788976435614e-05,0.989623715692638,FALSE
7296,"EIF6","meth",2.05743375244494e-05,0.989644290030163,FALSE
7297,"PSMC1.1","meth",2.05723633710586e-05,0.989664862393534,FALSE
7298,"LOC339524.1","meth",2.05525021029956e-05,0.989685414895637,FALSE
7299,"DYRK4","exp",2.05425028408506e-05,0.989705957398478,FALSE
7300,"COPS8","meth",2.0517254995969e-05,0.989726474653474,FALSE
7301,"FLRT2","exp",2.05056480837625e-05,0.989746980301557,FALSE
7302,"SYNC","exp",2.05048143251929e-05,0.989767485115883,FALSE
7303,"B3GNT1","exp",2.04835469108906e-05,0.989787968662794,FALSE
7304,"SPAST.1","meth",2.04545551833952e-05,0.989808423217977,FALSE
7305,"KTELC1","exp",2.04522159868479e-05,0.989828875433964,FALSE
7306,"CCDC84.1","meth",2.0430114813976e-05,0.989849305548778,FALSE
7307,"ABCA17P","exp",2.04281070766149e-05,0.989869733655854,FALSE
7308,"CHAF1B.1","meth",2.04252100941243e-05,0.989890158865949,FALSE
7309,"PSMC1","exp",2.04205083382676e-05,0.989910579374287,FALSE
7310,"HOXD12","meth",2.04124744684776e-05,0.989930991848755,FALSE
7311,"CIDEC","exp",2.03954181920297e-05,0.989951387266947,FALSE
7312,"GDPD5","exp",2.03842113671227e-05,0.989971771478314,FALSE
7313,"C8orf84","exp",2.03834783604643e-05,0.989992154956675,FALSE
7314,"KCNQ1","exp",2.03768929819196e-05,0.990012531849657,FALSE
7315,"DDX58","exp",2.03760563030048e-05,0.99003290790596,FALSE
7316,"SHANK1.1","meth",2.03728351621911e-05,0.990053280741122,FALSE
7317,"N6AMT1","exp",2.03633863851263e-05,0.990073644127507,FALSE
7318,"TAS1R1;NOL9","meth",2.0357545694621e-05,0.990094001673202,FALSE
7319,"SLC43A1.1","meth",2.03371149592337e-05,0.990114338788161,FALSE
7320,"CAMKK1","exp",2.03300929890738e-05,0.99013466888115,FALSE
7321,"C6orf125.1","meth",2.03244815456708e-05,0.990154993362696,FALSE
7322,"WSCD2","exp",2.03221540305045e-05,0.990175315516726,FALSE
7323,"FTCD","exp",2.03114582660168e-05,0.990195626974992,FALSE
7324,"ZNF223","exp",2.02657125178071e-05,0.99021589268751,FALSE
7325,"SLC38A6;TRMT5","meth",2.02410867064643e-05,0.990236133774216,FALSE
7326,"TCTA;RHOA","meth",2.02270690492518e-05,0.990256360843266,FALSE
7327,"REEP1.1","meth",2.02169661148503e-05,0.99027657780938,FALSE
7328,"ERMAP","exp",2.02167354075754e-05,0.990296794544788,FALSE
7329,"FXYD6.1","meth",2.01984803294012e-05,0.990316993025117,FALSE
7330,"ADAMTS16","exp",2.01962900704618e-05,0.990337189315188,FALSE
7331,"MSMP","exp",2.01939041483904e-05,0.990357383219336,FALSE
7332,"C12orf65","exp",2.01836508162084e-05,0.990377566870153,FALSE
7333,"C1orf96.1","meth",2.01795185276759e-05,0.99039774638868,FALSE
7334,"PRAF2","exp",2.01765076517205e-05,0.990417922896332,FALSE
7335,"PAIP2B","exp",2.01690198864928e-05,0.990438091916218,FALSE
7336,"TKTL1","exp",2.01563864729299e-05,0.990458248302691,FALSE
7337,"FAM45B;FAM45A","meth",2.01347642366795e-05,0.990478383066928,FALSE
7338,"TANC1","exp",2.01181314102932e-05,0.990498501198338,FALSE
7339,"TSPAN5.1","meth",2.01150665079506e-05,0.990518616264846,FALSE
7340,"RRAGB","exp",2.01105866983331e-05,0.990538726851545,FALSE
7341,"RAB4B.1","meth",2.00913445434635e-05,0.990558818196088,FALSE
7342,"PQLC3","exp",2.0079014845807e-05,0.990578897210934,FALSE
7343,"ARF3","meth",2.00689235927865e-05,0.990598966134527,FALSE
7344,"UBXN8","exp",2.00611934389028e-05,0.990619027327966,FALSE
7345,"C6orf150.1","meth",2.00542619994457e-05,0.990639081589965,FALSE
7346,"DUSP2","exp",2.00534983291622e-05,0.990659135088294,FALSE
7347,"TMEM176B;TMEM176A","meth",2.00512263005556e-05,0.990679186314595,FALSE
7348,"ZNF57","exp",2.00347482524677e-05,0.990699221062847,FALSE
7349,"C13orf34","exp",2.0031445341987e-05,0.990719252508189,FALSE
7350,"SC5DL.1","meth",2.00286388901992e-05,0.990739281147079,FALSE
7351,"TP53I11.1","meth",2.00280898652917e-05,0.990759309236945,FALSE
7352,"LOC388789","exp",2.00011584413721e-05,0.990779310395386,FALSE
7353,"SHFM1","exp",2.00010095037642e-05,0.99079931140489,FALSE
7354,"OTUD6B","exp",1.99922981138756e-05,0.990819303703004,FALSE
7355,"ZNF623","exp",1.99919184689928e-05,0.990839295621473,FALSE
7356,"PMS2L2","exp",1.99881716660337e-05,0.990859283793139,FALSE
7357,"MMD.1","meth",1.99848658352077e-05,0.990879268658974,FALSE
7358,"FURIN","exp",1.99808094756518e-05,0.99089924946845,FALSE
7359,"SMAD1","exp",1.99721272892158e-05,0.990919221595739,FALSE
7360,"PLK4.1","meth",1.99534516813252e-05,0.99093917504742,FALSE
7361,"RAB9B","exp",1.9930207193287e-05,0.990959105254614,FALSE
7362,"PRDM5","exp",1.99255594638174e-05,0.990979030814077,FALSE
7363,"RABEPK.1","meth",1.99137437469253e-05,0.990998944557824,FALSE
7364,"NCOA2.1","meth",1.9895688712401e-05,0.991018840246537,FALSE
7365,"PATE1","meth",1.98910964694913e-05,0.991038731343006,FALSE
7366,"LOC100128788;SRRM2","meth",1.98867831195531e-05,0.991058618126126,FALSE
7367,"SMTNL2","exp",1.98684667141287e-05,0.99107848659284,FALSE
7368,"YPEL1","exp",1.98638043829329e-05,0.991098350397223,FALSE
7369,"GADD45B","exp",1.9846575806115e-05,0.991118196973029,FALSE
7370,"ZNF673","exp",1.98433196211584e-05,0.99113804029265,FALSE
7371,"XCL2","exp",1.98379242833041e-05,0.991157878216933,FALSE
7372,"SYAP1","meth",1.98293019639458e-05,0.991177707518897,FALSE
7373,"RPS7.1","meth",1.98270883422443e-05,0.99119753460724,FALSE
7374,"PREPL","exp",1.98267232990877e-05,0.991217361330539,FALSE
7375,"TDG.1","meth",1.9821165882072e-05,0.991237182496421,FALSE
7376,"DCAF6","exp",1.98197816384222e-05,0.991257002278059,FALSE
7377,"ANGEL1","exp",1.98165342145013e-05,0.991276818812273,FALSE
7378,"KBTBD12","exp",1.98146359900871e-05,0.991296633448264,FALSE
7379,"PANK4","meth",1.98028144325045e-05,0.991316436262696,FALSE
7380,"SULF1.1","meth",1.97881134145028e-05,0.991336224376111,FALSE
7381,"PRELP.1","meth",1.9761354290953e-05,0.991355985730402,FALSE
7382,"FRK","exp",1.97558435994613e-05,0.991375741574001,FALSE
7383,"ZKSCAN4","exp",1.97509856051336e-05,0.991395492559606,FALSE
7384,"MATN4;RBPJL","meth",1.9747701676897e-05,0.991415240261283,FALSE
7385,"CHN2","exp",1.97434525745545e-05,0.991434983713858,FALSE
7386,"SCARNA9","exp",1.97073687886131e-05,0.991454691082646,FALSE
7387,"ACAN","exp",1.97050062293037e-05,0.991474396088876,FALSE
7388,"LAMB2L","exp",1.97044572043962e-05,0.99149410054608,FALSE
7389,"C10orf32.1","meth",1.969028184854e-05,0.991513790827929,FALSE
7390,"RPS6KA5","exp",1.96799233839289e-05,0.991533470751312,FALSE
7391,"ORC5L","exp",1.96711886312783e-05,0.991553141939944,FALSE
7392,"DKK1.1","meth",1.96477265775188e-05,0.991572789666521,FALSE
7393,"TESK1","meth",1.96371228039065e-05,0.991592426789325,FALSE
7394,"TLE3.1","meth",1.96170206073601e-05,0.991612043809933,FALSE
7395,"KLRA1","exp",1.96027152961401e-05,0.991631646525229,FALSE
7396,"USP30.1","meth",1.958245540095e-05,0.99165122898063,FALSE
7397,"C8G","exp",1.95635228026773e-05,0.991670792503432,FALSE
7398,"SPATA12","exp",1.95606024574247e-05,0.99169035310589,FALSE
7399,"GPN2","meth",1.95436746761679e-05,0.991709896780566,FALSE
7400,"XIST","exp",1.9538641461125e-05,0.991729435422027,FALSE
7401,"ECT2L","exp",1.95330738229008e-05,0.99174896849585,FALSE
7402,"SAMD5","exp",1.9503216213038e-05,0.991768471712063,FALSE
7403,"GAS8.1","meth",1.94908339491669e-05,0.991787962546012,FALSE
7404,"FAM83H","exp",1.94783976589086e-05,0.991807440943671,FALSE
7405,"TMCO5A","meth",1.94527730894895e-05,0.99182689371676,FALSE
7406,"ANGEL1.1","meth",1.94428234732138e-05,0.991846336540234,FALSE
7407,"C3orf59","exp",1.94407690103286e-05,0.991865777309244,FALSE
7408,"ZNF271;ZNF397OS","meth",1.9438583131907e-05,0.991885215892376,FALSE
7409,"NAT8L.1","meth",1.94321481511429e-05,0.991904648040527,FALSE
7410,"B3GALT2;CDC73","meth",1.94129132971365e-05,0.991924060953824,FALSE
7411,"RAB22A;PPP4R1L","meth",1.9383730287027e-05,0.991943444684111,FALSE
7412,"ASB12","exp",1.93391804201983e-05,0.991962783864531,FALSE
7413,"ARNTL2.1","meth",1.92962630263657e-05,0.991982080127558,FALSE
7414,"CLDND2","exp",1.92886920312983e-05,0.992001368819589,FALSE
7415,"CYP2B7P1","exp",1.9224939434261e-05,0.992020593759023,FALSE
7416,"LYNX1.1","meth",1.92205224120664e-05,0.992039814281435,FALSE
7417,"NCKIPSD","meth",1.92112838998597e-05,0.992059025565335,FALSE
7418,"TMEM17.1","meth",1.9209645586173e-05,0.992078235210921,FALSE
7419,"ZBTB7A","exp",1.92068435149031e-05,0.992097442054436,FALSE
7420,"C10orf47","exp",1.91919920991209e-05,0.992116634046535,FALSE
7421,"C21orf15","exp",1.91895214870372e-05,0.992135823568022,FALSE
7422,"SECISBP2","meth",1.91355301440067e-05,0.992154959098166,FALSE
7423,"LOC150776","exp",1.91340086441301e-05,0.99217409310681,FALSE
7424,"CACNA2D1.1","meth",1.91325309494322e-05,0.99219322563776,FALSE
7425,"SULT1A2","exp",1.91270173375953e-05,0.992212352655097,FALSE
7426,"KLHL4","exp",1.90820527817407e-05,0.992231434707879,FALSE
7427,"EPM2AIP1","exp",1.90593938229256e-05,0.992250494101702,FALSE
7428,"GPR81","exp",1.90359259284755e-05,0.992269530027631,FALSE
7429,"ALCAM","exp",1.90348921262561e-05,0.992288564919757,FALSE
7430,"KCND3","exp",1.90194376591792e-05,0.992307584357416,FALSE
7431,"AGGF1","meth",1.90123076362449e-05,0.992326596665052,FALSE
7432,"KGFLP1","exp",1.90079256581934e-05,0.99234560459071,FALSE
7433,"ATXN7","exp",1.89892617316839e-05,0.992364593852442,FALSE
7434,"TEKT1","meth",1.89518900734861e-05,0.992383545742516,FALSE
7435,"SLC6A9.1","meth",1.89291595662123e-05,0.992402474902082,FALSE
7436,"ARHGAP12.1","meth",1.88599167201e-05,0.992421334818802,FALSE
7437,"CMTM2","exp",1.88591063242924e-05,0.992440193925126,FALSE
7438,"RABAC1","exp",1.88494618840956e-05,0.99245904338701,FALSE
7439,"KRT72","meth",1.88440504843425e-05,0.992477887437495,FALSE
7440,"SNRNP25;POLR3K","meth",1.88262217765752e-05,0.992496713659272,FALSE
7441,"SPATA2","exp",1.8814797385947e-05,0.992515528456657,FALSE
7442,"ZNF213","exp",1.88110827067856e-05,0.992534339539364,FALSE
7443,"SPDYA","exp",1.87279901233128e-05,0.992553067529487,FALSE
7444,"MAGI3.1","meth",1.87246930535226e-05,0.992571792222541,FALSE
7445,"CLN5","exp",1.87118756582088e-05,0.992590504098199,FALSE
7446,"IGSF3","exp",1.87085026594421e-05,0.992609212600859,FALSE
7447,"ZFAND1","exp",1.86841542808983e-05,0.992627896755139,FALSE
7448,"FAM18B","exp",1.86777105390984e-05,0.992646574465678,FALSE
7449,"DEXI","exp",1.86422969723925e-05,0.992665216762651,FALSE
7450,"ZNF483","exp",1.86227613228251e-05,0.992683839523974,FALSE
7451,"TFAP2D","meth",1.86183369997674e-05,0.992702457860973,FALSE
7452,"MBOAT7","exp",1.86118377714076e-05,0.992721069698745,FALSE
7453,"CCL3","exp",1.86051049154277e-05,0.99273967480366,FALSE
7454,"GPR82","exp",1.8598160334417e-05,0.992758272963995,FALSE
7455,"ZNF878","exp",1.85904126584618e-05,0.992776863376653,FALSE
7456,"SPIN3","exp",1.85827175487211e-05,0.992795446094202,FALSE
7457,"FKBP5","exp",1.8562485396811e-05,0.992814008579599,FALSE
7458,"TRAF6","exp",1.85521648966882e-05,0.992832560744495,FALSE
7459,"ARSE.1","meth",1.85473229642594e-05,0.99285110806746,FALSE
7460,"C9orf140","exp",1.85442040355296e-05,0.992869652271495,FALSE
7461,"CAGE1;RIOK1","meth",1.85354488404622e-05,0.992888187720336,FALSE
7462,"NCAM1","exp",1.85273010772074e-05,0.992906715021413,FALSE
7463,"INO80","meth",1.85078574185154e-05,0.992925222878831,FALSE
7464,"MMACHC","exp",1.84986145257909e-05,0.992943721493357,FALSE
7465,"CHD1","exp",1.8471230448357e-05,0.992962192723806,FALSE
7466,"CCDC130","exp",1.84431513287531e-05,0.992980635875134,FALSE
7467,"MATN3.1","meth",1.84296053072988e-05,0.992999065480442,FALSE
7468,"BOLA2","exp",1.84212633410847e-05,0.993017486743783,FALSE
7469,"IQCB1;EAF2","meth",1.84197856463868e-05,0.993035906529429,FALSE
7470,"RNASE2","exp",1.8415510260937e-05,0.99305432203969,FALSE
7471,"CHCHD7;PLAG1","meth",1.83884795452787e-05,0.993072710519235,FALSE
7472,"TPX2.1","meth",1.83863360118633e-05,0.993091096855247,FALSE
7473,"PION","exp",1.83677538550209e-05,0.993109464609102,FALSE
7474,"FBXL13","exp",1.83435295911504e-05,0.993127808138693,FALSE
7475,"BCL11B","exp",1.83345699719153e-05,0.993146142708665,FALSE
7476,"NCRNA00188;SNORD49B;SNORD49A","meth",1.83169194052085e-05,0.99316445962807,FALSE
7477,"CCDC45","exp",1.83122935783283e-05,0.993182771921649,FALSE
7478,"GPR83","exp",1.83112889795614e-05,0.993201083210628,FALSE
7479,"CYP26A1","exp",1.82933522190198e-05,0.993219376562847,FALSE
7480,"FERMT1.1","meth",1.82841998569981e-05,0.993237660762704,FALSE
7481,"BRPF1","meth",1.82757571388728e-05,0.993255936519843,FALSE
7482,"KCNJ8.1","meth",1.82671260584787e-05,0.993274203645902,FALSE
7483,"POLE3;C9orf43","meth",1.8232559391896e-05,0.993292436205294,FALSE
7484,"NTN1","exp",1.82320950570008e-05,0.99331066830035,FALSE
7485,"TMED1","exp",1.81610693401118e-05,0.993328829369691,FALSE
7486,"C2orf29","meth",1.81229340116305e-05,0.993346952303702,FALSE
7487,"CCL20","exp",1.81196559240844e-05,0.993365071959626,FALSE
7488,"SNTA1.1","meth",1.81153746979441e-05,0.993383187334324,FALSE
7489,"MCFD2","meth",1.81065202111381e-05,0.993401293854536,FALSE
7490,"C19orf51.1","meth",1.807171699659e-05,0.993419365571532,FALSE
7491,"ADAM15.1","meth",1.8028754337406e-05,0.99343739432587,FALSE
7492,"HLA-DQA1","exp",1.80148330515868e-05,0.993455409158921,FALSE
7493,"INTS4L2","exp",1.80074504187882e-05,0.99347341660934,FALSE
7494,"TUSC3.1","meth",1.79859201734132e-05,0.993491402529514,FALSE
7495,"PVR","exp",1.79835269504787e-05,0.993509386056464,FALSE
7496,"GLA","exp",1.79658997465339e-05,0.99352735195621,FALSE
7497,"SEPT4","exp",1.79653828454242e-05,0.993545317339056,FALSE
7498,"ATP5I.1","meth",1.79524749194076e-05,0.993563269813975,FALSE
7499,"COQ6;FAM161B","meth",1.79491398851291e-05,0.99358121895386,FALSE
7500,"HOXA9","meth",1.79350871837734e-05,0.993599154041044,FALSE
7501,"TIA1.1","meth",1.79336299314924e-05,0.993617087670976,FALSE
7502,"C14orf179.1","meth",1.79137920261913e-05,0.993635001463002,FALSE
7503,"DUSP5P","exp",1.78762276252069e-05,0.993652877690627,FALSE
7504,"CORO1C","exp",1.78655391615823e-05,0.993670743229789,FALSE
7505,"CLEC12B","exp",1.78605891763791e-05,0.993688603818965,FALSE
7506,"XRCC2","exp",1.78554931739132e-05,0.993706459312139,FALSE
7507,"C1orf58","exp",1.78481893904364e-05,0.99372430750153,FALSE
7508,"SYNPO2L","exp",1.78049712010429e-05,0.993742112472731,FALSE
7509,"GRWD1","meth",1.77884508079488e-05,0.993759900923538,FALSE
7510,"HEATR7A","exp",1.77597963803301e-05,0.993777660719919,FALSE
7511,"AK3","meth",1.77548872799604e-05,0.993795415607199,FALSE
7512,"GPR97","exp",1.77113799763869e-05,0.993813126987175,FALSE
7513,"DARS2","exp",1.77111697115287e-05,0.993830838156887,FALSE
7514,"FAM26F","exp",1.76869425273129e-05,0.993848525099414,FALSE
7515,"GABRG2","meth",1.76623254770059e-05,0.993866187424891,FALSE
7516,"C2orf39","meth",1.76197453830501e-05,0.993883807170274,FALSE
7517,"ZNF189","exp",1.75977916876135e-05,0.993901404961962,FALSE
7518,"HBB","exp",1.75793716099326e-05,0.993918984333572,FALSE
7519,"BRUNOL5","meth",1.75773945361966e-05,0.993936561728108,FALSE
7520,"TIMELESS","exp",1.75592825549398e-05,0.993954121010663,FALSE
7521,"LY6E","exp",1.75320824592569e-05,0.993971653093122,FALSE
7522,"MGC45800","meth",1.75039361717121e-05,0.993989157029294,FALSE
7523,"RCHY1;THAP6","meth",1.74621080666588e-05,0.99400661913736,FALSE
7524,"DDB1;DAK","meth",1.74569127724544e-05,0.994024076050133,FALSE
7525,"PCDHGA4;PCDHGA11;PCDHGA12;PCDHGA9;PCDHGA1;PCDHGB1;PCDHGB6;PCDHGB3;PCDHGB7;PCDHGA6;PCDHGA8;PCDHGA10;PCDHGA5;PCDHGB4;PCDHGA3;PCDHGA2;PCDHGA7;PCDHGB2;PCDHGB5","meth",1.74566441006912e-05,0.994041532694234,FALSE
7526,"HTR1E","meth",1.74562819778798e-05,0.994058988976211,FALSE
7527,"SOCS5","exp",1.74159111251076e-05,0.994076404887337,FALSE
7528,"LOC143666","exp",1.74048736802253e-05,0.994093809761017,FALSE
7529,"SLC35F5","exp",1.74029214294239e-05,0.994111212682446,FALSE
7530,"LRBA","exp",1.73953504343565e-05,0.99412860803288,FALSE
7531,"SLC7A8.1","meth",1.73371844577874e-05,0.994145945217338,FALSE
7532,"ETFDH;C4orf46","meth",1.72966821894788e-05,0.994163241899528,FALSE
7533,"LOC100129637","exp",1.72654082121685e-05,0.99418050730774,FALSE
7534,"STMN3.1","meth",1.72469998158686e-05,0.994197754307556,FALSE
7535,"FAM63B","exp",1.72371932965103e-05,0.994214991500852,FALSE
7536,"MFSD3.1","meth",1.72144350459566e-05,0.994232205935898,FALSE
7537,"DLK2","exp",1.71744058735789e-05,0.994249380341772,FALSE
7538,"DGCR8","meth",1.71676817786347e-05,0.99426654802355,FALSE
7539,"CYP2E1.1","meth",1.7145189279499e-05,0.99428369321283,FALSE
7540,"BRCA1","exp",1.71324040079831e-05,0.994300825616838,FALSE
7541,"ZBTB24","exp",1.71252958876382e-05,0.994317950912726,FALSE
7542,"MFSD5","meth",1.71232983714854e-05,0.994335074211097,FALSE
7543,"FOXP1.1","meth",1.71188419246299e-05,0.994352193053022,FALSE
7544,"SKP1","meth",1.71173189645807e-05,0.994369310371986,FALSE
7545,"IFNAR2.1","meth",1.71142277791308e-05,0.994386424599765,FALSE
7546,"COX8A","meth",1.70428136563231e-05,0.994403467413422,FALSE
7547,"GDF11","exp",1.70369320809844e-05,0.994420504345503,FALSE
7548,"ORC1L;PRPF38A","meth",1.70281812664349e-05,0.994437532526769,FALSE
7549,"CLK4","exp",1.70196085929458e-05,0.994454552135362,FALSE
7550,"TMED2","meth",1.70123310925763e-05,0.994471564466455,FALSE
7551,"HPSE","exp",1.70091362348699e-05,0.99448857360269,FALSE
7552,"WDR17.1","meth",1.69850521475715e-05,0.994505558654837,FALSE
7553,"LCA5.1","meth",1.69639745557107e-05,0.994522522629393,FALSE
7554,"TOM1L1.1","meth",1.69412177653297e-05,0.994539463847158,FALSE
7555,"PFDN2","exp",1.69333503552191e-05,0.994556397197513,FALSE
7556,"CDH20","exp",1.69314696528764e-05,0.994573328667166,FALSE
7557,"CEP120","exp",1.69232079961568e-05,0.994590251875162,FALSE
7558,"MYPOP","exp",1.68794086580579e-05,0.99460713128382,FALSE
7559,"STBD1.1","meth",1.68235672763099e-05,0.994623954851097,FALSE
7560,"SLC22A4.1","meth",1.68136629253857e-05,0.994640768514022,FALSE
7561,"THEMIS","exp",1.68082807290851e-05,0.994657576794751,FALSE
7562,"ARHGAP20","exp",1.67869038018359e-05,0.994674363698553,FALSE
7563,"DOK7.1","meth",1.67785282516514e-05,0.994691142226805,FALSE
7564,"CCDC12","exp",1.67710171236616e-05,0.994707913243928,FALSE
7565,"WBSCR26","exp",1.67528116913568e-05,0.99472466605562,FALSE
7566,"ADRBK2.1","meth",1.67522159409252e-05,0.99474141827156,FALSE
7567,"RPAP2","exp",1.67496956829722e-05,0.994758167967243,FALSE
7568,"MAD2L2;C1orf187","meth",1.67444770260058e-05,0.99477491244427,FALSE
7569,"AACS.1","meth",1.67434198610243e-05,0.99479165586413,FALSE
7570,"RBMXL1","exp",1.67050947101016e-05,0.994808360958841,FALSE
7571,"C16orf48","exp",1.66479712967877e-05,0.994825008930137,FALSE
7572,"C9orf163;SEC16A","meth",1.66463943103512e-05,0.994841655324448,FALSE
7573,"CCDC19","exp",1.66365994723739e-05,0.99485829192392,FALSE
7574,"SLC35A5","exp",1.6586579798887e-05,0.994874878503719,FALSE
7575,"TUBG2","exp",1.65862351981472e-05,0.994891464738917,FALSE
7576,"TBC1D10A.1","meth",1.65604543902571e-05,0.994908025193307,FALSE
7577,"USH2A","exp",1.65418517909979e-05,0.994924567045098,FALSE
7578,"ZNF643.1","meth",1.65060249954387e-05,0.994941073070094,FALSE
7579,"CHGB","exp",1.65032273046867e-05,0.994957576297399,FALSE
7580,"OR2C1","exp",1.64896418585715e-05,0.994974065939257,FALSE
7581,"LRRC48","exp",1.64672515715197e-05,0.994990533190829,FALSE
7582,"SLC26A8","exp",1.64630754778084e-05,0.995006996266306,FALSE
7583,"LOC388796","exp",1.64201639246664e-05,0.995023416430231,FALSE
7584,"AP2B1","meth",1.6371560618627e-05,0.99503978799085,FALSE
7585,"CD3EAP;PPP1R13L","meth",1.63694200055568e-05,0.995056157410855,FALSE
7586,"GP5","exp",1.6340902834165e-05,0.99507249831369,FALSE
7587,"SERTAD1","exp",1.63339275895291e-05,0.995088832241279,FALSE
7588,"UROC1","exp",1.63217687320698e-05,0.995105154010011,FALSE
7589,"EEF1A2.1","meth",1.62900771453883e-05,0.995121444087157,FALSE
7590,"AQP4;C18orf16","meth",1.62859974230704e-05,0.99513773008458,FALSE
7591,"ROBLD3","exp",1.6276582229976e-05,0.99515400666681,FALSE
7592,"ZNF462","exp",1.62614343991506e-05,0.995170268101209,FALSE
7593,"NR4A3","exp",1.62394441993984e-05,0.995186507545408,FALSE
7594,"RIBC1;SMC1A","meth",1.62254294625311e-05,0.995202732974871,FALSE
7595,"MOSC2","exp",1.6220111513826e-05,0.995218953086385,FALSE
7596,"POM121L10P","exp",1.62087747335554e-05,0.995235161861118,FALSE
7597,"C2orf58","exp",1.62017089582166e-05,0.995251363570076,FALSE
7598,"CHAF1A.1","meth",1.6156599845272e-05,0.995267520169921,FALSE
7599,"MIR548H3;C6orf167","meth",1.61525142822636e-05,0.995283672684204,FALSE
7600,"MRPS24","meth",1.61435517426833e-05,0.995299816235946,FALSE
7601,"COMTD1.1","meth",1.61163107621668e-05,0.995315932546709,FALSE
7602,"RHBDL1.1","meth",1.61073628243128e-05,0.995332039909533,FALSE
7603,"ODF3B","exp",1.60873496982966e-05,0.995348127259231,FALSE
7604,"KBTBD4;NDUFS3","meth",1.60194954763519e-05,0.995364146754708,FALSE
7605,"PMAIP1","exp",1.60038015409643e-05,0.995380150556249,FALSE
7606,"BCL9.1","meth",1.59987435029868e-05,0.995396149299752,FALSE
7607,"ATP4A","meth",1.59913550294977e-05,0.995412140654781,FALSE
7608,"SRGAP2","exp",1.59773505138387e-05,0.995428118005295,FALSE
7609,"NMNAT1","exp",1.59124312388729e-05,0.995444030436534,FALSE
7610,"PIK3IP1","exp",1.59084230650137e-05,0.995459938859599,FALSE
7611,"NAT9","exp",1.58985289352978e-05,0.995475837388534,FALSE
7612,"LHX4","exp",1.58910119666176e-05,0.995491728400501,FALSE
7613,"ZNF174;ZNF434","meth",1.58760612590968e-05,0.99550760446176,FALSE
7614,"SNORD116-28","exp",1.58760481175431e-05,0.995523480509877,FALSE
7615,"HDDC3","exp",1.58309346240806e-05,0.995539311444501,FALSE
7616,"HIST1H2BO","exp",1.58062752287675e-05,0.99555511771973,FALSE
7617,"NHS","exp",1.57896175794465e-05,0.99557090733731,FALSE
7618,"PLXNA2","exp",1.57870228526896e-05,0.995586694360162,FALSE
7619,"TEKT3","exp",1.57762526193979e-05,0.995602470612782,FALSE
7620,"DMRT3","meth",1.57757430191513e-05,0.995618246355801,FALSE
7621,"MRPL42P5","exp",1.57696949841332e-05,0.995634016050785,FALSE
7622,"PRPF40B","exp",1.57614669113839e-05,0.995649777517696,FALSE
7623,"ZNF430","exp",1.57528445920255e-05,0.995665530362288,FALSE
7624,"RARRES1","exp",1.57513727380182e-05,0.995681281735026,FALSE
7625,"MYO6.1","meth",1.57299169614472e-05,0.995697011651988,FALSE
7626,"OPRM1","meth",1.57233330430752e-05,0.995712734985031,FALSE
7627,"RRP7B","exp",1.56954481264305e-05,0.995728430433157,FALSE
7628,"RASA1.1","meth",1.56863833747664e-05,0.995744116816532,FALSE
7629,"ARRB1","exp",1.56485298596019e-05,0.995759765346392,FALSE
7630,"C1orf101.1","meth",1.56331703037457e-05,0.995775398516695,FALSE
7631,"KLHDC7A","meth",1.56237375885798e-05,0.995791022254284,FALSE
7632,"HSD17B1","exp",1.56177552613298e-05,0.995806640009545,FALSE
7633,"PLA2G16.1","meth",1.56003149594811e-05,0.995822240324505,FALSE
7634,"ELK4","exp",1.55803748420962e-05,0.995837820699347,FALSE
7635,"ATRNL1","exp",1.55734623848832e-05,0.995853394161732,FALSE
7636,"RRM1","exp",1.55715028332187e-05,0.995868965664565,FALSE
7637,"KBTBD4","exp",1.55293914546759e-05,0.99588449505602,FALSE
7638,"NXN.1","meth",1.54824644268115e-05,0.995899977520447,FALSE
7639,"AXIN2.1","meth",1.54725148105359e-05,0.995915450035257,FALSE
7640,"HOXB13","meth",1.54584299853825e-05,0.995930908465242,FALSE
7641,"MTL5.1","meth",1.53940451335979e-05,0.995946302510376,FALSE
7642,"PTGS2.1","meth",1.53840341900719e-05,0.995961686544566,FALSE
7643,"AMOTL2","exp",1.53775977491351e-05,0.995977064142315,FALSE
7644,"MSTN","exp",1.53490951794696e-05,0.995992413237495,FALSE
7645,"PCCA.1","meth",1.53355827419857e-05,0.996007748820237,FALSE
7646,"MMP23B","exp",1.53182855370544e-05,0.996023067105774,FALSE
7647,"DECR1","exp",1.52979657747867e-05,0.996038365071549,FALSE
7648,"TMEM154","exp",1.52747665520998e-05,0.996053639838101,FALSE
7649,"NDUFA2;IK","meth",1.52654053853925e-05,0.996068905243486,FALSE
7650,"ANKRD29.1","meth",1.52553345747889e-05,0.996084160578061,FALSE
7651,"SH3GL2","exp",1.52508518448261e-05,0.996099411429906,FALSE
7652,"FES","exp",1.51928231244839e-05,0.99611460425303,FALSE
7653,"PLEKHN1.1","meth",1.51891303479119e-05,0.996129793383378,FALSE
7654,"CMAH","exp",1.5179252280095e-05,0.996144972635658,FALSE
7655,"DEK.1","meth",1.51790843602429e-05,0.996160151720018,FALSE
7656,"ZNF484","exp",1.5177368657407e-05,0.996175329088676,FALSE
7657,"GLS2.1","meth",1.51723763271977e-05,0.996190501465003,FALSE
7658,"FUK","exp",1.51717134088253e-05,0.996205673178412,FALSE
7659,"ZG16B.1","meth",1.51614367138813e-05,0.996220834615126,FALSE
7660,"C7orf36","exp",1.51430268574088e-05,0.996235977641983,FALSE
7661,"TMEM231","exp",1.51282119459423e-05,0.996251105853929,FALSE
7662,"PARVG.1","meth",1.51000817202964e-05,0.99626620593565,FALSE
7663,"ZC4H2","exp",1.50778359903345e-05,0.99628128377164,FALSE
7664,"ARHGEF37","exp",1.50705322068577e-05,0.996296354303847,FALSE
7665,"MYST1","meth",1.50426283079689e-05,0.996311396932155,FALSE
7666,"GJA1","exp",1.50108783143824e-05,0.996326407810469,FALSE
7667,"KCNJ10","exp",1.50000496741857e-05,0.996341407860143,FALSE
7668,"KIAA1147","exp",1.49871840931753e-05,0.996356395044236,FALSE
7669,"LOC90110","exp",1.4987013252978e-05,0.996371382057489,FALSE
7670,"SPARCL1.1","meth",1.49725838270848e-05,0.996386354641316,FALSE
7671,"ERCC4","exp",1.49703964884906e-05,0.996401325037805,FALSE
7672,"POLR3D.1","meth",1.49489261101933e-05,0.996416273963915,FALSE
7673,"PABPC3","exp",1.49392305639546e-05,0.996431213194479,FALSE
7674,"PPP1R13B","exp",1.49287713474323e-05,0.996446141965826,FALSE
7675,"PPAPDC1A","exp",1.49112887005775e-05,0.996461053254527,FALSE
7676,"COX4NB;COX4I1","meth",1.49075331365826e-05,0.996475960787664,FALSE
7677,"YEATS2","exp",1.48848420539698e-05,0.996490845629718,FALSE
7678,"C16orf71","exp",1.48808820658072e-05,0.996505726511783,FALSE
7679,"COPA;NCSTN","meth",1.48553144431205e-05,0.996520581826226,FALSE
7680,"ELFN1","exp",1.47930030364653e-05,0.996535374829263,FALSE
7681,"RFC4.1","meth",1.47138675208098e-05,0.996550088696784,FALSE
7682,"TP73","exp",1.47068747541024e-05,0.996564795571538,FALSE
7683,"CDH26.1","meth",1.46477304618736e-05,0.996579443302,FALSE
7684,"DTX1","exp",1.46413524278419e-05,0.996594084654428,FALSE
7685,"ANKHD1;ANKHD1-EIF4EBP3","meth",1.46086124372148e-05,0.996608693266865,FALSE
7686,"CHST3","exp",1.45778173965259e-05,0.996623271084261,FALSE
7687,"C8orf41","exp",1.45443531602761e-05,0.996637815437422,FALSE
7688,"WWP2","meth",1.45396630858004e-05,0.996652355100507,FALSE
7689,"AFF2","exp",1.4532064347453e-05,0.996666887164855,FALSE
7690,"PLEKHG4","exp",1.45092681324111e-05,0.996681396432987,FALSE
7691,"CDC42EP4.1","meth",1.45004019642241e-05,0.996695896834952,FALSE
7692,"ZNF239","exp",1.44877101437562e-05,0.996710384545095,FALSE
7693,"HLTF","exp",1.44588293893804e-05,0.996724843374485,FALSE
7694,"LOC642826","exp",1.44325754855594e-05,0.99673927594997,FALSE
7695,"TCEANC","exp",1.44102041807516e-05,0.996753686154151,FALSE
7696,"GPR125","exp",1.4409433209605e-05,0.996768095587361,FALSE
7697,"EDEM2.1","meth",1.43904568061534e-05,0.996782486044167,FALSE
7698,"VASN","exp",1.43603889314324e-05,0.996796846433098,FALSE
7699,"NUDT16L1","exp",1.43539758532577e-05,0.996811200408952,FALSE
7700,"CHD6","exp",1.43225149738512e-05,0.996825522923925,FALSE
7701,"RNF103.1","meth",1.43170743706455e-05,0.996839839998296,FALSE
7702,"TRIM41","meth",1.43069320115832e-05,0.996854146930307,FALSE
7703,"STEAP1.1","meth",1.43002721642346e-05,0.996868447202472,FALSE
7704,"ANXA11.1","meth",1.4273000520093e-05,0.996882720202992,FALSE
7705,"IKBIP","exp",1.42465947583188e-05,0.99689696679775,FALSE
7706,"BEX2.1","meth",1.42050032012309e-05,0.996911171800951,FALSE
7707,"LRP1B.1","meth",1.41592355504318e-05,0.996925331036502,FALSE
7708,"LOC143188","exp",1.40613820818796e-05,0.996939392418584,FALSE
7709,"MAP3K3","exp",1.40488932254068e-05,0.996953441311809,FALSE
7710,"CBL","exp",1.40069629082696e-05,0.996967448274718,FALSE
7711,"FAM86B2","exp",1.4003175220477e-05,0.996981451449938,FALSE
7712,"CP110.1","meth",1.398951092504e-05,0.996995440960863,FALSE
7713,"FLT1.1","meth",1.3977905473006e-05,0.997009418866336,FALSE
7714,"IQGAP2.1","meth",1.39337878172747e-05,0.997023352654153,FALSE
7715,"C9orf96","exp",1.39141484954508e-05,0.997037266802649,FALSE
7716,"NPB.1","meth",1.3816254142065e-05,0.997051083056791,FALSE
7717,"PPIH","exp",1.38083327055673e-05,0.997064891389496,FALSE
7718,"CREBZF","exp",1.37986313186381e-05,0.997078690020815,FALSE
7719,"IL17B","exp",1.37736229420673e-05,0.997092463643757,FALSE
7720,"CCDC132.1","meth",1.37538449038439e-05,0.997106217488661,FALSE
7721,"C7orf51","exp",1.37516254414519e-05,0.997119969114103,FALSE
7722,"RGS19","exp",1.37329673556329e-05,0.997133702081458,FALSE
7723,"TAS2R20","exp",1.37134711307264e-05,0.997147415552589,FALSE
7724,"GUSBP1","exp",1.36312225270315e-05,0.997161046775116,FALSE
7725,"SOCS2.1","meth",1.36122256811632e-05,0.997174659000797,FALSE
7726,"ATP5J2","exp",1.3609448432828e-05,0.99718826844923,FALSE
7727,"YEATS4.1","meth",1.35930506942345e-05,0.997201861499924,FALSE
7728,"ANGPTL6","exp",1.3570577177343e-05,0.997215432077102,FALSE
7729,"PEX3","exp",1.35581744710551e-05,0.997228990251573,FALSE
7730,"CCNG2.1","meth",1.34995938054601e-05,0.997242489845378,FALSE
7731,"KIAA0319","exp",1.34676393877059e-05,0.997255957484766,FALSE
7732,"LRRC47","meth",1.34547197803083e-05,0.997269412204546,FALSE
7733,"GADD45G","exp",1.34395018611969e-05,0.997282851706407,FALSE
7734,"OR5V1","meth",1.34199326276591e-05,0.997296271639035,FALSE
7735,"LPGAT1","exp",1.33932158491155e-05,0.997309664854884,FALSE
7736,"NME5","meth",1.33587630759977e-05,0.99732302361796,FALSE
7737,"CNGA1","exp",1.32959230868518e-05,0.997336319541047,FALSE
7738,"FUNDC1","exp",1.32844227672469e-05,0.997349603963814,FALSE
7739,"CTH.1","meth",1.32835349822901e-05,0.997362887498797,FALSE
7740,"MSX1.1","meth",1.31674687805699e-05,0.997376054967577,FALSE
7741,"SEMA4D","exp",1.31447952200286e-05,0.997389199762797,FALSE
7742,"TREX2","exp",1.31102154118923e-05,0.997402309978209,FALSE
7743,"KCNA6.1","meth",1.30695729670116e-05,0.997415379551176,FALSE
7744,"ZNF333.1","meth",1.30536278819322e-05,0.997428433179058,FALSE
7745,"G6PC3.1","meth",1.30313164442022e-05,0.997441464495502,FALSE
7746,"OR3A3","meth",1.30221290380375e-05,0.99745448662454,FALSE
7747,"RPL35","exp",1.2986530029408e-05,0.99746747315457,FALSE
7748,"TDRKH","exp",1.29741185620844e-05,0.997480447273132,FALSE
7749,"C9orf5","exp",1.29586232101739e-05,0.997493405896342,FALSE
7750,"TACO1.1","meth",1.29206879253424e-05,0.997506326584267,FALSE
7751,"SNX22","exp",1.29061592077106e-05,0.997519232743475,FALSE
7752,"SLCO2A1","exp",1.28991883435926e-05,0.997532131931819,FALSE
7753,"COMMD1.1","meth",1.28117181625861e-05,0.997544943649981,FALSE
7754,"DOCK1","exp",1.28041077428577e-05,0.997557747757724,FALSE
7755,"LRRC37B2","exp",1.27592395583964e-05,0.997570506997282,FALSE
7756,"MCM3APAS","exp",1.27524643574104e-05,0.99758325946164,FALSE
7757,"SLC45A3.1","meth",1.27509019727002e-05,0.997596010363612,FALSE
7758,"SLC38A9","exp",1.27357249384223e-05,0.997608746088551,FALSE
7759,"HIF1A","exp",1.27217481660433e-05,0.997621467836717,FALSE
7760,"C22orf24","exp",1.27168770301619e-05,0.997634184713747,FALSE
7761,"NTS","meth",1.27050189682636e-05,0.997646889732715,FALSE
7762,"C9orf123","exp",1.2657886056059e-05,0.997659547618771,FALSE
7763,"FDX1.1","meth",1.26544984555659e-05,0.997672202117227,FALSE
7764,"BAT2","meth",1.25645357598863e-05,0.997684766652987,FALSE
7765,"KLHL5","exp",1.25445299347332e-05,0.997697311182922,FALSE
7766,"DAGLA","exp",1.25402779120454e-05,0.997709851460834,FALSE
7767,"SLC5A3","exp",1.25365690735745e-05,0.997722388029907,FALSE
7768,"IRF2","meth",1.25177795722192e-05,0.99773490580948,FALSE
7769,"MYADM.1","meth",1.24867728064995e-05,0.997747392582286,FALSE
7770,"TMED7-TICAM2","exp",1.24788221665492e-05,0.997759871404453,FALSE
7771,"SATB1","exp",1.24618374385599e-05,0.997772333241891,FALSE
7772,"NRP1","exp",1.24481819041587e-05,0.997784781423795,FALSE
7773,"SFPQ","meth",1.24177168624833e-05,0.997797199140658,FALSE
7774,"VCPIP1.1","meth",1.23805875929415e-05,0.997809579728251,FALSE
7775,"ALDH1A3.1","meth",1.2369195326111e-05,0.997821948923577,FALSE
7776,"S100A10","exp",1.23394866538561e-05,0.997834288410231,FALSE
7777,"GPR75;LOC100302652","meth",1.23382688698858e-05,0.9978466266791,FALSE
7778,"KIAA1731","exp",1.23224990055216e-05,0.997858949178106,FALSE
7779,"TPSB2","exp",1.22502467436265e-05,0.99787119942485,FALSE
7780,"SBNO1","exp",1.22165459594112e-05,0.997883415970809,FALSE
7781,"LENG9.1","meth",1.21825940255042e-05,0.997895598564835,FALSE
7782,"SEMA6A","exp",1.21480813853088e-05,0.99790774664622,FALSE
7783,"RTN2.1","meth",1.21163839579368e-05,0.997919863030178,FALSE
7784,"MPDU1","meth",1.20716442686666e-05,0.997931934674446,FALSE
7785,"TIA1","exp",1.20529131742163e-05,0.997943987587621,FALSE
7786,"ISOC2","exp",1.20283647520228e-05,0.997956015952373,FALSE
7787,"CCDC3","exp",1.20195248669431e-05,0.99796803547724,FALSE
7788,"LOC100131434","exp",1.19073076802659e-05,0.99797994278492,FALSE
7789,"SIM1","meth",1.18935499337808e-05,0.997991836334854,FALSE
7790,"DDX56","meth",1.18928052457413e-05,0.998003729140099,FALSE
7791,"ALAS1","exp",1.1845346715041e-05,0.998015574486814,FALSE
7792,"MAOA.1","meth",1.18237332398263e-05,0.998027398220054,FALSE
7793,"PSMC3IP","exp",1.18185321049314e-05,0.998039216752159,FALSE
7794,"HIST1H4C","exp",1.1766900400865e-05,0.99805098365256,FALSE
7795,"RHBDD3","exp",1.17581773295955e-05,0.99806274182989,FALSE
7796,"C8orf40","exp",1.17309275880433e-05,0.998074472757478,FALSE
7797,"MIR17HG","exp",1.17119161404487e-05,0.998086184673618,FALSE
7798,"GPBAR1","exp",1.1693065311843e-05,0.99809787773893,FALSE
7799,"SDPR.1","meth",1.16923615086371e-05,0.998109570100439,FALSE
7800,"KLF16","exp",1.16907553187482e-05,0.998121260855757,FALSE
7801,"GCLC.1","meth",1.16366150381098e-05,0.998132897470795,FALSE
7802,"STAT6","exp",1.15608116363875e-05,0.998144458282432,FALSE
7803,"FKBPL.1","meth",1.15581307594456e-05,0.998156016413191,FALSE
7804,"RAB15.1","meth",1.15497318464991e-05,0.998167566145038,FALSE
7805,"FAM19A2","exp",1.14557690079097e-05,0.998179021914046,FALSE
7806,"MLL2","exp",1.14340920151858e-05,0.998190456006061,FALSE
7807,"KPNA2","exp",1.13408585328232e-05,0.998201796864594,FALSE
7808,"Adherens junction ","path_mut",1.1336572926165e-05,0.99821313343752,FALSE
7809,"NEDD1","exp",1.1331590817164e-05,0.998224465028337,FALSE
7810,"COQ4;TRUB2","meth",1.12960356137133e-05,0.998235761063951,FALSE
7811,"NPM2.1","meth",1.1295638446759e-05,0.998247056702397,FALSE
7812,"SPOP","meth",1.12416690063179e-05,0.998258298371404,FALSE
7813,"FLJ42289","exp",1.12160181537915e-05,0.998269514389557,FALSE
7814,"MPO.1","meth",1.11522261320932e-05,0.99828066661569,FALSE
7815,"C9orf64","exp",1.11282909824027e-05,0.998291794906672,FALSE
7816,"ELK3.1","meth",1.10660876285219e-05,0.9983028609943,FALSE
7817,"SSR4","exp",1.10641455989289e-05,0.9983139251399,FALSE
7818,"PLXND1","exp",1.10524445055879e-05,0.998324977584405,FALSE
7819,"CXorf58","exp",1.09330746633007e-05,0.998335910659068,FALSE
7820,"FAM65C","exp",1.08587723190383e-05,0.998346769431387,FALSE
7821,"TAL1","exp",1.07080357784789e-05,0.998357477467166,FALSE
7822,"CYP11A1","exp",1.06750066736718e-05,0.99836815247384,FALSE
7823,"FBXO27","exp",1.06698654058545e-05,0.998378822339245,FALSE
7824,"CD70","exp",1.06398676194196e-05,0.998389462206865,FALSE
7825,"MST1P9","exp",1.06365559479031e-05,0.998400098762813,FALSE
7826,"HIST1H2AM;HIST1H2BO","meth",1.06062909498776e-05,0.998410705053763,FALSE
7827,"GTF2E1;RABL3","meth",1.05957485035156e-05,0.998421300802266,FALSE
7828,"C21orf62","exp",1.05625996645531e-05,0.998431863401931,FALSE
7829,"GLIPR1","exp",1.05415293735554e-05,0.998442404931304,FALSE
7830,"CALCB","meth",1.05310686968605e-05,0.998452936000001,FALSE
7831,"CTSF.1","meth",1.05154857345926e-05,0.998463451485736,FALSE
7832,"DPYSL3.1","meth",1.05055039945191e-05,0.99847395698973,FALSE
7833,"C9orf116;MRPS2","meth",1.04566057336092e-05,0.998484413595464,FALSE
7834,"SCN5A","exp",1.04177768231303e-05,0.998494831372287,FALSE
7835,"UCKL1AS","exp",1.03991946662879e-05,0.998505230566953,FALSE
7836,"ARMC4.1","meth",1.03459246485348e-05,0.998515576491602,FALSE
7837,"RSPO4","exp",1.03455698265866e-05,0.998525922061428,FALSE
7838,"ODZ1","exp",1.03405468327521e-05,0.998536262608261,FALSE
7839,"PNPLA7","exp",1.03249061936654e-05,0.998546587514455,FALSE
7840,"PEX19","meth",1.02952391363303e-05,0.998556882753591,FALSE
7841,"ZNF808","exp",1.02798751999563e-05,0.998567162628791,FALSE
7842,"ST8SIA5.1","meth",1.02742068098209e-05,0.998577436835601,FALSE
7843,"C6orf108","exp",1.02271834105632e-05,0.998587664019011,FALSE
7844,"CXXC5","exp",1.02004914549543e-05,0.998597864510466,FALSE
7845,"NCKAP5","exp",1.01916661716008e-05,0.998608056176638,FALSE
7846,"ATP6V1B1","exp",1.01371929716037e-05,0.99861819336961,FALSE
7847,"COL23A1.1","meth",1.01156583457108e-05,0.998628309027955,FALSE
7848,"TNFSF13B","exp",1.00680187536048e-05,0.998638377046709,FALSE
7849,"SLC34A3","exp",1.00506777434948e-05,0.998648427724452,FALSE
7850,"ZNF419","exp",1.00340025721023e-05,0.998658461727024,FALSE
7851,"NRG1","exp",1.0024450122781e-05,0.998668486177147,FALSE
7852,"GEMIN6.1","meth",9.96343826976319e-06,0.998678449615417,FALSE
7853,"ACSS1.1","meth",9.88043621699317e-06,0.998688330051634,FALSE
7854,"FEM1C.1","meth",9.82469558715638e-06,0.998698154747221,FALSE
7855,"MGC14436;C12orf34","meth",9.81592871070801e-06,0.998707970675932,FALSE
7856,"MYCBP","exp",9.80975218049872e-06,0.998717780428112,FALSE
7857,"NR1I2","exp",9.68982601244086e-06,0.998727470254125,FALSE
7858,"ACTA1.1","meth",9.62424308901642e-06,0.998737094497214,FALSE
7859,"KCTD8","meth",9.5318229228067e-06,0.998746626320137,FALSE
7860,"TIPIN.1","meth",9.50210256917076e-06,0.998756128422706,FALSE
7861,"C18orf54","exp",9.49540329716125e-06,0.998765623826003,FALSE
7862,"RUNDC3A","exp",9.45103741208342e-06,0.998775074863415,FALSE
7863,"GORAB.1","meth",9.4015609228135e-06,0.998784476424338,FALSE
7864,"ADAMTS15.1","meth",9.30175666363252e-06,0.998793778181002,FALSE
7865,"C19orf36","exp",9.29264956696222e-06,0.998803070830569,FALSE
7866,"MYBPC3","exp",9.27255759162418e-06,0.99881234338816,FALSE
7867,"SPIN4","exp",9.2572856461256e-06,0.998821600673806,FALSE
7868,"OSBPL11","exp",9.253761519492e-06,0.998830854435326,FALSE
7869,"CRLF1","exp",9.2426123714038e-06,0.998840097047697,FALSE
7870,"GLUL","exp",9.2174389953262e-06,0.998849314486693,FALSE
7871,"ELMOD2","exp",9.19797781456273e-06,0.998858512464507,FALSE
7872,"TMEM106A.1","meth",9.17407770901527e-06,0.998867686542216,FALSE
7873,"ZNF618","exp",9.14557513934968e-06,0.998876832117355,FALSE
7874,"PSMG1.1","meth",9.1367965815203e-06,0.998885968913937,FALSE
7875,"TAF6L","exp",9.09872696080712e-06,0.998895067640898,FALSE
7876,"OSR1","meth",9.08931176771267e-06,0.998904156952665,FALSE
7877,"NUDCD3","meth",9.05425156278232e-06,0.998913211204228,FALSE
7878,"ZNF696.1","meth",9.0376625415748e-06,0.99892224886677,FALSE
7879,"ZFP1","exp",9.02092896327728e-06,0.998931269795733,FALSE
7880,"ZNF787","exp",8.98114217955556e-06,0.998940250937913,FALSE
7881,"METTL14","exp",8.9463754693231e-06,0.998949197313382,FALSE
7882,"EPHB4","exp",8.90183144318485e-06,0.998958099144825,FALSE
7883,"EEF1B2;NDUFS1","meth",8.89878844343162e-06,0.998966997933269,FALSE
7884,"ZNF26","exp",8.89759110187805e-06,0.99897589552437,FALSE
7885,"SF3B1","meth",8.88813210360481e-06,0.998984783656474,FALSE
7886,"CYP2E1","exp",8.83800437734355e-06,0.998993621660851,FALSE
7887,"PPIAL4G","exp",8.83244403998256e-06,0.999002454104891,FALSE
7888,"PDZK1","exp",8.82649821704822e-06,0.999011280603109,FALSE
7889,"RPL7L1","meth",8.82583237833063e-06,0.999020106435487,FALSE
7890,"CP","exp",8.75226304072658e-06,0.999028858698528,FALSE
7891,"RAD51L3","exp",8.72706046119645e-06,0.999037585758989,FALSE
7892,"AGPAT4","exp",8.63104681015338e-06,0.999046216805799,FALSE
7893,"CLGN.1","meth",8.60037004344721e-06,0.999054817175842,FALSE
7894,"RPL6","meth",8.55392779289477e-06,0.999063371103635,FALSE
7895,"EXOSC10","meth",8.54871497661884e-06,0.999071919818612,FALSE
7896,"PCYT2","exp",8.51291446416694e-06,0.999080432733076,FALSE
7897,"NRAS","exp",8.45868657317101e-06,0.999088891419649,FALSE
7898,"KDELC1;BIVM","meth",8.44634446404712e-06,0.999097337764113,FALSE
7899,"FGFR1","exp",8.41697090140993e-06,0.999105754735015,FALSE
7900,"AZU1","exp",8.38778059043735e-06,0.999114142515605,FALSE
7901,"ERCC6.1","meth",8.37035489031496e-06,0.999122512870495,FALSE
7902,"GYS2.1","meth",8.36881586836683e-06,0.999130881686364,FALSE
7903,"CHRD","exp",8.34954158969952e-06,0.999139231227953,FALSE
7904,"HDAC10","exp",8.32370821559483e-06,0.999147554936169,FALSE
7905,"FCER1A","exp",8.29510051350015e-06,0.999155850036683,FALSE
7906,"STT3A","meth",8.28685345850674e-06,0.999164136890141,FALSE
7907,"PLEKHG1","exp",8.24287889969276e-06,0.999172379769041,FALSE
7908,"PNMA1.1","meth",8.21142094063152e-06,0.999180591189981,FALSE
7909,"BCAT1.1","meth",8.20925404445407e-06,0.999188800444026,FALSE
7910,"SNTG1","meth",8.20139539537927e-06,0.999197001839421,FALSE
7911,"PTPRJ.1","meth",8.1506952814485e-06,0.999205152534703,FALSE
7912,"ECEL1","exp",8.01725886616571e-06,0.999213169793569,FALSE
7913,"LRRC26","exp",8.00631341215888e-06,0.999221176106981,FALSE
7914,"INO80B.1","meth",7.95269587332074e-06,0.999229128802854,FALSE
7915,"DYNC1LI1","meth",7.94802332091655e-06,0.999237076826175,FALSE
7916,"MCEE","exp",7.94788022399917e-06,0.999245024706399,FALSE
7917,"LYNX1","exp",7.93473575001712e-06,0.999252959442149,FALSE
7918,"PLCG1","exp",7.92999895001737e-06,0.999260889441099,FALSE
7919,"TSPAN1","exp",7.91192347307626e-06,0.999268801364572,FALSE
7920,"MAPK11.1","meth",7.90698370908145e-06,0.999276708348281,FALSE
7921,"C20orf24.1","meth",7.90158983139986e-06,0.999284609938113,FALSE
7922,"ALKBH3.1","meth",7.88665518577795e-06,0.999292496593299,FALSE
7923,"TRADD;FBXL8","meth",7.83596383288294e-06,0.999300332557131,FALSE
7924,"ACO1","exp",7.81125187135526e-06,0.999308143809003,FALSE
7925,"UGT3A2","exp",7.75141107678378e-06,0.99931589522008,FALSE
7926,"LIG1.1","meth",7.70809359565165e-06,0.999323603313675,FALSE
7927,"ZNF225","exp",7.59187553597831e-06,0.999331195189211,FALSE
7928,"HEATR5B","exp",7.58448122179867e-06,0.999338779670433,FALSE
7929,"ZNF480.1","meth",7.55186680601739e-06,0.999346331537239,FALSE
7930,"KLHL36.1","meth",7.54932391538867e-06,0.999353880861154,FALSE
7931,"DCTN6.1","meth",7.53675401933507e-06,0.999361417615174,FALSE
7932,"RTP4","exp",7.48718115867182e-06,0.999368904796332,FALSE
7933,"PTPN4","exp",7.43090026496329e-06,0.999376335696597,FALSE
7934,"LPHN2","exp",7.39474055004532e-06,0.999383730437147,FALSE
7935,"SLC25A13","exp",7.27067844302344e-06,0.99939100111559,FALSE
7936,"ASH2L","exp",7.24392808050943e-06,0.999398245043671,FALSE
7937,"TMEM90A","exp",7.21710908988198e-06,0.999405462152761,FALSE
7938,"SLC16A3","exp",7.04146784500829e-06,0.999412503620606,FALSE
7939,"JAG2","exp",7.00334857842582e-06,0.999419506969184,FALSE
7940,"TCL6","exp",7.00269004057135e-06,0.999426509659225,FALSE
7941,"ZNF114","exp",6.97380198533242e-06,0.99943348346121,FALSE
7942,"C14orf149","exp",6.9525345710302e-06,0.999440435995781,FALSE
7943,"MCOLN3","exp",6.92336178212913e-06,0.999447359357563,FALSE
7944,"HOXA11AS;HOXA11","meth",6.92302594242508e-06,0.999454282383506,FALSE
7945,"LOC100126784","exp",6.87069627584335e-06,0.999461153079781,FALSE
7946,"RTN4","meth",6.82782560753486e-06,0.999467980905389,FALSE
7947,"PRKCDBP.1","meth",6.75310565390128e-06,0.999474734011043,FALSE
7948,"IL7R.1","meth",6.75048610420968e-06,0.999481484497147,FALSE
7949,"ZNF175.1","meth",6.74536381863658e-06,0.999488229860966,FALSE
7950,"WNT16","exp",6.61800464182449e-06,0.999494847865608,FALSE
7951,"STXBP4","exp",6.61760747487013e-06,0.999501465473082,FALSE
7952,"OR51E2","meth",6.60225814022235e-06,0.999508067731223,FALSE
7953,"PANK3","exp",6.58338686919991e-06,0.999514651118092,FALSE
7954,"PRKAB1.1","meth",6.48678914910631e-06,0.999521137907241,FALSE
7955,"CHAD","exp",6.43779305663045e-06,0.999527575700298,FALSE
7956,"KIAA0101.1","meth",6.33813627488473e-06,0.999533913836573,FALSE
7957,"KRTAP17-1","meth",6.32711489190134e-06,0.999540240951464,FALSE
7958,"PFAS;C17orf68","meth",6.30962786452864e-06,0.999546550579329,FALSE
7959,"SF3B4","meth",6.2845859039874e-06,0.999552835165233,FALSE
7960,"ABCD4","exp",6.25264608795948e-06,0.999559087811321,FALSE
7961,"AVL9","exp",6.2506602531877e-06,0.999565338471574,FALSE
7962,"RAB15","exp",6.22872553999525e-06,0.999571567197114,FALSE
7963,"HHIPL2","exp",6.15305939449982e-06,0.999577720256509,FALSE
7964,"RXRA.1","meth",6.13673174419241e-06,0.999583856988253,FALSE
7965,"ENC1","exp",6.12568115775649e-06,0.999589982669411,FALSE
7966,"HMBOX1","exp",6.09520443470013e-06,0.999596077873845,FALSE
7967,"TTC38","exp",6.05068085097866e-06,0.999602128554696,FALSE
7968,"TTN","exp",6.02924843716967e-06,0.999608157803134,FALSE
7969,"C21orf34","exp",6.02337562286664e-06,0.999614181178756,FALSE
7970,"TATDN3","exp",5.97808690868899e-06,0.999620159265665,FALSE
7971,"PNPLA1","exp",5.97368302804803e-06,0.999626132948693,FALSE
7972,"REXO2","exp",5.93845490326566e-06,0.999632071403596,FALSE
7973,"MOSPD2","exp",5.82228064877111e-06,0.999637893684245,FALSE
7974,"NASP","exp",5.73551135062521e-06,0.999643629195596,FALSE
7975,"CD248","exp",5.71854998539798e-06,0.999649347745581,FALSE
7976,"PPP1CB","meth",5.70119583373427e-06,0.999655048941415,FALSE
7977,"AP3B2","exp",5.69846969144095e-06,0.999660747411107,FALSE
7978,"CBX3;HNRNPA2B1","meth",5.64829962017354e-06,0.999666395710727,FALSE
7979,"DHX35","exp",5.61852816049568e-06,0.999672014238887,FALSE
7980,"GSTO2","exp",5.5566168411401e-06,0.999677570855728,FALSE
7981,"RB1CC1","exp",5.52866913707251e-06,0.999683099524865,FALSE
7982,"APOBEC3C","exp",5.48361405051506e-06,0.999688583138916,FALSE
7983,"RRAGC","exp",5.42981252992601e-06,0.999694012951446,FALSE
7984,"MAGOH","exp",5.36366378960887e-06,0.999699376615235,FALSE
7985,"DGCR5","exp",5.2931900179726e-06,0.999704669805253,FALSE
7986,"JHDM1D","exp",5.28942861328722e-06,0.999709959233867,FALSE
7987,"RFX6","meth",5.28063837407683e-06,0.999715239872241,FALSE
7988,"PIH1D2","exp",5.27467502907098e-06,0.99972051454727,FALSE
7989,"OTOP2;USH1G","meth",5.26771292598873e-06,0.999725782260196,FALSE
7990,"FKBP1B","exp",5.26611257679029e-06,0.999731048372773,FALSE
7991,"TM4SF1","exp",5.2259052633522e-06,0.999736274278036,FALSE
7992,"NUP210.1","meth",5.22270456495532e-06,0.999741496982601,FALSE
7993,"RNF135.1","meth",5.19306890133172e-06,0.999746690051502,FALSE
7994,"ADAMTSL4.1","meth",5.14316020096441e-06,0.999751833211703,FALSE
7995,"CYCS","meth",5.06718157852695e-06,0.999756900393282,FALSE
7996,"SCUBE3","exp",5.02339684215439e-06,0.999761923790124,FALSE
7997,"DOCK4;ZNF277","meth",5.01991287026801e-06,0.999766943702994,FALSE
7998,"KIAA1715","exp",4.98801539924625e-06,0.999771931718393,FALSE
7999,"FEM1C","exp",4.98295006040558e-06,0.999776914668454,FALSE
8000,"TAF4B","exp",4.90842284955867e-06,0.999781823091303,FALSE
8001,"ANKRD54;MIR658","meth",4.88733503648948e-06,0.99978671042634,FALSE
8002,"INPP5E.1","meth",4.77528430949164e-06,0.999791485710649,FALSE
8003,"EIF4E3","exp",4.73776517385858e-06,0.999796223475823,FALSE
8004,"STARD13.1","meth",4.67126745228375e-06,0.999800894743275,FALSE
8005,"COPG2","exp",4.64542239679805e-06,0.999805540165672,FALSE
8006,"C8orf4","exp",4.51477491123151e-06,0.999810054940583,FALSE
8007,"GPT","exp",4.34702151888515e-06,0.999814401962102,FALSE
8008,"OSTF1","exp",4.2728914749926e-06,0.999818674853577,FALSE
8009,"FLRT2.1","meth",4.2604157600734e-06,0.999822935269337,FALSE
8010,"SERF1A","exp",4.17483212210007e-06,0.999827110101459,FALSE
8011,"TNFRSF13C","exp",4.10941638844134e-06,0.999831219517848,FALSE
8012,"NDN","exp",3.97616395490946e-06,0.999835195681803,FALSE
8013,"APOL4","exp",3.91837908339583e-06,0.999839114060886,FALSE
8014,"VPREB3","exp",3.84266621237636e-06,0.999842956727098,FALSE
8015,"SLC8A2.1","meth",3.7969394464108e-06,0.999846753666545,FALSE
8016,"PLS3","exp",3.77402057686823e-06,0.999850527687122,FALSE
8017,"SMAP2","exp",3.77283199635041e-06,0.999854300519118,FALSE
8018,"CTNND1","meth",3.76171132162843e-06,0.99985806223044,FALSE
8019,"LOC728643","exp",3.71346429770986e-06,0.999861775694737,FALSE
8020,"USP1","exp",3.6683916890809e-06,0.999865444086427,FALSE
8021,"CCR1.1","meth",3.66790107107846e-06,0.999869111987498,FALSE
8022,"C9orf153","exp",3.66525523827958e-06,0.999872777242736,FALSE
8023,"SYN3;TIMP3","meth",3.6076893926599e-06,0.999876384932129,FALSE
8024,"MRPL14","exp",3.56648916183591e-06,0.99987995142129,FALSE
8025,"LTC4S","exp",3.55063460745943e-06,0.999883502055898,FALSE
8026,"MT1X","exp",3.54773470462357e-06,0.999887049790603,FALSE
8027,"IMMP2L","exp",3.53697031202241e-06,0.999890586760915,FALSE
8028,"LOC100132724","exp",3.44498527725533e-06,0.999894031746192,FALSE
8029,"GAB2","exp",3.35730483139061e-06,0.999897389051023,FALSE
8030,"ZNF273.1","meth",3.35315794113189e-06,0.999900742208964,FALSE
8031,"SNRPB","exp",3.22784592634188e-06,0.999903970054891,FALSE
8032,"CTSL1.1","meth",3.18199066518522e-06,0.999907152045556,FALSE
8033,"VPS13B.1","meth",3.16588788146226e-06,0.999910317933437,FALSE
8034,"DBF4B.1","meth",3.06023563091291e-06,0.999913378169068,FALSE
8035,"ME3.1","meth",3.05459352388484e-06,0.999916432762592,FALSE
8036,"SRD5A3.1","meth",3.01747009503351e-06,0.999919450232687,FALSE
8037,"MST1P2","exp",3.00753508048409e-06,0.999922457767768,FALSE
8038,"SSC5D","exp",2.88751181094659e-06,0.999925345279579,FALSE
8039,"C16orf52","exp",2.88343208862868e-06,0.999928228711667,FALSE
8040,"TBKBP1","exp",2.86595090194648e-06,0.999931094662569,FALSE
8041,"ATG10","exp",2.79756225682059e-06,0.999933892224826,FALSE
8042,"RPRD1A","exp",2.7416668486854e-06,0.999936633891675,FALSE
8043,"ZBTB10","exp",2.63180930097228e-06,0.999939265700976,FALSE
8044,"TMEM70","exp",2.46974182083278e-06,0.999941735442797,FALSE
8045,"TMEM9","exp",2.46312431849034e-06,0.999944198567115,FALSE
8046,"PDE4DIP.1","meth",2.43569059518721e-06,0.99994663425771,FALSE
8047,"BMP4.1","meth",2.29737136264203e-06,0.999948931629073,FALSE
8048,"FOXO3","exp",2.20239589433626e-06,0.999951134024967,FALSE
8049,"C19orf54","exp",2.03178348398759e-06,0.999953165808451,FALSE
8050,"DPH5","meth",2.00321374638119e-06,0.999955169022197,FALSE
8051,"DSC2.1","meth",1.99811774391536e-06,0.999957167139941,FALSE
8052,"LAMB3","exp",1.98085850347237e-06,0.999959147998445,FALSE
8053,"ITPKA","exp",1.9713148151868e-06,0.99996111931326,FALSE
8054,"SLC22A23","exp",1.96965021839281e-06,0.999963088963478,FALSE
8055,"SPNS3","exp",1.95454035205574e-06,0.99996504350383,FALSE
8056,"CCDC117","exp",1.92246327980094e-06,0.99996696596711,FALSE
8057,"C14orf118.1","meth",1.91558294638577e-06,0.999968881550057,FALSE
8058,"IFITM1.1","meth",1.88919178633782e-06,0.999970770741843,FALSE
8059,"NDN.1","meth",1.83388044725316e-06,0.99997260462229,FALSE
8060,"VPS37D","exp",1.63449387513041e-06,0.999974239116165,FALSE
8061,"FAM102A","exp",1.63191228992709e-06,0.999975871028455,FALSE
8062,"RAGE","exp",1.59812389535426e-06,0.999977469152351,FALSE
8063,"C9orf47","exp",1.59070037772209e-06,0.999979059852728,FALSE
8064,"C1orf163","exp",1.54723395898207e-06,0.999980607086687,FALSE
8065,"PI15.1","meth",1.51768006502554e-06,0.999982124766752,FALSE
8066,"AIF1L","exp",1.40011864653599e-06,0.999983524885399,FALSE
8067,"BCAP31;ABCD1","meth",1.20213676047975e-06,0.99998472702216,FALSE
8068,"CLEC14A.1","meth",1.11390728970754e-06,0.999985840929449,FALSE
8069,"ZNF626","exp",1.07291732374174e-06,0.999986913846773,FALSE
8070,"GGCT","exp",9.89634917827471e-07,0.999987903481691,FALSE
8071,"MLL2;PRKAG1","meth",9.76569293167241e-07,0.999988880050984,FALSE
8072,"GNB5","exp",8.00717783435366e-07,0.999989680768767,FALSE
8073,"TRPV6.1","meth",7.97867526468807e-07,0.999990478636294,FALSE
8074,"C5orf25","exp",7.93422760994316e-07,0.999991272059055,FALSE
8075,"PLEKHG2","exp",7.66053285286745e-07,0.99999203811234,FALSE
8076,"FAM13B","exp",7.56754906002397e-07,0.999992794867246,FALSE
8077,"PRSS27","exp",6.26936798487599e-07,0.999993421804045,FALSE
8078,"TTLL4","exp",6.21782389116722e-07,0.999994043586434,FALSE
8079,"NSDHL","exp",5.79311808107842e-07,0.999994622898242,FALSE
8080,"CYP26A1.1","meth",5.7684703671463e-07,0.999995199745279,FALSE
8081,"TM4SF19.1","meth",5.68710954840825e-07,0.999995768456233,FALSE
8082,"TTC18","exp",5.49147561993512e-07,0.999996317603795,FALSE
8083,"GNA14","exp",5.22677552623748e-07,0.999996840281348,FALSE
8084,"ADAMTS8","exp",5.17105533881745e-07,0.999997357386882,FALSE
8085,"AQP10","meth",4.8523726631251e-07,0.999997842624148,FALSE
8086,"SLC43A2.1","meth",4.14887609349476e-07,0.999998257511758,FALSE
8087,"CCDC107","exp",3.88321228586376e-07,0.999998645832986,FALSE
8088,"NPAS2","exp",3.08808988393241e-07,0.999998954641975,FALSE
8089,"SCAMP1.1","meth",2.75727317371542e-07,0.999999230369292,FALSE
8090,"ZNF761","exp",2.75479088025069e-07,0.99999950584838,FALSE
8091,"HHLA3;ANKRD13C","meth",2.4954934252704e-07,0.999999755397722,FALSE
8092,"ALX1","meth",1.48441149190767e-07,0.999999903838872,FALSE
8093,"SPPL2B","exp",9.61611284783312e-08,1,FALSE
