"framework","split_id","split_seed","patient_id","cancer_type","truth","probability_cluster1","predicted"
"Drews","0",1234,"TCGA-OR-A5J1","ACC","1",0.841835677623749,"1"
"Drews","0",1234,"TCGA-OR-A5JC","ACC","1",0.293377965688705,"2"
"Drews","0",1234,"TCGA-OR-A5JD","ACC","2",0.00687195407226682,"2"
"Drews","0",1234,"TCGA-OR-A5K5","ACC","1",0.996305465698242,"1"
"Drews","0",1234,"TCGA-OR-A5KU","ACC","2",0.377053737640381,"2"
"Drews","0",1234,"TCGA-OR-A5LE","ACC","1",0.99760639667511,"1"
"Drews","0",1234,"TCGA-OR-A5LG","ACC","1",0.51899790763855,"1"
"Drews","0",1234,"TCGA-OR-A5LN","ACC","2",0.0116449296474457,"2"
"Drews","0",1234,"TCGA-2F-A9KP","BLCA","1",0.996997117996216,"1"
"Drews","0",1234,"TCGA-BT-A20W","BLCA","1",0.997593462467194,"1"
"Drews","0",1234,"TCGA-CU-A0YR","BLCA","1",0.995130896568298,"1"
"Drews","0",1234,"TCGA-CU-A3KJ","BLCA","1",0.999956011772156,"1"
"Drews","0",1234,"TCGA-DK-A1A7","BLCA","1",0.999679803848267,"1"
"Drews","0",1234,"TCGA-DK-A1AC","BLCA","1",0.999759137630463,"1"
"Drews","0",1234,"TCGA-DK-A2I6","BLCA","1",0.999917387962341,"1"
"Drews","0",1234,"TCGA-DK-A3IK","BLCA","1",0.999060213565826,"1"
"Drews","0",1234,"TCGA-E7-A3Y1","BLCA","2",0.120429769158363,"2"
"Drews","0",1234,"TCGA-E7-A97Q","BLCA","1",0.999966979026794,"1"
"Drews","0",1234,"TCGA-FD-A3B5","BLCA","1",0.999861478805542,"1"
"Drews","0",1234,"TCGA-FD-A3NA","BLCA","1",0.999140858650208,"1"
"Drews","0",1234,"TCGA-FD-A3SJ","BLCA","1",0.999947190284729,"1"
"Drews","0",1234,"TCGA-FD-A3SR","BLCA","1",0.999987363815308,"1"
"Drews","0",1234,"TCGA-FJ-A3Z7","BLCA","1",0.987173199653625,"1"
"Drews","0",1234,"TCGA-FJ-A3ZE","BLCA","1",0.999463021755219,"1"
"Drews","0",1234,"TCGA-G2-A2EF","BLCA","1",0.999609172344208,"1"
"Drews","0",1234,"TCGA-G2-AA3B","BLCA","1",0.99329537153244,"1"
"Drews","0",1234,"TCGA-GU-AATO","BLCA","1",0.998021125793457,"1"
"Drews","0",1234,"TCGA-GV-A3JX","BLCA","1",0.999919652938843,"1"
"Drews","0",1234,"TCGA-KQ-A41O","BLCA","1",0.998941242694855,"1"
"Drews","0",1234,"TCGA-MV-A51V","BLCA","1",0.999955654144287,"1"
"Drews","0",1234,"TCGA-PQ-A6FI","BLCA","1",0.999302387237549,"1"
"Drews","0",1234,"TCGA-UY-A78O","BLCA","1",0.999155402183533,"1"
"Drews","0",1234,"TCGA-UY-A9PH","BLCA","1",0.998750567436218,"1"
"Drews","0",1234,"TCGA-XF-A9T6","BLCA","1",0.9979008436203,"1"
"Drews","0",1234,"TCGA-XF-AAMX","BLCA","1",0.999871253967285,"1"
"Drews","0",1234,"TCGA-XF-AAN3","BLCA","2",0.943459093570709,"1"
"Drews","0",1234,"TCGA-ZF-A9RN","BLCA","1",0.999715507030487,"1"
"Drews","0",1234,"TCGA-ZF-AA4R","BLCA","1",0.999966382980347,"1"
"Drews","0",1234,"TCGA-A1-A0SF","BRCA","1",0.679863214492798,"1"
"Drews","0",1234,"TCGA-A1-A0SK","BRCA","1",0.999991655349731,"1"
"Drews","0",1234,"TCGA-A1-A0SO","BRCA","1",0.999866008758545,"1"
"Drews","0",1234,"TCGA-A2-A04P","BRCA","1",0.999867916107178,"1"
"Drews","0",1234,"TCGA-A2-A0T2","BRCA","1",0.999278008937836,"1"
"Drews","0",1234,"TCGA-A2-A0T3","BRCA","1",0.999656081199646,"1"
"Drews","0",1234,"TCGA-A2-A0T7","BRCA","1",0.991853177547455,"1"
"Drews","0",1234,"TCGA-A2-A3Y0","BRCA","1",0.999356806278229,"1"
"Drews","0",1234,"TCGA-A7-A0CD","BRCA","2",0.673287034034729,"1"
"Drews","0",1234,"TCGA-A7-A0DA","BRCA","1",0.999902963638306,"1"
"Drews","0",1234,"TCGA-A7-A2KD","BRCA","1",0.999919772148132,"1"
"Drews","0",1234,"TCGA-A7-A56D","BRCA","1",0.997348546981812,"1"
"Drews","0",1234,"TCGA-A7-A5ZV","BRCA","1",0.999990701675415,"1"
"Drews","0",1234,"TCGA-A8-A06N","BRCA","1",0.998486876487732,"1"
"Drews","0",1234,"TCGA-A8-A06O","BRCA","1",0.99950909614563,"1"
"Drews","0",1234,"TCGA-A8-A06Q","BRCA","1",0.991484820842743,"1"
"Drews","0",1234,"TCGA-A8-A06R","BRCA","1",0.99793928861618,"1"
"Drews","0",1234,"TCGA-A8-A06U","BRCA","1",0.999926209449768,"1"
"Drews","0",1234,"TCGA-A8-A075","BRCA","1",0.99978893995285,"1"
"Drews","0",1234,"TCGA-A8-A07B","BRCA","1",0.997984170913696,"1"
"Drews","0",1234,"TCGA-A8-A07I","BRCA","1",0.99919468164444,"1"
"Drews","0",1234,"TCGA-A8-A08B","BRCA","1",0.970281541347504,"1"
"Drews","0",1234,"TCGA-A8-A08F","BRCA","1",0.99997353553772,"1"
"Drews","0",1234,"TCGA-A8-A094","BRCA","1",0.999842524528503,"1"
"Drews","0",1234,"TCGA-A8-A096","BRCA","2",0.0334555245935917,"2"
"Drews","0",1234,"TCGA-A8-A099","BRCA","1",0.322358012199402,"2"
"Drews","0",1234,"TCGA-A8-A09D","BRCA","1",0.999545276165009,"1"
"Drews","0",1234,"TCGA-A8-A09Q","BRCA","1",0.999550759792328,"1"
"Drews","0",1234,"TCGA-AC-A3OD","BRCA","1",0.971037805080414,"1"
"Drews","0",1234,"TCGA-AC-A3W5","BRCA","1",0.996422827243805,"1"
"Drews","0",1234,"TCGA-AC-A62V","BRCA","1",0.998024582862854,"1"
"Drews","0",1234,"TCGA-AN-A04A","BRCA","1",0.999409437179565,"1"
"Drews","0",1234,"TCGA-AN-A04C","BRCA","1",0.99981564283371,"1"
"Drews","0",1234,"TCGA-AN-A04D","BRCA","1",0.999972581863403,"1"
"Drews","0",1234,"TCGA-AN-A0AS","BRCA","1",0.999927520751953,"1"
"Drews","0",1234,"TCGA-AN-A0FY","BRCA","1",0.999909281730652,"1"
"Drews","0",1234,"TCGA-AN-A0XR","BRCA","1",0.869778096675873,"1"
"Drews","0",1234,"TCGA-AN-A0XS","BRCA","2",0.166339457035065,"2"
"Drews","0",1234,"TCGA-AO-A03P","BRCA","1",0.994705259799957,"1"
"Drews","0",1234,"TCGA-AO-A03T","BRCA","1",0.998333513736725,"1"
"Drews","0",1234,"TCGA-AO-A0J3","BRCA","1",0.999821364879608,"1"
"Drews","0",1234,"TCGA-AO-A0J7","BRCA","2",0.889073073863983,"1"
"Drews","0",1234,"TCGA-AO-A0JD","BRCA","1",0.997667849063873,"1"
"Drews","0",1234,"TCGA-AO-A12B","BRCA","2",0.11504539847374,"2"
"Drews","0",1234,"TCGA-AO-A12G","BRCA","1",0.991520822048187,"1"
"Drews","0",1234,"TCGA-AQ-A0Y5","BRCA","1",0.994333386421204,"1"
"Drews","0",1234,"TCGA-AQ-A1H2","BRCA","1",0.994799375534058,"1"
"Drews","0",1234,"TCGA-AQ-A54O","BRCA","1",0.807835161685944,"1"
"Drews","0",1234,"TCGA-AR-A0TP","BRCA","1",0.999977588653564,"1"
"Drews","0",1234,"TCGA-AR-A0TV","BRCA","1",0.999669790267944,"1"
"Drews","0",1234,"TCGA-AR-A0TZ","BRCA","1",0.998114109039307,"1"
"Drews","0",1234,"TCGA-AR-A24X","BRCA","2",0.0635949298739433,"2"
"Drews","0",1234,"TCGA-AR-A256","BRCA","1",0.999735414981842,"1"
"Drews","0",1234,"TCGA-B6-A0IN","BRCA","1",0.995428323745728,"1"
"Drews","0",1234,"TCGA-B6-A0IQ","BRCA","1",0.999944686889648,"1"
"Drews","0",1234,"TCGA-B6-A0RN","BRCA","2",0.0106789823621511,"2"
"Drews","0",1234,"TCGA-B6-A0RV","BRCA","1",0.696346521377563,"1"
"Drews","0",1234,"TCGA-BH-A0AW","BRCA","1",0.998044490814209,"1"
"Drews","0",1234,"TCGA-BH-A0B3","BRCA","1",0.999982833862305,"1"
"Drews","0",1234,"TCGA-BH-A0BW","BRCA","1",0.999743759632111,"1"
"Drews","0",1234,"TCGA-BH-A0DG","BRCA","1",0.999278843402863,"1"
"Drews","0",1234,"TCGA-BH-A0DP","BRCA","2",0.0167526584118605,"2"
"Drews","0",1234,"TCGA-BH-A0GY","BRCA","1",0.999061167240143,"1"
"Drews","0",1234,"TCGA-BH-A0H0","BRCA","2",0.998004257678986,"1"
"Drews","0",1234,"TCGA-BH-A0HL","BRCA","1",0.998811602592468,"1"
"Drews","0",1234,"TCGA-BH-A18U","BRCA","1",0.998222053050995,"1"
"Drews","0",1234,"TCGA-BH-A1EO","BRCA","1",0.886933505535126,"1"
"Drews","0",1234,"TCGA-BH-A5J0","BRCA","1",0.968718945980072,"1"
"Drews","0",1234,"TCGA-C8-A12W","BRCA","1",0.999755799770355,"1"
"Drews","0",1234,"TCGA-C8-A27A","BRCA","1",0.999954223632812,"1"
"Drews","0",1234,"TCGA-D8-A1JD","BRCA","1",0.999460756778717,"1"
"Drews","0",1234,"TCGA-D8-A1XQ","BRCA","1",0.999954700469971,"1"
"Drews","0",1234,"TCGA-D8-A1XW","BRCA","1",0.98528128862381,"1"
"Drews","0",1234,"TCGA-D8-A27H","BRCA","1",0.999980688095093,"1"
"Drews","0",1234,"TCGA-D8-A27V","BRCA","1",0.148012101650238,"2"
"Drews","0",1234,"TCGA-E2-A105","BRCA","1",0.999725639820099,"1"
"Drews","0",1234,"TCGA-E2-A10C","BRCA","1",0.991623818874359,"1"
"Drews","0",1234,"TCGA-E2-A10F","BRCA","2",0.794948279857635,"1"
"Drews","0",1234,"TCGA-E2-A158","BRCA","1",0.99994683265686,"1"
"Drews","0",1234,"TCGA-E2-A15F","BRCA","1",0.995954751968384,"1"
"Drews","0",1234,"TCGA-E2-A15H","BRCA","1",0.999347388744354,"1"
"Drews","0",1234,"TCGA-E2-A15K","BRCA","1",0.953023135662079,"1"
"Drews","0",1234,"TCGA-E2-A1IG","BRCA","1",0.989838838577271,"1"
"Drews","0",1234,"TCGA-E2-A1LL","BRCA","1",0.998449563980103,"1"
"Drews","0",1234,"TCGA-E9-A1NA","BRCA","1",0.999933004379272,"1"
"Drews","0",1234,"TCGA-EW-A1P6","BRCA","2",0.873324990272522,"1"
"Drews","0",1234,"TCGA-EW-A1PD","BRCA","1",0.99988067150116,"1"
"Drews","0",1234,"TCGA-GM-A2DA","BRCA","1",0.682081937789917,"1"
"Drews","0",1234,"TCGA-GM-A3XL","BRCA","1",0.999896645545959,"1"
"Drews","0",1234,"TCGA-LD-A66U","BRCA","2",0.601997375488281,"1"
"Drews","0",1234,"TCGA-OL-A5D8","BRCA","1",0.992017865180969,"1"
"Drews","0",1234,"TCGA-OL-A5RV","BRCA","2",0.0193225331604481,"2"
"Drews","0",1234,"TCGA-OL-A5RW","BRCA","1",0.999849438667297,"1"
"Drews","0",1234,"TCGA-OL-A5RZ","BRCA","1",0.999980568885803,"1"
"Drews","0",1234,"TCGA-OL-A6VQ","BRCA","2",0.400798708200455,"2"
"Drews","0",1234,"TCGA-PE-A5DE","BRCA","1",0.739229500293732,"1"
"Drews","0",1234,"TCGA-S3-A6ZF","BRCA","1",0.999977946281433,"1"
"Drews","0",1234,"TCGA-S3-AA0Z","BRCA","1",0.995916664600372,"1"
"Drews","0",1234,"TCGA-UU-A93S","BRCA","1",0.999960541725159,"1"
"Drews","0",1234,"TCGA-WT-AB44","BRCA","2",0.134851664304733,"2"
"Drews","0",1234,"TCGA-C5-A1ME","CESC","1",0.976332187652588,"1"
"Drews","0",1234,"TCGA-C5-A7UC","CESC","2",0.99687647819519,"1"
"Drews","0",1234,"TCGA-DS-A3LQ","CESC","1",0.997011303901672,"1"
"Drews","0",1234,"TCGA-EA-A5FO","CESC","2",0.800094604492188,"1"
"Drews","0",1234,"TCGA-EK-A2H1","CESC","2",0.936215102672577,"1"
"Drews","0",1234,"TCGA-EK-A2PG","CESC","1",0.990422606468201,"1"
"Drews","0",1234,"TCGA-HM-A3JK","CESC","2",0.80029308795929,"1"
"Drews","0",1234,"TCGA-IR-A3LB","CESC","1",0.985652089118958,"1"
"Drews","0",1234,"TCGA-IR-A3LK","CESC","1",0.998994529247284,"1"
"Drews","0",1234,"TCGA-JW-A5VI","CESC","1",0.984236359596252,"1"
"Drews","0",1234,"TCGA-VS-A8Q9","CESC","1",0.947035253047943,"1"
"Drews","0",1234,"TCGA-VS-A8QC","CESC","1",0.994184076786041,"1"
"Drews","0",1234,"TCGA-VS-A9U5","CESC","1",0.99962842464447,"1"
"Drews","0",1234,"TCGA-VS-A9U6","CESC","1",0.999514698982239,"1"
"Drews","0",1234,"TCGA-VS-A9UT","CESC","1",0.999640345573425,"1"
"Drews","0",1234,"TCGA-ZJ-AB0I","CESC","1",0.999337732791901,"1"
"Drews","0",1234,"TCGA-W5-AA2T","CHOL","1",0.980129063129425,"1"
"Drews","0",1234,"TCGA-W5-AA2Z","CHOL","2",0.393900960683823,"2"
"Drews","0",1234,"TCGA-4T-AA8H","COAD","2",0.00210377643816173,"2"
"Drews","0",1234,"TCGA-A6-5660","COAD","1",0.714129984378815,"1"
"Drews","0",1234,"TCGA-AA-3549","COAD","1",0.985496461391449,"1"
"Drews","0",1234,"TCGA-AA-3660","COAD","1",0.947064757347107,"1"
"Drews","0",1234,"TCGA-AA-3685","COAD","1",0.962632775306702,"1"
"Drews","0",1234,"TCGA-AA-3697","COAD","1",0.997383654117584,"1"
"Drews","0",1234,"TCGA-AA-3837","COAD","2",0.440118879079819,"2"
"Drews","0",1234,"TCGA-AA-3850","COAD","1",0.00565940653905272,"2"
"Drews","0",1234,"TCGA-AA-3854","COAD","1",0.254236906766891,"2"
"Drews","0",1234,"TCGA-AA-3867","COAD","1",0.992580533027649,"1"
"Drews","0",1234,"TCGA-AA-3949","COAD","2",0.0986400917172432,"2"
"Drews","0",1234,"TCGA-AA-A01Z","COAD","1",0.950721681118011,"1"
"Drews","0",1234,"TCGA-AZ-4615","COAD","2",0.0332605838775635,"2"
"Drews","0",1234,"TCGA-AZ-6603","COAD","2",0.935048878192902,"1"
"Drews","0",1234,"TCGA-CA-6718","COAD","2",0.908004641532898,"1"
"Drews","0",1234,"TCGA-CM-4746","COAD","2",0.67248409986496,"1"
"Drews","0",1234,"TCGA-CM-4752","COAD","1",0.981716692447662,"1"
"Drews","0",1234,"TCGA-CM-6675","COAD","1",0.999009728431702,"1"
"Drews","0",1234,"TCGA-D5-5537","COAD","2",0.454762101173401,"2"
"Drews","0",1234,"TCGA-DM-A1HA","COAD","1",0.999098777770996,"1"
"Drews","0",1234,"TCGA-F4-6854","COAD","1",0.947225272655487,"1"
"Drews","0",1234,"TCGA-G4-6303","COAD","1",0.9454585313797,"1"
"Drews","0",1234,"TCGA-G4-6310","COAD","1",0.859092354774475,"1"
"Drews","0",1234,"TCGA-G4-6586","COAD","2",0.288551658391953,"2"
"Drews","0",1234,"TCGA-G4-6626","COAD","1",0.999343574047089,"1"
"Drews","0",1234,"TCGA-FA-A7DS","DLBC","1",0.959612488746643,"1"
"Drews","0",1234,"TCGA-2H-A9GF","ESCA","1",0.999964356422424,"1"
"Drews","0",1234,"TCGA-IG-A3YB","ESCA","1",0.991280257701874,"1"
"Drews","0",1234,"TCGA-IG-A4QS","ESCA","1",0.997705638408661,"1"
"Drews","0",1234,"TCGA-L5-A43J","ESCA","1",0.999794185161591,"1"
"Drews","0",1234,"TCGA-L5-A4ON","ESCA","1",0.991747140884399,"1"
"Drews","0",1234,"TCGA-L5-A4OO","ESCA","1",0.999497890472412,"1"
"Drews","0",1234,"TCGA-L5-A4OQ","ESCA","1",0.999822437763214,"1"
"Drews","0",1234,"TCGA-L5-A4OW","ESCA","1",0.999109089374542,"1"
"Drews","0",1234,"TCGA-L5-A891","ESCA","1",0.999934792518616,"1"
"Drews","0",1234,"TCGA-L5-A8NJ","ESCA","1",0.996028304100037,"1"
"Drews","0",1234,"TCGA-L5-A8NV","ESCA","1",0.999321937561035,"1"
"Drews","0",1234,"TCGA-LN-A49L","ESCA","1",0.999972105026245,"1"
"Drews","0",1234,"TCGA-LN-A4A2","ESCA","1",0.999758541584015,"1"
"Drews","0",1234,"TCGA-LN-A4A9","ESCA","1",0.990436017513275,"1"
"Drews","0",1234,"TCGA-LN-A4MQ","ESCA","1",0.999955534934998,"1"
"Drews","0",1234,"TCGA-Q9-A6FU","ESCA","1",0.999594986438751,"1"
"Drews","0",1234,"TCGA-R6-A8W8","ESCA","1",0.986435353755951,"1"
"Drews","0",1234,"TCGA-S8-A6BV","ESCA","1",0.977647542953491,"1"
"Drews","0",1234,"TCGA-VR-AA4G","ESCA","1",0.998593509197235,"1"
"Drews","0",1234,"TCGA-Z6-A8JE","ESCA","1",0.99995744228363,"1"
"Drews","0",1234,"TCGA-06-0129","GBM","1",0.962953209877014,"1"
"Drews","0",1234,"TCGA-06-0882","GBM","1",0.335762739181519,"2"
"Drews","0",1234,"TCGA-06-2558","GBM","1",0.964898347854614,"1"
"Drews","0",1234,"TCGA-26-5133","GBM","1",0.990551829338074,"1"
"Drews","0",1234,"TCGA-28-5215","GBM","2",0.914010941982269,"1"
"Drews","0",1234,"TCGA-32-2616","GBM","2",0.962821662425995,"1"
"Drews","0",1234,"TCGA-32-2632","GBM","1",0.836945533752441,"1"
"Drews","0",1234,"TCGA-BA-4076","HNSC","1",0.99811977148056,"1"
"Drews","0",1234,"TCGA-BA-6870","HNSC","1",0.998359620571136,"1"
"Drews","0",1234,"TCGA-CN-4730","HNSC","2",0.979055225849152,"1"
"Drews","0",1234,"TCGA-CN-4741","HNSC","2",0.794658720493317,"1"
"Drews","0",1234,"TCGA-CN-6010","HNSC","1",0.997684597969055,"1"
"Drews","0",1234,"TCGA-CN-A63W","HNSC","1",0.9956334233284,"1"
"Drews","0",1234,"TCGA-CQ-6228","HNSC","1",0.999498963356018,"1"
"Drews","0",1234,"TCGA-CR-6472","HNSC","1",0.991350531578064,"1"
"Drews","0",1234,"TCGA-CV-5432","HNSC","1",0.999822437763214,"1"
"Drews","0",1234,"TCGA-CV-6935","HNSC","1",0.997486710548401,"1"
"Drews","0",1234,"TCGA-CV-7178","HNSC","1",0.999700546264648,"1"
"Drews","0",1234,"TCGA-CV-7424","HNSC","1",0.999471127986908,"1"
"Drews","0",1234,"TCGA-CV-7430","HNSC","1",0.950387954711914,"1"
"Drews","0",1234,"TCGA-D6-A4ZB","HNSC","1",0.998361170291901,"1"
"Drews","0",1234,"TCGA-D6-A6EQ","HNSC","1",0.940921723842621,"1"
"Drews","0",1234,"TCGA-HD-7831","HNSC","1",0.989154994487762,"1"
"Drews","0",1234,"TCGA-IQ-7630","HNSC","1",0.993935525417328,"1"
"Drews","0",1234,"TCGA-QK-A6V9","HNSC","2",0.28938427567482,"2"
"Drews","0",1234,"TCGA-QK-A8ZA","HNSC","1",0.999965071678162,"1"
"Drews","0",1234,"TCGA-KL-8340","KICH","2",0.000966417253948748,"2"
"Drews","0",1234,"TCGA-KM-8443","KICH","1",0.00207669916562736,"2"
"Drews","0",1234,"TCGA-KN-8422","KICH","2",0.00231039943173528,"2"
"Drews","0",1234,"TCGA-KN-8423","KICH","2",0.000664208317175508,"2"
"Drews","0",1234,"TCGA-KN-8434","KICH","2",0.0170498806983232,"2"
"Drews","0",1234,"TCGA-KO-8404","KICH","1",0.999581634998322,"1"
"Drews","0",1234,"TCGA-KO-8410","KICH","2",0.00383207947015762,"2"
"Drews","0",1234,"TCGA-A3-3347","KIRC","2",0.289994418621063,"2"
"Drews","0",1234,"TCGA-B0-4710","KIRC","2",0.0152306463569403,"2"
"Drews","0",1234,"TCGA-B0-5107","KIRC","2",0.0408668667078018,"2"
"Drews","0",1234,"TCGA-B0-5116","KIRC","2",0.0037422317545861,"2"
"Drews","0",1234,"TCGA-B0-5696","KIRC","2",0.000346332002663985,"2"
"Drews","0",1234,"TCGA-B2-4099","KIRC","2",0.00317035522311926,"2"
"Drews","0",1234,"TCGA-B8-4620","KIRC","2",0.00900730956345797,"2"
"Drews","0",1234,"TCGA-BP-4977","KIRC","2",0.00369466398842633,"2"
"Drews","0",1234,"TCGA-BP-4992","KIRC","2",0.0821832939982414,"2"
"Drews","0",1234,"TCGA-CJ-4903","KIRC","2",0.000229943907470442,"2"
"Drews","0",1234,"TCGA-CJ-5675","KIRC","2",0.00150618015322834,"2"
"Drews","0",1234,"TCGA-CW-5580","KIRC","2",0.00242318352684379,"2"
"Drews","0",1234,"TCGA-CZ-4864","KIRC","2",0.000712814042344689,"2"
"Drews","0",1234,"TCGA-CZ-5462","KIRC","2",0.0132696283981204,"2"
"Drews","0",1234,"TCGA-2Z-A9JE","KIRP","2",0.0117203406989574,"2"
"Drews","0",1234,"TCGA-4A-A93X","KIRP","2",0.0143014891073108,"2"
"Drews","0",1234,"TCGA-B9-4114","KIRP","2",0.00824059825390577,"2"
"Drews","0",1234,"TCGA-B9-4117","KIRP","2",0.461250901222229,"2"
"Drews","0",1234,"TCGA-B9-4617","KIRP","2",0.0409386157989502,"2"
"Drews","0",1234,"TCGA-B9-A44B","KIRP","1",0.00911718141287565,"2"
"Drews","0",1234,"TCGA-BQ-7056","KIRP","2",0.606853246688843,"1"
"Drews","0",1234,"TCGA-DZ-6134","KIRP","2",0.00234009115956724,"2"
"Drews","0",1234,"TCGA-F9-A4JJ","KIRP","2",0.591429769992828,"1"
"Drews","0",1234,"TCGA-G7-A8LD","KIRP","1",0.988094925880432,"1"
"Drews","0",1234,"TCGA-P4-A5E8","KIRP","2",0.0263141673058271,"2"
"Drews","0",1234,"TCGA-CS-5393","LGG","1",0.0699759051203728,"2"
"Drews","0",1234,"TCGA-DB-5275","LGG","1",0.0448462888598442,"2"
"Drews","0",1234,"TCGA-DB-A4XG","LGG","2",0.00432260241359472,"2"
"Drews","0",1234,"TCGA-DH-A7US","LGG","2",0.0176567323505878,"2"
"Drews","0",1234,"TCGA-DU-6399","LGG","2",0.145177096128464,"2"
"Drews","0",1234,"TCGA-DU-7294","LGG","2",0.00572428107261658,"2"
"Drews","0",1234,"TCGA-DU-A5TW","LGG","2",0.0504009090363979,"2"
"Drews","0",1234,"TCGA-E1-5307","LGG","1",0.0576853044331074,"2"
"Drews","0",1234,"TCGA-E1-A7YD","LGG","1",0.984305858612061,"1"
"Drews","0",1234,"TCGA-E1-A7YS","LGG","2",0.118804983794689,"2"
"Drews","0",1234,"TCGA-E1-A7YW","LGG","2",0.0888109728693962,"2"
"Drews","0",1234,"TCGA-E1-A7Z3","LGG","2",0.0244294255971909,"2"
"Drews","0",1234,"TCGA-FG-A6J1","LGG","2",0.0476935468614101,"2"
"Drews","0",1234,"TCGA-FN-7833","LGG","2",0.104700736701488,"2"
"Drews","0",1234,"TCGA-HT-7480","LGG","2",0.00148112082388252,"2"
"Drews","0",1234,"TCGA-HT-7611","LGG","1",0.018371693789959,"2"
"Drews","0",1234,"TCGA-HW-8319","LGG","2",0.0180431306362152,"2"
"Drews","0",1234,"TCGA-IK-7675","LGG","1",0.954425156116486,"1"
"Drews","0",1234,"TCGA-IK-8125","LGG","2",0.000618334393948317,"2"
"Drews","0",1234,"TCGA-P5-A5EZ","LGG","1",0.642373442649841,"1"
"Drews","0",1234,"TCGA-P5-A733","LGG","2",0.0450329594314098,"2"
"Drews","0",1234,"TCGA-QH-A6CW","LGG","2",0.160374328494072,"2"
"Drews","0",1234,"TCGA-QH-A6CY","LGG","2",0.00629861373454332,"2"
"Drews","0",1234,"TCGA-QH-A86X","LGG","2",0.00394225027412176,"2"
"Drews","0",1234,"TCGA-R8-A73M","LGG","2",0.00606944784522057,"2"
"Drews","0",1234,"TCGA-S9-A6WH","LGG","2",0.0140419835224748,"2"
"Drews","0",1234,"TCGA-TM-A7C5","LGG","2",0.00188004260417074,"2"
"Drews","0",1234,"TCGA-TM-A84B","LGG","1",0.265452235937119,"2"
"Drews","0",1234,"TCGA-TQ-A7RJ","LGG","2",0.00278233108110726,"2"
"Drews","0",1234,"TCGA-TQ-A7RM","LGG","1",0.967833757400513,"1"
"Drews","0",1234,"TCGA-TQ-A7RO","LGG","2",0.00496504781767726,"2"
"Drews","0",1234,"TCGA-VM-A8CB","LGG","2",0.129330664873123,"2"
"Drews","0",1234,"TCGA-VM-A8CF","LGG","1",0.0810120478272438,"2"
"Drews","0",1234,"TCGA-2Y-A9H3","LIHC","1",0.952591359615326,"1"
"Drews","0",1234,"TCGA-2Y-A9H5","LIHC","1",0.82215815782547,"1"
"Drews","0",1234,"TCGA-2Y-A9H7","LIHC","2",0.993039965629578,"1"
"Drews","0",1234,"TCGA-2Y-A9HA","LIHC","1",0.983364641666412,"1"
"Drews","0",1234,"TCGA-BC-4073","LIHC","1",0.99645870923996,"1"
"Drews","0",1234,"TCGA-BC-A10Q","LIHC","2",0.667310178279877,"1"
"Drews","0",1234,"TCGA-BC-A216","LIHC","1",0.997777283191681,"1"
"Drews","0",1234,"TCGA-BC-A3KF","LIHC","1",0.996902883052826,"1"
"Drews","0",1234,"TCGA-BW-A5NQ","LIHC","2",0.936949372291565,"1"
"Drews","0",1234,"TCGA-DD-A11D","LIHC","1",0.0647352039813995,"2"
"Drews","0",1234,"TCGA-DD-AACH","LIHC","1",0.999675393104553,"1"
"Drews","0",1234,"TCGA-G3-A5SL","LIHC","1",0.66093522310257,"1"
"Drews","0",1234,"TCGA-G3-A7M7","LIHC","2",0.328296363353729,"2"
"Drews","0",1234,"TCGA-NI-A8LF","LIHC","1",0.863395929336548,"1"
"Drews","0",1234,"TCGA-T1-A6J8","LIHC","1",0.701536178588867,"1"
"Drews","0",1234,"TCGA-UB-A7ME","LIHC","1",0.987996160984039,"1"
"Drews","0",1234,"TCGA-ZS-A9CF","LIHC","1",0.998524010181427,"1"
"Drews","0",1234,"TCGA-ZS-A9CG","LIHC","2",0.0436357483267784,"2"
"Drews","0",1234,"TCGA-05-4389","LUAD","1",0.999972820281982,"1"
"Drews","0",1234,"TCGA-05-4395","LUAD","1",0.998297393321991,"1"
"Drews","0",1234,"TCGA-05-4415","LUAD","1",0.97903972864151,"1"
"Drews","0",1234,"TCGA-05-4425","LUAD","2",0.963993549346924,"1"
"Drews","0",1234,"TCGA-38-4625","LUAD","1",0.999910116195679,"1"
"Drews","0",1234,"TCGA-44-7660","LUAD","1",0.999494552612305,"1"
"Drews","0",1234,"TCGA-44-A4SU","LUAD","1",0.990418970584869,"1"
"Drews","0",1234,"TCGA-49-4501","LUAD","1",0.998015522956848,"1"
"Drews","0",1234,"TCGA-49-AARQ","LUAD","1",0.994996786117554,"1"
"Drews","0",1234,"TCGA-4B-A93V","LUAD","1",0.994210124015808,"1"
"Drews","0",1234,"TCGA-50-6591","LUAD","1",0.999991059303284,"1"
"Drews","0",1234,"TCGA-55-5899","LUAD","1",0.999941825866699,"1"
"Drews","0",1234,"TCGA-55-7570","LUAD","1",0.99995219707489,"1"
"Drews","0",1234,"TCGA-55-7576","LUAD","1",0.999976754188538,"1"
"Drews","0",1234,"TCGA-55-7907","LUAD","1",0.999066650867462,"1"
"Drews","0",1234,"TCGA-55-7910","LUAD","1",0.999903559684753,"1"
"Drews","0",1234,"TCGA-55-A48Z","LUAD","1",0.997821092605591,"1"
"Drews","0",1234,"TCGA-64-5775","LUAD","1",0.999292254447937,"1"
"Drews","0",1234,"TCGA-64-5779","LUAD","1",0.999698519706726,"1"
"Drews","0",1234,"TCGA-67-3773","LUAD","1",0.655857563018799,"1"
"Drews","0",1234,"TCGA-67-6217","LUAD","1",0.998657822608948,"1"
"Drews","0",1234,"TCGA-69-7980","LUAD","1",0.999466359615326,"1"
"Drews","0",1234,"TCGA-73-4677","LUAD","2",0.589291632175446,"1"
"Drews","0",1234,"TCGA-78-7161","LUAD","1",0.999349653720856,"1"
"Drews","0",1234,"TCGA-78-7539","LUAD","1",0.997796297073364,"1"
"Drews","0",1234,"TCGA-86-6851","LUAD","1",0.999904155731201,"1"
"Drews","0",1234,"TCGA-86-8280","LUAD","1",0.98680579662323,"1"
"Drews","0",1234,"TCGA-86-8358","LUAD","1",0.999980092048645,"1"
"Drews","0",1234,"TCGA-91-6831","LUAD","1",0.999980926513672,"1"
"Drews","0",1234,"TCGA-91-6847","LUAD","1",0.99901294708252,"1"
"Drews","0",1234,"TCGA-21-5782","LUSC","1",0.99980765581131,"1"
"Drews","0",1234,"TCGA-22-4613","LUSC","1",0.999986171722412,"1"
"Drews","0",1234,"TCGA-22-5471","LUSC","1",0.999813497066498,"1"
"Drews","0",1234,"TCGA-33-AAS8","LUSC","1",0.999958276748657,"1"
"Drews","0",1234,"TCGA-33-AASJ","LUSC","1",0.99935907125473,"1"
"Drews","0",1234,"TCGA-37-3789","LUSC","1",0.999686717987061,"1"
"Drews","0",1234,"TCGA-37-4133","LUSC","1",0.993900537490845,"1"
"Drews","0",1234,"TCGA-37-4135","LUSC","1",0.999661922454834,"1"
"Drews","0",1234,"TCGA-37-A5EN","LUSC","1",0.999951481819153,"1"
"Drews","0",1234,"TCGA-39-5034","LUSC","1",0.997884213924408,"1"
"Drews","0",1234,"TCGA-39-5035","LUSC","1",0.998756766319275,"1"
"Drews","0",1234,"TCGA-43-6770","LUSC","1",0.999746859073639,"1"
"Drews","0",1234,"TCGA-43-7657","LUSC","1",0.999947786331177,"1"
"Drews","0",1234,"TCGA-43-7658","LUSC","1",0.999516248703003,"1"
"Drews","0",1234,"TCGA-43-A474","LUSC","1",0.999825060367584,"1"
"Drews","0",1234,"TCGA-52-7809","LUSC","1",0.999986052513123,"1"
"Drews","0",1234,"TCGA-56-8626","LUSC","1",0.999367415904999,"1"
"Drews","0",1234,"TCGA-56-8628","LUSC","1",0.996205687522888,"1"
"Drews","0",1234,"TCGA-58-A46L","LUSC","1",0.999718964099884,"1"
"Drews","0",1234,"TCGA-60-2722","LUSC","1",0.999537229537964,"1"
"Drews","0",1234,"TCGA-63-A5ML","LUSC","1",0.999960899353027,"1"
"Drews","0",1234,"TCGA-77-6843","LUSC","1",0.997370004653931,"1"
"Drews","0",1234,"TCGA-77-7465","LUSC","1",0.999497056007385,"1"
"Drews","0",1234,"TCGA-77-8009","LUSC","1",0.999949097633362,"1"
"Drews","0",1234,"TCGA-77-A5G3","LUSC","1",0.999978423118591,"1"
"Drews","0",1234,"TCGA-77-A5GF","LUSC","1",0.999423980712891,"1"
"Drews","0",1234,"TCGA-77-A5GH","LUSC","1",0.998819530010223,"1"
"Drews","0",1234,"TCGA-85-8352","LUSC","1",0.999977946281433,"1"
"Drews","0",1234,"TCGA-85-8584","LUSC","1",0.999001801013947,"1"
"Drews","0",1234,"TCGA-85-A5B5","LUSC","1",0.999664664268494,"1"
"Drews","0",1234,"TCGA-90-A4EE","LUSC","1",0.95921403169632,"1"
"Drews","0",1234,"TCGA-92-8065","LUSC","1",0.997880578041077,"1"
"Drews","0",1234,"TCGA-96-7544","LUSC","1",0.999579608440399,"1"
"Drews","0",1234,"TCGA-98-8022","LUSC","1",0.998214721679688,"1"
"Drews","0",1234,"TCGA-98-A538","LUSC","1",0.999905467033386,"1"
"Drews","0",1234,"TCGA-O2-A52S","LUSC","1",0.999842762947083,"1"
"Drews","0",1234,"TCGA-O2-A5IB","LUSC","1",0.999708354473114,"1"
"Drews","0",1234,"TCGA-MQ-A4LV","MESO","1",0.99698406457901,"1"
"Drews","0",1234,"TCGA-MQ-A6BS","MESO","1",0.912236869335175,"1"
"Drews","0",1234,"TCGA-SC-A6LP","MESO","2",0.93842476606369,"1"
"Drews","0",1234,"TCGA-TS-A8AY","MESO","1",0.698540091514587,"1"
"Drews","0",1234,"TCGA-04-1348","OV","1",0.999921321868896,"1"
"Drews","0",1234,"TCGA-04-1357","OV","1",0.998342871665955,"1"
"Drews","0",1234,"TCGA-09-1673","OV","1",0.999085068702698,"1"
"Drews","0",1234,"TCGA-13-0893","OV","1",0.999979496002197,"1"
"Drews","0",1234,"TCGA-13-0916","OV","1",0.999879479408264,"1"
"Drews","0",1234,"TCGA-13-1405","OV","1",0.999833583831787,"1"
"Drews","0",1234,"TCGA-13-2060","OV","1",0.999977350234985,"1"
"Drews","0",1234,"TCGA-20-1684","OV","1",0.999853014945984,"1"
"Drews","0",1234,"TCGA-23-1114","OV","1",0.99995219707489,"1"
"Drews","0",1234,"TCGA-24-1417","OV","1",0.999975681304932,"1"
"Drews","0",1234,"TCGA-24-1463","OV","1",0.999935269355774,"1"
"Drews","0",1234,"TCGA-24-1551","OV","1",0.999366581439972,"1"
"Drews","0",1234,"TCGA-24-1616","OV","1",0.999621033668518,"1"
"Drews","0",1234,"TCGA-24-2033","OV","1",0.999845623970032,"1"
"Drews","0",1234,"TCGA-24-2036","OV","1",0.997623383998871,"1"
"Drews","0",1234,"TCGA-24-2281","OV","1",0.999948978424072,"1"
"Drews","0",1234,"TCGA-25-1313","OV","1",0.999991416931152,"1"
"Drews","0",1234,"TCGA-25-1314","OV","1",0.999943017959595,"1"
"Drews","0",1234,"TCGA-25-1319","OV","1",0.999929070472717,"1"
"Drews","0",1234,"TCGA-25-2393","OV","1",0.999948859214783,"1"
"Drews","0",1234,"TCGA-25-2396","OV","1",0.999825179576874,"1"
"Drews","0",1234,"TCGA-29-1699","OV","1",0.999827206134796,"1"
"Drews","0",1234,"TCGA-29-1701","OV","1",0.999959588050842,"1"
"Drews","0",1234,"TCGA-29-1711","OV","1",0.99987781047821,"1"
"Drews","0",1234,"TCGA-30-1855","OV","1",0.999997854232788,"1"
"Drews","0",1234,"TCGA-57-1993","OV","1",0.999904870986938,"1"
"Drews","0",1234,"TCGA-59-2354","OV","1",0.999936819076538,"1"
"Drews","0",1234,"TCGA-59-2363","OV","1",0.999343574047089,"1"
"Drews","0",1234,"TCGA-61-1725","OV","1",0.999932050704956,"1"
"Drews","0",1234,"TCGA-61-1738","OV","1",0.998549044132233,"1"
"Drews","0",1234,"TCGA-61-1740","OV","1",0.999849438667297,"1"
"Drews","0",1234,"TCGA-61-1907","OV","1",0.99990975856781,"1"
"Drews","0",1234,"TCGA-61-2094","OV","1",0.996966898441315,"1"
"Drews","0",1234,"TCGA-2J-AABE","PAAD","2",0.946529388427734,"1"
"Drews","0",1234,"TCGA-3A-A9IZ","PAAD","1",0.99988067150116,"1"
"Drews","0",1234,"TCGA-FB-AAPZ","PAAD","1",0.994288325309753,"1"
"Drews","0",1234,"TCGA-IB-A6UF","PAAD","1",0.992824912071228,"1"
"Drews","0",1234,"TCGA-IB-AAUO","PAAD","1",0.916137039661407,"1"
"Drews","0",1234,"TCGA-YY-A8LH","PAAD","2",0.963705360889435,"1"
"Drews","0",1234,"TCGA-PR-A5PH","PCPG","2",0.0990615412592888,"2"
"Drews","0",1234,"TCGA-QR-A708","PCPG","1",0.0624438896775246,"2"
"Drews","0",1234,"TCGA-QR-A70P","PCPG","2",0.0435258448123932,"2"
"Drews","0",1234,"TCGA-RW-A68C","PCPG","2",0.0134230246767402,"2"
"Drews","0",1234,"TCGA-RW-A7CZ","PCPG","1",0.00749290781095624,"2"
"Drews","0",1234,"TCGA-S7-A7WQ","PCPG","2",0.0196339227259159,"2"
"Drews","0",1234,"TCGA-SP-A6QD","PCPG","2",0.0228447653353214,"2"
"Drews","0",1234,"TCGA-SR-A6MU","PCPG","2",0.578523278236389,"1"
"Drews","0",1234,"TCGA-SR-A6MZ","PCPG","2",0.0115965474396944,"2"
"Drews","0",1234,"TCGA-TT-A6YK","PCPG","2",0.252737879753113,"2"
"Drews","0",1234,"TCGA-W2-A7H5","PCPG","2",0.242434501647949,"2"
"Drews","0",1234,"TCGA-W2-A7HB","PCPG","2",0.0297882612794638,"2"
"Drews","0",1234,"TCGA-CH-5766","PRAD","1",0.7941654920578,"1"
"Drews","0",1234,"TCGA-CH-5767","PRAD","1",0.842121422290802,"1"
"Drews","0",1234,"TCGA-EJ-7783","PRAD","2",0.211194410920143,"2"
"Drews","0",1234,"TCGA-KK-A8I5","PRAD","1",0.995604991912842,"1"
"Drews","0",1234,"TCGA-KK-A8IB","PRAD","1",0.997550070285797,"1"
"Drews","0",1234,"TCGA-M7-A722","PRAD","2",0.954398036003113,"1"
"Drews","0",1234,"TCGA-V1-A9Z7","PRAD","1",0.991747498512268,"1"
"Drews","0",1234,"TCGA-VN-A943","PRAD","1",0.325469851493835,"2"
"Drews","0",1234,"TCGA-YL-A9WI","PRAD","1",0.999805986881256,"1"
"Drews","0",1234,"TCGA-ZG-A9LN","PRAD","1",0.842228889465332,"1"
"Drews","0",1234,"TCGA-ZG-A9M4","PRAD","1",0.961823403835297,"1"
"Drews","0",1234,"TCGA-AG-3581","READ","2",0.979954659938812,"1"
"Drews","0",1234,"TCGA-AG-3742","READ","1",0.761333584785461,"1"
"Drews","0",1234,"TCGA-AG-3887","READ","2",0.132870584726334,"2"
"Drews","0",1234,"TCGA-AG-A01J","READ","1",0.903318047523499,"1"
"Drews","0",1234,"TCGA-AG-A026","READ","1",0.998692095279694,"1"
"Drews","0",1234,"TCGA-AH-6643","READ","1",0.333730638027191,"2"
"Drews","0",1234,"TCGA-DT-5265","READ","1",0.966407537460327,"1"
"Drews","0",1234,"TCGA-G5-6641","READ","1",0.935613512992859,"1"
"Drews","0",1234,"TCGA-DX-A3U5","SARC","1",0.995684385299683,"1"
"Drews","0",1234,"TCGA-DX-A3U9","SARC","1",0.998972296714783,"1"
"Drews","0",1234,"TCGA-DX-A6YR","SARC","1",0.996378123760223,"1"
"Drews","0",1234,"TCGA-DX-A6Z0","SARC","1",0.993192732334137,"1"
"Drews","0",1234,"TCGA-DX-A7EF","SARC","1",0.999978184700012,"1"
"Drews","0",1234,"TCGA-DX-A7EI","SARC","1",0.998956203460693,"1"
"Drews","0",1234,"TCGA-DX-A8BJ","SARC","1",0.995566189289093,"1"
"Drews","0",1234,"TCGA-DX-A8BK","SARC","1",0.954605460166931,"1"
"Drews","0",1234,"TCGA-DX-A8BL","SARC","1",0.991056680679321,"1"
"Drews","0",1234,"TCGA-DX-A8BT","SARC","1",0.988434433937073,"1"
"Drews","0",1234,"TCGA-DX-AATS","SARC","1",0.999685168266296,"1"
"Drews","0",1234,"TCGA-DX-AB35","SARC","1",0.997894942760468,"1"
"Drews","0",1234,"TCGA-FX-A3TO","SARC","1",0.999283373355865,"1"
"Drews","0",1234,"TCGA-IE-A4EJ","SARC","1",0.998467981815338,"1"
"Drews","0",1234,"TCGA-IE-A6BZ","SARC","1",0.995357096195221,"1"
"Drews","0",1234,"TCGA-IS-A3KA","SARC","1",0.985516726970673,"1"
"Drews","0",1234,"TCGA-KD-A5QU","SARC","1",0.99975723028183,"1"
"Drews","0",1234,"TCGA-LI-A9QH","SARC","1",0.999854326248169,"1"
"Drews","0",1234,"TCGA-QQ-A5V9","SARC","1",0.981366872787476,"1"
"Drews","0",1234,"TCGA-QQ-A5VB","SARC","1",0.999816358089447,"1"
"Drews","0",1234,"TCGA-SG-A6Z4","SARC","1",0.999725759029388,"1"
"Drews","0",1234,"TCGA-SI-AA8B","SARC","1",0.997638940811157,"1"
"Drews","0",1234,"TCGA-X6-A7W8","SARC","1",0.998922646045685,"1"
"Drews","0",1234,"TCGA-X9-A971","SARC","1",0.996523439884186,"1"
"Drews","0",1234,"TCGA-BF-A3DJ","SKCM","2",0.986924886703491,"1"
"Drews","0",1234,"TCGA-BF-A3DN","SKCM","2",0.685090005397797,"1"
"Drews","0",1234,"TCGA-BF-A5EQ","SKCM","1",0.406387627124786,"2"
"Drews","0",1234,"TCGA-EB-A3Y7","SKCM","2",0.591527462005615,"1"
"Drews","0",1234,"TCGA-FR-A2OS","SKCM","1",0.989498972892761,"1"
"Drews","0",1234,"TCGA-GN-A8LN","SKCM","1",0.535664618015289,"1"
"Drews","0",1234,"TCGA-XV-AAZY","SKCM","1",0.71529746055603,"1"
"Drews","0",1234,"TCGA-3M-AB46","STAD","1",0.999894499778748,"1"
"Drews","0",1234,"TCGA-BR-4191","STAD","1",0.99794989824295,"1"
"Drews","0",1234,"TCGA-BR-4366","STAD","1",0.995744645595551,"1"
"Drews","0",1234,"TCGA-BR-4371","STAD","2",0.342163681983948,"2"
"Drews","0",1234,"TCGA-BR-8060","STAD","1",0.999927401542664,"1"
"Drews","0",1234,"TCGA-BR-8078","STAD","2",0.174365803599358,"2"
"Drews","0",1234,"TCGA-BR-8373","STAD","1",0.993281066417694,"1"
"Drews","0",1234,"TCGA-CD-5804","STAD","1",0.998335659503937,"1"
"Drews","0",1234,"TCGA-CD-8533","STAD","1",0.999990105628967,"1"
"Drews","0",1234,"TCGA-CD-A486","STAD","1",0.999979138374329,"1"
"Drews","0",1234,"TCGA-CG-4436","STAD","1",0.999093055725098,"1"
"Drews","0",1234,"TCGA-CG-4444","STAD","1",0.996374189853668,"1"
"Drews","0",1234,"TCGA-CG-4466","STAD","1",0.997844219207764,"1"
"Drews","0",1234,"TCGA-CG-5723","STAD","2",0.898361265659332,"1"
"Drews","0",1234,"TCGA-CG-5724","STAD","1",0.999959111213684,"1"
"Drews","0",1234,"TCGA-D7-6822","STAD","1",0.999251902103424,"1"
"Drews","0",1234,"TCGA-D7-A4YT","STAD","1",0.991143226623535,"1"
"Drews","0",1234,"TCGA-D7-A74A","STAD","1",0.987855970859528,"1"
"Drews","0",1234,"TCGA-HJ-7597","STAD","2",0.997273623943329,"1"
"Drews","0",1234,"TCGA-HU-8249","STAD","1",0.998857975006104,"1"
"Drews","0",1234,"TCGA-HU-A4GF","STAD","1",0.99063104391098,"1"
"Drews","0",1234,"TCGA-HU-A4GH","STAD","1",0.999768197536469,"1"
"Drews","0",1234,"TCGA-HU-A4H5","STAD","1",0.999775350093842,"1"
"Drews","0",1234,"TCGA-IN-8663","STAD","1",0.999203383922577,"1"
"Drews","0",1234,"TCGA-IN-A6RS","STAD","1",0.980474233627319,"1"
"Drews","0",1234,"TCGA-VQ-A8DU","STAD","1",0.99981015920639,"1"
"Drews","0",1234,"TCGA-VQ-A8DZ","STAD","1",0.99988317489624,"1"
"Drews","0",1234,"TCGA-VQ-A8E0","STAD","1",0.999909162521362,"1"
"Drews","0",1234,"TCGA-VQ-A8P5","STAD","1",0.999990105628967,"1"
"Drews","0",1234,"TCGA-VQ-A8PK","STAD","1",0.999953746795654,"1"
"Drews","0",1234,"TCGA-VQ-A8PU","STAD","1",0.999636173248291,"1"
"Drews","0",1234,"TCGA-VQ-A91A","STAD","1",0.999748051166534,"1"
"Drews","0",1234,"TCGA-VQ-A91N","STAD","1",0.999107301235199,"1"
"Drews","0",1234,"TCGA-VQ-A91V","STAD","1",0.992631912231445,"1"
"Drews","0",1234,"TCGA-2G-AAGV","TGCT","2",0.534131765365601,"1"
"Drews","0",1234,"TCGA-2G-AAHL","TGCT","2",0.786032199859619,"1"
"Drews","0",1234,"TCGA-2G-AAKL","TGCT","1",0.98571240901947,"1"
"Drews","0",1234,"TCGA-YU-A90W","TGCT","1",0.894123315811157,"1"
"Drews","0",1234,"TCGA-4C-A93U","THCA","2",0.511874854564667,"1"
"Drews","0",1234,"TCGA-EL-A4KI","THCA","2",0.183800995349884,"2"
"Drews","0",1234,"TCGA-FY-A3I5","THCA","2",0.00195171369705349,"2"
"Drews","0",1234,"TCGA-A5-A0RA","UCEC","1",0.0820025950670242,"2"
"Drews","0",1234,"TCGA-A5-A0VQ","UCEC","2",0.0020278156735003,"2"
"Drews","0",1234,"TCGA-AJ-A3EM","UCEC","1",0.992712259292603,"1"
"Drews","0",1234,"TCGA-AJ-A3NF","UCEC","1",0.98725962638855,"1"
"Drews","0",1234,"TCGA-AJ-A3TW","UCEC","1",0.999971151351929,"1"
"Drews","0",1234,"TCGA-AP-A052","UCEC","1",0.999686002731323,"1"
"Drews","0",1234,"TCGA-AW-A1PO","UCEC","1",0.999980807304382,"1"
"Drews","0",1234,"TCGA-AX-A1C7","UCEC","1",0.999523758888245,"1"
"Drews","0",1234,"TCGA-AX-A2H2","UCEC","1",0.999577343463898,"1"
"Drews","0",1234,"TCGA-AX-A2H4","UCEC","1",0.998688876628876,"1"
"Drews","0",1234,"TCGA-AX-A2HF","UCEC","1",0.999182522296906,"1"
"Drews","0",1234,"TCGA-AX-A3FS","UCEC","2",0.995462357997894,"1"
"Drews","0",1234,"TCGA-B5-A0JS","UCEC","1",0.00630534766241908,"2"
"Drews","0",1234,"TCGA-B5-A0KB","UCEC","1",0.995766043663025,"1"
"Drews","0",1234,"TCGA-B5-A1MY","UCEC","1",0.999723017215729,"1"
"Drews","0",1234,"TCGA-BG-A18B","UCEC","2",0.0026257757563144,"2"
"Drews","0",1234,"TCGA-BS-A0TC","UCEC","2",0.0287741459906101,"2"
"Drews","0",1234,"TCGA-D1-A169","UCEC","2",0.951034128665924,"1"
"Drews","0",1234,"TCGA-D1-A16O","UCEC","2",0.0304792020469904,"2"
"Drews","0",1234,"TCGA-D1-A1NU","UCEC","1",0.999995827674866,"1"
"Drews","0",1234,"TCGA-D1-A1NX","UCEC","1",0.996508181095123,"1"
"Drews","0",1234,"TCGA-D1-A1O0","UCEC","1",0.972415208816528,"1"
"Drews","0",1234,"TCGA-EO-A3B1","UCEC","1",0.998406827449799,"1"
"Drews","0",1234,"TCGA-EO-A3KU","UCEC","1",0.999986886978149,"1"
"Drews","0",1234,"TCGA-EY-A1GR","UCEC","1",0.998831212520599,"1"
"Drews","0",1234,"TCGA-EY-A214","UCEC","1",0.999580442905426,"1"
"Drews","0",1234,"TCGA-EY-A547","UCEC","1",0.999474465847015,"1"
"Drews","0",1234,"TCGA-FI-A2F9","UCEC","1",0.972546815872192,"1"
"Drews","0",1234,"TCGA-JU-AAVI","UCEC","1",0.999235272407532,"1"
"Drews","0",1234,"TCGA-PG-A7D5","UCEC","1",0.99859756231308,"1"
"Drews","0",1234,"TCGA-N5-A4RA","UCS","1",0.999645233154297,"1"
"Drews","0",1234,"TCGA-N5-A4RJ","UCS","1",0.99978107213974,"1"
"Drews","0",1234,"TCGA-N6-A4VC","UCS","1",0.99966824054718,"1"
"Drews","0",1234,"TCGA-N6-A4VF","UCS","2",0.932733237743378,"1"
"Drews","0",1234,"TCGA-N7-A4Y8","UCS","1",0.999432861804962,"1"
"Drews","0",1234,"TCGA-N9-A4Q4","UCS","1",0.999963641166687,"1"
"Drews","0",1234,"TCGA-ND-A4WF","UCS","1",0.999993085861206,"1"
"Drews","0",1234,"TCGA-NF-A5CP","UCS","1",0.999858736991882,"1"
"Drews","0",1234,"TCGA-NG-A4VU","UCS","1",0.999985218048096,"1"
"Drews","0",1234,"TCGA-V4-A9EO","UVM","2",0.00124349119141698,"2"
"Drews","0",1234,"TCGA-V4-A9EX","UVM","2",0.433516561985016,"2"
"Drews","0",1234,"TCGA-V4-A9F5","UVM","2",0.0102214692160487,"2"
"Drews","0",1234,"TCGA-VD-A8KA","UVM","2",0.0482689738273621,"2"
"Drews","1",20261001,"TCGA-OR-A5J2","ACC","1",0.293106228113174,"2"
"Drews","1",20261001,"TCGA-OR-A5JD","ACC","2",0.0176744740456343,"2"
"Drews","1",20261001,"TCGA-OR-A5JG","ACC","2",0.626280903816223,"1"
"Drews","1",20261001,"TCGA-OR-A5JI","ACC","2",0.155828416347504,"2"
"Drews","1",20261001,"TCGA-OR-A5JM","ACC","1",0.996316432952881,"1"
"Drews","1",20261001,"TCGA-OR-A5K0","ACC","1",0.977332174777985,"1"
"Drews","1",20261001,"TCGA-OR-A5LK","ACC","2",0.10290665179491,"2"
"Drews","1",20261001,"TCGA-OR-A5LL","ACC","1",0.518952190876007,"1"
"Drews","1",20261001,"TCGA-4Z-AA80","BLCA","1",0.999780595302582,"1"
"Drews","1",20261001,"TCGA-BL-A0C8","BLCA","1",0.996789991855621,"1"
"Drews","1",20261001,"TCGA-BL-A13J","BLCA","1",0.999601304531097,"1"
"Drews","1",20261001,"TCGA-BL-A3JM","BLCA","2",0.999785721302032,"1"
"Drews","1",20261001,"TCGA-BT-A42E","BLCA","1",0.999688506126404,"1"
"Drews","1",20261001,"TCGA-CF-A1HS","BLCA","1",0.999969720840454,"1"
"Drews","1",20261001,"TCGA-CF-A3MF","BLCA","2",0.854081273078918,"1"
"Drews","1",20261001,"TCGA-CF-A47S","BLCA","2",0.491815060377121,"2"
"Drews","1",20261001,"TCGA-DK-A6B6","BLCA","1",0.977653920650482,"1"
"Drews","1",20261001,"TCGA-DK-AA6L","BLCA","1",0.999950766563416,"1"
"Drews","1",20261001,"TCGA-DK-AA6U","BLCA","1",0.999937057495117,"1"
"Drews","1",20261001,"TCGA-E7-A541","BLCA","1",0.99997079372406,"1"
"Drews","1",20261001,"TCGA-E7-A6MD","BLCA","1",0.999906301498413,"1"
"Drews","1",20261001,"TCGA-FD-A6TA","BLCA","1",0.999732315540314,"1"
"Drews","1",20261001,"TCGA-FJ-A3Z7","BLCA","1",0.990082919597626,"1"
"Drews","1",20261001,"TCGA-G2-A2EL","BLCA","1",0.999617099761963,"1"
"Drews","1",20261001,"TCGA-GD-A2C5","BLCA","1",0.999966859817505,"1"
"Drews","1",20261001,"TCGA-KQ-A41N","BLCA","1",0.999916911125183,"1"
"Drews","1",20261001,"TCGA-KQ-A41O","BLCA","1",0.999035239219666,"1"
"Drews","1",20261001,"TCGA-PQ-A6FI","BLCA","1",0.999167919158936,"1"
"Drews","1",20261001,"TCGA-UY-A78N","BLCA","1",0.99203896522522,"1"
"Drews","1",20261001,"TCGA-UY-A9PH","BLCA","1",0.999211668968201,"1"
"Drews","1",20261001,"TCGA-XF-A9SV","BLCA","1",0.998396813869476,"1"
"Drews","1",20261001,"TCGA-XF-A9T8","BLCA","1",0.973631918430328,"1"
"Drews","1",20261001,"TCGA-XF-AAN2","BLCA","1",0.995614647865295,"1"
"Drews","1",20261001,"TCGA-XF-AAN3","BLCA","2",0.985714614391327,"1"
"Drews","1",20261001,"TCGA-XF-AAN7","BLCA","1",0.999817073345184,"1"
"Drews","1",20261001,"TCGA-YF-AA3M","BLCA","1",0.99857771396637,"1"
"Drews","1",20261001,"TCGA-ZF-A9R1","BLCA","1",0.998924911022186,"1"
"Drews","1",20261001,"TCGA-ZF-A9R9","BLCA","1",0.971302330493927,"1"
"Drews","1",20261001,"TCGA-ZF-A9RE","BLCA","1",0.999299645423889,"1"
"Drews","1",20261001,"TCGA-ZF-AA4R","BLCA","1",0.999963760375977,"1"
"Drews","1",20261001,"TCGA-ZF-AA5H","BLCA","1",0.999978303909302,"1"
"Drews","1",20261001,"TCGA-3C-AALI","BRCA","1",0.999745309352875,"1"
"Drews","1",20261001,"TCGA-A1-A0SK","BRCA","1",0.99987781047821,"1"
"Drews","1",20261001,"TCGA-A1-A0SM","BRCA","1",0.994113624095917,"1"
"Drews","1",20261001,"TCGA-A2-A04X","BRCA","1",0.995701134204865,"1"
"Drews","1",20261001,"TCGA-A2-A0D0","BRCA","1",0.999962091445923,"1"
"Drews","1",20261001,"TCGA-A2-A0EO","BRCA","2",0.0408827140927315,"2"
"Drews","1",20261001,"TCGA-A2-A0EX","BRCA","1",0.114815525710583,"2"
"Drews","1",20261001,"TCGA-A2-A0EY","BRCA","1",0.962944805622101,"1"
"Drews","1",20261001,"TCGA-A2-A1FV","BRCA","1",0.799713253974915,"1"
"Drews","1",20261001,"TCGA-A2-A25D","BRCA","1",0.997104704380035,"1"
"Drews","1",20261001,"TCGA-A7-A13F","BRCA","1",0.659880399703979,"1"
"Drews","1",20261001,"TCGA-A7-A13G","BRCA","1",0.101673364639282,"2"
"Drews","1",20261001,"TCGA-A7-A4SD","BRCA","1",0.998484671115875,"1"
"Drews","1",20261001,"TCGA-A7-A56D","BRCA","1",0.996748089790344,"1"
"Drews","1",20261001,"TCGA-A7-A6VW","BRCA","1",0.999825656414032,"1"
"Drews","1",20261001,"TCGA-A7-A6VY","BRCA","1",0.999873757362366,"1"
"Drews","1",20261001,"TCGA-A8-A06O","BRCA","1",0.999889135360718,"1"
"Drews","1",20261001,"TCGA-A8-A06X","BRCA","1",0.999944686889648,"1"
"Drews","1",20261001,"TCGA-A8-A075","BRCA","1",0.999519467353821,"1"
"Drews","1",20261001,"TCGA-A8-A079","BRCA","1",0.999962568283081,"1"
"Drews","1",20261001,"TCGA-A8-A07I","BRCA","1",0.999708592891693,"1"
"Drews","1",20261001,"TCGA-A8-A08R","BRCA","1",0.999993085861206,"1"
"Drews","1",20261001,"TCGA-A8-A094","BRCA","1",0.999465048313141,"1"
"Drews","1",20261001,"TCGA-A8-A099","BRCA","1",0.388354659080505,"2"
"Drews","1",20261001,"TCGA-A8-A09C","BRCA","1",0.966521918773651,"1"
"Drews","1",20261001,"TCGA-A8-A09M","BRCA","1",0.999989628791809,"1"
"Drews","1",20261001,"TCGA-AN-A03X","BRCA","1",0.97941529750824,"1"
"Drews","1",20261001,"TCGA-AN-A049","BRCA","1",0.999739825725555,"1"
"Drews","1",20261001,"TCGA-AN-A04C","BRCA","1",0.999575674533844,"1"
"Drews","1",20261001,"TCGA-AN-A0AL","BRCA","1",0.999924302101135,"1"
"Drews","1",20261001,"TCGA-AN-A0G0","BRCA","1",0.994143903255463,"1"
"Drews","1",20261001,"TCGA-AN-A0XP","BRCA","2",0.0332524962723255,"2"
"Drews","1",20261001,"TCGA-AN-A0XU","BRCA","1",0.999918103218079,"1"
"Drews","1",20261001,"TCGA-AO-A03N","BRCA","1",0.998159825801849,"1"
"Drews","1",20261001,"TCGA-AO-A03O","BRCA","1",0.999780237674713,"1"
"Drews","1",20261001,"TCGA-AO-A0J6","BRCA","1",0.999941468238831,"1"
"Drews","1",20261001,"TCGA-AO-A12B","BRCA","2",0.134090647101402,"2"
"Drews","1",20261001,"TCGA-AQ-A0Y5","BRCA","1",0.996904075145721,"1"
"Drews","1",20261001,"TCGA-AR-A0TP","BRCA","1",0.999975919723511,"1"
"Drews","1",20261001,"TCGA-AR-A0TR","BRCA","2",0.390005350112915,"2"
"Drews","1",20261001,"TCGA-AR-A0TV","BRCA","1",0.997737765312195,"1"
"Drews","1",20261001,"TCGA-AR-A0TY","BRCA","1",0.999925971031189,"1"
"Drews","1",20261001,"TCGA-AR-A0TZ","BRCA","1",0.999623537063599,"1"
"Drews","1",20261001,"TCGA-AR-A1AH","BRCA","1",0.999133050441742,"1"
"Drews","1",20261001,"TCGA-AR-A2LM","BRCA","1",0.238374546170235,"2"
"Drews","1",20261001,"TCGA-B6-A0IG","BRCA","1",0.998739302158356,"1"
"Drews","1",20261001,"TCGA-B6-A0RP","BRCA","2",0.0359534844756126,"2"
"Drews","1",20261001,"TCGA-B6-A1KI","BRCA","2",0.0372677221894264,"2"
"Drews","1",20261001,"TCGA-BH-A0BP","BRCA","1",0.99840635061264,"1"
"Drews","1",20261001,"TCGA-BH-A0DD","BRCA","1",0.999266564846039,"1"
"Drews","1",20261001,"TCGA-BH-A0E0","BRCA","1",0.999403834342957,"1"
"Drews","1",20261001,"TCGA-BH-A0E2","BRCA","1",0.998864412307739,"1"
"Drews","1",20261001,"TCGA-BH-A0HA","BRCA","2",0.794349431991577,"1"
"Drews","1",20261001,"TCGA-BH-A0HY","BRCA","1",0.999987006187439,"1"
"Drews","1",20261001,"TCGA-BH-A0WA","BRCA","1",0.999982476234436,"1"
"Drews","1",20261001,"TCGA-BH-A18Q","BRCA","1",0.999686598777771,"1"
"Drews","1",20261001,"TCGA-BH-A18U","BRCA","1",0.998638808727264,"1"
"Drews","1",20261001,"TCGA-BH-A1EY","BRCA","1",0.996887028217316,"1"
"Drews","1",20261001,"TCGA-BH-A1FL","BRCA","2",0.30601778626442,"2"
"Drews","1",20261001,"TCGA-BH-A1FM","BRCA","1",0.999245643615723,"1"
"Drews","1",20261001,"TCGA-BH-A202","BRCA","1",0.99928867816925,"1"
"Drews","1",20261001,"TCGA-BH-A8FY","BRCA","2",0.437616646289825,"2"
"Drews","1",20261001,"TCGA-C8-A12Q","BRCA","1",0.999938130378723,"1"
"Drews","1",20261001,"TCGA-C8-A138","BRCA","1",0.999101400375366,"1"
"Drews","1",20261001,"TCGA-C8-A1HG","BRCA","1",0.999948740005493,"1"
"Drews","1",20261001,"TCGA-C8-A26Z","BRCA","1",0.996451616287231,"1"
"Drews","1",20261001,"TCGA-C8-A273","BRCA","1",0.997156858444214,"1"
"Drews","1",20261001,"TCGA-D8-A13Y","BRCA","1",0.999983072280884,"1"
"Drews","1",20261001,"TCGA-D8-A140","BRCA","1",0.999690413475037,"1"
"Drews","1",20261001,"TCGA-D8-A147","BRCA","1",0.999520421028137,"1"
"Drews","1",20261001,"TCGA-D8-A1J9","BRCA","1",0.99932062625885,"1"
"Drews","1",20261001,"TCGA-D8-A1JL","BRCA","1",0.999623417854309,"1"
"Drews","1",20261001,"TCGA-D8-A1JM","BRCA","1",0.99889600276947,"1"
"Drews","1",20261001,"TCGA-D8-A1JU","BRCA","2",0.058319728821516,"2"
"Drews","1",20261001,"TCGA-D8-A1XS","BRCA","1",0.979879796504974,"1"
"Drews","1",20261001,"TCGA-E2-A105","BRCA","1",0.999896764755249,"1"
"Drews","1",20261001,"TCGA-E2-A15I","BRCA","2",0.0790030285716057,"2"
"Drews","1",20261001,"TCGA-E2-A1L7","BRCA","1",0.99998140335083,"1"
"Drews","1",20261001,"TCGA-E2-A1LL","BRCA","1",0.99916398525238,"1"
"Drews","1",20261001,"TCGA-E2-A2P6","BRCA","1",0.943109273910522,"1"
"Drews","1",20261001,"TCGA-E2-A574","BRCA","1",0.999915719032288,"1"
"Drews","1",20261001,"TCGA-E2-A576","BRCA","1",0.997556686401367,"1"
"Drews","1",20261001,"TCGA-E9-A22A","BRCA","1",0.999258935451508,"1"
"Drews","1",20261001,"TCGA-E9-A244","BRCA","1",0.999938249588013,"1"
"Drews","1",20261001,"TCGA-EW-A1P8","BRCA","1",0.999799191951752,"1"
"Drews","1",20261001,"TCGA-EW-A6S9","BRCA","1",0.999913930892944,"1"
"Drews","1",20261001,"TCGA-LL-A6FR","BRCA","1",0.999764144420624,"1"
"Drews","1",20261001,"TCGA-LL-A8F5","BRCA","1",0.999771893024445,"1"
"Drews","1",20261001,"TCGA-OL-A5RW","BRCA","1",0.999925494194031,"1"
"Drews","1",20261001,"TCGA-S3-A6ZF","BRCA","1",0.999653697013855,"1"
"Drews","1",20261001,"TCGA-S3-AA0Z","BRCA","1",0.999405384063721,"1"
"Drews","1",20261001,"TCGA-UL-AAZ6","BRCA","1",0.999985933303833,"1"
"Drews","1",20261001,"TCGA-V7-A7HQ","BRCA","2",0.511844336986542,"1"
"Drews","1",20261001,"TCGA-W8-A86G","BRCA","2",0.035587340593338,"2"
"Drews","1",20261001,"TCGA-WT-AB44","BRCA","2",0.14607697725296,"2"
"Drews","1",20261001,"TCGA-4J-AA1J","CESC","1",0.995027005672455,"1"
"Drews","1",20261001,"TCGA-C5-A1BN","CESC","1",0.999433934688568,"1"
"Drews","1",20261001,"TCGA-C5-A1M8","CESC","1",0.995725870132446,"1"
"Drews","1",20261001,"TCGA-C5-A7UC","CESC","2",0.99824595451355,"1"
"Drews","1",20261001,"TCGA-C5-A8XH","CESC","1",0.999011158943176,"1"
"Drews","1",20261001,"TCGA-C5-A902","CESC","1",0.295139104127884,"2"
"Drews","1",20261001,"TCGA-DR-A0ZM","CESC","2",0.324923694133759,"2"
"Drews","1",20261001,"TCGA-EK-A2RN","CESC","2",0.534028828144073,"1"
"Drews","1",20261001,"TCGA-EX-A1H5","CESC","2",0.805643379688263,"1"
"Drews","1",20261001,"TCGA-FU-A5XV","CESC","2",0.66092437505722,"1"
"Drews","1",20261001,"TCGA-HM-A3JK","CESC","2",0.811926126480103,"1"
"Drews","1",20261001,"TCGA-HM-A6W2","CESC","1",0.980190694332123,"1"
"Drews","1",20261001,"TCGA-VS-A8QF","CESC","1",0.999065935611725,"1"
"Drews","1",20261001,"TCGA-VS-A94Z","CESC","1",0.99050772190094,"1"
"Drews","1",20261001,"TCGA-ZJ-A8QR","CESC","1",0.99222320318222,"1"
"Drews","1",20261001,"TCGA-ZJ-AAXB","CESC","1",0.999831438064575,"1"
"Drews","1",20261001,"TCGA-3X-AAVC","CHOL","1",0.929347574710846,"1"
"Drews","1",20261001,"TCGA-A6-2677","COAD","1",0.755982756614685,"1"
"Drews","1",20261001,"TCGA-A6-5656","COAD","1",0.984911561012268,"1"
"Drews","1",20261001,"TCGA-AA-3549","COAD","1",0.940308928489685,"1"
"Drews","1",20261001,"TCGA-AA-3685","COAD","1",0.893546402454376,"1"
"Drews","1",20261001,"TCGA-AA-3837","COAD","2",0.326532363891602,"2"
"Drews","1",20261001,"TCGA-AA-3850","COAD","1",0.0243492312729359,"2"
"Drews","1",20261001,"TCGA-AA-3852","COAD","2",0.199619203805923,"2"
"Drews","1",20261001,"TCGA-AA-A00Z","COAD","1",0.637211441993713,"1"
"Drews","1",20261001,"TCGA-CA-5797","COAD","1",0.750939965248108,"1"
"Drews","1",20261001,"TCGA-CK-5914","COAD","1",0.0510085485875607,"2"
"Drews","1",20261001,"TCGA-CM-6161","COAD","2",0.0153964012861252,"2"
"Drews","1",20261001,"TCGA-CM-6171","COAD","2",0.897872507572174,"1"
"Drews","1",20261001,"TCGA-CM-6675","COAD","1",0.997928857803345,"1"
"Drews","1",20261001,"TCGA-D5-6533","COAD","1",0.996510088443756,"1"
"Drews","1",20261001,"TCGA-F4-6460","COAD","1",0.979507744312286,"1"
"Drews","1",20261001,"TCGA-F4-6854","COAD","1",0.882728219032288,"1"
"Drews","1",20261001,"TCGA-G4-6299","COAD","1",0.993167579174042,"1"
"Drews","1",20261001,"TCGA-G4-6309","COAD","2",0.0573085285723209,"2"
"Drews","1",20261001,"TCGA-G4-6310","COAD","1",0.518424987792969,"1"
"Drews","1",20261001,"TCGA-NH-A50U","COAD","1",0.958910465240479,"1"
"Drews","1",20261001,"TCGA-NH-A50V","COAD","2",0.70961606502533,"1"
"Drews","1",20261001,"TCGA-FA-A7DS","DLBC","1",0.869383990764618,"1"
"Drews","1",20261001,"TCGA-2H-A9GH","ESCA","1",0.999876499176025,"1"
"Drews","1",20261001,"TCGA-IC-A6RE","ESCA","1",0.999580681324005,"1"
"Drews","1",20261001,"TCGA-IG-A4QS","ESCA","1",0.998623251914978,"1"
"Drews","1",20261001,"TCGA-L5-A4OW","ESCA","1",0.999857425689697,"1"
"Drews","1",20261001,"TCGA-L5-A88V","ESCA","1",0.999926090240479,"1"
"Drews","1",20261001,"TCGA-L5-A8NE","ESCA","1",0.997950494289398,"1"
"Drews","1",20261001,"TCGA-L5-A8NJ","ESCA","1",0.987063527107239,"1"
"Drews","1",20261001,"TCGA-L5-A8NR","ESCA","1",0.999918222427368,"1"
"Drews","1",20261001,"TCGA-LN-A49M","ESCA","1",0.999736964702606,"1"
"Drews","1",20261001,"TCGA-LN-A5U5","ESCA","1",0.999656200408936,"1"
"Drews","1",20261001,"TCGA-LN-A5U6","ESCA","1",0.999879717826843,"1"
"Drews","1",20261001,"TCGA-R6-A6XQ","ESCA","1",0.999766767024994,"1"
"Drews","1",20261001,"TCGA-S8-A6BV","ESCA","1",0.999443590641022,"1"
"Drews","1",20261001,"TCGA-V5-A7RB","ESCA","1",0.999773919582367,"1"
"Drews","1",20261001,"TCGA-VR-A8EP","ESCA","1",0.999814927577972,"1"
"Drews","1",20261001,"TCGA-VR-A8ER","ESCA","1",0.999908208847046,"1"
"Drews","1",20261001,"TCGA-VR-A8EY","ESCA","1",0.996994495391846,"1"
"Drews","1",20261001,"TCGA-VR-AA7B","ESCA","1",0.999945759773254,"1"
"Drews","1",20261001,"TCGA-06-0882","GBM","1",0.0912483036518097,"2"
"Drews","1",20261001,"TCGA-27-2521","GBM","1",0.999055325984955,"1"
"Drews","1",20261001,"TCGA-27-2528","GBM","1",0.873437941074371,"1"
"Drews","1",20261001,"TCGA-32-1970","GBM","1",0.966186285018921,"1"
"Drews","1",20261001,"TCGA-32-2616","GBM","2",0.969090461730957,"1"
"Drews","1",20261001,"TCGA-41-3915","GBM","1",0.971883237361908,"1"
"Drews","1",20261001,"TCGA-BA-7269","HNSC","1",0.999758780002594,"1"
"Drews","1",20261001,"TCGA-CN-4727","HNSC","1",0.998060524463654,"1"
"Drews","1",20261001,"TCGA-CN-5363","HNSC","1",0.996750235557556,"1"
"Drews","1",20261001,"TCGA-CR-7371","HNSC","1",0.999716818332672,"1"
"Drews","1",20261001,"TCGA-CR-7390","HNSC","1",0.999548375606537,"1"
"Drews","1",20261001,"TCGA-CV-5430","HNSC","1",0.999974012374878,"1"
"Drews","1",20261001,"TCGA-CV-7255","HNSC","1",0.993398070335388,"1"
"Drews","1",20261001,"TCGA-CV-7263","HNSC","2",0.95035308599472,"1"
"Drews","1",20261001,"TCGA-CV-7414","HNSC","1",0.998053312301636,"1"
"Drews","1",20261001,"TCGA-CV-7430","HNSC","1",0.956009745597839,"1"
"Drews","1",20261001,"TCGA-CV-7434","HNSC","1",0.977700293064117,"1"
"Drews","1",20261001,"TCGA-CV-A6JE","HNSC","1",0.996219336986542,"1"
"Drews","1",20261001,"TCGA-CV-A6K2","HNSC","2",0.269377887248993,"2"
"Drews","1",20261001,"TCGA-CX-A4AQ","HNSC","2",0.991962730884552,"1"
"Drews","1",20261001,"TCGA-D6-A6EN","HNSC","2",0.859868764877319,"1"
"Drews","1",20261001,"TCGA-F7-A624","HNSC","2",0.86120218038559,"1"
"Drews","1",20261001,"TCGA-HD-7831","HNSC","1",0.995298802852631,"1"
"Drews","1",20261001,"TCGA-HD-8224","HNSC","1",0.998582482337952,"1"
"Drews","1",20261001,"TCGA-KU-A66T","HNSC","1",0.9999680519104,"1"
"Drews","1",20261001,"TCGA-MZ-A7D7","HNSC","1",0.995774209499359,"1"
"Drews","1",20261001,"TCGA-P3-A6T6","HNSC","1",0.992560386657715,"1"
"Drews","1",20261001,"TCGA-QK-A6IG","HNSC","1",0.996335864067078,"1"
"Drews","1",20261001,"TCGA-UF-A719","HNSC","1",0.996504902839661,"1"
"Drews","1",20261001,"TCGA-KL-8327","KICH","2",0.0628120005130768,"2"
"Drews","1",20261001,"TCGA-KL-8343","KICH","2",0.00125708605628461,"2"
"Drews","1",20261001,"TCGA-KN-8421","KICH","2",0.108345940709114,"2"
"Drews","1",20261001,"TCGA-KN-8422","KICH","2",0.0814004093408585,"2"
"Drews","1",20261001,"TCGA-KN-8428","KICH","1",0.953209936618805,"1"
"Drews","1",20261001,"TCGA-KN-8434","KICH","2",0.0120313251391053,"2"
"Drews","1",20261001,"TCGA-KO-8413","KICH","2",0.0241279453039169,"2"
"Drews","1",20261001,"TCGA-A3-3363","KIRC","1",0.00728153577074409,"2"
"Drews","1",20261001,"TCGA-A3-3387","KIRC","2",0.00138874282129109,"2"
"Drews","1",20261001,"TCGA-A3-A6NI","KIRC","2",0.00195291126146913,"2"
"Drews","1",20261001,"TCGA-AK-3458","KIRC","2",0.0101562794297934,"2"
"Drews","1",20261001,"TCGA-AS-3777","KIRC","2",0.623053252696991,"1"
"Drews","1",20261001,"TCGA-B0-4710","KIRC","2",0.00977172888815403,"2"
"Drews","1",20261001,"TCGA-B0-5116","KIRC","2",0.000807659060228616,"2"
"Drews","1",20261001,"TCGA-B0-5713","KIRC","2",0.000442997115897015,"2"
"Drews","1",20261001,"TCGA-BP-5168","KIRC","2",7.4617681093514e-05,"2"
"Drews","1",20261001,"TCGA-BP-5199","KIRC","2",0.0178744271397591,"2"
"Drews","1",20261001,"TCGA-BP-5200","KIRC","2",0.00093226955505088,"2"
"Drews","1",20261001,"TCGA-CJ-6027","KIRC","2",0.00428267940878868,"2"
"Drews","1",20261001,"TCGA-CW-5580","KIRC","2",0.00105817266739905,"2"
"Drews","1",20261001,"TCGA-CW-6090","KIRC","2",0.000492726627271622,"2"
"Drews","1",20261001,"TCGA-CZ-5456","KIRC","2",0.00208401959389448,"2"
"Drews","1",20261001,"TCGA-2Z-A9JE","KIRP","2",0.0123483007773757,"2"
"Drews","1",20261001,"TCGA-2Z-A9JJ","KIRP","1",0.0250536855310202,"2"
"Drews","1",20261001,"TCGA-A4-A4ZT","KIRP","2",0.0278822872787714,"2"
"Drews","1",20261001,"TCGA-BQ-5876","KIRP","2",0.00351806357502937,"2"
"Drews","1",20261001,"TCGA-BQ-5878","KIRP","1",0.0063512958586216,"2"
"Drews","1",20261001,"TCGA-BQ-7056","KIRP","2",0.249711334705353,"2"
"Drews","1",20261001,"TCGA-F9-A7VF","KIRP","2",0.0668309554457664,"2"
"Drews","1",20261001,"TCGA-GL-7773","KIRP","2",0.392993211746216,"2"
"Drews","1",20261001,"TCGA-GL-A59T","KIRP","2",0.025268467143178,"2"
"Drews","1",20261001,"TCGA-DB-5275","LGG","1",0.137063011527061,"2"
"Drews","1",20261001,"TCGA-DB-A4XH","LGG","2",0.00135219574440271,"2"
"Drews","1",20261001,"TCGA-DU-7010","LGG","1",0.954675853252411,"1"
"Drews","1",20261001,"TCGA-DU-7019","LGG","1",0.0298532694578171,"2"
"Drews","1",20261001,"TCGA-DU-7294","LGG","2",0.00590411527082324,"2"
"Drews","1",20261001,"TCGA-DU-A7T8","LGG","2",0.0356146059930325,"2"
"Drews","1",20261001,"TCGA-E1-A7YQ","LGG","1",0.498549699783325,"2"
"Drews","1",20261001,"TCGA-E1-A7Z3","LGG","2",0.0141600398346782,"2"
"Drews","1",20261001,"TCGA-FG-A4MU","LGG","2",0.866316795349121,"1"
"Drews","1",20261001,"TCGA-FG-A4MX","LGG","2",0.859743356704712,"1"
"Drews","1",20261001,"TCGA-HT-7471","LGG","2",0.00715333735570312,"2"
"Drews","1",20261001,"TCGA-HT-7693","LGG","2",0.387676656246185,"2"
"Drews","1",20261001,"TCGA-HT-7855","LGG","2",0.235184773802757,"2"
"Drews","1",20261001,"TCGA-HT-8011","LGG","2",0.914700925350189,"1"
"Drews","1",20261001,"TCGA-HT-A614","LGG","1",0.0376301631331444,"2"
"Drews","1",20261001,"TCGA-HT-A61B","LGG","1",0.329100072383881,"2"
"Drews","1",20261001,"TCGA-QH-A6X5","LGG","2",0.00818707328289747,"2"
"Drews","1",20261001,"TCGA-QH-A6XC","LGG","2",0.565228819847107,"1"
"Drews","1",20261001,"TCGA-S9-A6U5","LGG","2",0.00160612410400063,"2"
"Drews","1",20261001,"TCGA-S9-A6U6","LGG","2",0.0139300050213933,"2"
"Drews","1",20261001,"TCGA-S9-A6WO","LGG","2",0.0347426198422909,"2"
"Drews","1",20261001,"TCGA-TM-A84L","LGG","2",0.167927086353302,"2"
"Drews","1",20261001,"TCGA-TQ-A7RM","LGG","1",0.995420217514038,"1"
"Drews","1",20261001,"TCGA-VM-A8CA","LGG","2",0.00403031054884195,"2"
"Drews","1",20261001,"TCGA-2Y-A9H0","LIHC","1",0.999498009681702,"1"
"Drews","1",20261001,"TCGA-2Y-A9H1","LIHC","1",0.343751609325409,"2"
"Drews","1",20261001,"TCGA-2Y-A9H2","LIHC","1",0.767370402812958,"1"
"Drews","1",20261001,"TCGA-2Y-A9H6","LIHC","1",0.428602069616318,"2"
"Drews","1",20261001,"TCGA-3K-AAZ8","LIHC","2",0.0612452924251556,"2"
"Drews","1",20261001,"TCGA-BC-A10Z","LIHC","1",0.97007030248642,"1"
"Drews","1",20261001,"TCGA-CC-5260","LIHC","1",0.111575372517109,"2"
"Drews","1",20261001,"TCGA-CC-A3MA","LIHC","1",0.990988671779633,"1"
"Drews","1",20261001,"TCGA-DD-A11D","LIHC","1",0.169673085212708,"2"
"Drews","1",20261001,"TCGA-DD-A1EB","LIHC","1",0.567625343799591,"1"
"Drews","1",20261001,"TCGA-DD-A39Z","LIHC","2",0.455997288227081,"2"
"Drews","1",20261001,"TCGA-DD-A3A5","LIHC","1",0.974284946918488,"1"
"Drews","1",20261001,"TCGA-DD-A73G","LIHC","1",0.980998694896698,"1"
"Drews","1",20261001,"TCGA-DD-AACI","LIHC","1",0.545874536037445,"1"
"Drews","1",20261001,"TCGA-DD-AADD","LIHC","1",0.986501395702362,"1"
"Drews","1",20261001,"TCGA-DD-AADO","LIHC","1",0.929561376571655,"1"
"Drews","1",20261001,"TCGA-DD-AADP","LIHC","1",0.843296229839325,"1"
"Drews","1",20261001,"TCGA-FV-A23B","LIHC","1",0.856149196624756,"1"
"Drews","1",20261001,"TCGA-G3-A25Y","LIHC","1",0.982667505741119,"1"
"Drews","1",20261001,"TCGA-RC-A6M6","LIHC","1",0.999556124210358,"1"
"Drews","1",20261001,"TCGA-ZS-A9CF","LIHC","1",0.979237794876099,"1"
"Drews","1",20261001,"TCGA-05-4395","LUAD","1",0.996640801429749,"1"
"Drews","1",20261001,"TCGA-05-4422","LUAD","1",0.995920062065125,"1"
"Drews","1",20261001,"TCGA-05-4426","LUAD","1",0.712997138500214,"1"
"Drews","1",20261001,"TCGA-05-5715","LUAD","1",0.925700783729553,"1"
"Drews","1",20261001,"TCGA-44-5644","LUAD","1",0.999963045120239,"1"
"Drews","1",20261001,"TCGA-44-6779","LUAD","1",0.982301950454712,"1"
"Drews","1",20261001,"TCGA-44-A47B","LUAD","1",0.984783887863159,"1"
"Drews","1",20261001,"TCGA-44-A4SU","LUAD","1",0.999932646751404,"1"
"Drews","1",20261001,"TCGA-49-4501","LUAD","1",0.998822867870331,"1"
"Drews","1",20261001,"TCGA-49-AARE","LUAD","1",0.999185740947723,"1"
"Drews","1",20261001,"TCGA-4B-A93V","LUAD","1",0.991709411144257,"1"
"Drews","1",20261001,"TCGA-55-5899","LUAD","1",0.99993896484375,"1"
"Drews","1",20261001,"TCGA-55-7576","LUAD","1",0.999813377857208,"1"
"Drews","1",20261001,"TCGA-55-8507","LUAD","1",0.999955177307129,"1"
"Drews","1",20261001,"TCGA-62-A46Y","LUAD","2",0.191774219274521,"2"
"Drews","1",20261001,"TCGA-69-7980","LUAD","1",0.999929785728455,"1"
"Drews","1",20261001,"TCGA-73-4668","LUAD","1",0.999937534332275,"1"
"Drews","1",20261001,"TCGA-78-7536","LUAD","1",0.99996280670166,"1"
"Drews","1",20261001,"TCGA-86-7953","LUAD","1",0.999931454658508,"1"
"Drews","1",20261001,"TCGA-86-7955","LUAD","1",0.999944090843201,"1"
"Drews","1",20261001,"TCGA-86-8056","LUAD","1",0.985590696334839,"1"
"Drews","1",20261001,"TCGA-86-8279","LUAD","1",0.999921321868896,"1"
"Drews","1",20261001,"TCGA-95-7039","LUAD","1",0.999537229537964,"1"
"Drews","1",20261001,"TCGA-97-A4M3","LUAD","1",0.953377902507782,"1"
"Drews","1",20261001,"TCGA-L9-A5IP","LUAD","1",0.999120652675629,"1"
"Drews","1",20261001,"TCGA-L9-A7SV","LUAD","1",0.998143196105957,"1"
"Drews","1",20261001,"TCGA-NJ-A4YF","LUAD","1",0.999986410140991,"1"
"Drews","1",20261001,"TCGA-18-3406","LUSC","1",0.979941964149475,"1"
"Drews","1",20261001,"TCGA-21-1078","LUSC","2",0.352390795946121,"2"
"Drews","1",20261001,"TCGA-21-5782","LUSC","1",0.999939680099487,"1"
"Drews","1",20261001,"TCGA-21-5787","LUSC","1",0.988821387290955,"1"
"Drews","1",20261001,"TCGA-22-4591","LUSC","1",0.99998927116394,"1"
"Drews","1",20261001,"TCGA-22-4593","LUSC","1",0.999132335186005,"1"
"Drews","1",20261001,"TCGA-22-4595","LUSC","1",0.999985098838806,"1"
"Drews","1",20261001,"TCGA-22-4613","LUSC","1",0.999986886978149,"1"
"Drews","1",20261001,"TCGA-22-5473","LUSC","1",0.999820053577423,"1"
"Drews","1",20261001,"TCGA-33-6737","LUSC","1",0.99929141998291,"1"
"Drews","1",20261001,"TCGA-33-AASB","LUSC","1",0.999972820281982,"1"
"Drews","1",20261001,"TCGA-37-3789","LUSC","1",0.999756515026093,"1"
"Drews","1",20261001,"TCGA-37-5819","LUSC","1",0.999950647354126,"1"
"Drews","1",20261001,"TCGA-39-5016","LUSC","1",0.996855616569519,"1"
"Drews","1",20261001,"TCGA-43-6143","LUSC","1",0.999938249588013,"1"
"Drews","1",20261001,"TCGA-43-7657","LUSC","1",0.999958992004395,"1"
"Drews","1",20261001,"TCGA-46-6025","LUSC","1",0.999815762042999,"1"
"Drews","1",20261001,"TCGA-56-7223","LUSC","1",0.999598801136017,"1"
"Drews","1",20261001,"TCGA-56-7579","LUSC","1",0.999695301055908,"1"
"Drews","1",20261001,"TCGA-56-A49D","LUSC","1",0.999828815460205,"1"
"Drews","1",20261001,"TCGA-58-8387","LUSC","1",0.999971866607666,"1"
"Drews","1",20261001,"TCGA-60-2713","LUSC","1",0.999865174293518,"1"
"Drews","1",20261001,"TCGA-63-A5MW","LUSC","1",0.999931812286377,"1"
"Drews","1",20261001,"TCGA-66-2757","LUSC","1",0.999955296516418,"1"
"Drews","1",20261001,"TCGA-66-2768","LUSC","1",0.99998950958252,"1"
"Drews","1",20261001,"TCGA-77-6845","LUSC","1",0.999913096427917,"1"
"Drews","1",20261001,"TCGA-77-7337","LUSC","1",0.999714434146881,"1"
"Drews","1",20261001,"TCGA-77-8133","LUSC","1",0.999727666378021,"1"
"Drews","1",20261001,"TCGA-77-8148","LUSC","1",0.999992370605469,"1"
"Drews","1",20261001,"TCGA-77-A5GF","LUSC","1",0.993914902210236,"1"
"Drews","1",20261001,"TCGA-85-8352","LUSC","1",0.999960780143738,"1"
"Drews","1",20261001,"TCGA-90-A4EE","LUSC","1",0.995754837989807,"1"
"Drews","1",20261001,"TCGA-NC-A5HN","LUSC","1",0.993845641613007,"1"
"Drews","1",20261001,"TCGA-O2-A52S","LUSC","1",0.999904155731201,"1"
"Drews","1",20261001,"TCGA-3U-A98D","MESO","1",0.996145844459534,"1"
"Drews","1",20261001,"TCGA-3U-A98I","MESO","1",0.979452252388,"1"
"Drews","1",20261001,"TCGA-MQ-A6BS","MESO","1",0.891811549663544,"1"
"Drews","1",20261001,"TCGA-SC-A6LM","MESO","1",0.99617612361908,"1"
"Drews","1",20261001,"TCGA-04-1362","OV","1",0.999979615211487,"1"
"Drews","1",20261001,"TCGA-09-2045","OV","1",0.989736974239349,"1"
"Drews","1",20261001,"TCGA-09-2056","OV","1",0.999893426895142,"1"
"Drews","1",20261001,"TCGA-13-0890","OV","1",0.999892115592957,"1"
"Drews","1",20261001,"TCGA-13-2060","OV","1",0.999985694885254,"1"
"Drews","1",20261001,"TCGA-20-1683","OV","1",0.999891996383667,"1"
"Drews","1",20261001,"TCGA-20-1684","OV","1",0.999398589134216,"1"
"Drews","1",20261001,"TCGA-20-1687","OV","1",0.876618504524231,"1"
"Drews","1",20261001,"TCGA-24-1425","OV","1",0.999129831790924,"1"
"Drews","1",20261001,"TCGA-24-1427","OV","1",0.999853610992432,"1"
"Drews","1",20261001,"TCGA-24-1436","OV","1",0.999723732471466,"1"
"Drews","1",20261001,"TCGA-24-1552","OV","1",0.999974370002747,"1"
"Drews","1",20261001,"TCGA-24-1616","OV","1",0.998116731643677,"1"
"Drews","1",20261001,"TCGA-24-1842","OV","1",0.999832987785339,"1"
"Drews","1",20261001,"TCGA-24-1843","OV","1",0.999981284141541,"1"
"Drews","1",20261001,"TCGA-24-1847","OV","1",0.999162554740906,"1"
"Drews","1",20261001,"TCGA-24-2033","OV","1",0.999491691589355,"1"
"Drews","1",20261001,"TCGA-24-2281","OV","1",0.999979138374329,"1"
"Drews","1",20261001,"TCGA-24-2298","OV","1",0.999782741069794,"1"
"Drews","1",20261001,"TCGA-25-1313","OV","1",0.99987781047821,"1"
"Drews","1",20261001,"TCGA-25-1315","OV","1",0.999983906745911,"1"
"Drews","1",20261001,"TCGA-29-1696","OV","1",0.995843946933746,"1"
"Drews","1",20261001,"TCGA-29-1710","OV","1",0.998570322990417,"1"
"Drews","1",20261001,"TCGA-30-1891","OV","1",0.999217748641968,"1"
"Drews","1",20261001,"TCGA-31-1959","OV","1",0.999981045722961,"1"
"Drews","1",20261001,"TCGA-59-2351","OV","1",0.999915957450867,"1"
"Drews","1",20261001,"TCGA-59-2363","OV","1",0.999617695808411,"1"
"Drews","1",20261001,"TCGA-61-1728","OV","1",0.999465763568878,"1"
"Drews","1",20261001,"TCGA-61-1736","OV","1",0.999019026756287,"1"
"Drews","1",20261001,"TCGA-61-2000","OV","1",0.999870419502258,"1"
"Drews","1",20261001,"TCGA-61-2003","OV","1",0.999647974967957,"1"
"Drews","1",20261001,"TCGA-61-2095","OV","2",0.939634203910828,"1"
"Drews","1",20261001,"TCGA-OY-A56P","OV","1",0.998728215694427,"1"
"Drews","1",20261001,"TCGA-2J-AABE","PAAD","2",0.914708316326141,"1"
"Drews","1",20261001,"TCGA-2L-AAQE","PAAD","1",0.982556462287903,"1"
"Drews","1",20261001,"TCGA-3A-A9IB","PAAD","1",0.993810713291168,"1"
"Drews","1",20261001,"TCGA-3A-A9IS","PAAD","1",0.391570866107941,"2"
"Drews","1",20261001,"TCGA-HZ-A9TJ","PAAD","1",0.911867678165436,"1"
"Drews","1",20261001,"TCGA-PR-A5PH","PCPG","2",0.0162631049752235,"2"
"Drews","1",20261001,"TCGA-QR-A708","PCPG","1",0.603539288043976,"1"
"Drews","1",20261001,"TCGA-QR-A70T","PCPG","1",0.491319179534912,"2"
"Drews","1",20261001,"TCGA-QT-A5XK","PCPG","2",0.0164670944213867,"2"
"Drews","1",20261001,"TCGA-RW-A68C","PCPG","2",0.00521831074729562,"2"
"Drews","1",20261001,"TCGA-RW-A7CZ","PCPG","1",0.00055594788864255,"2"
"Drews","1",20261001,"TCGA-S7-A7WQ","PCPG","2",0.0143179269507527,"2"
"Drews","1",20261001,"TCGA-SQ-A6I6","PCPG","2",0.0356482937932014,"2"
"Drews","1",20261001,"TCGA-SR-A6MP","PCPG","1",0.0934474319219589,"2"
"Drews","1",20261001,"TCGA-WB-A819","PCPG","2",0.00582958851009607,"2"
"Drews","1",20261001,"TCGA-CH-5766","PRAD","1",0.917092859745026,"1"
"Drews","1",20261001,"TCGA-CH-5769","PRAD","1",0.967678427696228,"1"
"Drews","1",20261001,"TCGA-EJ-7781","PRAD","2",0.889437198638916,"1"
"Drews","1",20261001,"TCGA-G9-6384","PRAD","2",0.794995486736298,"1"
"Drews","1",20261001,"TCGA-HC-7213","PRAD","1",0.997013330459595,"1"
"Drews","1",20261001,"TCGA-HC-7232","PRAD","2",0.971662938594818,"1"
"Drews","1",20261001,"TCGA-HC-A9TE","PRAD","1",0.988257110118866,"1"
"Drews","1",20261001,"TCGA-HI-7171","PRAD","1",0.999152064323425,"1"
"Drews","1",20261001,"TCGA-J4-A67N","PRAD","1",0.857130348682404,"1"
"Drews","1",20261001,"TCGA-KK-A6DY","PRAD","2",0.797574758529663,"1"
"Drews","1",20261001,"TCGA-KK-A6E5","PRAD","1",0.983278572559357,"1"
"Drews","1",20261001,"TCGA-KK-A6E8","PRAD","1",0.997026026248932,"1"
"Drews","1",20261001,"TCGA-KK-A7AP","PRAD","1",0.998034536838531,"1"
"Drews","1",20261001,"TCGA-KK-A8IK","PRAD","1",0.999637842178345,"1"
"Drews","1",20261001,"TCGA-TP-A8TT","PRAD","1",0.921369612216949,"1"
"Drews","1",20261001,"TCGA-XJ-A83H","PRAD","2",0.954371511936188,"1"
"Drews","1",20261001,"TCGA-XJ-A9DX","PRAD","1",0.998503565788269,"1"
"Drews","1",20261001,"TCGA-YJ-A8SW","PRAD","1",0.999880433082581,"1"
"Drews","1",20261001,"TCGA-AG-3901","READ","2",0.0201899353414774,"2"
"Drews","1",20261001,"TCGA-AG-4015","READ","1",0.99745374917984,"1"
"Drews","1",20261001,"TCGA-AG-A01J","READ","1",0.912384569644928,"1"
"Drews","1",20261001,"TCGA-AG-A01W","READ","1",0.835821747779846,"1"
"Drews","1",20261001,"TCGA-AG-A026","READ","1",0.997522294521332,"1"
"Drews","1",20261001,"TCGA-AG-A02N","READ","2",0.44325453042984,"2"
"Drews","1",20261001,"TCGA-DC-4745","READ","1",0.991005301475525,"1"
"Drews","1",20261001,"TCGA-F5-6813","READ","1",0.712225377559662,"1"
"Drews","1",20261001,"TCGA-F5-6863","READ","1",0.981504380702972,"1"
"Drews","1",20261001,"TCGA-3R-A8YX","SARC","1",0.999416351318359,"1"
"Drews","1",20261001,"TCGA-DX-A1KW","SARC","1",0.996619701385498,"1"
"Drews","1",20261001,"TCGA-DX-A1L2","SARC","1",0.678737580776215,"1"
"Drews","1",20261001,"TCGA-DX-A48L","SARC","1",0.990553915500641,"1"
"Drews","1",20261001,"TCGA-DX-A6YS","SARC","1",0.988664090633392,"1"
"Drews","1",20261001,"TCGA-DX-A6Z0","SARC","1",0.999076008796692,"1"
"Drews","1",20261001,"TCGA-DX-A7EF","SARC","1",0.999951004981995,"1"
"Drews","1",20261001,"TCGA-DX-A8BJ","SARC","1",0.996112167835236,"1"
"Drews","1",20261001,"TCGA-DX-A8BK","SARC","1",0.982006072998047,"1"
"Drews","1",20261001,"TCGA-DX-A8BU","SARC","1",0.999516725540161,"1"
"Drews","1",20261001,"TCGA-DX-AB2H","SARC","1",0.999532699584961,"1"
"Drews","1",20261001,"TCGA-DX-AB2J","SARC","1",0.331126153469086,"2"
"Drews","1",20261001,"TCGA-DX-AB2W","SARC","1",0.99968421459198,"1"
"Drews","1",20261001,"TCGA-DX-AB2X","SARC","1",0.999465763568878,"1"
"Drews","1",20261001,"TCGA-IS-A3KA","SARC","1",0.985515475273132,"1"
"Drews","1",20261001,"TCGA-QQ-A8VH","SARC","1",0.999851822853088,"1"
"Drews","1",20261001,"TCGA-SI-A71Q","SARC","1",0.999388694763184,"1"
"Drews","1",20261001,"TCGA-SI-AA8B","SARC","1",0.999876499176025,"1"
"Drews","1",20261001,"TCGA-WK-A8XS","SARC","1",0.982852756977081,"1"
"Drews","1",20261001,"TCGA-WK-A8XX","SARC","1",0.979253172874451,"1"
"Drews","1",20261001,"TCGA-WP-A9GB","SARC","1",0.99712997674942,"1"
"Drews","1",20261001,"TCGA-X6-A7WB","SARC","1",0.999546945095062,"1"
"Drews","1",20261001,"TCGA-X6-A8C2","SARC","1",0.999911904335022,"1"
"Drews","1",20261001,"TCGA-Z4-AAPG","SARC","1",0.999293684959412,"1"
"Drews","1",20261001,"TCGA-BF-A3DJ","SKCM","2",0.987460494041443,"1"
"Drews","1",20261001,"TCGA-BF-AAP2","SKCM","1",0.531002581119537,"1"
"Drews","1",20261001,"TCGA-BF-AAP4","SKCM","1",0.891268849372864,"1"
"Drews","1",20261001,"TCGA-EB-A41B","SKCM","1",0.993595957756042,"1"
"Drews","1",20261001,"TCGA-EB-A4IS","SKCM","2",0.854969263076782,"1"
"Drews","1",20261001,"TCGA-EB-A5SF","SKCM","1",0.523085653781891,"1"
"Drews","1",20261001,"TCGA-EB-A5UM","SKCM","1",0.790908515453339,"1"
"Drews","1",20261001,"TCGA-GN-A8LN","SKCM","1",0.955096006393433,"1"
"Drews","1",20261001,"TCGA-3M-AB46","STAD","1",0.999953031539917,"1"
"Drews","1",20261001,"TCGA-BR-4267","STAD","1",0.849652409553528,"1"
"Drews","1",20261001,"TCGA-BR-6456","STAD","1",0.99941623210907,"1"
"Drews","1",20261001,"TCGA-BR-7723","STAD","1",0.999853134155273,"1"
"Drews","1",20261001,"TCGA-BR-8373","STAD","1",0.997725784778595,"1"
"Drews","1",20261001,"TCGA-BR-8483","STAD","1",0.999683141708374,"1"
"Drews","1",20261001,"TCGA-BR-A44U","STAD","1",0.997373104095459,"1"
"Drews","1",20261001,"TCGA-BR-A4PE","STAD","1",0.996539831161499,"1"
"Drews","1",20261001,"TCGA-CD-5800","STAD","1",0.999984860420227,"1"
"Drews","1",20261001,"TCGA-CD-8527","STAD","1",0.999899983406067,"1"
"Drews","1",20261001,"TCGA-CG-4443","STAD","1",0.995668768882751,"1"
"Drews","1",20261001,"TCGA-CG-5732","STAD","1",0.98926568031311,"1"
"Drews","1",20261001,"TCGA-D7-5578","STAD","1",0.988722324371338,"1"
"Drews","1",20261001,"TCGA-D7-A6EZ","STAD","1",0.99237072467804,"1"
"Drews","1",20261001,"TCGA-F1-6875","STAD","1",0.999942541122437,"1"
"Drews","1",20261001,"TCGA-HU-A4HB","STAD","2",0.996204078197479,"1"
"Drews","1",20261001,"TCGA-IN-A6RI","STAD","1",0.999817311763763,"1"
"Drews","1",20261001,"TCGA-IN-A6RL","STAD","1",0.999987483024597,"1"
"Drews","1",20261001,"TCGA-MX-A666","STAD","1",0.99992561340332,"1"
"Drews","1",20261001,"TCGA-R5-A7ZE","STAD","1",0.999849557876587,"1"
"Drews","1",20261001,"TCGA-RD-A8N6","STAD","1",0.999950408935547,"1"
"Drews","1",20261001,"TCGA-VQ-A8P3","STAD","1",0.978503525257111,"1"
"Drews","1",20261001,"TCGA-VQ-A91Z","STAD","1",0.999940752983093,"1"
"Drews","1",20261001,"TCGA-VQ-A925","STAD","1",0.999877572059631,"1"
"Drews","1",20261001,"TCGA-VQ-A92D","STAD","1",0.981890559196472,"1"
"Drews","1",20261001,"TCGA-VQ-A94R","STAD","1",0.999032258987427,"1"
"Drews","1",20261001,"TCGA-VQ-AA6K","STAD","1",0.999702274799347,"1"
"Drews","1",20261001,"TCGA-2G-AAH3","TGCT","2",0.513144254684448,"1"
"Drews","1",20261001,"TCGA-2G-AAHL","TGCT","2",0.624172985553741,"1"
"Drews","1",20261001,"TCGA-XY-A8S2","TGCT","1",0.998835504055023,"1"
"Drews","1",20261001,"TCGA-YU-A90Y","TGCT","1",0.992688179016113,"1"
"Drews","1",20261001,"TCGA-EL-A3CX","THCA","2",0.0267465766519308,"2"
"Drews","1",20261001,"TCGA-EM-A2OY","THCA","2",0.00167171854991466,"2"
"Drews","1",20261001,"TCGA-5U-AB0D","THYM","1",0.754957377910614,"1"
"Drews","1",20261001,"TCGA-A5-A0R7","UCEC","2",0.979913353919983,"1"
"Drews","1",20261001,"TCGA-A5-A1OG","UCEC","1",0.999551713466644,"1"
"Drews","1",20261001,"TCGA-AJ-A2QN","UCEC","2",0.376905500888824,"2"
"Drews","1",20261001,"TCGA-AJ-A3I9","UCEC","1",0.984766662120819,"1"
"Drews","1",20261001,"TCGA-AJ-A3IA","UCEC","1",0.999973654747009,"1"
"Drews","1",20261001,"TCGA-AJ-A3NG","UCEC","2",0.649920463562012,"1"
"Drews","1",20261001,"TCGA-AJ-A8CV","UCEC","2",0.0667442008852959,"2"
"Drews","1",20261001,"TCGA-AP-A0LI","UCEC","1",0.998769223690033,"1"
"Drews","1",20261001,"TCGA-AW-A1PO","UCEC","1",0.999824106693268,"1"
"Drews","1",20261001,"TCGA-AX-A0IW","UCEC","1",0.999953508377075,"1"
"Drews","1",20261001,"TCGA-AX-A1C7","UCEC","1",0.999602973461151,"1"
"Drews","1",20261001,"TCGA-AX-A3G4","UCEC","1",0.99718314409256,"1"
"Drews","1",20261001,"TCGA-AX-A3GI","UCEC","1",0.999939322471619,"1"
"Drews","1",20261001,"TCGA-B5-A0JS","UCEC","1",0.0261756721884012,"2"
"Drews","1",20261001,"TCGA-B5-A11I","UCEC","1",0.998224675655365,"1"
"Drews","1",20261001,"TCGA-B5-A5OD","UCEC","1",0.999380230903625,"1"
"Drews","1",20261001,"TCGA-BG-A0YV","UCEC","1",0.996160745620728,"1"
"Drews","1",20261001,"TCGA-BG-A18B","UCEC","2",0.0303025897592306,"2"
"Drews","1",20261001,"TCGA-BS-A0TI","UCEC","1",0.985099077224731,"1"
"Drews","1",20261001,"TCGA-D1-A1NW","UCEC","1",0.997455298900604,"1"
"Drews","1",20261001,"TCGA-DI-A1NN","UCEC","1",0.99982362985611,"1"
"Drews","1",20261001,"TCGA-DI-A1NO","UCEC","1",0.999966382980347,"1"
"Drews","1",20261001,"TCGA-DI-A2QU","UCEC","1",0.999070465564728,"1"
"Drews","1",20261001,"TCGA-EO-A3B1","UCEC","1",0.989791214466095,"1"
"Drews","1",20261001,"TCGA-EY-A1GC","UCEC","1",0.988885879516602,"1"
"Drews","1",20261001,"TCGA-EY-A1GO","UCEC","2",0.971419870853424,"1"
"Drews","1",20261001,"TCGA-EY-A214","UCEC","1",0.999373018741608,"1"
"Drews","1",20261001,"TCGA-EY-A3L3","UCEC","1",0.998317956924438,"1"
"Drews","1",20261001,"TCGA-EY-A3QX","UCEC","1",0.999325275421143,"1"
"Drews","1",20261001,"TCGA-FI-A2EW","UCEC","1",0.997476398944855,"1"
"Drews","1",20261001,"TCGA-FI-A3PV","UCEC","1",0.9996178150177,"1"
"Drews","1",20261001,"TCGA-H5-A2HR","UCEC","1",0.997548520565033,"1"
"Drews","1",20261001,"TCGA-JU-AAVI","UCEC","1",0.997087061405182,"1"
"Drews","1",20261001,"TCGA-KP-A3W4","UCEC","1",0.999395966529846,"1"
"Drews","1",20261001,"TCGA-N5-A4RA","UCS","1",0.997507810592651,"1"
"Drews","1",20261001,"TCGA-N6-A4V9","UCS","1",0.994979321956635,"1"
"Drews","1",20261001,"TCGA-N8-A4PN","UCS","1",0.999841928482056,"1"
"Drews","1",20261001,"TCGA-NA-A4QW","UCS","1",0.999797165393829,"1"
"Drews","1",20261001,"TCGA-NA-A4QY","UCS","1",0.999715864658356,"1"
"Drews","1",20261001,"TCGA-NF-A4X2","UCS","1",0.999933123588562,"1"
"Drews","1",20261001,"TCGA-NG-A4VU","UCS","1",0.999822556972504,"1"
"Drews","1",20261001,"TCGA-V4-A9EZ","UVM","2",0.260898917913437,"2"
"Drews","1",20261001,"TCGA-VD-A8KA","UVM","2",0.131056264042854,"2"
"Drews","1",20261001,"TCGA-VD-A8KM","UVM","2",0.0813557058572769,"2"
"Drews","1",20261001,"TCGA-WC-A87W","UVM","2",0.227412953972816,"2"
"Drews","2",20261002,"TCGA-OR-A5J1","ACC","1",0.845297157764435,"1"
"Drews","2",20261002,"TCGA-OR-A5J2","ACC","1",0.651989698410034,"1"
"Drews","2",20261002,"TCGA-OR-A5J6","ACC","2",0.038680225610733,"2"
"Drews","2",20261002,"TCGA-OR-A5JC","ACC","1",0.158143788576126,"2"
"Drews","2",20261002,"TCGA-OR-A5JI","ACC","2",0.1026291847229,"2"
"Drews","2",20261002,"TCGA-OR-A5K9","ACC","1",0.910471558570862,"1"
"Drews","2",20261002,"TCGA-OR-A5KU","ACC","2",0.486715495586395,"2"
"Drews","2",20261002,"TCGA-OR-A5LH","ACC","1",0.0516610331833363,"2"
"Drews","2",20261002,"TCGA-4Z-AA7R","BLCA","1",0.999973654747009,"1"
"Drews","2",20261002,"TCGA-BT-A20T","BLCA","1",0.997380197048187,"1"
"Drews","2",20261002,"TCGA-BT-A42C","BLCA","1",0.999880433082581,"1"
"Drews","2",20261002,"TCGA-CF-A1HS","BLCA","1",0.999954462051392,"1"
"Drews","2",20261002,"TCGA-CF-A8HY","BLCA","1",0.998407185077667,"1"
"Drews","2",20261002,"TCGA-CU-A3YL","BLCA","2",0.993098199367523,"1"
"Drews","2",20261002,"TCGA-DK-A1A3","BLCA","1",0.99754673242569,"1"
"Drews","2",20261002,"TCGA-DK-A2I6","BLCA","1",0.999961853027344,"1"
"Drews","2",20261002,"TCGA-DK-A3IK","BLCA","1",0.998073220252991,"1"
"Drews","2",20261002,"TCGA-DK-A3IL","BLCA","1",0.99990451335907,"1"
"Drews","2",20261002,"TCGA-DK-AA6M","BLCA","1",0.998944103717804,"1"
"Drews","2",20261002,"TCGA-E5-A4U1","BLCA","1",0.999540090560913,"1"
"Drews","2",20261002,"TCGA-E7-A6MD","BLCA","1",0.999935984611511,"1"
"Drews","2",20261002,"TCGA-E7-A6ME","BLCA","1",0.999721705913544,"1"
"Drews","2",20261002,"TCGA-E7-A7PW","BLCA","1",0.99989926815033,"1"
"Drews","2",20261002,"TCGA-E7-A85H","BLCA","1",0.999877691268921,"1"
"Drews","2",20261002,"TCGA-E7-A97Q","BLCA","1",0.999928712844849,"1"
"Drews","2",20261002,"TCGA-FD-A6TA","BLCA","1",0.999078512191772,"1"
"Drews","2",20261002,"TCGA-G2-A2EF","BLCA","1",0.99793016910553,"1"
"Drews","2",20261002,"TCGA-G2-AA3B","BLCA","1",0.997470140457153,"1"
"Drews","2",20261002,"TCGA-G2-AA3D","BLCA","1",0.999718487262726,"1"
"Drews","2",20261002,"TCGA-G2-AA3F","BLCA","1",0.99998414516449,"1"
"Drews","2",20261002,"TCGA-GC-A3RB","BLCA","1",0.99983537197113,"1"
"Drews","2",20261002,"TCGA-GC-A3RD","BLCA","1",0.999997138977051,"1"
"Drews","2",20261002,"TCGA-GU-AATO","BLCA","1",0.997661709785461,"1"
"Drews","2",20261002,"TCGA-GV-A3QI","BLCA","1",0.999742448329926,"1"
"Drews","2",20261002,"TCGA-GV-A40E","BLCA","1",0.999473392963409,"1"
"Drews","2",20261002,"TCGA-KQ-A41Q","BLCA","1",0.999921321868896,"1"
"Drews","2",20261002,"TCGA-PQ-A6FI","BLCA","1",0.99858283996582,"1"
"Drews","2",20261002,"TCGA-UY-A78O","BLCA","1",0.999743640422821,"1"
"Drews","2",20261002,"TCGA-XF-A9SZ","BLCA","1",0.999685645103455,"1"
"Drews","2",20261002,"TCGA-XF-AAMQ","BLCA","1",0.999724090099335,"1"
"Drews","2",20261002,"TCGA-ZF-A9R9","BLCA","1",0.692747354507446,"1"
"Drews","2",20261002,"TCGA-3C-AALI","BRCA","1",0.99992823600769,"1"
"Drews","2",20261002,"TCGA-A2-A04T","BRCA","1",0.999973297119141,"1"
"Drews","2",20261002,"TCGA-A2-A0SX","BRCA","1",0.999650359153748,"1"
"Drews","2",20261002,"TCGA-A2-A0YJ","BRCA","1",0.999982237815857,"1"
"Drews","2",20261002,"TCGA-A2-A1FV","BRCA","1",0.938746094703674,"1"
"Drews","2",20261002,"TCGA-A2-A25B","BRCA","1",0.999708116054535,"1"
"Drews","2",20261002,"TCGA-A2-A25D","BRCA","1",0.995181143283844,"1"
"Drews","2",20261002,"TCGA-A2-A25E","BRCA","1",0.999983072280884,"1"
"Drews","2",20261002,"TCGA-A7-A0CD","BRCA","2",0.788350701332092,"1"
"Drews","2",20261002,"TCGA-A7-A0CH","BRCA","2",0.0326975174248219,"2"
"Drews","2",20261002,"TCGA-A7-A26I","BRCA","1",0.99978905916214,"1"
"Drews","2",20261002,"TCGA-A7-A56D","BRCA","1",0.990981996059418,"1"
"Drews","2",20261002,"TCGA-A7-A6VX","BRCA","1",0.999642968177795,"1"
"Drews","2",20261002,"TCGA-A7-A6VY","BRCA","1",0.999951720237732,"1"
"Drews","2",20261002,"TCGA-A8-A06Q","BRCA","1",0.994786143302917,"1"
"Drews","2",20261002,"TCGA-A8-A06R","BRCA","1",0.999824583530426,"1"
"Drews","2",20261002,"TCGA-A8-A079","BRCA","1",0.999981641769409,"1"
"Drews","2",20261002,"TCGA-A8-A07L","BRCA","1",0.999986886978149,"1"
"Drews","2",20261002,"TCGA-A8-A08B","BRCA","1",0.957464098930359,"1"
"Drews","2",20261002,"TCGA-AC-A6IX","BRCA","1",0.956426978111267,"1"
"Drews","2",20261002,"TCGA-AN-A04D","BRCA","1",0.999940037727356,"1"
"Drews","2",20261002,"TCGA-AN-A0FJ","BRCA","1",0.997199773788452,"1"
"Drews","2",20261002,"TCGA-AN-A0XN","BRCA","1",0.997625291347504,"1"
"Drews","2",20261002,"TCGA-AN-A0XU","BRCA","1",0.99999213218689,"1"
"Drews","2",20261002,"TCGA-AN-A0XV","BRCA","1",0.948121666908264,"1"
"Drews","2",20261002,"TCGA-AO-A03T","BRCA","1",0.999540090560913,"1"
"Drews","2",20261002,"TCGA-AO-A0JD","BRCA","1",0.999230623245239,"1"
"Drews","2",20261002,"TCGA-AO-A0JG","BRCA","1",0.994773328304291,"1"
"Drews","2",20261002,"TCGA-AR-A0TP","BRCA","1",0.999961614608765,"1"
"Drews","2",20261002,"TCGA-AR-A0TQ","BRCA","1",0.999956250190735,"1"
"Drews","2",20261002,"TCGA-AR-A0U2","BRCA","1",0.999949216842651,"1"
"Drews","2",20261002,"TCGA-AR-A1AH","BRCA","1",0.999713122844696,"1"
"Drews","2",20261002,"TCGA-AR-A1AN","BRCA","1",0.716054975986481,"1"
"Drews","2",20261002,"TCGA-AR-A1AY","BRCA","1",0.999924898147583,"1"
"Drews","2",20261002,"TCGA-AR-A24V","BRCA","1",0.998983085155487,"1"
"Drews","2",20261002,"TCGA-AR-A24X","BRCA","2",0.135389983654022,"2"
"Drews","2",20261002,"TCGA-AR-A24Z","BRCA","1",0.999977111816406,"1"
"Drews","2",20261002,"TCGA-AR-A254","BRCA","1",0.999731719493866,"1"
"Drews","2",20261002,"TCGA-AR-A256","BRCA","1",0.999934315681458,"1"
"Drews","2",20261002,"TCGA-AR-A2LR","BRCA","1",0.999979496002197,"1"
"Drews","2",20261002,"TCGA-B6-A0I1","BRCA","1",0.999968647956848,"1"
"Drews","2",20261002,"TCGA-B6-A0IG","BRCA","1",0.999325513839722,"1"
"Drews","2",20261002,"TCGA-B6-A0RS","BRCA","1",0.999793708324432,"1"
"Drews","2",20261002,"TCGA-BH-A0AZ","BRCA","1",0.884046614170074,"1"
"Drews","2",20261002,"TCGA-BH-A0B9","BRCA","1",0.999084115028381,"1"
"Drews","2",20261002,"TCGA-BH-A0C1","BRCA","1",0.356489837169647,"2"
"Drews","2",20261002,"TCGA-BH-A0DP","BRCA","2",0.0184260550886393,"2"
"Drews","2",20261002,"TCGA-BH-A0E2","BRCA","1",0.999864101409912,"1"
"Drews","2",20261002,"TCGA-BH-A0GY","BRCA","1",0.996916770935059,"1"
"Drews","2",20261002,"TCGA-BH-A0H0","BRCA","2",0.998664498329163,"1"
"Drews","2",20261002,"TCGA-BH-A0H6","BRCA","2",0.428551465272903,"2"
"Drews","2",20261002,"TCGA-BH-A0HB","BRCA","1",0.998940169811249,"1"
"Drews","2",20261002,"TCGA-BH-A0HQ","BRCA","2",0.196013554930687,"2"
"Drews","2",20261002,"TCGA-BH-A1EU","BRCA","1",0.0564002096652985,"2"
"Drews","2",20261002,"TCGA-BH-A1F6","BRCA","1",0.999682903289795,"1"
"Drews","2",20261002,"TCGA-BH-A1FE","BRCA","1",0.969828486442566,"1"
"Drews","2",20261002,"TCGA-BH-A1FG","BRCA","2",0.810250043869019,"1"
"Drews","2",20261002,"TCGA-C8-A12K","BRCA","1",0.998902916908264,"1"
"Drews","2",20261002,"TCGA-C8-A137","BRCA","1",0.995857894420624,"1"
"Drews","2",20261002,"TCGA-D8-A1JU","BRCA","2",0.082767054438591,"2"
"Drews","2",20261002,"TCGA-D8-A1X5","BRCA","1",0.999232649803162,"1"
"Drews","2",20261002,"TCGA-D8-A1XJ","BRCA","1",0.999983072280884,"1"
"Drews","2",20261002,"TCGA-D8-A1XQ","BRCA","1",0.999969482421875,"1"
"Drews","2",20261002,"TCGA-D8-A27M","BRCA","1",0.999512910842896,"1"
"Drews","2",20261002,"TCGA-E2-A14V","BRCA","1",0.999936819076538,"1"
"Drews","2",20261002,"TCGA-E2-A14Z","BRCA","1",0.923452258110046,"1"
"Drews","2",20261002,"TCGA-E2-A150","BRCA","1",0.999977946281433,"1"
"Drews","2",20261002,"TCGA-E2-A155","BRCA","1",0.999669075012207,"1"
"Drews","2",20261002,"TCGA-E2-A156","BRCA","2",0.137141481041908,"2"
"Drews","2",20261002,"TCGA-E2-A15F","BRCA","1",0.991786897182465,"1"
"Drews","2",20261002,"TCGA-E2-A15I","BRCA","2",0.158783674240112,"2"
"Drews","2",20261002,"TCGA-E2-A15T","BRCA","1",0.999715864658356,"1"
"Drews","2",20261002,"TCGA-E2-A1IE","BRCA","1",0.999972939491272,"1"
"Drews","2",20261002,"TCGA-E2-A1LG","BRCA","1",0.998921990394592,"1"
"Drews","2",20261002,"TCGA-E2-A1LK","BRCA","1",0.99974137544632,"1"
"Drews","2",20261002,"TCGA-E2-A574","BRCA","1",0.999968767166138,"1"
"Drews","2",20261002,"TCGA-E2-A576","BRCA","1",0.991885304450989,"1"
"Drews","2",20261002,"TCGA-E9-A1NC","BRCA","1",0.999438583850861,"1"
"Drews","2",20261002,"TCGA-E9-A1RG","BRCA","1",0.998217523097992,"1"
"Drews","2",20261002,"TCGA-E9-A22A","BRCA","1",0.99978905916214,"1"
"Drews","2",20261002,"TCGA-E9-A54Y","BRCA","1",0.998318076133728,"1"
"Drews","2",20261002,"TCGA-EW-A1IY","BRCA","2",0.718777298927307,"1"
"Drews","2",20261002,"TCGA-EW-A1J3","BRCA","1",0.88872891664505,"1"
"Drews","2",20261002,"TCGA-EW-A6SC","BRCA","1",0.908985555171967,"1"
"Drews","2",20261002,"TCGA-GI-A2C8","BRCA","1",0.877834618091583,"1"
"Drews","2",20261002,"TCGA-GM-A2DF","BRCA","1",0.999920248985291,"1"
"Drews","2",20261002,"TCGA-LL-A6FR","BRCA","1",0.9982630610466,"1"
"Drews","2",20261002,"TCGA-LL-A8F5","BRCA","1",0.999392151832581,"1"
"Drews","2",20261002,"TCGA-OL-A5D7","BRCA","1",0.999903321266174,"1"
"Drews","2",20261002,"TCGA-OL-A5RU","BRCA","2",0.129561141133308,"2"
"Drews","2",20261002,"TCGA-OL-A5RW","BRCA","1",0.999688386917114,"1"
"Drews","2",20261002,"TCGA-OL-A6VO","BRCA","1",0.998644173145294,"1"
"Drews","2",20261002,"TCGA-OL-A6VQ","BRCA","2",0.108279801905155,"2"
"Drews","2",20261002,"TCGA-WT-AB44","BRCA","2",0.0254117492586374,"2"
"Drews","2",20261002,"TCGA-Z7-A8R6","BRCA","1",0.998071372509003,"1"
"Drews","2",20261002,"TCGA-C5-A1M6","CESC","1",0.999992847442627,"1"
"Drews","2",20261002,"TCGA-C5-A2LY","CESC","1",0.969815254211426,"1"
"Drews","2",20261002,"TCGA-C5-A7UH","CESC","1",0.979084253311157,"1"
"Drews","2",20261002,"TCGA-C5-A8YQ","CESC","1",0.928710162639618,"1"
"Drews","2",20261002,"TCGA-DG-A2KK","CESC","2",0.949364423751831,"1"
"Drews","2",20261002,"TCGA-EA-A5FO","CESC","2",0.923021554946899,"1"
"Drews","2",20261002,"TCGA-EK-A2RN","CESC","2",0.53422749042511,"1"
"Drews","2",20261002,"TCGA-EX-A69M","CESC","2",0.998559415340424,"1"
"Drews","2",20261002,"TCGA-IR-A3LA","CESC","1",0.997857511043549,"1"
"Drews","2",20261002,"TCGA-JX-A3Q0","CESC","2",0.37905752658844,"2"
"Drews","2",20261002,"TCGA-VS-A8Q9","CESC","1",0.803350150585175,"1"
"Drews","2",20261002,"TCGA-VS-A8QH","CESC","1",0.990024209022522,"1"
"Drews","2",20261002,"TCGA-VS-A9U5","CESC","1",0.99752551317215,"1"
"Drews","2",20261002,"TCGA-VS-A9U7","CESC","1",0.904250025749207,"1"
"Drews","2",20261002,"TCGA-ZJ-A8QR","CESC","1",0.986725091934204,"1"
"Drews","2",20261002,"TCGA-ZJ-AB0I","CESC","1",0.993777990341187,"1"
"Drews","2",20261002,"TCGA-W6-AA0S","CHOL","1",0.794138967990875,"1"
"Drews","2",20261002,"TCGA-4T-AA8H","COAD","2",0.0174289159476757,"2"
"Drews","2",20261002,"TCGA-A6-5656","COAD","1",0.987859785556793,"1"
"Drews","2",20261002,"TCGA-A6-6648","COAD","1",0.997812271118164,"1"
"Drews","2",20261002,"TCGA-A6-A56B","COAD","1",0.99959796667099,"1"
"Drews","2",20261002,"TCGA-AA-3549","COAD","1",0.993468284606934,"1"
"Drews","2",20261002,"TCGA-AA-3664","COAD","1",0.967149078845978,"1"
"Drews","2",20261002,"TCGA-AM-5820","COAD","1",0.958228230476379,"1"
"Drews","2",20261002,"TCGA-AZ-6603","COAD","2",0.986775815486908,"1"
"Drews","2",20261002,"TCGA-CK-4947","COAD","2",0.0195238068699837,"2"
"Drews","2",20261002,"TCGA-CK-5914","COAD","1",0.350912123918533,"2"
"Drews","2",20261002,"TCGA-CM-5862","COAD","1",0.989849448204041,"1"
"Drews","2",20261002,"TCGA-CM-6161","COAD","2",0.0553481616079807,"2"
"Drews","2",20261002,"TCGA-D5-5537","COAD","2",0.385795146226883,"2"
"Drews","2",20261002,"TCGA-D5-6928","COAD","2",0.728650867938995,"1"
"Drews","2",20261002,"TCGA-F4-6460","COAD","1",0.919511020183563,"1"
"Drews","2",20261002,"TCGA-G4-6303","COAD","1",0.978420078754425,"1"
"Drews","2",20261002,"TCGA-G4-6309","COAD","2",0.365670263767242,"2"
"Drews","2",20261002,"TCGA-G4-6314","COAD","1",0.996959447860718,"1"
"Drews","2",20261002,"TCGA-G4-6315","COAD","2",0.983792424201965,"1"
"Drews","2",20261002,"TCGA-G4-6322","COAD","1",0.935913562774658,"1"
"Drews","2",20261002,"TCGA-G4-6323","COAD","2",0.00356872635893524,"2"
"Drews","2",20261002,"TCGA-VB-A8QN","DLBC","1",0.978609442710876,"1"
"Drews","2",20261002,"TCGA-2H-A9GH","ESCA","1",0.999767363071442,"1"
"Drews","2",20261002,"TCGA-JY-A6FE","ESCA","1",0.999931573867798,"1"
"Drews","2",20261002,"TCGA-JY-A93E","ESCA","1",0.999727308750153,"1"
"Drews","2",20261002,"TCGA-L5-A4OH","ESCA","1",0.999901294708252,"1"
"Drews","2",20261002,"TCGA-L5-A8NE","ESCA","1",0.999889850616455,"1"
"Drews","2",20261002,"TCGA-L5-A8NF","ESCA","1",0.999689817428589,"1"
"Drews","2",20261002,"TCGA-L5-A8NH","ESCA","1",0.998801827430725,"1"
"Drews","2",20261002,"TCGA-L5-A8NS","ESCA","1",0.999670743942261,"1"
"Drews","2",20261002,"TCGA-LN-A49L","ESCA","1",0.999834179878235,"1"
"Drews","2",20261002,"TCGA-LN-A49U","ESCA","1",0.993793487548828,"1"
"Drews","2",20261002,"TCGA-LN-A4A2","ESCA","1",0.999882459640503,"1"
"Drews","2",20261002,"TCGA-LN-A4MQ","ESCA","1",0.999886155128479,"1"
"Drews","2",20261002,"TCGA-LN-A5U6","ESCA","1",0.999967575073242,"1"
"Drews","2",20261002,"TCGA-R6-A8W8","ESCA","1",0.997446775436401,"1"
"Drews","2",20261002,"TCGA-V5-AASW","ESCA","1",0.999834895133972,"1"
"Drews","2",20261002,"TCGA-VR-A8EY","ESCA","1",0.999790251255035,"1"
"Drews","2",20261002,"TCGA-VR-AA4D","ESCA","1",0.999683856964111,"1"
"Drews","2",20261002,"TCGA-VR-AA4G","ESCA","1",0.999355375766754,"1"
"Drews","2",20261002,"TCGA-06-0129","GBM","1",0.952143311500549,"1"
"Drews","2",20261002,"TCGA-26-5139","GBM","2",0.712114334106445,"1"
"Drews","2",20261002,"TCGA-27-1832","GBM","1",0.564815104007721,"1"
"Drews","2",20261002,"TCGA-28-5216","GBM","1",0.516195118427277,"1"
"Drews","2",20261002,"TCGA-32-1970","GBM","1",0.502578437328339,"1"
"Drews","2",20261002,"TCGA-41-3915","GBM","1",0.781731247901917,"1"
"Drews","2",20261002,"TCGA-BA-6872","HNSC","1",0.999645709991455,"1"
"Drews","2",20261002,"TCGA-CN-4741","HNSC","2",0.991455078125,"1"
"Drews","2",20261002,"TCGA-CN-5363","HNSC","1",0.998988449573517,"1"
"Drews","2",20261002,"TCGA-CN-6010","HNSC","1",0.997543752193451,"1"
"Drews","2",20261002,"TCGA-CN-6024","HNSC","1",0.999348342418671,"1"
"Drews","2",20261002,"TCGA-CN-A642","HNSC","2",0.326647162437439,"2"
"Drews","2",20261002,"TCGA-CR-6472","HNSC","1",0.984981775283813,"1"
"Drews","2",20261002,"TCGA-CV-5430","HNSC","1",0.999954462051392,"1"
"Drews","2",20261002,"TCGA-CV-5441","HNSC","1",0.99815171957016,"1"
"Drews","2",20261002,"TCGA-CV-6936","HNSC","1",0.999580442905426,"1"
"Drews","2",20261002,"TCGA-CV-7255","HNSC","1",0.998681008815765,"1"
"Drews","2",20261002,"TCGA-CV-7434","HNSC","1",0.994362831115723,"1"
"Drews","2",20261002,"TCGA-CV-A6JM","HNSC","1",0.99666166305542,"1"
"Drews","2",20261002,"TCGA-CV-A6K2","HNSC","2",0.780971884727478,"1"
"Drews","2",20261002,"TCGA-D6-A6EQ","HNSC","1",0.972722589969635,"1"
"Drews","2",20261002,"TCGA-F7-A61W","HNSC","1",0.998101770877838,"1"
"Drews","2",20261002,"TCGA-IQ-A61G","HNSC","1",0.997491359710693,"1"
"Drews","2",20261002,"TCGA-MZ-A7D7","HNSC","1",0.999163150787354,"1"
"Drews","2",20261002,"TCGA-P3-A6T8","HNSC","1",0.999916315078735,"1"
"Drews","2",20261002,"TCGA-QK-A6V9","HNSC","2",0.728891670703888,"1"
"Drews","2",20261002,"TCGA-QK-A8Z9","HNSC","1",0.999745666980743,"1"
"Drews","2",20261002,"TCGA-UF-A719","HNSC","1",0.977742671966553,"1"
"Drews","2",20261002,"TCGA-UF-A7JC","HNSC","1",0.991572737693787,"1"
"Drews","2",20261002,"TCGA-KL-8331","KICH","2",0.0604332312941551,"2"
"Drews","2",20261002,"TCGA-KL-8340","KICH","2",0.0099079292267561,"2"
"Drews","2",20261002,"TCGA-KM-8438","KICH","2",0.0103186666965485,"2"
"Drews","2",20261002,"TCGA-KN-8423","KICH","2",0.00207637320272624,"2"
"Drews","2",20261002,"TCGA-KN-8424","KICH","2",0.00346806924790144,"2"
"Drews","2",20261002,"TCGA-KN-8429","KICH","2",0.0052614607848227,"2"
"Drews","2",20261002,"TCGA-KO-8408","KICH","2",0.0331480838358402,"2"
"Drews","2",20261002,"TCGA-A3-3319","KIRC","2",0.573745667934418,"1"
"Drews","2",20261002,"TCGA-A3-3358","KIRC","2",0.000489216647110879,"2"
"Drews","2",20261002,"TCGA-A3-3382","KIRC","2",0.00310818827711046,"2"
"Drews","2",20261002,"TCGA-A3-3383","KIRC","2",0.00106047815643251,"2"
"Drews","2",20261002,"TCGA-AK-3440","KIRC","2",0.0306678712368011,"2"
"Drews","2",20261002,"TCGA-AK-3453","KIRC","2",0.0451090186834335,"2"
"Drews","2",20261002,"TCGA-B0-5696","KIRC","2",0.00084813847206533,"2"
"Drews","2",20261002,"TCGA-B0-5713","KIRC","2",0.000195082102436572,"2"
"Drews","2",20261002,"TCGA-B8-4143","KIRC","2",0.125284746289253,"2"
"Drews","2",20261002,"TCGA-BP-4963","KIRC","2",0.00288071529939771,"2"
"Drews","2",20261002,"TCGA-BP-5200","KIRC","2",0.000263684429228306,"2"
"Drews","2",20261002,"TCGA-CJ-6027","KIRC","2",0.0265302956104279,"2"
"Drews","2",20261002,"TCGA-CZ-4864","KIRC","2",0.000746144156437367,"2"
"Drews","2",20261002,"TCGA-CZ-5456","KIRC","2",0.0236871875822544,"2"
"Drews","2",20261002,"TCGA-CZ-5984","KIRC","2",0.00133035541512072,"2"
"Drews","2",20261002,"TCGA-2Z-A9JE","KIRP","2",0.163922011852264,"2"
"Drews","2",20261002,"TCGA-B3-4104","KIRP","1",0.987786650657654,"1"
"Drews","2",20261002,"TCGA-B9-A69E","KIRP","1",0.00318064028397202,"2"
"Drews","2",20261002,"TCGA-BQ-5893","KIRP","2",0.533028542995453,"1"
"Drews","2",20261002,"TCGA-BQ-5894","KIRP","2",0.206636801362038,"2"
"Drews","2",20261002,"TCGA-BQ-7056","KIRP","2",0.0856448635458946,"2"
"Drews","2",20261002,"TCGA-HE-A5NJ","KIRP","2",0.183866232633591,"2"
"Drews","2",20261002,"TCGA-Q2-A5QZ","KIRP","1",0.817467331886292,"1"
"Drews","2",20261002,"TCGA-UZ-A9PZ","KIRP","2",0.0455449894070625,"2"
"Drews","2",20261002,"TCGA-DB-5277","LGG","1",0.99601823091507,"1"
"Drews","2",20261002,"TCGA-DH-5142","LGG","2",0.575325191020966,"1"
"Drews","2",20261002,"TCGA-DH-A7US","LGG","2",0.012303689494729,"2"
"Drews","2",20261002,"TCGA-DU-7018","LGG","2",0.00546332029625773,"2"
"Drews","2",20261002,"TCGA-DU-A7T6","LGG","1",0.498292088508606,"2"
"Drews","2",20261002,"TCGA-FG-7634","LGG","2",0.012083325535059,"2"
"Drews","2",20261002,"TCGA-FG-A4MX","LGG","2",0.420805007219315,"2"
"Drews","2",20261002,"TCGA-HW-8319","LGG","2",0.0265890397131443,"2"
"Drews","2",20261002,"TCGA-P5-A5F4","LGG","2",0.0691991075873375,"2"
"Drews","2",20261002,"TCGA-P5-A730","LGG","2",0.0322837568819523,"2"
"Drews","2",20261002,"TCGA-P5-A780","LGG","1",0.0967779979109764,"2"
"Drews","2",20261002,"TCGA-QH-A6CW","LGG","2",0.0931520015001297,"2"
"Drews","2",20261002,"TCGA-QH-A6XC","LGG","2",0.437396228313446,"2"
"Drews","2",20261002,"TCGA-S9-A6U5","LGG","2",0.00147824909072369,"2"
"Drews","2",20261002,"TCGA-S9-A6U6","LGG","2",0.00963716115802526,"2"
"Drews","2",20261002,"TCGA-S9-A6UB","LGG","2",0.00221105827949941,"2"
"Drews","2",20261002,"TCGA-S9-A7R8","LGG","1",0.0413017608225346,"2"
"Drews","2",20261002,"TCGA-TM-A84F","LGG","2",0.00862578861415386,"2"
"Drews","2",20261002,"TCGA-TM-A84G","LGG","2",0.00265324488282204,"2"
"Drews","2",20261002,"TCGA-TQ-A7RM","LGG","1",0.962106764316559,"1"
"Drews","2",20261002,"TCGA-TQ-A7RO","LGG","2",0.00122557324357331,"2"
"Drews","2",20261002,"TCGA-VM-A8CB","LGG","2",0.00280450377613306,"2"
"Drews","2",20261002,"TCGA-VM-A8CF","LGG","1",0.0382029786705971,"2"
"Drews","2",20261002,"TCGA-VV-A86M","LGG","2",0.355499982833862,"2"
"Drews","2",20261002,"TCGA-2Y-A9H5","LIHC","1",0.761219382286072,"1"
"Drews","2",20261002,"TCGA-2Y-A9H6","LIHC","1",0.284670352935791,"2"
"Drews","2",20261002,"TCGA-4R-AA8I","LIHC","1",0.998586654663086,"1"
"Drews","2",20261002,"TCGA-BC-A10Y","LIHC","1",0.995713710784912,"1"
"Drews","2",20261002,"TCGA-BC-A10Z","LIHC","1",0.999274909496307,"1"
"Drews","2",20261002,"TCGA-BC-A3KF","LIHC","1",0.996378123760223,"1"
"Drews","2",20261002,"TCGA-CC-5263","LIHC","1",0.999976992607117,"1"
"Drews","2",20261002,"TCGA-CC-A3MB","LIHC","1",0.999171853065491,"1"
"Drews","2",20261002,"TCGA-DD-A4NI","LIHC","2",0.361239582300186,"2"
"Drews","2",20261002,"TCGA-DD-AACD","LIHC","1",0.823634743690491,"1"
"Drews","2",20261002,"TCGA-DD-AACX","LIHC","2",0.434092402458191,"2"
"Drews","2",20261002,"TCGA-DD-AAVW","LIHC","1",0.0956116318702698,"2"
"Drews","2",20261002,"TCGA-DD-AAVY","LIHC","2",0.303833335638046,"2"
"Drews","2",20261002,"TCGA-ED-A459","LIHC","1",0.997181296348572,"1"
"Drews","2",20261002,"TCGA-FV-A496","LIHC","1",0.950818538665771,"1"
"Drews","2",20261002,"TCGA-G3-A7M7","LIHC","2",0.223758608102798,"2"
"Drews","2",20261002,"TCGA-GJ-A6C0","LIHC","1",0.99768078327179,"1"
"Drews","2",20261002,"TCGA-RC-A7SK","LIHC","1",0.890125155448914,"1"
"Drews","2",20261002,"TCGA-T1-A6J8","LIHC","1",0.879156053066254,"1"
"Drews","2",20261002,"TCGA-UB-A7MD","LIHC","2",0.850231468677521,"1"
"Drews","2",20261002,"TCGA-ZP-A9D1","LIHC","2",0.656058549880981,"1"
"Drews","2",20261002,"TCGA-05-4390","LUAD","1",0.99981290102005,"1"
"Drews","2",20261002,"TCGA-38-4625","LUAD","1",0.998976230621338,"1"
"Drews","2",20261002,"TCGA-38-4628","LUAD","1",0.999284446239471,"1"
"Drews","2",20261002,"TCGA-44-7662","LUAD","1",0.999995112419128,"1"
"Drews","2",20261002,"TCGA-44-7669","LUAD","1",0.999726831912994,"1"
"Drews","2",20261002,"TCGA-44-A47B","LUAD","1",0.97722589969635,"1"
"Drews","2",20261002,"TCGA-49-4486","LUAD","1",0.35018116235733,"2"
"Drews","2",20261002,"TCGA-49-4501","LUAD","1",0.992500007152557,"1"
"Drews","2",20261002,"TCGA-49-AAR0","LUAD","1",0.997033596038818,"1"
"Drews","2",20261002,"TCGA-55-8094","LUAD","1",0.999787509441376,"1"
"Drews","2",20261002,"TCGA-55-8615","LUAD","1",0.998301386833191,"1"
"Drews","2",20261002,"TCGA-62-A46S","LUAD","1",0.998874604701996,"1"
"Drews","2",20261002,"TCGA-67-3771","LUAD","1",0.999909996986389,"1"
"Drews","2",20261002,"TCGA-67-3773","LUAD","1",0.681528210639954,"1"
"Drews","2",20261002,"TCGA-73-4662","LUAD","1",0.999372065067291,"1"
"Drews","2",20261002,"TCGA-73-4668","LUAD","1",0.998932540416718,"1"
"Drews","2",20261002,"TCGA-78-7154","LUAD","1",0.998339056968689,"1"
"Drews","2",20261002,"TCGA-78-7155","LUAD","1",0.999851584434509,"1"
"Drews","2",20261002,"TCGA-78-7220","LUAD","1",0.999836444854736,"1"
"Drews","2",20261002,"TCGA-86-7701","LUAD","1",0.998308539390564,"1"
"Drews","2",20261002,"TCGA-91-6831","LUAD","1",0.999973773956299,"1"
"Drews","2",20261002,"TCGA-91-8499","LUAD","1",0.999984502792358,"1"
"Drews","2",20261002,"TCGA-95-7567","LUAD","1",0.994793832302094,"1"
"Drews","2",20261002,"TCGA-97-8171","LUAD","1",0.775650203227997,"1"
"Drews","2",20261002,"TCGA-L9-A5IP","LUAD","1",0.969628512859344,"1"
"Drews","2",20261002,"TCGA-L9-A7SV","LUAD","1",0.999669909477234,"1"
"Drews","2",20261002,"TCGA-MP-A4SW","LUAD","1",0.994090735912323,"1"
"Drews","2",20261002,"TCGA-18-3406","LUSC","1",0.992859780788422,"1"
"Drews","2",20261002,"TCGA-18-3411","LUSC","1",0.974194884300232,"1"
"Drews","2",20261002,"TCGA-18-4083","LUSC","1",0.998955845832825,"1"
"Drews","2",20261002,"TCGA-18-4721","LUSC","1",0.999010682106018,"1"
"Drews","2",20261002,"TCGA-21-1075","LUSC","1",0.999152779579163,"1"
"Drews","2",20261002,"TCGA-21-1078","LUSC","2",0.394557505846024,"2"
"Drews","2",20261002,"TCGA-21-1080","LUSC","1",0.999697685241699,"1"
"Drews","2",20261002,"TCGA-33-AASB","LUSC","1",0.999960541725159,"1"
"Drews","2",20261002,"TCGA-37-4135","LUSC","1",0.999871969223022,"1"
"Drews","2",20261002,"TCGA-43-3920","LUSC","1",0.999790132045746,"1"
"Drews","2",20261002,"TCGA-43-7658","LUSC","1",0.999937534332275,"1"
"Drews","2",20261002,"TCGA-43-8118","LUSC","1",0.997086465358734,"1"
"Drews","2",20261002,"TCGA-43-A474","LUSC","1",0.999873399734497,"1"
"Drews","2",20261002,"TCGA-56-7223","LUSC","1",0.999672651290894,"1"
"Drews","2",20261002,"TCGA-56-8629","LUSC","1",0.999990105628967,"1"
"Drews","2",20261002,"TCGA-60-2711","LUSC","1",0.999912977218628,"1"
"Drews","2",20261002,"TCGA-60-2726","LUSC","1",0.999768435955048,"1"
"Drews","2",20261002,"TCGA-66-2766","LUSC","1",0.999911665916443,"1"
"Drews","2",20261002,"TCGA-66-2783","LUSC","1",0.999522089958191,"1"
"Drews","2",20261002,"TCGA-6A-AB49","LUSC","1",0.999863743782043,"1"
"Drews","2",20261002,"TCGA-70-6723","LUSC","1",0.997486472129822,"1"
"Drews","2",20261002,"TCGA-77-6845","LUSC","1",0.999957919120789,"1"
"Drews","2",20261002,"TCGA-77-7142","LUSC","1",0.999650001525879,"1"
"Drews","2",20261002,"TCGA-77-7337","LUSC","1",0.998834550380707,"1"
"Drews","2",20261002,"TCGA-77-7465","LUSC","1",0.999451339244843,"1"
"Drews","2",20261002,"TCGA-77-8148","LUSC","1",0.999912977218628,"1"
"Drews","2",20261002,"TCGA-77-A5GF","LUSC","1",0.999619841575623,"1"
"Drews","2",20261002,"TCGA-77-A5GH","LUSC","1",0.999485850334167,"1"
"Drews","2",20261002,"TCGA-85-A4QR","LUSC","1",0.999975323677063,"1"
"Drews","2",20261002,"TCGA-98-8020","LUSC","1",0.999943614006042,"1"
"Drews","2",20261002,"TCGA-98-8021","LUSC","1",0.99971204996109,"1"
"Drews","2",20261002,"TCGA-98-8023","LUSC","1",0.998350620269775,"1"
"Drews","2",20261002,"TCGA-98-A53A","LUSC","1",0.999988675117493,"1"
"Drews","2",20261002,"TCGA-NC-A5HN","LUSC","1",0.99593710899353,"1"
"Drews","2",20261002,"TCGA-3U-A98E","MESO","2",0.0451258420944214,"2"
"Drews","2",20261002,"TCGA-MQ-A4LJ","MESO","1",0.74693238735199,"1"
"Drews","2",20261002,"TCGA-SH-A9CT","MESO","1",0.9699946641922,"1"
"Drews","2",20261002,"TCGA-XT-AASU","MESO","1",0.942115545272827,"1"
"Drews","2",20261002,"TCGA-09-1674","OV","1",0.999969959259033,"1"
"Drews","2",20261002,"TCGA-09-2051","OV","1",0.99993634223938,"1"
"Drews","2",20261002,"TCGA-10-0928","OV","1",0.999901175498962,"1"
"Drews","2",20261002,"TCGA-13-0890","OV","1",0.999906897544861,"1"
"Drews","2",20261002,"TCGA-13-0916","OV","1",0.999804675579071,"1"
"Drews","2",20261002,"TCGA-13-1405","OV","1",0.99996018409729,"1"
"Drews","2",20261002,"TCGA-13-1481","OV","1",0.999997138977051,"1"
"Drews","2",20261002,"TCGA-13-1506","OV","1",0.999670743942261,"1"
"Drews","2",20261002,"TCGA-13-2060","OV","1",0.999972701072693,"1"
"Drews","2",20261002,"TCGA-20-1684","OV","1",0.999683976173401,"1"
"Drews","2",20261002,"TCGA-20-1687","OV","1",0.768220603466034,"1"
"Drews","2",20261002,"TCGA-23-1111","OV","1",0.95652562379837,"1"
"Drews","2",20261002,"TCGA-23-1123","OV","1",0.999742209911346,"1"
"Drews","2",20261002,"TCGA-24-1424","OV","1",0.999997615814209,"1"
"Drews","2",20261002,"TCGA-24-1427","OV","1",0.999973654747009,"1"
"Drews","2",20261002,"TCGA-24-1436","OV","1",0.999918818473816,"1"
"Drews","2",20261002,"TCGA-24-1616","OV","1",0.997653067111969,"1"
"Drews","2",20261002,"TCGA-24-2019","OV","1",0.999971151351929,"1"
"Drews","2",20261002,"TCGA-24-2262","OV","1",0.999864101409912,"1"
"Drews","2",20261002,"TCGA-24-2298","OV","1",0.999004065990448,"1"
"Drews","2",20261002,"TCGA-25-2391","OV","1",0.999437868595123,"1"
"Drews","2",20261002,"TCGA-29-1688","OV","1",0.997961401939392,"1"
"Drews","2",20261002,"TCGA-29-1699","OV","1",0.999578535556793,"1"
"Drews","2",20261002,"TCGA-29-1761","OV","1",0.999775350093842,"1"
"Drews","2",20261002,"TCGA-29-1776","OV","1",0.999878287315369,"1"
"Drews","2",20261002,"TCGA-29-1784","OV","1",0.999919652938843,"1"
"Drews","2",20261002,"TCGA-29-A5NZ","OV","1",0.999925851821899,"1"
"Drews","2",20261002,"TCGA-30-1891","OV","1",0.99920517206192,"1"
"Drews","2",20261002,"TCGA-59-2352","OV","1",0.999947547912598,"1"
"Drews","2",20261002,"TCGA-59-2354","OV","1",0.998835027217865,"1"
"Drews","2",20261002,"TCGA-61-1907","OV","1",0.999789774417877,"1"
"Drews","2",20261002,"TCGA-61-2003","OV","1",0.999128401279449,"1"
"Drews","2",20261002,"TCGA-61-2012","OV","1",0.999741494655609,"1"
"Drews","2",20261002,"TCGA-3A-A9IH","PAAD","1",0.991540133953094,"1"
"Drews","2",20261002,"TCGA-3A-A9IR","PAAD","1",0.404707163572311,"2"
"Drews","2",20261002,"TCGA-FB-A78T","PAAD","1",0.846358716487885,"1"
"Drews","2",20261002,"TCGA-HV-A5A6","PAAD","1",0.999707639217377,"1"
"Drews","2",20261002,"TCGA-HZ-A9TJ","PAAD","1",0.888568580150604,"1"
"Drews","2",20261002,"TCGA-QR-A700","PCPG","1",0.967097997665405,"1"
"Drews","2",20261002,"TCGA-QR-A70R","PCPG","1",0.0672374367713928,"2"
"Drews","2",20261002,"TCGA-QR-A7IP","PCPG","2",0.0449981018900871,"2"
"Drews","2",20261002,"TCGA-QT-A5XM","PCPG","2",0.000709189334884286,"2"
"Drews","2",20261002,"TCGA-RW-A685","PCPG","2",0.155062332749367,"2"
"Drews","2",20261002,"TCGA-S7-A7X1","PCPG","2",0.124614596366882,"2"
"Drews","2",20261002,"TCGA-SR-A6MZ","PCPG","2",0.00146921130362898,"2"
"Drews","2",20261002,"TCGA-TT-A6YP","PCPG","2",0.0945510193705559,"2"
"Drews","2",20261002,"TCGA-WB-A819","PCPG","2",0.00829752068966627,"2"
"Drews","2",20261002,"TCGA-WB-A81T","PCPG","2",0.0136616472154856,"2"
"Drews","2",20261002,"TCGA-CH-5766","PRAD","1",0.957533895969391,"1"
"Drews","2",20261002,"TCGA-CH-5767","PRAD","1",0.985819935798645,"1"
"Drews","2",20261002,"TCGA-EJ-7789","PRAD","1",0.997004091739655,"1"
"Drews","2",20261002,"TCGA-EJ-A46G","PRAD","1",0.998674154281616,"1"
"Drews","2",20261002,"TCGA-G9-6384","PRAD","2",0.686483144760132,"1"
"Drews","2",20261002,"TCGA-G9-6496","PRAD","1",0.994492292404175,"1"
"Drews","2",20261002,"TCGA-HC-A8CY","PRAD","1",0.99278461933136,"1"
"Drews","2",20261002,"TCGA-HC-A9TE","PRAD","1",0.987009346485138,"1"
"Drews","2",20261002,"TCGA-HI-7171","PRAD","1",0.99864000082016,"1"
"Drews","2",20261002,"TCGA-KK-A6DY","PRAD","2",0.878197431564331,"1"
"Drews","2",20261002,"TCGA-KK-A6E2","PRAD","2",0.878596723079681,"1"
"Drews","2",20261002,"TCGA-KK-A6E6","PRAD","1",0.88684618473053,"1"
"Drews","2",20261002,"TCGA-M7-A724","PRAD","1",0.990114569664001,"1"
"Drews","2",20261002,"TCGA-V1-A9ZR","PRAD","1",0.903794467449188,"1"
"Drews","2",20261002,"TCGA-VN-A943","PRAD","1",0.849555432796478,"1"
"Drews","2",20261002,"TCGA-XJ-A83H","PRAD","2",0.987388491630554,"1"
"Drews","2",20261002,"TCGA-YL-A8S8","PRAD","1",0.999186336994171,"1"
"Drews","2",20261002,"TCGA-ZG-A9KY","PRAD","1",0.996892929077148,"1"
"Drews","2",20261002,"TCGA-AF-3913","READ","1",0.999451220035553,"1"
"Drews","2",20261002,"TCGA-AG-3901","READ","2",0.63010036945343,"1"
"Drews","2",20261002,"TCGA-AG-A026","READ","1",0.987591862678528,"1"
"Drews","2",20261002,"TCGA-AG-A02N","READ","2",0.330076694488525,"2"
"Drews","2",20261002,"TCGA-BM-6198","READ","1",0.944088220596313,"1"
"Drews","2",20261002,"TCGA-DC-6155","READ","1",0.984552085399628,"1"
"Drews","2",20261002,"TCGA-DC-6682","READ","1",0.996145725250244,"1"
"Drews","2",20261002,"TCGA-DY-A1DG","READ","1",0.997472822666168,"1"
"Drews","2",20261002,"TCGA-G5-6641","READ","1",0.932322084903717,"1"
"Drews","2",20261002,"TCGA-3B-A9HI","SARC","1",0.910196542739868,"1"
"Drews","2",20261002,"TCGA-3B-A9HL","SARC","1",0.99973338842392,"1"
"Drews","2",20261002,"TCGA-3B-A9HS","SARC","1",0.99966561794281,"1"
"Drews","2",20261002,"TCGA-3B-A9HV","SARC","1",0.95330011844635,"1"
"Drews","2",20261002,"TCGA-3B-A9I1","SARC","1",0.987955093383789,"1"
"Drews","2",20261002,"TCGA-DX-A3M1","SARC","1",0.999969840049744,"1"
"Drews","2",20261002,"TCGA-DX-A6YQ","SARC","1",0.995462357997894,"1"
"Drews","2",20261002,"TCGA-DX-A6YV","SARC","1",0.999716818332672,"1"
"Drews","2",20261002,"TCGA-DX-A7EL","SARC","1",0.355111122131348,"2"
"Drews","2",20261002,"TCGA-DX-A8BH","SARC","1",0.999504327774048,"1"
"Drews","2",20261002,"TCGA-DX-A8BR","SARC","1",0.996826708316803,"1"
"Drews","2",20261002,"TCGA-DX-A8BT","SARC","1",0.995929062366486,"1"
"Drews","2",20261002,"TCGA-DX-AB2O","SARC","1",0.999950528144836,"1"
"Drews","2",20261002,"TCGA-DX-AB2V","SARC","1",0.412978529930115,"2"
"Drews","2",20261002,"TCGA-DX-AB35","SARC","1",0.999783337116241,"1"
"Drews","2",20261002,"TCGA-DX-AB3B","SARC","1",0.864387035369873,"1"
"Drews","2",20261002,"TCGA-HB-A3L4","SARC","1",0.998754501342773,"1"
"Drews","2",20261002,"TCGA-IE-A3OV","SARC","1",0.750684201717377,"1"
"Drews","2",20261002,"TCGA-IE-A4EH","SARC","1",0.984335899353027,"1"
"Drews","2",20261002,"TCGA-IE-A4EJ","SARC","1",0.999693274497986,"1"
"Drews","2",20261002,"TCGA-K1-A6RV","SARC","1",0.999346792697906,"1"
"Drews","2",20261002,"TCGA-LI-A67I","SARC","1",0.998566448688507,"1"
"Drews","2",20261002,"TCGA-WP-A9GB","SARC","1",0.983742713928223,"1"
"Drews","2",20261002,"TCGA-X6-A8C3","SARC","1",0.999679088592529,"1"
"Drews","2",20261002,"TCGA-BF-A3DN","SKCM","2",0.78621381521225,"1"
"Drews","2",20261002,"TCGA-BF-A5EO","SKCM","2",0.926835477352142,"1"
"Drews","2",20261002,"TCGA-BF-AAP6","SKCM","1",0.960593461990356,"1"
"Drews","2",20261002,"TCGA-D3-A5GT","SKCM","1",0.728829383850098,"1"
"Drews","2",20261002,"TCGA-EB-A3Y7","SKCM","2",0.980535626411438,"1"
"Drews","2",20261002,"TCGA-EB-A42Z","SKCM","1",0.987064361572266,"1"
"Drews","2",20261002,"TCGA-EB-A4OY","SKCM","1",0.983053267002106,"1"
"Drews","2",20261002,"TCGA-ER-A19T","SKCM","1",0.999783337116241,"1"
"Drews","2",20261002,"TCGA-BR-4371","STAD","2",0.231655225157738,"2"
"Drews","2",20261002,"TCGA-BR-6458","STAD","1",0.99564266204834,"1"
"Drews","2",20261002,"TCGA-BR-8060","STAD","1",0.999894618988037,"1"
"Drews","2",20261002,"TCGA-BR-8077","STAD","1",0.998930394649506,"1"
"Drews","2",20261002,"TCGA-BR-8361","STAD","1",0.763962090015411,"1"
"Drews","2",20261002,"TCGA-BR-8485","STAD","1",0.999878525733948,"1"
"Drews","2",20261002,"TCGA-BR-8486","STAD","1",0.995678246021271,"1"
"Drews","2",20261002,"TCGA-BR-8687","STAD","1",0.999341189861298,"1"
"Drews","2",20261002,"TCGA-BR-A4J6","STAD","1",0.962443232536316,"1"
"Drews","2",20261002,"TCGA-BR-A4PE","STAD","1",0.954221844673157,"1"
"Drews","2",20261002,"TCGA-CD-8527","STAD","1",0.999453723430634,"1"
"Drews","2",20261002,"TCGA-CD-8535","STAD","1",0.9998539686203,"1"
"Drews","2",20261002,"TCGA-CG-4440","STAD","1",0.998068749904633,"1"
"Drews","2",20261002,"TCGA-CG-4444","STAD","1",0.993701696395874,"1"
"Drews","2",20261002,"TCGA-CG-4469","STAD","1",0.629983723163605,"1"
"Drews","2",20261002,"TCGA-CG-4474","STAD","2",0.281386107206345,"2"
"Drews","2",20261002,"TCGA-CG-5723","STAD","2",0.93964147567749,"1"
"Drews","2",20261002,"TCGA-CG-5724","STAD","1",0.999917030334473,"1"
"Drews","2",20261002,"TCGA-D7-A6F2","STAD","1",0.999465525150299,"1"
"Drews","2",20261002,"TCGA-FP-8631","STAD","1",0.999992370605469,"1"
"Drews","2",20261002,"TCGA-HU-8244","STAD","2",0.782209873199463,"1"
"Drews","2",20261002,"TCGA-HU-8249","STAD","1",0.997657656669617,"1"
"Drews","2",20261002,"TCGA-HU-A4GP","STAD","1",0.998150765895844,"1"
"Drews","2",20261002,"TCGA-IN-A6RN","STAD","1",0.999173820018768,"1"
"Drews","2",20261002,"TCGA-VQ-A8PU","STAD","1",0.999060094356537,"1"
"Drews","2",20261002,"TCGA-VQ-A92D","STAD","1",0.997882187366486,"1"
"Drews","2",20261002,"TCGA-VQ-A94U","STAD","1",0.701099753379822,"1"
"Drews","2",20261002,"TCGA-2G-AAEW","TGCT","2",0.50523453950882,"1"
"Drews","2",20261002,"TCGA-2G-AAGO","TGCT","1",0.995541512966156,"1"
"Drews","2",20261002,"TCGA-YU-A94I","TGCT","1",0.995612621307373,"1"
"Drews","2",20261002,"TCGA-ZM-AA0B","TGCT","1",0.796946048736572,"1"
"Drews","2",20261002,"TCGA-DE-A3KN","THCA","2",0.0374887138605118,"2"
"Drews","2",20261002,"TCGA-FY-A3W9","THCA","2",0.0698054060339928,"2"
"Drews","2",20261002,"TCGA-4V-A9QI","THYM","2",0.812715709209442,"1"
"Drews","2",20261002,"TCGA-2E-A9G8","UCEC","1",0.999553501605988,"1"
"Drews","2",20261002,"TCGA-5B-A90C","UCEC","1",0.999933004379272,"1"
"Drews","2",20261002,"TCGA-A5-A0G5","UCEC","1",0.999070703983307,"1"
"Drews","2",20261002,"TCGA-A5-A0GE","UCEC","2",0.00594409694895148,"2"
"Drews","2",20261002,"TCGA-A5-A2K2","UCEC","1",0.999107420444489,"1"
"Drews","2",20261002,"TCGA-AJ-A2QN","UCEC","2",0.173472553491592,"2"
"Drews","2",20261002,"TCGA-AJ-A3NF","UCEC","1",0.989092469215393,"1"
"Drews","2",20261002,"TCGA-AJ-A3NG","UCEC","2",0.892640888690948,"1"
"Drews","2",20261002,"TCGA-AP-A0LI","UCEC","1",0.998946964740753,"1"
"Drews","2",20261002,"TCGA-AX-A1C7","UCEC","1",0.998215436935425,"1"
"Drews","2",20261002,"TCGA-AX-A2H4","UCEC","1",0.996828496456146,"1"
"Drews","2",20261002,"TCGA-AX-A3G3","UCEC","1",0.999850153923035,"1"
"Drews","2",20261002,"TCGA-B5-A11E","UCEC","2",0.911217570304871,"1"
"Drews","2",20261002,"TCGA-B5-A121","UCEC","2",0.339414745569229,"2"
"Drews","2",20261002,"TCGA-B5-A3FD","UCEC","1",0.94390082359314,"1"
"Drews","2",20261002,"TCGA-B5-A3S1","UCEC","1",0.984923362731934,"1"
"Drews","2",20261002,"TCGA-B5-A5OE","UCEC","1",0.999859213829041,"1"
"Drews","2",20261002,"TCGA-BG-A0YV","UCEC","1",0.989163398742676,"1"
"Drews","2",20261002,"TCGA-BG-A2AE","UCEC","2",0.994377315044403,"1"
"Drews","2",20261002,"TCGA-BK-A0C9","UCEC","2",0.525514185428619,"1"
"Drews","2",20261002,"TCGA-D1-A0ZP","UCEC","1",0.999934434890747,"1"
"Drews","2",20261002,"TCGA-D1-A16O","UCEC","2",0.224047139286995,"2"
"Drews","2",20261002,"TCGA-D1-A17K","UCEC","1",0.98253732919693,"1"
"Drews","2",20261002,"TCGA-D1-A1NU","UCEC","1",0.999975085258484,"1"
"Drews","2",20261002,"TCGA-D1-A1O0","UCEC","1",0.975516319274902,"1"
"Drews","2",20261002,"TCGA-D1-A2G7","UCEC","1",0.999178946018219,"1"
"Drews","2",20261002,"TCGA-D1-A3JQ","UCEC","1",0.997594058513641,"1"
"Drews","2",20261002,"TCGA-DI-A1C3","UCEC","2",0.0263923741877079,"2"
"Drews","2",20261002,"TCGA-EO-A3KW","UCEC","1",0.999842524528503,"1"
"Drews","2",20261002,"TCGA-EY-A2OQ","UCEC","1",0.997772872447968,"1"
"Drews","2",20261002,"TCGA-FI-A2CY","UCEC","1",0.999552667140961,"1"
"Drews","2",20261002,"TCGA-FI-A2D2","UCEC","1",0.992607831954956,"1"
"Drews","2",20261002,"TCGA-FI-A2F8","UCEC","1",0.965059399604797,"1"
"Drews","2",20261002,"TCGA-QS-A8F1","UCEC","1",0.997862637042999,"1"
"Drews","2",20261002,"TCGA-N5-A4R8","UCS","1",0.99981302022934,"1"
"Drews","2",20261002,"TCGA-N5-A4RM","UCS","1",0.998814105987549,"1"
"Drews","2",20261002,"TCGA-N5-A59F","UCS","1",0.999832153320312,"1"
"Drews","2",20261002,"TCGA-N6-A4VC","UCS","1",0.999847650527954,"1"
"Drews","2",20261002,"TCGA-N8-A4PO","UCS","1",0.999940156936646,"1"
"Drews","2",20261002,"TCGA-NA-A4QV","UCS","1",0.9999760389328,"1"
"Drews","2",20261002,"TCGA-NA-A4QY","UCS","1",0.999640464782715,"1"
"Drews","2",20261002,"TCGA-V4-A9EK","UVM","1",0.356553018093109,"2"
"Drews","2",20261002,"TCGA-V4-A9EO","UVM","2",0.00209356052801013,"2"
"Drews","2",20261002,"TCGA-VD-A8KA","UVM","2",0.0247742589563131,"2"
"Drews","2",20261002,"TCGA-VD-A8KL","UVM","2",0.0315465591847897,"2"
"Drews","3",20261003,"TCGA-OR-A5J6","ACC","2",0.218126237392426,"2"
"Drews","3",20261003,"TCGA-OR-A5JD","ACC","2",0.0281113144010305,"2"
"Drews","3",20261003,"TCGA-OR-A5JQ","ACC","2",0.0109483459964395,"2"
"Drews","3",20261003,"TCGA-OR-A5JS","ACC","1",0.480667978525162,"2"
"Drews","3",20261003,"TCGA-OR-A5K0","ACC","1",0.839882850646973,"1"
"Drews","3",20261003,"TCGA-OR-A5K6","ACC","1",0.0585749186575413,"2"
"Drews","3",20261003,"TCGA-OR-A5L8","ACC","2",0.000669401546474546,"2"
"Drews","3",20261003,"TCGA-OR-A5LK","ACC","2",0.465742886066437,"2"
"Drews","3",20261003,"TCGA-4Z-AA87","BLCA","1",0.999934196472168,"1"
"Drews","3",20261003,"TCGA-BL-A0C8","BLCA","1",0.998046040534973,"1"
"Drews","3",20261003,"TCGA-BL-A3JM","BLCA","2",0.998762488365173,"1"
"Drews","3",20261003,"TCGA-BT-A20W","BLCA","1",0.999166131019592,"1"
"Drews","3",20261003,"TCGA-CF-A1HS","BLCA","1",0.99997341632843,"1"
"Drews","3",20261003,"TCGA-DK-A1A6","BLCA","1",0.999831199645996,"1"
"Drews","3",20261003,"TCGA-DK-A1AB","BLCA","2",0.983376204967499,"1"
"Drews","3",20261003,"TCGA-DK-A1AC","BLCA","1",0.999140501022339,"1"
"Drews","3",20261003,"TCGA-DK-A3IL","BLCA","1",0.99995219707489,"1"
"Drews","3",20261003,"TCGA-DK-A6AV","BLCA","1",0.999977946281433,"1"
"Drews","3",20261003,"TCGA-DK-AA6R","BLCA","1",0.999967217445374,"1"
"Drews","3",20261003,"TCGA-DK-AA6U","BLCA","1",0.999988436698914,"1"
"Drews","3",20261003,"TCGA-DK-AA6W","BLCA","1",0.999805629253387,"1"
"Drews","3",20261003,"TCGA-DK-AA76","BLCA","1",0.999900102615356,"1"
"Drews","3",20261003,"TCGA-DK-AA77","BLCA","1",0.998439610004425,"1"
"Drews","3",20261003,"TCGA-E5-A4U1","BLCA","1",0.999792516231537,"1"
"Drews","3",20261003,"TCGA-E7-A3Y1","BLCA","2",0.10075856000185,"2"
"Drews","3",20261003,"TCGA-FD-A3SR","BLCA","1",0.999923467636108,"1"
"Drews","3",20261003,"TCGA-G2-AA3D","BLCA","1",0.999305129051208,"1"
"Drews","3",20261003,"TCGA-GC-A3RB","BLCA","1",0.999932169914246,"1"
"Drews","3",20261003,"TCGA-GD-A3OS","BLCA","1",0.999934792518616,"1"
"Drews","3",20261003,"TCGA-GV-A3JW","BLCA","1",0.999994993209839,"1"
"Drews","3",20261003,"TCGA-GV-A40G","BLCA","1",0.999954700469971,"1"
"Drews","3",20261003,"TCGA-GV-A6ZA","BLCA","1",0.999771058559418,"1"
"Drews","3",20261003,"TCGA-PQ-A6FI","BLCA","1",0.999108016490936,"1"
"Drews","3",20261003,"TCGA-UY-A9PD","BLCA","1",0.999895691871643,"1"
"Drews","3",20261003,"TCGA-UY-A9PE","BLCA","1",0.998607099056244,"1"
"Drews","3",20261003,"TCGA-XF-A8HC","BLCA","1",0.999600827693939,"1"
"Drews","3",20261003,"TCGA-XF-AAMX","BLCA","1",0.999917507171631,"1"
"Drews","3",20261003,"TCGA-XF-AAMY","BLCA","1",0.999470412731171,"1"
"Drews","3",20261003,"TCGA-XF-AAN3","BLCA","2",0.94751513004303,"1"
"Drews","3",20261003,"TCGA-ZF-A9R9","BLCA","1",0.972713351249695,"1"
"Drews","3",20261003,"TCGA-ZF-AA51","BLCA","1",0.999972105026245,"1"
"Drews","3",20261003,"TCGA-A1-A0SF","BRCA","1",0.580331742763519,"1"
"Drews","3",20261003,"TCGA-A1-A0SK","BRCA","1",0.99995756149292,"1"
"Drews","3",20261003,"TCGA-A1-A0SN","BRCA","1",0.999816477298737,"1"
"Drews","3",20261003,"TCGA-A2-A0D0","BRCA","1",0.99995231628418,"1"
"Drews","3",20261003,"TCGA-A2-A0T2","BRCA","1",0.999347865581512,"1"
"Drews","3",20261003,"TCGA-A2-A0YC","BRCA","2",0.107885107398033,"2"
"Drews","3",20261003,"TCGA-A2-A1FV","BRCA","1",0.973475515842438,"1"
"Drews","3",20261003,"TCGA-A2-A1G4","BRCA","1",0.981974303722382,"1"
"Drews","3",20261003,"TCGA-A2-A25D","BRCA","1",0.992711544036865,"1"
"Drews","3",20261003,"TCGA-A2-A3Y0","BRCA","1",0.999620795249939,"1"
"Drews","3",20261003,"TCGA-A7-A13F","BRCA","1",0.74488240480423,"1"
"Drews","3",20261003,"TCGA-A7-A26F","BRCA","1",0.991186082363129,"1"
"Drews","3",20261003,"TCGA-A7-A6VW","BRCA","1",0.999790728092194,"1"
"Drews","3",20261003,"TCGA-A7-A6VY","BRCA","1",0.999902367591858,"1"
"Drews","3",20261003,"TCGA-A8-A06Q","BRCA","1",0.999818027019501,"1"
"Drews","3",20261003,"TCGA-A8-A06X","BRCA","1",0.999879598617554,"1"
"Drews","3",20261003,"TCGA-A8-A07O","BRCA","1",0.999960541725159,"1"
"Drews","3",20261003,"TCGA-A8-A081","BRCA","1",0.999707996845245,"1"
"Drews","3",20261003,"TCGA-A8-A08B","BRCA","1",0.989341735839844,"1"
"Drews","3",20261003,"TCGA-A8-A093","BRCA","1",0.32251712679863,"2"
"Drews","3",20261003,"TCGA-A8-A094","BRCA","1",0.999806582927704,"1"
"Drews","3",20261003,"TCGA-A8-A095","BRCA","2",0.45869255065918,"2"
"Drews","3",20261003,"TCGA-A8-A09E","BRCA","1",0.858695983886719,"1"
"Drews","3",20261003,"TCGA-A8-A09G","BRCA","1",0.985951125621796,"1"
"Drews","3",20261003,"TCGA-A8-A09W","BRCA","1",0.995229959487915,"1"
"Drews","3",20261003,"TCGA-AC-A5XU","BRCA","1",0.930521667003632,"1"
"Drews","3",20261003,"TCGA-AC-A6IX","BRCA","1",0.96835595369339,"1"
"Drews","3",20261003,"TCGA-AN-A03X","BRCA","1",0.581135213375092,"1"
"Drews","3",20261003,"TCGA-AN-A04A","BRCA","1",0.999457776546478,"1"
"Drews","3",20261003,"TCGA-AN-A04D","BRCA","1",0.999741017818451,"1"
"Drews","3",20261003,"TCGA-AN-A0FD","BRCA","1",0.960656702518463,"1"
"Drews","3",20261003,"TCGA-AN-A0XP","BRCA","2",0.282568991184235,"2"
"Drews","3",20261003,"TCGA-AN-A0XS","BRCA","2",0.373544991016388,"2"
"Drews","3",20261003,"TCGA-AO-A03O","BRCA","1",0.999844312667847,"1"
"Drews","3",20261003,"TCGA-AO-A03P","BRCA","1",0.992487788200378,"1"
"Drews","3",20261003,"TCGA-AO-A0JD","BRCA","1",0.999515175819397,"1"
"Drews","3",20261003,"TCGA-AO-A12G","BRCA","1",0.993741571903229,"1"
"Drews","3",20261003,"TCGA-AO-A1KR","BRCA","1",0.999933123588562,"1"
"Drews","3",20261003,"TCGA-AQ-A0Y5","BRCA","1",0.994488179683685,"1"
"Drews","3",20261003,"TCGA-AR-A0TP","BRCA","1",0.999940514564514,"1"
"Drews","3",20261003,"TCGA-AR-A1AY","BRCA","1",0.99909245967865,"1"
"Drews","3",20261003,"TCGA-AR-A255","BRCA","1",0.997049808502197,"1"
"Drews","3",20261003,"TCGA-B6-A0I1","BRCA","1",0.999927043914795,"1"
"Drews","3",20261003,"TCGA-B6-A0IO","BRCA","1",0.989593982696533,"1"
"Drews","3",20261003,"TCGA-B6-A0IQ","BRCA","1",0.999988436698914,"1"
"Drews","3",20261003,"TCGA-BH-A0AW","BRCA","1",0.998785436153412,"1"
"Drews","3",20261003,"TCGA-BH-A0AZ","BRCA","1",0.986115097999573,"1"
"Drews","3",20261003,"TCGA-BH-A0B5","BRCA","2",0.473783552646637,"2"
"Drews","3",20261003,"TCGA-BH-A0BP","BRCA","1",0.993965804576874,"1"
"Drews","3",20261003,"TCGA-BH-A0BR","BRCA","1",0.999629139900208,"1"
"Drews","3",20261003,"TCGA-BH-A0DG","BRCA","1",0.999859929084778,"1"
"Drews","3",20261003,"TCGA-BH-A0DP","BRCA","2",0.00685771508142352,"2"
"Drews","3",20261003,"TCGA-BH-A0GY","BRCA","1",0.999643206596375,"1"
"Drews","3",20261003,"TCGA-BH-A0H6","BRCA","2",0.858319938182831,"1"
"Drews","3",20261003,"TCGA-BH-A0H7","BRCA","1",0.999695777893066,"1"
"Drews","3",20261003,"TCGA-BH-A0HY","BRCA","1",0.999956369400024,"1"
"Drews","3",20261003,"TCGA-BH-A0W7","BRCA","1",0.484536677598953,"2"
"Drews","3",20261003,"TCGA-BH-A18K","BRCA","1",0.993046581745148,"1"
"Drews","3",20261003,"TCGA-BH-A18N","BRCA","2",0.334023088216782,"2"
"Drews","3",20261003,"TCGA-BH-A18Q","BRCA","1",0.998519480228424,"1"
"Drews","3",20261003,"TCGA-BH-A1FD","BRCA","1",0.999383687973022,"1"
"Drews","3",20261003,"TCGA-BH-A202","BRCA","1",0.999290108680725,"1"
"Drews","3",20261003,"TCGA-BH-A5J0","BRCA","1",0.999401092529297,"1"
"Drews","3",20261003,"TCGA-C8-A12P","BRCA","1",0.999904155731201,"1"
"Drews","3",20261003,"TCGA-C8-A137","BRCA","1",0.999627947807312,"1"
"Drews","3",20261003,"TCGA-C8-A1HJ","BRCA","1",0.998753666877747,"1"
"Drews","3",20261003,"TCGA-C8-A1HK","BRCA","1",0.999630570411682,"1"
"Drews","3",20261003,"TCGA-C8-A27A","BRCA","1",0.999823391437531,"1"
"Drews","3",20261003,"TCGA-C8-A27B","BRCA","1",0.999918699264526,"1"
"Drews","3",20261003,"TCGA-D8-A140","BRCA","1",0.999404549598694,"1"
"Drews","3",20261003,"TCGA-D8-A1XL","BRCA","1",0.999532461166382,"1"
"Drews","3",20261003,"TCGA-D8-A1XT","BRCA","1",0.999790847301483,"1"
"Drews","3",20261003,"TCGA-D8-A1XW","BRCA","1",0.974038124084473,"1"
"Drews","3",20261003,"TCGA-E2-A105","BRCA","1",0.999739587306976,"1"
"Drews","3",20261003,"TCGA-E2-A14R","BRCA","1",0.999846935272217,"1"
"Drews","3",20261003,"TCGA-E2-A1IE","BRCA","1",0.999776542186737,"1"
"Drews","3",20261003,"TCGA-E9-A1R6","BRCA","1",0.876043617725372,"1"
"Drews","3",20261003,"TCGA-E9-A22A","BRCA","1",0.996843338012695,"1"
"Drews","3",20261003,"TCGA-E9-A22E","BRCA","1",0.996756017208099,"1"
"Drews","3",20261003,"TCGA-E9-A244","BRCA","1",0.999947428703308,"1"
"Drews","3",20261003,"TCGA-E9-A247","BRCA","1",0.992185413837433,"1"
"Drews","3",20261003,"TCGA-EW-A1OZ","BRCA","1",0.999203026294708,"1"
"Drews","3",20261003,"TCGA-EW-A1PD","BRCA","1",0.999931812286377,"1"
"Drews","3",20261003,"TCGA-EW-A2FS","BRCA","1",0.994201004505157,"1"
"Drews","3",20261003,"TCGA-EW-A423","BRCA","1",0.868851482868195,"1"
"Drews","3",20261003,"TCGA-GM-A2DK","BRCA","1",0.989622235298157,"1"
"Drews","3",20261003,"TCGA-GM-A3XL","BRCA","1",0.999336302280426,"1"
"Drews","3",20261003,"TCGA-LD-A7W5","BRCA","1",0.994768142700195,"1"
"Drews","3",20261003,"TCGA-LL-A6FQ","BRCA","1",0.783470392227173,"1"
"Drews","3",20261003,"TCGA-LL-A6FR","BRCA","1",0.9974325299263,"1"
"Drews","3",20261003,"TCGA-LL-A73Y","BRCA","1",0.998352646827698,"1"
"Drews","3",20261003,"TCGA-OL-A5D8","BRCA","1",0.528076171875,"1"
"Drews","3",20261003,"TCGA-OL-A6VO","BRCA","1",0.998566448688507,"1"
"Drews","3",20261003,"TCGA-S3-AA14","BRCA","1",0.971946060657501,"1"
"Drews","3",20261003,"TCGA-WT-AB44","BRCA","2",0.0665905699133873,"2"
"Drews","3",20261003,"TCGA-C5-A1M6","CESC","1",0.999814093112946,"1"
"Drews","3",20261003,"TCGA-C5-A2LV","CESC","1",0.982662677764893,"1"
"Drews","3",20261003,"TCGA-C5-A7UC","CESC","2",0.994524359703064,"1"
"Drews","3",20261003,"TCGA-C5-A7X5","CESC","1",0.999939799308777,"1"
"Drews","3",20261003,"TCGA-C5-A902","CESC","1",0.601845741271973,"1"
"Drews","3",20261003,"TCGA-DS-A0VN","CESC","1",0.846235573291779,"1"
"Drews","3",20261003,"TCGA-EK-A2PG","CESC","1",0.994274199008942,"1"
"Drews","3",20261003,"TCGA-FU-A5XV","CESC","2",0.315934598445892,"2"
"Drews","3",20261003,"TCGA-IR-A3LB","CESC","1",0.995245635509491,"1"
"Drews","3",20261003,"TCGA-VS-A8EJ","CESC","1",0.99970680475235,"1"
"Drews","3",20261003,"TCGA-VS-A8QA","CESC","1",0.993441462516785,"1"
"Drews","3",20261003,"TCGA-VS-A8QC","CESC","1",0.959011852741241,"1"
"Drews","3",20261003,"TCGA-VS-A8QF","CESC","1",0.999835252761841,"1"
"Drews","3",20261003,"TCGA-VS-A9UM","CESC","1",0.808884561061859,"1"
"Drews","3",20261003,"TCGA-VS-A9UQ","CESC","1",0.994572818279266,"1"
"Drews","3",20261003,"TCGA-VS-A9UR","CESC","1",0.991775035858154,"1"
"Drews","3",20261003,"TCGA-W5-AA2Z","CHOL","2",0.578616082668304,"1"
"Drews","3",20261003,"TCGA-5M-AAT4","COAD","1",0.993861556053162,"1"
"Drews","3",20261003,"TCGA-A6-2677","COAD","1",0.884731352329254,"1"
"Drews","3",20261003,"TCGA-AA-3524","COAD","1",0.484104424715042,"2"
"Drews","3",20261003,"TCGA-AA-3548","COAD","1",0.980478823184967,"1"
"Drews","3",20261003,"TCGA-AA-3685","COAD","1",0.921138644218445,"1"
"Drews","3",20261003,"TCGA-AA-A01S","COAD","1",0.990813553333282,"1"
"Drews","3",20261003,"TCGA-AU-3779","COAD","1",0.733812570571899,"1"
"Drews","3",20261003,"TCGA-CM-4746","COAD","2",0.913989543914795,"1"
"Drews","3",20261003,"TCGA-CM-5348","COAD","1",0.995584666728973,"1"
"Drews","3",20261003,"TCGA-CM-6675","COAD","1",0.99888688325882,"1"
"Drews","3",20261003,"TCGA-CM-6676","COAD","2",0.973601400852203,"1"
"Drews","3",20261003,"TCGA-CM-6678","COAD","2",0.0523718148469925,"2"
"Drews","3",20261003,"TCGA-D5-6533","COAD","1",0.947410106658936,"1"
"Drews","3",20261003,"TCGA-D5-6535","COAD","1",0.992931723594666,"1"
"Drews","3",20261003,"TCGA-DM-A1HA","COAD","1",0.997398734092712,"1"
"Drews","3",20261003,"TCGA-DM-A28M","COAD","2",0.0468188524246216,"2"
"Drews","3",20261003,"TCGA-F4-6460","COAD","1",0.98014360666275,"1"
"Drews","3",20261003,"TCGA-F4-6704","COAD","1",0.987798810005188,"1"
"Drews","3",20261003,"TCGA-G4-6303","COAD","1",0.984434902667999,"1"
"Drews","3",20261003,"TCGA-NH-A6GB","COAD","1",0.992554843425751,"1"
"Drews","3",20261003,"TCGA-NH-A8F7","COAD","2",0.936396718025208,"1"
"Drews","3",20261003,"TCGA-FF-8042","DLBC","1",0.900754034519196,"1"
"Drews","3",20261003,"TCGA-2H-A9GF","ESCA","1",0.999992251396179,"1"
"Drews","3",20261003,"TCGA-2H-A9GH","ESCA","1",0.999889135360718,"1"
"Drews","3",20261003,"TCGA-2H-A9GL","ESCA","1",0.999879240989685,"1"
"Drews","3",20261003,"TCGA-2H-A9GN","ESCA","1",0.999756991863251,"1"
"Drews","3",20261003,"TCGA-IG-A3YB","ESCA","1",0.9949871301651,"1"
"Drews","3",20261003,"TCGA-IG-A97H","ESCA","1",0.999815881252289,"1"
"Drews","3",20261003,"TCGA-L5-A43J","ESCA","1",0.999660849571228,"1"
"Drews","3",20261003,"TCGA-L5-A4OP","ESCA","1",0.998244166374207,"1"
"Drews","3",20261003,"TCGA-L5-A4OQ","ESCA","1",0.999842166900635,"1"
"Drews","3",20261003,"TCGA-L5-A4OX","ESCA","1",0.996033012866974,"1"
"Drews","3",20261003,"TCGA-L5-A88S","ESCA","1",0.996288895606995,"1"
"Drews","3",20261003,"TCGA-L5-A88V","ESCA","1",0.999979853630066,"1"
"Drews","3",20261003,"TCGA-LN-A49U","ESCA","1",0.995046615600586,"1"
"Drews","3",20261003,"TCGA-LN-A4A2","ESCA","1",0.999879717826843,"1"
"Drews","3",20261003,"TCGA-LN-A4A3","ESCA","1",0.999850034713745,"1"
"Drews","3",20261003,"TCGA-LN-A4A9","ESCA","1",0.996519565582275,"1"
"Drews","3",20261003,"TCGA-R6-A8W8","ESCA","1",0.996863484382629,"1"
"Drews","3",20261003,"TCGA-VR-AA4G","ESCA","1",0.999087572097778,"1"
"Drews","3",20261003,"TCGA-06-2562","GBM","2",0.560094773769379,"1"
"Drews","3",20261003,"TCGA-06-5856","GBM","1",0.964250683784485,"1"
"Drews","3",20261003,"TCGA-19-5960","GBM","1",0.906089544296265,"1"
"Drews","3",20261003,"TCGA-26-5139","GBM","2",0.761937618255615,"1"
"Drews","3",20261003,"TCGA-32-1970","GBM","1",0.983108937740326,"1"
"Drews","3",20261003,"TCGA-76-4925","GBM","1",0.952932298183441,"1"
"Drews","3",20261003,"TCGA-BA-4075","HNSC","1",0.936545729637146,"1"
"Drews","3",20261003,"TCGA-BA-6870","HNSC","1",0.999298214912415,"1"
"Drews","3",20261003,"TCGA-BA-6871","HNSC","1",0.997205913066864,"1"
"Drews","3",20261003,"TCGA-BA-6872","HNSC","1",0.99946004152298,"1"
"Drews","3",20261003,"TCGA-BB-4224","HNSC","1",0.998094737529755,"1"
"Drews","3",20261003,"TCGA-CN-6010","HNSC","1",0.994189143180847,"1"
"Drews","3",20261003,"TCGA-CN-6998","HNSC","2",0.957493126392365,"1"
"Drews","3",20261003,"TCGA-CQ-6228","HNSC","1",0.999673008918762,"1"
"Drews","3",20261003,"TCGA-CR-6472","HNSC","1",0.994182407855988,"1"
"Drews","3",20261003,"TCGA-CR-6478","HNSC","1",0.997872829437256,"1"
"Drews","3",20261003,"TCGA-CR-7374","HNSC","1",0.999945402145386,"1"
"Drews","3",20261003,"TCGA-CV-5979","HNSC","1",0.996171891689301,"1"
"Drews","3",20261003,"TCGA-CV-6948","HNSC","1",0.999268233776093,"1"
"Drews","3",20261003,"TCGA-CV-6960","HNSC","1",0.997680306434631,"1"
"Drews","3",20261003,"TCGA-CV-7243","HNSC","1",0.999658465385437,"1"
"Drews","3",20261003,"TCGA-CV-7415","HNSC","1",0.999883055686951,"1"
"Drews","3",20261003,"TCGA-D6-A6EO","HNSC","1",0.977865695953369,"1"
"Drews","3",20261003,"TCGA-HD-8224","HNSC","1",0.999486088752747,"1"
"Drews","3",20261003,"TCGA-T2-A6WX","HNSC","2",0.179061651229858,"2"
"Drews","3",20261003,"TCGA-T3-A92M","HNSC","1",0.999607264995575,"1"
"Drews","3",20261003,"TCGA-UF-A71D","HNSC","1",0.992322742938995,"1"
"Drews","3",20261003,"TCGA-UF-A7JC","HNSC","1",0.973669767379761,"1"
"Drews","3",20261003,"TCGA-UF-A7JH","HNSC","1",0.937491357326508,"1"
"Drews","3",20261003,"TCGA-KL-8336","KICH","2",0.155753061175346,"2"
"Drews","3",20261003,"TCGA-KL-8340","KICH","2",0.0013452087296173,"2"
"Drews","3",20261003,"TCGA-KL-8342","KICH","2",0.0032393024303019,"2"
"Drews","3",20261003,"TCGA-KN-8422","KICH","2",0.00396695313975215,"2"
"Drews","3",20261003,"TCGA-KO-8410","KICH","2",0.00746252248063684,"2"
"Drews","3",20261003,"TCGA-KO-8415","KICH","2",0.0140882842242718,"2"
"Drews","3",20261003,"TCGA-KO-8417","KICH","2",0.0342235788702965,"2"
"Drews","3",20261003,"TCGA-A3-3363","KIRC","1",0.0700311809778214,"2"
"Drews","3",20261003,"TCGA-A3-3380","KIRC","2",0.000208671292057261,"2"
"Drews","3",20261003,"TCGA-A3-3383","KIRC","2",0.0030798614025116,"2"
"Drews","3",20261003,"TCGA-A3-3387","KIRC","2",0.00423796754330397,"2"
"Drews","3",20261003,"TCGA-A3-A6NI","KIRC","2",0.00795196741819382,"2"
"Drews","3",20261003,"TCGA-AS-3777","KIRC","2",0.737649977207184,"1"
"Drews","3",20261003,"TCGA-B0-5696","KIRC","2",0.000357044831616804,"2"
"Drews","3",20261003,"TCGA-BP-4963","KIRC","2",0.0122048845514655,"2"
"Drews","3",20261003,"TCGA-BP-4977","KIRC","2",0.0111194383352995,"2"
"Drews","3",20261003,"TCGA-BP-5199","KIRC","2",0.0075923022814095,"2"
"Drews","3",20261003,"TCGA-CJ-4640","KIRC","2",0.00242435955442488,"2"
"Drews","3",20261003,"TCGA-CJ-5678","KIRC","2",0.0011803264496848,"2"
"Drews","3",20261003,"TCGA-CW-5580","KIRC","2",0.00101445592008531,"2"
"Drews","3",20261003,"TCGA-CW-6090","KIRC","2",0.00178866693750024,"2"
"Drews","3",20261003,"TCGA-DV-5568","KIRC","2",0.000847283110488206,"2"
"Drews","3",20261003,"TCGA-2Z-A9JE","KIRP","2",0.0116111002862453,"2"
"Drews","3",20261003,"TCGA-2Z-A9JS","KIRP","2",0.0212498214095831,"2"
"Drews","3",20261003,"TCGA-A4-7287","KIRP","2",0.996308267116547,"1"
"Drews","3",20261003,"TCGA-AL-3466","KIRP","1",0.996358454227448,"1"
"Drews","3",20261003,"TCGA-B9-4114","KIRP","2",0.015829686075449,"2"
"Drews","3",20261003,"TCGA-B9-4117","KIRP","2",0.0761542841792107,"2"
"Drews","3",20261003,"TCGA-DZ-6134","KIRP","2",0.0161405242979527,"2"
"Drews","3",20261003,"TCGA-F9-A4JJ","KIRP","2",0.0950318276882172,"2"
"Drews","3",20261003,"TCGA-P4-A5EB","KIRP","2",0.0641918480396271,"2"
"Drews","3",20261003,"TCGA-CS-5393","LGG","1",0.0598512254655361,"2"
"Drews","3",20261003,"TCGA-DB-5277","LGG","1",0.960585415363312,"1"
"Drews","3",20261003,"TCGA-DH-A7UT","LGG","2",0.0681133717298508,"2"
"Drews","3",20261003,"TCGA-DU-5853","LGG","2",0.0842140465974808,"2"
"Drews","3",20261003,"TCGA-DU-7019","LGG","1",0.0337150767445564,"2"
"Drews","3",20261003,"TCGA-DU-7294","LGG","2",0.00257098651491106,"2"
"Drews","3",20261003,"TCGA-E1-A7YS","LGG","2",0.0280847027897835,"2"
"Drews","3",20261003,"TCGA-FG-6690","LGG","2",0.0354606695473194,"2"
"Drews","3",20261003,"TCGA-FG-7634","LGG","2",0.00687967101112008,"2"
"Drews","3",20261003,"TCGA-HT-7471","LGG","2",0.00701496005058289,"2"
"Drews","3",20261003,"TCGA-HT-7480","LGG","2",0.00143769360147417,"2"
"Drews","3",20261003,"TCGA-HT-7693","LGG","2",0.286240190267563,"2"
"Drews","3",20261003,"TCGA-HT-7860","LGG","2",0.372632592916489,"2"
"Drews","3",20261003,"TCGA-HT-7879","LGG","2",0.124073803424835,"2"
"Drews","3",20261003,"TCGA-HW-8319","LGG","2",0.0653955042362213,"2"
"Drews","3",20261003,"TCGA-HW-8320","LGG","2",0.125920817255974,"2"
"Drews","3",20261003,"TCGA-IK-8125","LGG","2",0.000907657784409821,"2"
"Drews","3",20261003,"TCGA-P5-A5F4","LGG","2",0.103688202798367,"2"
"Drews","3",20261003,"TCGA-P5-A780","LGG","1",0.307097136974335,"2"
"Drews","3",20261003,"TCGA-QH-A6CW","LGG","2",0.387855976819992,"2"
"Drews","3",20261003,"TCGA-TM-A84G","LGG","2",0.0372769050300121,"2"
"Drews","3",20261003,"TCGA-TM-A84J","LGG","1",0.959748089313507,"1"
"Drews","3",20261003,"TCGA-TM-A84L","LGG","2",0.0724402666091919,"2"
"Drews","3",20261003,"TCGA-TQ-A7RS","LGG","2",0.00351610314100981,"2"
"Drews","3",20261003,"TCGA-2Y-A9H0","LIHC","1",0.998660922050476,"1"
"Drews","3",20261003,"TCGA-4R-AA8I","LIHC","1",0.980911374092102,"1"
"Drews","3",20261003,"TCGA-CC-A7IJ","LIHC","1",0.999736607074738,"1"
"Drews","3",20261003,"TCGA-DD-A1EB","LIHC","1",0.861953914165497,"1"
"Drews","3",20261003,"TCGA-DD-A1EE","LIHC","2",0.251006871461868,"2"
"Drews","3",20261003,"TCGA-DD-A39Z","LIHC","2",0.688954770565033,"1"
"Drews","3",20261003,"TCGA-DD-A3A5","LIHC","1",0.881521344184875,"1"
"Drews","3",20261003,"TCGA-DD-A73F","LIHC","1",0.988671898841858,"1"
"Drews","3",20261003,"TCGA-DD-AACJ","LIHC","2",0.88310718536377,"1"
"Drews","3",20261003,"TCGA-DD-AADC","LIHC","1",0.996184527873993,"1"
"Drews","3",20261003,"TCGA-DD-AADD","LIHC","1",0.963986098766327,"1"
"Drews","3",20261003,"TCGA-DD-AADN","LIHC","1",0.990104019641876,"1"
"Drews","3",20261003,"TCGA-DD-AADP","LIHC","1",0.878742158412933,"1"
"Drews","3",20261003,"TCGA-DD-AAEG","LIHC","1",0.921957194805145,"1"
"Drews","3",20261003,"TCGA-DD-AAVY","LIHC","2",0.218653723597527,"2"
"Drews","3",20261003,"TCGA-ES-A2HT","LIHC","2",0.828301429748535,"1"
"Drews","3",20261003,"TCGA-G3-A5SL","LIHC","1",0.332954943180084,"2"
"Drews","3",20261003,"TCGA-LG-A9QD","LIHC","2",0.0919634774327278,"2"
"Drews","3",20261003,"TCGA-RC-A6M6","LIHC","1",0.999787747859955,"1"
"Drews","3",20261003,"TCGA-UB-A7MB","LIHC","1",0.999013185501099,"1"
"Drews","3",20261003,"TCGA-WX-AA44","LIHC","1",0.978241324424744,"1"
"Drews","3",20261003,"TCGA-44-7669","LUAD","1",0.999682426452637,"1"
"Drews","3",20261003,"TCGA-44-8117","LUAD","1",0.999943852424622,"1"
"Drews","3",20261003,"TCGA-44-A4SU","LUAD","1",0.999246001243591,"1"
"Drews","3",20261003,"TCGA-49-AARE","LUAD","1",0.999216556549072,"1"
"Drews","3",20261003,"TCGA-50-5932","LUAD","1",0.999021172523499,"1"
"Drews","3",20261003,"TCGA-50-6591","LUAD","1",0.999990105628967,"1"
"Drews","3",20261003,"TCGA-53-7624","LUAD","1",0.999994277954102,"1"
"Drews","3",20261003,"TCGA-55-1595","LUAD","1",0.999857425689697,"1"
"Drews","3",20261003,"TCGA-55-7570","LUAD","1",0.999512672424316,"1"
"Drews","3",20261003,"TCGA-55-7903","LUAD","1",0.999586522579193,"1"
"Drews","3",20261003,"TCGA-55-7994","LUAD","1",0.989600956439972,"1"
"Drews","3",20261003,"TCGA-55-8507","LUAD","1",0.999975800514221,"1"
"Drews","3",20261003,"TCGA-55-A48Z","LUAD","1",0.999572813510895,"1"
"Drews","3",20261003,"TCGA-62-A46O","LUAD","1",0.99997889995575,"1"
"Drews","3",20261003,"TCGA-62-A46Y","LUAD","2",0.647431910037994,"1"
"Drews","3",20261003,"TCGA-64-1680","LUAD","2",0.713976085186005,"1"
"Drews","3",20261003,"TCGA-67-3771","LUAD","1",0.99996554851532,"1"
"Drews","3",20261003,"TCGA-67-3773","LUAD","1",0.518525242805481,"1"
"Drews","3",20261003,"TCGA-67-3774","LUAD","1",0.97492253780365,"1"
"Drews","3",20261003,"TCGA-69-7760","LUAD","1",0.999945759773254,"1"
"Drews","3",20261003,"TCGA-71-6725","LUAD","1",0.9994056224823,"1"
"Drews","3",20261003,"TCGA-73-4670","LUAD","1",0.99973851442337,"1"
"Drews","3",20261003,"TCGA-78-7155","LUAD","1",0.999914050102234,"1"
"Drews","3",20261003,"TCGA-86-8279","LUAD","1",0.999961137771606,"1"
"Drews","3",20261003,"TCGA-97-7546","LUAD","1",0.75812566280365,"1"
"Drews","3",20261003,"TCGA-97-8171","LUAD","1",0.943792581558228,"1"
"Drews","3",20261003,"TCGA-J2-A4AE","LUAD","1",0.916737973690033,"1"
"Drews","3",20261003,"TCGA-18-3411","LUSC","1",0.992644429206848,"1"
"Drews","3",20261003,"TCGA-21-5782","LUSC","1",0.999552190303802,"1"
"Drews","3",20261003,"TCGA-21-5783","LUSC","1",0.999976634979248,"1"
"Drews","3",20261003,"TCGA-22-1012","LUSC","1",0.999491572380066,"1"
"Drews","3",20261003,"TCGA-39-5035","LUSC","1",0.998215079307556,"1"
"Drews","3",20261003,"TCGA-43-8115","LUSC","1",0.999936461448669,"1"
"Drews","3",20261003,"TCGA-46-3769","LUSC","1",0.999669075012207,"1"
"Drews","3",20261003,"TCGA-56-7579","LUSC","1",0.999820649623871,"1"
"Drews","3",20261003,"TCGA-56-8083","LUSC","1",0.999968886375427,"1"
"Drews","3",20261003,"TCGA-56-8622","LUSC","1",0.915978312492371,"1"
"Drews","3",20261003,"TCGA-56-8629","LUSC","1",0.99988329410553,"1"
"Drews","3",20261003,"TCGA-58-A46L","LUSC","1",0.999579012393951,"1"
"Drews","3",20261003,"TCGA-60-2706","LUSC","1",0.999911785125732,"1"
"Drews","3",20261003,"TCGA-60-2708","LUSC","1",0.998100578784943,"1"
"Drews","3",20261003,"TCGA-60-2722","LUSC","1",0.998937547206879,"1"
"Drews","3",20261003,"TCGA-60-2724","LUSC","1",0.998803973197937,"1"
"Drews","3",20261003,"TCGA-66-2756","LUSC","1",0.999939441680908,"1"
"Drews","3",20261003,"TCGA-66-2757","LUSC","1",0.999990820884705,"1"
"Drews","3",20261003,"TCGA-66-2785","LUSC","1",0.999474227428436,"1"
"Drews","3",20261003,"TCGA-66-2794","LUSC","1",0.950914680957794,"1"
"Drews","3",20261003,"TCGA-68-7755","LUSC","1",0.998678267002106,"1"
"Drews","3",20261003,"TCGA-70-6723","LUSC","1",0.999839663505554,"1"
"Drews","3",20261003,"TCGA-77-7337","LUSC","1",0.999478399753571,"1"
"Drews","3",20261003,"TCGA-85-6798","LUSC","1",0.999793589115143,"1"
"Drews","3",20261003,"TCGA-85-8070","LUSC","1",0.999911665916443,"1"
"Drews","3",20261003,"TCGA-85-8351","LUSC","1",0.984716773033142,"1"
"Drews","3",20261003,"TCGA-85-8352","LUSC","1",0.999962687492371,"1"
"Drews","3",20261003,"TCGA-85-8354","LUSC","1",0.999817430973053,"1"
"Drews","3",20261003,"TCGA-85-A4QQ","LUSC","1",0.999782860279083,"1"
"Drews","3",20261003,"TCGA-85-A5B5","LUSC","1",0.999604284763336,"1"
"Drews","3",20261003,"TCGA-98-8022","LUSC","1",0.999687194824219,"1"
"Drews","3",20261003,"TCGA-LA-A7SW","LUSC","1",0.999976873397827,"1"
"Drews","3",20261003,"TCGA-O2-A52N","LUSC","1",0.999765932559967,"1"
"Drews","3",20261003,"TCGA-O2-A52Q","LUSC","1",0.998641192913055,"1"
"Drews","3",20261003,"TCGA-MQ-A4LV","MESO","1",0.99323445558548,"1"
"Drews","3",20261003,"TCGA-SC-A6LM","MESO","1",0.979230105876923,"1"
"Drews","3",20261003,"TCGA-TS-A8AI","MESO","1",0.93307226896286,"1"
"Drews","3",20261003,"TCGA-ZN-A9VU","MESO","2",0.222827717661858,"2"
"Drews","3",20261003,"TCGA-04-1362","OV","1",0.999919652938843,"1"
"Drews","3",20261003,"TCGA-09-0364","OV","1",0.999646306037903,"1"
"Drews","3",20261003,"TCGA-10-0928","OV","1",0.999623537063599,"1"
"Drews","3",20261003,"TCGA-13-0890","OV","1",0.999779522418976,"1"
"Drews","3",20261003,"TCGA-13-0916","OV","1",0.99996554851532,"1"
"Drews","3",20261003,"TCGA-13-1403","OV","1",0.99993360042572,"1"
"Drews","3",20261003,"TCGA-20-1685","OV","1",0.999924540519714,"1"
"Drews","3",20261003,"TCGA-20-1687","OV","1",0.934783816337585,"1"
"Drews","3",20261003,"TCGA-23-1027","OV","1",0.999824106693268,"1"
"Drews","3",20261003,"TCGA-23-1809","OV","1",0.999896287918091,"1"
"Drews","3",20261003,"TCGA-24-1427","OV","1",0.999966979026794,"1"
"Drews","3",20261003,"TCGA-24-1846","OV","1",0.999796450138092,"1"
"Drews","3",20261003,"TCGA-24-2261","OV","1",0.999951601028442,"1"
"Drews","3",20261003,"TCGA-24-2271","OV","1",0.998978734016418,"1"
"Drews","3",20261003,"TCGA-25-1312","OV","1",0.999975919723511,"1"
"Drews","3",20261003,"TCGA-25-1315","OV","1",0.999993443489075,"1"
"Drews","3",20261003,"TCGA-25-2391","OV","1",0.999868750572205,"1"
"Drews","3",20261003,"TCGA-25-2393","OV","1",0.999933362007141,"1"
"Drews","3",20261003,"TCGA-29-1695","OV","1",0.999974966049194,"1"
"Drews","3",20261003,"TCGA-29-1696","OV","1",0.991204023361206,"1"
"Drews","3",20261003,"TCGA-29-1702","OV","1",0.999960541725159,"1"
"Drews","3",20261003,"TCGA-29-1703","OV","1",0.999956607818604,"1"
"Drews","3",20261003,"TCGA-29-1710","OV","1",0.999129712581635,"1"
"Drews","3",20261003,"TCGA-29-1776","OV","1",0.999918937683105,"1"
"Drews","3",20261003,"TCGA-29-1781","OV","1",0.999503493309021,"1"
"Drews","3",20261003,"TCGA-30-1855","OV","1",0.99999737739563,"1"
"Drews","3",20261003,"TCGA-30-1857","OV","1",0.999739348888397,"1"
"Drews","3",20261003,"TCGA-30-1862","OV","1",0.99986469745636,"1"
"Drews","3",20261003,"TCGA-59-A5PD","OV","1",0.999986290931702,"1"
"Drews","3",20261003,"TCGA-61-1725","OV","1",0.999777853488922,"1"
"Drews","3",20261003,"TCGA-61-1736","OV","1",0.990863740444183,"1"
"Drews","3",20261003,"TCGA-61-2094","OV","1",0.998997628688812,"1"
"Drews","3",20261003,"TCGA-61-2111","OV","1",0.999921798706055,"1"
"Drews","3",20261003,"TCGA-2L-AAQE","PAAD","1",0.995873034000397,"1"
"Drews","3",20261003,"TCGA-3A-A9J0","PAAD","1",0.995069742202759,"1"
"Drews","3",20261003,"TCGA-IB-AAUO","PAAD","1",0.619868278503418,"1"
"Drews","3",20261003,"TCGA-PZ-A5RE","PAAD","1",0.959791541099548,"1"
"Drews","3",20261003,"TCGA-YY-A8LH","PAAD","2",0.839229822158813,"1"
"Drews","3",20261003,"TCGA-QR-A6H6","PCPG","2",0.0310288481414318,"2"
"Drews","3",20261003,"TCGA-QR-A708","PCPG","1",0.21087658405304,"2"
"Drews","3",20261003,"TCGA-QT-A5XK","PCPG","2",0.0865260437130928,"2"
"Drews","3",20261003,"TCGA-RT-A6YA","PCPG","2",0.159463569521904,"2"
"Drews","3",20261003,"TCGA-RW-A68A","PCPG","2",0.0374353379011154,"2"
"Drews","3",20261003,"TCGA-S7-A7WP","PCPG","2",0.275315463542938,"2"
"Drews","3",20261003,"TCGA-SR-A6MP","PCPG","1",0.0430549196898937,"2"
"Drews","3",20261003,"TCGA-W2-A7H7","PCPG","2",0.503244042396545,"1"
"Drews","3",20261003,"TCGA-WB-A80K","PCPG","2",0.0220447201281786,"2"
"Drews","3",20261003,"TCGA-WB-A81T","PCPG","2",0.020273856818676,"2"
"Drews","3",20261003,"TCGA-2A-A8VX","PRAD","1",0.996370434761047,"1"
"Drews","3",20261003,"TCGA-CH-5765","PRAD","2",0.792496502399445,"1"
"Drews","3",20261003,"TCGA-CH-5766","PRAD","1",0.643046200275421,"1"
"Drews","3",20261003,"TCGA-EJ-7783","PRAD","2",0.133385062217712,"2"
"Drews","3",20261003,"TCGA-EJ-A8FN","PRAD","1",0.667014062404633,"1"
"Drews","3",20261003,"TCGA-HC-7080","PRAD","1",0.994231760501862,"1"
"Drews","3",20261003,"TCGA-HC-7748","PRAD","1",0.818524956703186,"1"
"Drews","3",20261003,"TCGA-HC-A9TE","PRAD","1",0.99641090631485,"1"
"Drews","3",20261003,"TCGA-HI-7168","PRAD","1",0.997036814689636,"1"
"Drews","3",20261003,"TCGA-J4-A83J","PRAD","1",0.909086644649506,"1"
"Drews","3",20261003,"TCGA-KC-A7F3","PRAD","1",0.620137274265289,"1"
"Drews","3",20261003,"TCGA-KK-A59X","PRAD","1",0.99203485250473,"1"
"Drews","3",20261003,"TCGA-KK-A6E4","PRAD","2",0.953167200088501,"1"
"Drews","3",20261003,"TCGA-KK-A6E5","PRAD","1",0.959012806415558,"1"
"Drews","3",20261003,"TCGA-KK-A8ID","PRAD","1",0.997820138931274,"1"
"Drews","3",20261003,"TCGA-V1-A9OL","PRAD","1",0.999844312667847,"1"
"Drews","3",20261003,"TCGA-XJ-A9DX","PRAD","1",0.997193157672882,"1"
"Drews","3",20261003,"TCGA-ZG-A9KY","PRAD","1",0.995522022247314,"1"
"Drews","3",20261003,"TCGA-AF-2693","READ","1",0.856250584125519,"1"
"Drews","3",20261003,"TCGA-AF-3913","READ","1",0.991231739521027,"1"
"Drews","3",20261003,"TCGA-AG-3731","READ","1",0.284772783517838,"2"
"Drews","3",20261003,"TCGA-AG-3742","READ","1",0.990793287754059,"1"
"Drews","3",20261003,"TCGA-AG-3878","READ","2",0.971760988235474,"1"
"Drews","3",20261003,"TCGA-AG-3887","READ","2",0.124218508601189,"2"
"Drews","3",20261003,"TCGA-AG-A026","READ","1",0.99463564157486,"1"
"Drews","3",20261003,"TCGA-AG-A02X","READ","1",0.996193885803223,"1"
"Drews","3",20261003,"TCGA-G5-6233","READ","1",0.996008396148682,"1"
"Drews","3",20261003,"TCGA-DX-A3UA","SARC","1",0.993338108062744,"1"
"Drews","3",20261003,"TCGA-DX-A6YS","SARC","1",0.945058405399323,"1"
"Drews","3",20261003,"TCGA-DX-A8BJ","SARC","1",0.998487710952759,"1"
"Drews","3",20261003,"TCGA-DX-A8BK","SARC","1",0.977991759777069,"1"
"Drews","3",20261003,"TCGA-DX-AB2F","SARC","1",0.998531103134155,"1"
"Drews","3",20261003,"TCGA-DX-AB2P","SARC","1",0.999845027923584,"1"
"Drews","3",20261003,"TCGA-DX-AB2Q","SARC","1",0.999392747879028,"1"
"Drews","3",20261003,"TCGA-DX-AB3B","SARC","1",0.346885681152344,"2"
"Drews","3",20261003,"TCGA-FX-A2QS","SARC","1",0.999382615089417,"1"
"Drews","3",20261003,"TCGA-FX-A3RE","SARC","1",0.994103014469147,"1"
"Drews","3",20261003,"TCGA-HB-A43Z","SARC","1",0.997303366661072,"1"
"Drews","3",20261003,"TCGA-IE-A4EH","SARC","1",0.99529892206192,"1"
"Drews","3",20261003,"TCGA-IS-A3K7","SARC","1",0.999492049217224,"1"
"Drews","3",20261003,"TCGA-IW-A3M5","SARC","1",0.99921190738678,"1"
"Drews","3",20261003,"TCGA-KD-A5QS","SARC","1",0.99957937002182,"1"
"Drews","3",20261003,"TCGA-KF-A41W","SARC","1",0.999954462051392,"1"
"Drews","3",20261003,"TCGA-LI-A9QH","SARC","1",0.999861001968384,"1"
"Drews","3",20261003,"TCGA-MB-A5Y8","SARC","1",0.991753935813904,"1"
"Drews","3",20261003,"TCGA-MB-A8JK","SARC","1",0.999397397041321,"1"
"Drews","3",20261003,"TCGA-QQ-A5VD","SARC","2",0.995143890380859,"1"
"Drews","3",20261003,"TCGA-QQ-A8VH","SARC","1",0.999976873397827,"1"
"Drews","3",20261003,"TCGA-SI-A71O","SARC","1",0.999581873416901,"1"
"Drews","3",20261003,"TCGA-X6-A7WB","SARC","1",0.99567323923111,"1"
"Drews","3",20261003,"TCGA-X6-A8C2","SARC","1",0.999822080135345,"1"
"Drews","3",20261003,"TCGA-BF-A5EQ","SKCM","1",0.152116984128952,"2"
"Drews","3",20261003,"TCGA-DA-A960","SKCM","2",0.905294060707092,"1"
"Drews","3",20261003,"TCGA-EB-A3XB","SKCM","2",0.640773475170135,"1"
"Drews","3",20261003,"TCGA-EB-A41B","SKCM","1",0.99507600069046,"1"
"Drews","3",20261003,"TCGA-EB-A4IQ","SKCM","1",0.979388475418091,"1"
"Drews","3",20261003,"TCGA-EB-A82C","SKCM","1",0.980517566204071,"1"
"Drews","3",20261003,"TCGA-ER-A19T","SKCM","1",0.999981999397278,"1"
"Drews","3",20261003,"TCGA-XV-A9W5","SKCM","1",0.898865282535553,"1"
"Drews","3",20261003,"TCGA-B7-A5TN","STAD","1",0.999754369258881,"1"
"Drews","3",20261003,"TCGA-BR-4362","STAD","2",0.867641150951385,"1"
"Drews","3",20261003,"TCGA-BR-4366","STAD","1",0.999871969223022,"1"
"Drews","3",20261003,"TCGA-BR-7703","STAD","1",0.36341381072998,"2"
"Drews","3",20261003,"TCGA-BR-7715","STAD","1",0.998034536838531,"1"
"Drews","3",20261003,"TCGA-BR-8373","STAD","1",0.999405264854431,"1"
"Drews","3",20261003,"TCGA-BR-8483","STAD","1",0.999162793159485,"1"
"Drews","3",20261003,"TCGA-BR-8486","STAD","1",0.992861807346344,"1"
"Drews","3",20261003,"TCGA-CD-5800","STAD","1",0.999966740608215,"1"
"Drews","3",20261003,"TCGA-CD-8527","STAD","1",0.999734580516815,"1"
"Drews","3",20261003,"TCGA-CG-4304","STAD","1",0.814550638198853,"1"
"Drews","3",20261003,"TCGA-CG-4449","STAD","1",0.999726951122284,"1"
"Drews","3",20261003,"TCGA-CG-4474","STAD","2",0.0370118618011475,"2"
"Drews","3",20261003,"TCGA-CG-5724","STAD","1",0.999775111675262,"1"
"Drews","3",20261003,"TCGA-D7-5578","STAD","1",0.947115778923035,"1"
"Drews","3",20261003,"TCGA-D7-A6EZ","STAD","1",0.903079628944397,"1"
"Drews","3",20261003,"TCGA-FP-8211","STAD","1",0.99963104724884,"1"
"Drews","3",20261003,"TCGA-HU-A4GF","STAD","1",0.99928480386734,"1"
"Drews","3",20261003,"TCGA-HU-A4GU","STAD","1",0.999037981033325,"1"
"Drews","3",20261003,"TCGA-HU-A4H2","STAD","1",0.998833477497101,"1"
"Drews","3",20261003,"TCGA-IN-A6RR","STAD","1",0.999672055244446,"1"
"Drews","3",20261003,"TCGA-IN-A6RS","STAD","1",0.987522900104523,"1"
"Drews","3",20261003,"TCGA-VQ-A8DU","STAD","1",0.999992489814758,"1"
"Drews","3",20261003,"TCGA-VQ-A8P5","STAD","1",0.999756872653961,"1"
"Drews","3",20261003,"TCGA-VQ-A91A","STAD","1",0.999886393547058,"1"
"Drews","3",20261003,"TCGA-VQ-A91Q","STAD","1",0.999830007553101,"1"
"Drews","3",20261003,"TCGA-VQ-A91S","STAD","1",0.998161256313324,"1"
"Drews","3",20261003,"TCGA-2G-AAFN","TGCT","1",0.994881153106689,"1"
"Drews","3",20261003,"TCGA-2G-AAGO","TGCT","1",0.995994210243225,"1"
"Drews","3",20261003,"TCGA-YU-A90W","TGCT","1",0.470812320709229,"2"
"Drews","3",20261003,"TCGA-YU-A912","TGCT","1",0.0870016515254974,"2"
"Drews","3",20261003,"TCGA-DE-A3KN","THCA","2",0.00230934121645987,"2"
"Drews","3",20261003,"TCGA-EM-A2OY","THCA","2",0.00258946395479143,"2"
"Drews","3",20261003,"TCGA-5U-AB0D","THYM","1",0.972610473632812,"1"
"Drews","3",20261003,"TCGA-5B-A90C","UCEC","1",0.999773323535919,"1"
"Drews","3",20261003,"TCGA-A5-A0VQ","UCEC","2",0.00435155956074595,"2"
"Drews","3",20261003,"TCGA-A5-A1OG","UCEC","1",0.999347627162933,"1"
"Drews","3",20261003,"TCGA-A5-A3LP","UCEC","1",0.998565495014191,"1"
"Drews","3",20261003,"TCGA-AJ-A3NG","UCEC","2",0.908341467380524,"1"
"Drews","3",20261003,"TCGA-AJ-A3TW","UCEC","1",0.999695301055908,"1"
"Drews","3",20261003,"TCGA-AP-A052","UCEC","1",0.999736607074738,"1"
"Drews","3",20261003,"TCGA-AP-A05J","UCEC","1",0.999529004096985,"1"
"Drews","3",20261003,"TCGA-AP-A0LI","UCEC","1",0.99980229139328,"1"
"Drews","3",20261003,"TCGA-AW-A1PO","UCEC","1",0.999808251857758,"1"
"Drews","3",20261003,"TCGA-AX-A0IW","UCEC","1",0.999940156936646,"1"
"Drews","3",20261003,"TCGA-AX-A2HK","UCEC","1",0.999750435352325,"1"
"Drews","3",20261003,"TCGA-AX-A3FS","UCEC","2",0.985657751560211,"1"
"Drews","3",20261003,"TCGA-AX-A3FX","UCEC","1",0.90747457742691,"1"
"Drews","3",20261003,"TCGA-AX-A3G3","UCEC","1",0.999863266944885,"1"
"Drews","3",20261003,"TCGA-AX-A3GI","UCEC","1",0.999986410140991,"1"
"Drews","3",20261003,"TCGA-B5-A0KB","UCEC","1",0.998429834842682,"1"
"Drews","3",20261003,"TCGA-BG-A222","UCEC","2",0.868900895118713,"1"
"Drews","3",20261003,"TCGA-BS-A0TC","UCEC","2",0.0881874933838844,"2"
"Drews","3",20261003,"TCGA-D1-A103","UCEC","2",0.087773397564888,"2"
"Drews","3",20261003,"TCGA-D1-A16S","UCEC","1",0.999117791652679,"1"
"Drews","3",20261003,"TCGA-D1-A1NW","UCEC","1",0.994128823280334,"1"
"Drews","3",20261003,"TCGA-D1-A1NX","UCEC","1",0.999331593513489,"1"
"Drews","3",20261003,"TCGA-DI-A1NO","UCEC","1",0.999994516372681,"1"
"Drews","3",20261003,"TCGA-DI-A2QT","UCEC","1",0.993098080158234,"1"
"Drews","3",20261003,"TCGA-DI-A2QY","UCEC","1",0.99989926815033,"1"
"Drews","3",20261003,"TCGA-EO-A3KW","UCEC","1",0.999917268753052,"1"
"Drews","3",20261003,"TCGA-EY-A214","UCEC","1",0.999861717224121,"1"
"Drews","3",20261003,"TCGA-EY-A4KR","UCEC","1",0.999971866607666,"1"
"Drews","3",20261003,"TCGA-EY-A547","UCEC","1",0.99932062625885,"1"
"Drews","3",20261003,"TCGA-FI-A2F9","UCEC","1",0.995200872421265,"1"
"Drews","3",20261003,"TCGA-KP-A3VZ","UCEC","1",0.999989032745361,"1"
"Drews","3",20261003,"TCGA-KP-A3W4","UCEC","1",0.995515882968903,"1"
"Drews","3",20261003,"TCGA-QS-A8F1","UCEC","1",0.997946679592133,"1"
"Drews","3",20261003,"TCGA-N5-A59E","UCS","1",0.999862670898438,"1"
"Drews","3",20261003,"TCGA-N6-A4VF","UCS","2",0.932511210441589,"1"
"Drews","3",20261003,"TCGA-N7-A4Y8","UCS","1",0.99806147813797,"1"
"Drews","3",20261003,"TCGA-N8-A4PO","UCS","1",0.999962687492371,"1"
"Drews","3",20261003,"TCGA-NF-A4X2","UCS","1",0.999950885772705,"1"
"Drews","3",20261003,"TCGA-NF-A5CP","UCS","1",0.999906539916992,"1"
"Drews","3",20261003,"TCGA-NG-A4VU","UCS","1",0.999886870384216,"1"
"Drews","3",20261003,"TCGA-V4-A9EK","UVM","1",0.0861441195011139,"2"
"Drews","3",20261003,"TCGA-VD-A8KF","UVM","2",0.00766030512750149,"2"
"Drews","3",20261003,"TCGA-VD-A8KN","UVM","2",0.00300961243920028,"2"
"Drews","3",20261003,"TCGA-WC-A87W","UVM","2",0.0618089661002159,"2"
"Drews","4",20261004,"TCGA-OR-A5J2","ACC","1",0.401564717292786,"2"
"Drews","4",20261004,"TCGA-OR-A5J3","ACC","2",0.132515102624893,"2"
"Drews","4",20261004,"TCGA-OR-A5J6","ACC","2",0.433286190032959,"2"
"Drews","4",20261004,"TCGA-OR-A5JI","ACC","2",0.0184255074709654,"2"
"Drews","4",20261004,"TCGA-OR-A5K4","ACC","2",0.687039077281952,"1"
"Drews","4",20261004,"TCGA-OR-A5K5","ACC","1",0.91969096660614,"1"
"Drews","4",20261004,"TCGA-OR-A5LK","ACC","2",0.523878395557404,"1"
"Drews","4",20261004,"TCGA-OR-A5LL","ACC","1",0.272126287221909,"2"
"Drews","4",20261004,"TCGA-4Z-AA7S","BLCA","1",0.987931311130524,"1"
"Drews","4",20261004,"TCGA-BL-A0C8","BLCA","1",0.983856558799744,"1"
"Drews","4",20261004,"TCGA-BT-A0S7","BLCA","1",0.993643403053284,"1"
"Drews","4",20261004,"TCGA-BT-A2LA","BLCA","1",0.999894022941589,"1"
"Drews","4",20261004,"TCGA-BT-A42C","BLCA","1",0.999205410480499,"1"
"Drews","4",20261004,"TCGA-CF-A8HY","BLCA","1",0.9987553358078,"1"
"Drews","4",20261004,"TCGA-DK-A2I6","BLCA","1",0.999364793300629,"1"
"Drews","4",20261004,"TCGA-DK-A3IM","BLCA","1",0.999860048294067,"1"
"Drews","4",20261004,"TCGA-DK-A3IT","BLCA","1",0.997886002063751,"1"
"Drews","4",20261004,"TCGA-DK-A3X2","BLCA","1",0.998533725738525,"1"
"Drews","4",20261004,"TCGA-DK-A6B1","BLCA","1",0.961818635463715,"1"
"Drews","4",20261004,"TCGA-DK-AA6L","BLCA","1",0.999919414520264,"1"
"Drews","4",20261004,"TCGA-DK-AA6M","BLCA","1",0.997458279132843,"1"
"Drews","4",20261004,"TCGA-DK-AA71","BLCA","1",0.987767338752747,"1"
"Drews","4",20261004,"TCGA-DK-AA76","BLCA","1",0.999533414840698,"1"
"Drews","4",20261004,"TCGA-FD-A3SJ","BLCA","1",0.999993443489075,"1"
"Drews","4",20261004,"TCGA-G2-AA3F","BLCA","1",0.999158382415771,"1"
"Drews","4",20261004,"TCGA-GC-A3RD","BLCA","1",0.999996542930603,"1"
"Drews","4",20261004,"TCGA-GU-AATP","BLCA","1",0.99997353553772,"1"
"Drews","4",20261004,"TCGA-GV-A3QH","BLCA","1",0.999967932701111,"1"
"Drews","4",20261004,"TCGA-HQ-A2OE","BLCA","1",0.998757719993591,"1"
"Drews","4",20261004,"TCGA-K4-A3WV","BLCA","1",0.999935865402222,"1"
"Drews","4",20261004,"TCGA-KQ-A41R","BLCA","1",0.996713042259216,"1"
"Drews","4",20261004,"TCGA-PQ-A6FI","BLCA","1",0.995240092277527,"1"
"Drews","4",20261004,"TCGA-UY-A78N","BLCA","1",0.912729144096375,"1"
"Drews","4",20261004,"TCGA-UY-A78O","BLCA","1",0.998726785182953,"1"
"Drews","4",20261004,"TCGA-UY-A8OB","BLCA","1",0.999675869941711,"1"
"Drews","4",20261004,"TCGA-UY-A9PD","BLCA","1",0.999605476856232,"1"
"Drews","4",20261004,"TCGA-XF-AAMX","BLCA","1",0.999225258827209,"1"
"Drews","4",20261004,"TCGA-XF-AAN2","BLCA","1",0.999437868595123,"1"
"Drews","4",20261004,"TCGA-ZF-A9R1","BLCA","1",0.999143004417419,"1"
"Drews","4",20261004,"TCGA-ZF-A9R4","BLCA","1",0.996108829975128,"1"
"Drews","4",20261004,"TCGA-ZF-A9RE","BLCA","1",0.987685918807983,"1"
"Drews","4",20261004,"TCGA-A1-A0SF","BRCA","1",0.736350238323212,"1"
"Drews","4",20261004,"TCGA-A2-A0EO","BRCA","2",0.120043843984604,"2"
"Drews","4",20261004,"TCGA-A2-A0EX","BRCA","1",0.35089498758316,"2"
"Drews","4",20261004,"TCGA-A2-A0T0","BRCA","1",0.999205648899078,"1"
"Drews","4",20261004,"TCGA-A2-A0YC","BRCA","2",0.0820857286453247,"2"
"Drews","4",20261004,"TCGA-A2-A25B","BRCA","1",0.999923706054688,"1"
"Drews","4",20261004,"TCGA-A7-A0CD","BRCA","2",0.962840259075165,"1"
"Drews","4",20261004,"TCGA-A7-A0CJ","BRCA","1",0.998729288578033,"1"
"Drews","4",20261004,"TCGA-A7-A0D9","BRCA","1",0.990265429019928,"1"
"Drews","4",20261004,"TCGA-A7-A13F","BRCA","1",0.929045081138611,"1"
"Drews","4",20261004,"TCGA-A7-A26F","BRCA","1",0.999468982219696,"1"
"Drews","4",20261004,"TCGA-A7-A26I","BRCA","1",0.999889016151428,"1"
"Drews","4",20261004,"TCGA-A8-A06N","BRCA","1",0.961059987545013,"1"
"Drews","4",20261004,"TCGA-A8-A06Q","BRCA","1",0.997495591640472,"1"
"Drews","4",20261004,"TCGA-A8-A06X","BRCA","1",0.999904870986938,"1"
"Drews","4",20261004,"TCGA-A8-A07E","BRCA","1",0.989947021007538,"1"
"Drews","4",20261004,"TCGA-A8-A07I","BRCA","1",0.999848127365112,"1"
"Drews","4",20261004,"TCGA-A8-A081","BRCA","1",0.999218463897705,"1"
"Drews","4",20261004,"TCGA-A8-A08F","BRCA","1",0.999911189079285,"1"
"Drews","4",20261004,"TCGA-A8-A08O","BRCA","1",0.993619859218597,"1"
"Drews","4",20261004,"TCGA-A8-A093","BRCA","1",0.337935209274292,"2"
"Drews","4",20261004,"TCGA-A8-A09W","BRCA","1",0.996493518352509,"1"
"Drews","4",20261004,"TCGA-AC-A23E","BRCA","2",0.55337518453598,"1"
"Drews","4",20261004,"TCGA-AC-A23H","BRCA","1",0.999726116657257,"1"
"Drews","4",20261004,"TCGA-AC-A5EH","BRCA","1",0.970165848731995,"1"
"Drews","4",20261004,"TCGA-AC-A5XU","BRCA","1",0.994880676269531,"1"
"Drews","4",20261004,"TCGA-AN-A0AL","BRCA","1",0.999573528766632,"1"
"Drews","4",20261004,"TCGA-AN-A0AR","BRCA","1",0.999631643295288,"1"
"Drews","4",20261004,"TCGA-AN-A0FV","BRCA","1",0.999633312225342,"1"
"Drews","4",20261004,"TCGA-AN-A0FW","BRCA","1",0.996545016765594,"1"
"Drews","4",20261004,"TCGA-AO-A03N","BRCA","1",0.99575412273407,"1"
"Drews","4",20261004,"TCGA-AO-A0J2","BRCA","1",0.999886155128479,"1"
"Drews","4",20261004,"TCGA-AO-A1KR","BRCA","1",0.999962449073792,"1"
"Drews","4",20261004,"TCGA-AQ-A04J","BRCA","1",0.999899744987488,"1"
"Drews","4",20261004,"TCGA-AR-A0TP","BRCA","1",0.999977946281433,"1"
"Drews","4",20261004,"TCGA-AR-A0U3","BRCA","1",0.998636066913605,"1"
"Drews","4",20261004,"TCGA-AR-A1AQ","BRCA","1",0.999513506889343,"1"
"Drews","4",20261004,"TCGA-AR-A24N","BRCA","2",0.576370894908905,"1"
"Drews","4",20261004,"TCGA-AR-A24Q","BRCA","1",0.999700427055359,"1"
"Drews","4",20261004,"TCGA-AR-A24Z","BRCA","1",0.999910831451416,"1"
"Drews","4",20261004,"TCGA-B6-A0IA","BRCA","1",0.956619203090668,"1"
"Drews","4",20261004,"TCGA-B6-A0IN","BRCA","1",0.997424840927124,"1"
"Drews","4",20261004,"TCGA-B6-A0RL","BRCA","1",0.997936010360718,"1"
"Drews","4",20261004,"TCGA-B6-A0RS","BRCA","1",0.999477922916412,"1"
"Drews","4",20261004,"TCGA-BH-A0AW","BRCA","1",0.999902725219727,"1"
"Drews","4",20261004,"TCGA-BH-A0AZ","BRCA","1",0.987044870853424,"1"
"Drews","4",20261004,"TCGA-BH-A0BP","BRCA","1",0.990697264671326,"1"
"Drews","4",20261004,"TCGA-BH-A0C7","BRCA","1",0.999820530414581,"1"
"Drews","4",20261004,"TCGA-BH-A0DG","BRCA","1",0.99985682964325,"1"
"Drews","4",20261004,"TCGA-BH-A0E2","BRCA","1",0.999338090419769,"1"
"Drews","4",20261004,"TCGA-BH-A0HB","BRCA","1",0.996329486370087,"1"
"Drews","4",20261004,"TCGA-BH-A0HQ","BRCA","2",0.138227596879005,"2"
"Drews","4",20261004,"TCGA-BH-A0HX","BRCA","1",0.999655604362488,"1"
"Drews","4",20261004,"TCGA-BH-A0WA","BRCA","1",0.999994277954102,"1"
"Drews","4",20261004,"TCGA-BH-A1F6","BRCA","1",0.999861478805542,"1"
"Drews","4",20261004,"TCGA-BH-A1FE","BRCA","1",0.997654497623444,"1"
"Drews","4",20261004,"TCGA-BH-A1FL","BRCA","2",0.212061747908592,"2"
"Drews","4",20261004,"TCGA-C8-A12M","BRCA","1",0.999672651290894,"1"
"Drews","4",20261004,"TCGA-C8-A12W","BRCA","1",0.999563992023468,"1"
"Drews","4",20261004,"TCGA-C8-A130","BRCA","1",0.999992966651917,"1"
"Drews","4",20261004,"TCGA-C8-A132","BRCA","1",0.999692916870117,"1"
"Drews","4",20261004,"TCGA-C8-A26Z","BRCA","1",0.997135877609253,"1"
"Drews","4",20261004,"TCGA-C8-A275","BRCA","1",0.999195516109467,"1"
"Drews","4",20261004,"TCGA-D8-A1J8","BRCA","2",0.99762624502182,"1"
"Drews","4",20261004,"TCGA-D8-A1XJ","BRCA","1",0.999969244003296,"1"
"Drews","4",20261004,"TCGA-D8-A1XL","BRCA","1",0.999543488025665,"1"
"Drews","4",20261004,"TCGA-D8-A1XQ","BRCA","1",0.999879479408264,"1"
"Drews","4",20261004,"TCGA-D8-A1Y3","BRCA","1",0.99806421995163,"1"
"Drews","4",20261004,"TCGA-D8-A27H","BRCA","1",0.999956369400024,"1"
"Drews","4",20261004,"TCGA-E2-A14O","BRCA","2",0.945779800415039,"1"
"Drews","4",20261004,"TCGA-E2-A14T","BRCA","1",0.999818027019501,"1"
"Drews","4",20261004,"TCGA-E2-A14V","BRCA","1",0.999968767166138,"1"
"Drews","4",20261004,"TCGA-E2-A14X","BRCA","1",0.999871611595154,"1"
"Drews","4",20261004,"TCGA-E2-A14Z","BRCA","1",0.858982264995575,"1"
"Drews","4",20261004,"TCGA-E2-A15K","BRCA","1",0.929223716259003,"1"
"Drews","4",20261004,"TCGA-E2-A574","BRCA","1",0.99996030330658,"1"
"Drews","4",20261004,"TCGA-E9-A1N5","BRCA","1",0.96441376209259,"1"
"Drews","4",20261004,"TCGA-E9-A1N8","BRCA","1",0.999972462654114,"1"
"Drews","4",20261004,"TCGA-E9-A1RC","BRCA","1",0.976833343505859,"1"
"Drews","4",20261004,"TCGA-E9-A2JS","BRCA","1",0.999990224838257,"1"
"Drews","4",20261004,"TCGA-E9-A5UO","BRCA","1",0.998664975166321,"1"
"Drews","4",20261004,"TCGA-EW-A1IY","BRCA","2",0.929903149604797,"1"
"Drews","4",20261004,"TCGA-EW-A1OZ","BRCA","1",0.996143162250519,"1"
"Drews","4",20261004,"TCGA-EW-A1PD","BRCA","1",0.999935984611511,"1"
"Drews","4",20261004,"TCGA-EW-A1PH","BRCA","1",0.999976992607117,"1"
"Drews","4",20261004,"TCGA-EW-A6SC","BRCA","1",0.921291828155518,"1"
"Drews","4",20261004,"TCGA-GM-A2DF","BRCA","1",0.999945878982544,"1"
"Drews","4",20261004,"TCGA-GM-A3XL","BRCA","1",0.999372780323029,"1"
"Drews","4",20261004,"TCGA-HN-A2NL","BRCA","1",0.999452292919159,"1"
"Drews","4",20261004,"TCGA-LL-A73Y","BRCA","1",0.999310612678528,"1"
"Drews","4",20261004,"TCGA-OL-A5D7","BRCA","1",0.999963998794556,"1"
"Drews","4",20261004,"TCGA-OL-A5S0","BRCA","1",0.999880075454712,"1"
"Drews","4",20261004,"TCGA-PE-A5DE","BRCA","1",0.427556246519089,"2"
"Drews","4",20261004,"TCGA-S3-AA12","BRCA","1",0.926779985427856,"1"
"Drews","4",20261004,"TCGA-WT-AB44","BRCA","2",0.142062649130821,"2"
"Drews","4",20261004,"TCGA-C5-A1BL","CESC","1",0.997726380825043,"1"
"Drews","4",20261004,"TCGA-C5-A2LV","CESC","1",0.985783457756042,"1"
"Drews","4",20261004,"TCGA-C5-A7UC","CESC","2",0.976339101791382,"1"
"Drews","4",20261004,"TCGA-C5-A7UE","CESC","2",0.976100742816925,"1"
"Drews","4",20261004,"TCGA-C5-A7X5","CESC","1",0.999502420425415,"1"
"Drews","4",20261004,"TCGA-DG-A2KK","CESC","2",0.613703012466431,"1"
"Drews","4",20261004,"TCGA-EK-A2RL","CESC","1",0.852683126926422,"1"
"Drews","4",20261004,"TCGA-EX-A69M","CESC","2",0.998684942722321,"1"
"Drews","4",20261004,"TCGA-FU-A5XV","CESC","2",0.279597640037537,"2"
"Drews","4",20261004,"TCGA-JX-A3Q0","CESC","2",0.291150093078613,"2"
"Drews","4",20261004,"TCGA-VS-A8QC","CESC","1",0.998832762241364,"1"
"Drews","4",20261004,"TCGA-VS-A9U6","CESC","1",0.998895764350891,"1"
"Drews","4",20261004,"TCGA-VS-A9UM","CESC","1",0.967115700244904,"1"
"Drews","4",20261004,"TCGA-VS-A9UO","CESC","1",0.999673247337341,"1"
"Drews","4",20261004,"TCGA-VS-A9UQ","CESC","1",0.994161665439606,"1"
"Drews","4",20261004,"TCGA-VS-A9V0","CESC","1",0.99940550327301,"1"
"Drews","4",20261004,"TCGA-W5-AA2T","CHOL","1",0.998599827289581,"1"
"Drews","4",20261004,"TCGA-A6-2677","COAD","1",0.927340805530548,"1"
"Drews","4",20261004,"TCGA-AA-3549","COAD","1",0.992405235767365,"1"
"Drews","4",20261004,"TCGA-AA-3666","COAD","1",0.99855250120163,"1"
"Drews","4",20261004,"TCGA-AA-3692","COAD","2",0.964078605175018,"1"
"Drews","4",20261004,"TCGA-AA-3852","COAD","2",0.544254720211029,"1"
"Drews","4",20261004,"TCGA-AA-3952","COAD","1",0.999742567539215,"1"
"Drews","4",20261004,"TCGA-AA-A01S","COAD","1",0.993820130825043,"1"
"Drews","4",20261004,"TCGA-AA-A01Z","COAD","1",0.981638431549072,"1"
"Drews","4",20261004,"TCGA-AA-A022","COAD","2",0.11494892090559,"2"
"Drews","4",20261004,"TCGA-AM-5820","COAD","1",0.961031317710876,"1"
"Drews","4",20261004,"TCGA-AZ-4615","COAD","2",0.101194068789482,"2"
"Drews","4",20261004,"TCGA-CA-5797","COAD","1",0.898449659347534,"1"
"Drews","4",20261004,"TCGA-CA-6718","COAD","2",0.974644243717194,"1"
"Drews","4",20261004,"TCGA-CK-6751","COAD","2",0.0201927609741688,"2"
"Drews","4",20261004,"TCGA-CM-5862","COAD","1",0.997821450233459,"1"
"Drews","4",20261004,"TCGA-CM-6170","COAD","1",0.75372040271759,"1"
"Drews","4",20261004,"TCGA-CM-6675","COAD","1",0.9950190782547,"1"
"Drews","4",20261004,"TCGA-D5-5537","COAD","2",0.108366392552853,"2"
"Drews","4",20261004,"TCGA-DM-A1DA","COAD","1",0.498684763908386,"2"
"Drews","4",20261004,"TCGA-DM-A28F","COAD","1",0.991633176803589,"1"
"Drews","4",20261004,"TCGA-G4-6626","COAD","1",0.993999838829041,"1"
"Drews","4",20261004,"TCGA-VB-A8QN","DLBC","1",0.963861048221588,"1"
"Drews","4",20261004,"TCGA-IG-A3YB","ESCA","1",0.915562033653259,"1"
"Drews","4",20261004,"TCGA-IG-A8O2","ESCA","1",0.998298466205597,"1"
"Drews","4",20261004,"TCGA-JY-A6FE","ESCA","1",0.999763309955597,"1"
"Drews","4",20261004,"TCGA-JY-A93E","ESCA","1",0.999868512153625,"1"
"Drews","4",20261004,"TCGA-L5-A4OP","ESCA","1",0.9999098777771,"1"
"Drews","4",20261004,"TCGA-L5-A8NF","ESCA","1",0.997514724731445,"1"
"Drews","4",20261004,"TCGA-L5-A8NN","ESCA","1",0.999198257923126,"1"
"Drews","4",20261004,"TCGA-L5-A8NS","ESCA","1",0.999365866184235,"1"
"Drews","4",20261004,"TCGA-LN-A49M","ESCA","1",0.999906063079834,"1"
"Drews","4",20261004,"TCGA-LN-A49U","ESCA","1",0.998284161090851,"1"
"Drews","4",20261004,"TCGA-LN-A4A2","ESCA","1",0.999873161315918,"1"
"Drews","4",20261004,"TCGA-LN-A4A4","ESCA","1",0.997394919395447,"1"
"Drews","4",20261004,"TCGA-LN-A4A9","ESCA","1",0.961844325065613,"1"
"Drews","4",20261004,"TCGA-LN-A4MQ","ESCA","1",0.999879360198975,"1"
"Drews","4",20261004,"TCGA-LN-A5U5","ESCA","1",0.991811513900757,"1"
"Drews","4",20261004,"TCGA-V5-A7RC","ESCA","1",0.999919772148132,"1"
"Drews","4",20261004,"TCGA-VR-A8EY","ESCA","1",0.999101519584656,"1"
"Drews","4",20261004,"TCGA-Z6-A8JE","ESCA","1",0.999893188476562,"1"
"Drews","4",20261004,"TCGA-06-2558","GBM","1",0.959578692913055,"1"
"Drews","4",20261004,"TCGA-06-2562","GBM","2",0.751800894737244,"1"
"Drews","4",20261004,"TCGA-26-5133","GBM","1",0.995648205280304,"1"
"Drews","4",20261004,"TCGA-27-1837","GBM","2",0.567483186721802,"1"
"Drews","4",20261004,"TCGA-27-2521","GBM","1",0.987470686435699,"1"
"Drews","4",20261004,"TCGA-28-5218","GBM","2",0.978024125099182,"1"
"Drews","4",20261004,"TCGA-BA-4075","HNSC","1",0.995973169803619,"1"
"Drews","4",20261004,"TCGA-BA-4076","HNSC","1",0.998092949390411,"1"
"Drews","4",20261004,"TCGA-BA-6870","HNSC","1",0.999787986278534,"1"
"Drews","4",20261004,"TCGA-BA-7269","HNSC","1",0.99458634853363,"1"
"Drews","4",20261004,"TCGA-BA-A6DE","HNSC","1",0.999677300453186,"1"
"Drews","4",20261004,"TCGA-BB-A5HY","HNSC","1",0.999812543392181,"1"
"Drews","4",20261004,"TCGA-CN-6010","HNSC","1",0.975661516189575,"1"
"Drews","4",20261004,"TCGA-CN-6024","HNSC","1",0.999244451522827,"1"
"Drews","4",20261004,"TCGA-CQ-6228","HNSC","1",0.999772369861603,"1"
"Drews","4",20261004,"TCGA-CV-6935","HNSC","1",0.99658739566803,"1"
"Drews","4",20261004,"TCGA-CV-7255","HNSC","1",0.99612820148468,"1"
"Drews","4",20261004,"TCGA-CV-7263","HNSC","2",0.980247378349304,"1"
"Drews","4",20261004,"TCGA-CV-7406","HNSC","1",0.989893138408661,"1"
"Drews","4",20261004,"TCGA-CV-7414","HNSC","1",0.985095024108887,"1"
"Drews","4",20261004,"TCGA-CV-A6JE","HNSC","1",0.99288684129715,"1"
"Drews","4",20261004,"TCGA-CV-A6K2","HNSC","2",0.486409366130829,"2"
"Drews","4",20261004,"TCGA-HD-7831","HNSC","1",0.981939852237701,"1"
"Drews","4",20261004,"TCGA-IQ-7630","HNSC","1",0.98710560798645,"1"
"Drews","4",20261004,"TCGA-MT-A51X","HNSC","1",0.956827580928802,"1"
"Drews","4",20261004,"TCGA-MT-A7BN","HNSC","1",0.986914217472076,"1"
"Drews","4",20261004,"TCGA-QK-A6IJ","HNSC","1",0.963193833827972,"1"
"Drews","4",20261004,"TCGA-T2-A6WX","HNSC","2",0.00446766102686524,"2"
"Drews","4",20261004,"TCGA-UF-A719","HNSC","1",0.995335519313812,"1"
"Drews","4",20261004,"TCGA-KL-8327","KICH","2",0.137923210859299,"2"
"Drews","4",20261004,"TCGA-KL-8336","KICH","2",0.146388128399849,"2"
"Drews","4",20261004,"TCGA-KL-8341","KICH","1",0.241622790694237,"2"
"Drews","4",20261004,"TCGA-KL-8342","KICH","2",0.00249452120624483,"2"
"Drews","4",20261004,"TCGA-KL-8346","KICH","2",0.120867297053337,"2"
"Drews","4",20261004,"TCGA-KM-8438","KICH","2",0.0026188453193754,"2"
"Drews","4",20261004,"TCGA-KN-8429","KICH","2",0.039968803524971,"2"
"Drews","4",20261004,"TCGA-A3-3380","KIRC","2",0.00434068357571959,"2"
"Drews","4",20261004,"TCGA-B0-4712","KIRC","2",0.21332074701786,"2"
"Drews","4",20261004,"TCGA-B0-5696","KIRC","2",0.000249964301474392,"2"
"Drews","4",20261004,"TCGA-B2-4102","KIRC","2",0.00143723166547716,"2"
"Drews","4",20261004,"TCGA-BP-4161","KIRC","2",0.000578222912736237,"2"
"Drews","4",20261004,"TCGA-BP-5175","KIRC","1",0.00180288241244853,"2"
"Drews","4",20261004,"TCGA-BP-5199","KIRC","2",0.0147773306816816,"2"
"Drews","4",20261004,"TCGA-CJ-4902","KIRC","2",0.00189321849029511,"2"
"Drews","4",20261004,"TCGA-CJ-5678","KIRC","2",0.00424193544313312,"2"
"Drews","4",20261004,"TCGA-CJ-5679","KIRC","2",0.00101878633722663,"2"
"Drews","4",20261004,"TCGA-CJ-6033","KIRC","2",0.00816482026129961,"2"
"Drews","4",20261004,"TCGA-CW-5585","KIRC","2",0.00294203637167811,"2"
"Drews","4",20261004,"TCGA-CZ-5984","KIRC","2",9.74745489656925e-05,"2"
"Drews","4",20261004,"TCGA-DV-5568","KIRC","2",0.000523330527357757,"2"
"Drews","4",20261004,"TCGA-G6-A8L6","KIRC","2",0.00148019660264254,"2"
"Drews","4",20261004,"TCGA-2Z-A9JR","KIRP","2",0.00107414147350937,"2"
"Drews","4",20261004,"TCGA-2Z-A9JS","KIRP","2",0.0344490371644497,"2"
"Drews","4",20261004,"TCGA-A4-A5DU","KIRP","2",0.0949655398726463,"2"
"Drews","4",20261004,"TCGA-B9-A44B","KIRP","1",0.097958967089653,"2"
"Drews","4",20261004,"TCGA-BQ-5878","KIRP","1",0.0225328765809536,"2"
"Drews","4",20261004,"TCGA-G7-A8LB","KIRP","2",0.0455889739096165,"2"
"Drews","4",20261004,"TCGA-G7-A8LC","KIRP","2",0.00276662339456379,"2"
"Drews","4",20261004,"TCGA-GL-7773","KIRP","2",0.639204323291779,"1"
"Drews","4",20261004,"TCGA-P4-A5E8","KIRP","2",0.0489149242639542,"2"
"Drews","4",20261004,"TCGA-DB-A4XE","LGG","2",0.0611955672502518,"2"
"Drews","4",20261004,"TCGA-DH-A7US","LGG","2",0.00523487711325288,"2"
"Drews","4",20261004,"TCGA-DH-A7UV","LGG","2",0.105381511151791,"2"
"Drews","4",20261004,"TCGA-DU-5853","LGG","2",0.105504438281059,"2"
"Drews","4",20261004,"TCGA-DU-6410","LGG","2",0.043430469930172,"2"
"Drews","4",20261004,"TCGA-DU-7294","LGG","2",0.0101012140512466,"2"
"Drews","4",20261004,"TCGA-DU-A7T6","LGG","1",0.29617503285408,"2"
"Drews","4",20261004,"TCGA-E1-A7YD","LGG","1",0.955992102622986,"1"
"Drews","4",20261004,"TCGA-FG-6689","LGG","2",0.154882699251175,"2"
"Drews","4",20261004,"TCGA-HT-7474","LGG","2",0.132156237959862,"2"
"Drews","4",20261004,"TCGA-HT-7692","LGG","2",0.00128218333702534,"2"
"Drews","4",20261004,"TCGA-HT-7855","LGG","2",0.322764217853546,"2"
"Drews","4",20261004,"TCGA-HT-7860","LGG","2",0.0749696791172028,"2"
"Drews","4",20261004,"TCGA-HT-7875","LGG","2",0.000398123695049435,"2"
"Drews","4",20261004,"TCGA-HT-A61C","LGG","2",0.876017510890961,"1"
"Drews","4",20261004,"TCGA-HW-8319","LGG","2",0.135021820664406,"2"
"Drews","4",20261004,"TCGA-P5-A5F4","LGG","2",0.430057287216187,"2"
"Drews","4",20261004,"TCGA-P5-A77W","LGG","2",0.0149674247950315,"2"
"Drews","4",20261004,"TCGA-P5-A780","LGG","1",0.390653520822525,"2"
"Drews","4",20261004,"TCGA-S9-A6TY","LGG","2",0.00538959540426731,"2"
"Drews","4",20261004,"TCGA-S9-A6U5","LGG","2",0.000878398073837161,"2"
"Drews","4",20261004,"TCGA-S9-A7R1","LGG","2",0.00572053715586662,"2"
"Drews","4",20261004,"TCGA-TM-A84G","LGG","2",0.00435482943430543,"2"
"Drews","4",20261004,"TCGA-VM-A8CA","LGG","2",0.0487490929663181,"2"
"Drews","4",20261004,"TCGA-2Y-A9H0","LIHC","1",0.952119410037994,"1"
"Drews","4",20261004,"TCGA-2Y-A9H4","LIHC","1",0.727728962898254,"1"
"Drews","4",20261004,"TCGA-2Y-A9H6","LIHC","1",0.767481207847595,"1"
"Drews","4",20261004,"TCGA-2Y-A9HA","LIHC","1",0.980068802833557,"1"
"Drews","4",20261004,"TCGA-3K-AAZ8","LIHC","2",0.120813816785812,"2"
"Drews","4",20261004,"TCGA-CC-5260","LIHC","1",0.388094335794449,"2"
"Drews","4",20261004,"TCGA-DD-A3A3","LIHC","2",0.413705796003342,"2"
"Drews","4",20261004,"TCGA-DD-A3A5","LIHC","1",0.837236225605011,"1"
"Drews","4",20261004,"TCGA-DD-A73G","LIHC","1",0.968311429023743,"1"
"Drews","4",20261004,"TCGA-DD-AADF","LIHC","1",0.985939621925354,"1"
"Drews","4",20261004,"TCGA-DD-AADL","LIHC","1",0.92378568649292,"1"
"Drews","4",20261004,"TCGA-DD-AAEI","LIHC","1",0.520225465297699,"1"
"Drews","4",20261004,"TCGA-ED-A459","LIHC","1",0.990033566951752,"1"
"Drews","4",20261004,"TCGA-FV-A496","LIHC","1",0.939651608467102,"1"
"Drews","4",20261004,"TCGA-G3-A25Y","LIHC","1",0.994399964809418,"1"
"Drews","4",20261004,"TCGA-G3-AAUZ","LIHC","1",0.955447912216187,"1"
"Drews","4",20261004,"TCGA-K7-A6G5","LIHC","2",0.25535637140274,"2"
"Drews","4",20261004,"TCGA-LG-A9QD","LIHC","2",0.0113979894667864,"2"
"Drews","4",20261004,"TCGA-RC-A6M3","LIHC","1",0.980462551116943,"1"
"Drews","4",20261004,"TCGA-RC-A7SK","LIHC","1",0.859316408634186,"1"
"Drews","4",20261004,"TCGA-T1-A6J8","LIHC","1",0.752601146697998,"1"
"Drews","4",20261004,"TCGA-05-4250","LUAD","1",0.982479929924011,"1"
"Drews","4",20261004,"TCGA-05-4389","LUAD","1",0.999982953071594,"1"
"Drews","4",20261004,"TCGA-05-4395","LUAD","1",0.997185289859772,"1"
"Drews","4",20261004,"TCGA-05-4396","LUAD","1",0.998435795307159,"1"
"Drews","4",20261004,"TCGA-05-4425","LUAD","2",0.929034352302551,"1"
"Drews","4",20261004,"TCGA-05-4432","LUAD","1",0.999987840652466,"1"
"Drews","4",20261004,"TCGA-05-5429","LUAD","2",0.974372744560242,"1"
"Drews","4",20261004,"TCGA-05-5715","LUAD","1",0.986831665039062,"1"
"Drews","4",20261004,"TCGA-38-4630","LUAD","1",0.999993205070496,"1"
"Drews","4",20261004,"TCGA-44-A47B","LUAD","1",0.995012044906616,"1"
"Drews","4",20261004,"TCGA-50-5935","LUAD","1",0.988748788833618,"1"
"Drews","4",20261004,"TCGA-55-5899","LUAD","1",0.999937415122986,"1"
"Drews","4",20261004,"TCGA-55-7994","LUAD","1",0.99628096818924,"1"
"Drews","4",20261004,"TCGA-64-1680","LUAD","2",0.8365877866745,"1"
"Drews","4",20261004,"TCGA-69-7760","LUAD","1",0.999938488006592,"1"
"Drews","4",20261004,"TCGA-73-4662","LUAD","1",0.998001992702484,"1"
"Drews","4",20261004,"TCGA-78-7146","LUAD","1",0.999925971031189,"1"
"Drews","4",20261004,"TCGA-78-7149","LUAD","1",0.8050297498703,"1"
"Drews","4",20261004,"TCGA-78-7153","LUAD","1",0.775915026664734,"1"
"Drews","4",20261004,"TCGA-78-8662","LUAD","1",0.999951720237732,"1"
"Drews","4",20261004,"TCGA-86-7713","LUAD","1",0.999794781208038,"1"
"Drews","4",20261004,"TCGA-86-7955","LUAD","1",0.999971508979797,"1"
"Drews","4",20261004,"TCGA-86-8054","LUAD","1",0.999894738197327,"1"
"Drews","4",20261004,"TCGA-86-8358","LUAD","1",0.999994397163391,"1"
"Drews","4",20261004,"TCGA-91-6831","LUAD","1",0.999958515167236,"1"
"Drews","4",20261004,"TCGA-97-7547","LUAD","1",0.90135133266449,"1"
"Drews","4",20261004,"TCGA-97-8547","LUAD","1",0.985763967037201,"1"
"Drews","4",20261004,"TCGA-21-1075","LUSC","1",0.999739110469818,"1"
"Drews","4",20261004,"TCGA-21-1078","LUSC","2",0.327739000320435,"2"
"Drews","4",20261004,"TCGA-22-4591","LUSC","1",0.999959707260132,"1"
"Drews","4",20261004,"TCGA-22-5478","LUSC","1",0.999559581279755,"1"
"Drews","4",20261004,"TCGA-22-A5C4","LUSC","1",0.999902844429016,"1"
"Drews","4",20261004,"TCGA-33-6737","LUSC","1",0.999896287918091,"1"
"Drews","4",20261004,"TCGA-33-AASJ","LUSC","1",0.998680174350739,"1"
"Drews","4",20261004,"TCGA-34-8456","LUSC","1",0.99899286031723,"1"
"Drews","4",20261004,"TCGA-37-3789","LUSC","1",0.99996018409729,"1"
"Drews","4",20261004,"TCGA-37-4135","LUSC","1",0.999961972236633,"1"
"Drews","4",20261004,"TCGA-39-5035","LUSC","1",0.99366283416748,"1"
"Drews","4",20261004,"TCGA-43-5670","LUSC","1",0.999241352081299,"1"
"Drews","4",20261004,"TCGA-43-7657","LUSC","1",0.999777853488922,"1"
"Drews","4",20261004,"TCGA-43-8115","LUSC","1",0.99995744228363,"1"
"Drews","4",20261004,"TCGA-52-7812","LUSC","1",0.999825060367584,"1"
"Drews","4",20261004,"TCGA-56-1622","LUSC","1",0.999122560024261,"1"
"Drews","4",20261004,"TCGA-56-7223","LUSC","1",0.999516844749451,"1"
"Drews","4",20261004,"TCGA-56-7580","LUSC","1",0.999675035476685,"1"
"Drews","4",20261004,"TCGA-60-2698","LUSC","1",0.999739348888397,"1"
"Drews","4",20261004,"TCGA-63-A5MW","LUSC","1",0.999981760978699,"1"
"Drews","4",20261004,"TCGA-66-2768","LUSC","1",0.999994397163391,"1"
"Drews","4",20261004,"TCGA-66-2789","LUSC","1",0.99998939037323,"1"
"Drews","4",20261004,"TCGA-66-2791","LUSC","1",0.998161971569061,"1"
"Drews","4",20261004,"TCGA-66-2795","LUSC","1",0.999826610088348,"1"
"Drews","4",20261004,"TCGA-68-8250","LUSC","1",0.999556005001068,"1"
"Drews","4",20261004,"TCGA-77-6842","LUSC","1",0.999526143074036,"1"
"Drews","4",20261004,"TCGA-77-7141","LUSC","1",0.99977844953537,"1"
"Drews","4",20261004,"TCGA-77-7142","LUSC","1",0.99982100725174,"1"
"Drews","4",20261004,"TCGA-85-8070","LUSC","1",0.999945044517517,"1"
"Drews","4",20261004,"TCGA-85-8584","LUSC","1",0.99961793422699,"1"
"Drews","4",20261004,"TCGA-90-A4EE","LUSC","1",0.996883928775787,"1"
"Drews","4",20261004,"TCGA-96-7544","LUSC","1",0.999913811683655,"1"
"Drews","4",20261004,"TCGA-98-A53A","LUSC","1",0.999968886375427,"1"
"Drews","4",20261004,"TCGA-O2-A52N","LUSC","1",0.999442160129547,"1"
"Drews","4",20261004,"TCGA-3H-AB3K","MESO","2",0.896835207939148,"1"
"Drews","4",20261004,"TCGA-3U-A98I","MESO","1",0.994309306144714,"1"
"Drews","4",20261004,"TCGA-MQ-A6BR","MESO","2",0.283610999584198,"2"
"Drews","4",20261004,"TCGA-XT-AASU","MESO","1",0.990086853504181,"1"
"Drews","4",20261004,"TCGA-09-0364","OV","1",0.99920254945755,"1"
"Drews","4",20261004,"TCGA-09-0369","OV","1",0.999698519706726,"1"
"Drews","4",20261004,"TCGA-09-2044","OV","1",0.999937295913696,"1"
"Drews","4",20261004,"TCGA-13-0897","OV","1",0.999921560287476,"1"
"Drews","4",20261004,"TCGA-13-0916","OV","1",0.999958515167236,"1"
"Drews","4",20261004,"TCGA-13-1403","OV","1",0.999985456466675,"1"
"Drews","4",20261004,"TCGA-13-1498","OV","1",0.999963521957397,"1"
"Drews","4",20261004,"TCGA-13-1505","OV","1",0.99973052740097,"1"
"Drews","4",20261004,"TCGA-13-1511","OV","1",0.997304439544678,"1"
"Drews","4",20261004,"TCGA-13-1512","OV","1",0.999962329864502,"1"
"Drews","4",20261004,"TCGA-23-1114","OV","1",0.999982476234436,"1"
"Drews","4",20261004,"TCGA-23-2078","OV","1",0.999106109142303,"1"
"Drews","4",20261004,"TCGA-24-1427","OV","1",0.999963641166687,"1"
"Drews","4",20261004,"TCGA-24-1430","OV","1",0.999231576919556,"1"
"Drews","4",20261004,"TCGA-24-1474","OV","1",0.999942302703857,"1"
"Drews","4",20261004,"TCGA-24-2262","OV","1",0.999691605567932,"1"
"Drews","4",20261004,"TCGA-24-2281","OV","1",0.999976873397827,"1"
"Drews","4",20261004,"TCGA-24-2298","OV","1",0.999499440193176,"1"
"Drews","4",20261004,"TCGA-25-1315","OV","1",0.999985694885254,"1"
"Drews","4",20261004,"TCGA-25-2392","OV","1",0.999981045722961,"1"
"Drews","4",20261004,"TCGA-25-2396","OV","1",0.999241948127747,"1"
"Drews","4",20261004,"TCGA-25-2397","OV","1",0.999599039554596,"1"
"Drews","4",20261004,"TCGA-25-2404","OV","1",0.99999213218689,"1"
"Drews","4",20261004,"TCGA-29-1696","OV","1",0.99769514799118,"1"
"Drews","4",20261004,"TCGA-29-1770","OV","1",0.999840021133423,"1"
"Drews","4",20261004,"TCGA-29-1783","OV","1",0.999904751777649,"1"
"Drews","4",20261004,"TCGA-30-1862","OV","1",0.999956488609314,"1"
"Drews","4",20261004,"TCGA-59-2351","OV","1",0.999981164932251,"1"
"Drews","4",20261004,"TCGA-5X-AA5U","OV","1",0.999727070331573,"1"
"Drews","4",20261004,"TCGA-61-1725","OV","1",0.999947190284729,"1"
"Drews","4",20261004,"TCGA-61-1728","OV","1",0.999868512153625,"1"
"Drews","4",20261004,"TCGA-61-1738","OV","1",0.999417781829834,"1"
"Drews","4",20261004,"TCGA-61-1998","OV","1",0.999952912330627,"1"
"Drews","4",20261004,"TCGA-3A-A9IZ","PAAD","1",0.999897480010986,"1"
"Drews","4",20261004,"TCGA-3A-A9J0","PAAD","1",0.999630212783813,"1"
"Drews","4",20261004,"TCGA-HV-A5A6","PAAD","1",0.999537706375122,"1"
"Drews","4",20261004,"TCGA-HZ-A9TJ","PAAD","1",0.934705376625061,"1"
"Drews","4",20261004,"TCGA-YY-A8LH","PAAD","2",0.688532948493958,"1"
"Drews","4",20261004,"TCGA-PR-A5PH","PCPG","2",0.00662118289619684,"2"
"Drews","4",20261004,"TCGA-QR-A6H6","PCPG","2",0.02880534902215,"2"
"Drews","4",20261004,"TCGA-QR-A6ZZ","PCPG","1",0.00352468434721231,"2"
"Drews","4",20261004,"TCGA-QR-A70M","PCPG","1",0.00774912862107158,"2"
"Drews","4",20261004,"TCGA-QR-A70V","PCPG","1",0.122324541211128,"2"
"Drews","4",20261004,"TCGA-RW-A689","PCPG","2",0.0292741451412439,"2"
"Drews","4",20261004,"TCGA-S7-A7X1","PCPG","2",0.00909091159701347,"2"
"Drews","4",20261004,"TCGA-SP-A6QK","PCPG","2",0.226676151156425,"2"
"Drews","4",20261004,"TCGA-SR-A6MR","PCPG","1",0.00438003428280354,"2"
"Drews","4",20261004,"TCGA-WB-A814","PCPG","2",0.0100939301773906,"2"
"Drews","4",20261004,"TCGA-CH-5751","PRAD","1",0.999550998210907,"1"
"Drews","4",20261004,"TCGA-CH-5769","PRAD","1",0.955954074859619,"1"
"Drews","4",20261004,"TCGA-EJ-7781","PRAD","2",0.872540771961212,"1"
"Drews","4",20261004,"TCGA-EJ-7782","PRAD","1",0.957749843597412,"1"
"Drews","4",20261004,"TCGA-FC-A4JI","PRAD","1",0.999366939067841,"1"
"Drews","4",20261004,"TCGA-HC-A6HY","PRAD","2",0.617278933525085,"1"
"Drews","4",20261004,"TCGA-HC-A8CY","PRAD","1",0.99933785200119,"1"
"Drews","4",20261004,"TCGA-KK-A7AP","PRAD","1",0.987678825855255,"1"
"Drews","4",20261004,"TCGA-KK-A8ID","PRAD","1",0.997253119945526,"1"
"Drews","4",20261004,"TCGA-KK-A8IK","PRAD","1",0.997344315052032,"1"
"Drews","4",20261004,"TCGA-M7-A724","PRAD","1",0.970824599266052,"1"
"Drews","4",20261004,"TCGA-V1-A9OL","PRAD","1",0.999716818332672,"1"
"Drews","4",20261004,"TCGA-VN-A943","PRAD","1",0.666308701038361,"1"
"Drews","4",20261004,"TCGA-VP-A87D","PRAD","1",0.977830350399017,"1"
"Drews","4",20261004,"TCGA-XK-AAJA","PRAD","1",0.978257298469543,"1"
"Drews","4",20261004,"TCGA-ZG-A8QX","PRAD","1",0.981270849704742,"1"
"Drews","4",20261004,"TCGA-ZG-A8QY","PRAD","1",0.986541867256165,"1"
"Drews","4",20261004,"TCGA-ZG-A9LZ","PRAD","1",0.973828554153442,"1"
"Drews","4",20261004,"TCGA-AG-3594","READ","1",0.985727369785309,"1"
"Drews","4",20261004,"TCGA-AG-3726","READ","1",0.972789704799652,"1"
"Drews","4",20261004,"TCGA-AG-3878","READ","2",0.918148398399353,"1"
"Drews","4",20261004,"TCGA-AG-3881","READ","1",0.989228487014771,"1"
"Drews","4",20261004,"TCGA-AG-4022","READ","2",0.351897239685059,"2"
"Drews","4",20261004,"TCGA-AG-A01Y","READ","1",0.999745070934296,"1"
"Drews","4",20261004,"TCGA-AG-A02N","READ","2",0.949419379234314,"1"
"Drews","4",20261004,"TCGA-DC-6682","READ","1",0.994809865951538,"1"
"Drews","4",20261004,"TCGA-DY-A1DG","READ","1",0.99575811624527,"1"
"Drews","4",20261004,"TCGA-3B-A9HO","SARC","1",0.973880887031555,"1"
"Drews","4",20261004,"TCGA-3B-A9HX","SARC","1",0.998204231262207,"1"
"Drews","4",20261004,"TCGA-3R-A8YX","SARC","1",0.999613344669342,"1"
"Drews","4",20261004,"TCGA-DX-A3U5","SARC","1",0.999766170978546,"1"
"Drews","4",20261004,"TCGA-DX-A3U9","SARC","1",0.99982613325119,"1"
"Drews","4",20261004,"TCGA-DX-A6YS","SARC","1",0.99325704574585,"1"
"Drews","4",20261004,"TCGA-DX-A8BH","SARC","1",0.989744961261749,"1"
"Drews","4",20261004,"TCGA-DX-A8BL","SARC","1",0.975918054580688,"1"
"Drews","4",20261004,"TCGA-DX-A8BM","SARC","1",0.999494910240173,"1"
"Drews","4",20261004,"TCGA-DX-AB2F","SARC","1",0.999051988124847,"1"
"Drews","4",20261004,"TCGA-DX-AB2W","SARC","1",0.994563400745392,"1"
"Drews","4",20261004,"TCGA-DX-AB2X","SARC","1",0.999271333217621,"1"
"Drews","4",20261004,"TCGA-DX-AB32","SARC","1",0.999391674995422,"1"
"Drews","4",20261004,"TCGA-HB-A3YV","SARC","1",0.999386072158813,"1"
"Drews","4",20261004,"TCGA-JV-A75J","SARC","1",0.999473869800568,"1"
"Drews","4",20261004,"TCGA-KD-A5QS","SARC","1",0.999799072742462,"1"
"Drews","4",20261004,"TCGA-KD-A5QU","SARC","1",0.999131977558136,"1"
"Drews","4",20261004,"TCGA-LI-A67I","SARC","1",0.994262218475342,"1"
"Drews","4",20261004,"TCGA-N1-A6IA","SARC","1",0.991962373256683,"1"
"Drews","4",20261004,"TCGA-QQ-A5VB","SARC","1",0.999230742454529,"1"
"Drews","4",20261004,"TCGA-RN-AAAQ","SARC","1",0.837241411209106,"1"
"Drews","4",20261004,"TCGA-SI-A71O","SARC","1",0.996386170387268,"1"
"Drews","4",20261004,"TCGA-SI-AA8C","SARC","1",0.979883015155792,"1"
"Drews","4",20261004,"TCGA-WP-A9GB","SARC","1",0.988384604454041,"1"
"Drews","4",20261004,"TCGA-BF-AAP4","SKCM","1",0.967326939105988,"1"
"Drews","4",20261004,"TCGA-BF-AAP6","SKCM","1",0.830731987953186,"1"
"Drews","4",20261004,"TCGA-DA-A960","SKCM","2",0.846829533576965,"1"
"Drews","4",20261004,"TCGA-EB-A41A","SKCM","2",0.894138813018799,"1"
"Drews","4",20261004,"TCGA-EB-A41B","SKCM","1",0.997005879878998,"1"
"Drews","4",20261004,"TCGA-EB-A431","SKCM","1",0.975400030612946,"1"
"Drews","4",20261004,"TCGA-EB-A4IQ","SKCM","1",0.946933805942535,"1"
"Drews","4",20261004,"TCGA-EB-A4OY","SKCM","1",0.752527892589569,"1"
"Drews","4",20261004,"TCGA-BR-4191","STAD","1",0.999445259571075,"1"
"Drews","4",20261004,"TCGA-BR-4362","STAD","2",0.701617658138275,"1"
"Drews","4",20261004,"TCGA-BR-8361","STAD","1",0.0581263191998005,"2"
"Drews","4",20261004,"TCGA-CD-5800","STAD","1",0.999936580657959,"1"
"Drews","4",20261004,"TCGA-CD-5804","STAD","1",0.999272882938385,"1"
"Drews","4",20261004,"TCGA-CD-8528","STAD","1",0.901269853115082,"1"
"Drews","4",20261004,"TCGA-CD-A486","STAD","1",0.999922871589661,"1"
"Drews","4",20261004,"TCGA-D7-5578","STAD","1",0.991232454776764,"1"
"Drews","4",20261004,"TCGA-D7-6815","STAD","1",0.99199390411377,"1"
"Drews","4",20261004,"TCGA-D7-A4YT","STAD","1",0.999431669712067,"1"
"Drews","4",20261004,"TCGA-D7-A4YY","STAD","1",0.403204470872879,"2"
"Drews","4",20261004,"TCGA-D7-A6EZ","STAD","1",0.918003857135773,"1"
"Drews","4",20261004,"TCGA-HU-8249","STAD","1",0.988314151763916,"1"
"Drews","4",20261004,"TCGA-HU-A4GU","STAD","1",0.99588817358017,"1"
"Drews","4",20261004,"TCGA-HU-A4H5","STAD","1",0.999370276927948,"1"
"Drews","4",20261004,"TCGA-IN-A6RR","STAD","1",0.99987781047821,"1"
"Drews","4",20261004,"TCGA-IN-AB1X","STAD","1",0.84392511844635,"1"
"Drews","4",20261004,"TCGA-IP-7968","STAD","1",0.999609887599945,"1"
"Drews","4",20261004,"TCGA-KB-A93J","STAD","1",0.999813854694366,"1"
"Drews","4",20261004,"TCGA-R5-A7ZE","STAD","1",0.999439179897308,"1"
"Drews","4",20261004,"TCGA-VQ-A8DZ","STAD","1",0.999922394752502,"1"
"Drews","4",20261004,"TCGA-VQ-A8P3","STAD","1",0.959863305091858,"1"
"Drews","4",20261004,"TCGA-VQ-A8PU","STAD","1",0.999569118022919,"1"
"Drews","4",20261004,"TCGA-VQ-A91A","STAD","1",0.999910593032837,"1"
"Drews","4",20261004,"TCGA-VQ-A928","STAD","1",0.608424544334412,"1"
"Drews","4",20261004,"TCGA-VQ-A94O","STAD","1",0.999868869781494,"1"
"Drews","4",20261004,"TCGA-VQ-A94U","STAD","1",0.967584490776062,"1"
"Drews","4",20261004,"TCGA-2G-AAFN","TGCT","1",0.997430145740509,"1"
"Drews","4",20261004,"TCGA-2G-AAGO","TGCT","1",0.987111985683441,"1"
"Drews","4",20261004,"TCGA-XE-AANR","TGCT","2",0.0911084711551666,"2"
"Drews","4",20261004,"TCGA-YU-AA4L","TGCT","1",0.996019303798676,"1"
"Drews","4",20261004,"TCGA-EL-A3CX","THCA","2",0.0871999263763428,"2"
"Drews","4",20261004,"TCGA-FY-A3W9","THCA","2",0.0183603372424841,"2"
"Drews","4",20261004,"TCGA-ZB-A966","THYM","2",0.764747560024261,"1"
"Drews","4",20261004,"TCGA-A5-A0G5","UCEC","1",0.99841034412384,"1"
"Drews","4",20261004,"TCGA-A5-A0GJ","UCEC","1",0.587169170379639,"1"
"Drews","4",20261004,"TCGA-AJ-A3NG","UCEC","2",0.377454847097397,"2"
"Drews","4",20261004,"TCGA-AJ-A3TW","UCEC","1",0.999884128570557,"1"
"Drews","4",20261004,"TCGA-AJ-A8CV","UCEC","2",0.0295619405806065,"2"
"Drews","4",20261004,"TCGA-AP-A0LI","UCEC","1",0.999473512172699,"1"
"Drews","4",20261004,"TCGA-AW-A1PO","UCEC","1",0.999766886234283,"1"
"Drews","4",20261004,"TCGA-AX-A1C4","UCEC","1",0.242946937680244,"2"
"Drews","4",20261004,"TCGA-AX-A3FS","UCEC","2",0.969729363918304,"1"
"Drews","4",20261004,"TCGA-B5-A0K8","UCEC","1",0.998979270458221,"1"
"Drews","4",20261004,"TCGA-B5-A0KB","UCEC","1",0.989289343357086,"1"
"Drews","4",20261004,"TCGA-B5-A121","UCEC","2",0.0235590133816004,"2"
"Drews","4",20261004,"TCGA-B5-A3FD","UCEC","1",0.977808892726898,"1"
"Drews","4",20261004,"TCGA-BG-A0M6","UCEC","1",0.999885082244873,"1"
"Drews","4",20261004,"TCGA-BG-A222","UCEC","2",0.898545503616333,"1"
"Drews","4",20261004,"TCGA-D1-A0ZZ","UCEC","1",0.999732434749603,"1"
"Drews","4",20261004,"TCGA-D1-A16O","UCEC","2",0.148866206407547,"2"
"Drews","4",20261004,"TCGA-D1-A1NW","UCEC","1",0.99803763628006,"1"
"Drews","4",20261004,"TCGA-D1-A2G7","UCEC","1",0.999453961849213,"1"
"Drews","4",20261004,"TCGA-D1-A3DH","UCEC","1",0.998530745506287,"1"
"Drews","4",20261004,"TCGA-D1-A3JQ","UCEC","1",0.99483984708786,"1"
"Drews","4",20261004,"TCGA-EO-A3AS","UCEC","1",0.999745547771454,"1"
"Drews","4",20261004,"TCGA-EO-A3B1","UCEC","1",0.998066008090973,"1"
"Drews","4",20261004,"TCGA-EY-A1GM","UCEC","1",0.996881127357483,"1"
"Drews","4",20261004,"TCGA-EY-A1GO","UCEC","2",0.984618723392487,"1"
"Drews","4",20261004,"TCGA-EY-A214","UCEC","1",0.997713804244995,"1"
"Drews","4",20261004,"TCGA-EY-A3L3","UCEC","1",0.999614715576172,"1"
"Drews","4",20261004,"TCGA-EY-A547","UCEC","1",0.918096780776978,"1"
"Drews","4",20261004,"TCGA-FI-A2D2","UCEC","1",0.995995998382568,"1"
"Drews","4",20261004,"TCGA-FI-A3PV","UCEC","1",0.999717652797699,"1"
"Drews","4",20261004,"TCGA-H5-A2HR","UCEC","1",0.99967098236084,"1"
"Drews","4",20261004,"TCGA-JU-AAVI","UCEC","1",0.999085664749146,"1"
"Drews","4",20261004,"TCGA-KP-A3W0","UCEC","1",0.99423485994339,"1"
"Drews","4",20261004,"TCGA-PG-A5BC","UCEC","1",0.998721301555634,"1"
"Drews","4",20261004,"TCGA-N5-A4RM","UCS","1",0.999237418174744,"1"
"Drews","4",20261004,"TCGA-N5-A4RO","UCS","1",0.999700307846069,"1"
"Drews","4",20261004,"TCGA-N5-A4RT","UCS","1",0.999943137168884,"1"
"Drews","4",20261004,"TCGA-N9-A4PZ","UCS","1",0.999687194824219,"1"
"Drews","4",20261004,"TCGA-NA-A4QY","UCS","1",0.999531269073486,"1"
"Drews","4",20261004,"TCGA-NA-A4R0","UCS","1",0.999662637710571,"1"
"Drews","4",20261004,"TCGA-NF-A4X2","UCS","1",0.999682903289795,"1"
"Drews","4",20261004,"TCGA-V4-A9E5","UVM","2",0.0263086501508951,"2"
"Drews","4",20261004,"TCGA-V4-A9EK","UVM","1",0.030003322288394,"2"
"Drews","4",20261004,"TCGA-V4-A9EV","UVM","2",0.00105233339127153,"2"
"Drews","4",20261004,"TCGA-VD-A8K8","UVM","2",0.0021313619799912,"2"
"Drews","5",20261005,"TCGA-OR-A5J6","ACC","2",0.553133368492126,"1"
"Drews","5",20261005,"TCGA-OR-A5J8","ACC","1",0.998986899852753,"1"
"Drews","5",20261005,"TCGA-OR-A5JA","ACC","1",0.973172664642334,"1"
"Drews","5",20261005,"TCGA-OR-A5JC","ACC","1",0.371617436408997,"2"
"Drews","5",20261005,"TCGA-OR-A5K4","ACC","2",0.610583543777466,"1"
"Drews","5",20261005,"TCGA-OR-A5LK","ACC","2",0.288753598928452,"2"
"Drews","5",20261005,"TCGA-OR-A5LL","ACC","1",0.429581016302109,"2"
"Drews","5",20261005,"TCGA-PA-A5YG","ACC","2",0.0028898655436933,"2"
"Drews","5",20261005,"TCGA-2F-A9KW","BLCA","1",0.998839914798737,"1"
"Drews","5",20261005,"TCGA-4Z-AA7R","BLCA","1",0.999811828136444,"1"
"Drews","5",20261005,"TCGA-BL-A13J","BLCA","1",0.999958157539368,"1"
"Drews","5",20261005,"TCGA-BT-A42C","BLCA","1",0.999874234199524,"1"
"Drews","5",20261005,"TCGA-CF-A3MF","BLCA","2",0.577091574668884,"1"
"Drews","5",20261005,"TCGA-CF-A47S","BLCA","2",0.231763303279877,"2"
"Drews","5",20261005,"TCGA-DK-A2I6","BLCA","1",0.999566972255707,"1"
"Drews","5",20261005,"TCGA-DK-AA6L","BLCA","1",0.999975085258484,"1"
"Drews","5",20261005,"TCGA-DK-AA6U","BLCA","1",0.999955534934998,"1"
"Drews","5",20261005,"TCGA-DK-AA75","BLCA","1",0.999921798706055,"1"
"Drews","5",20261005,"TCGA-E7-A541","BLCA","1",0.999984502792358,"1"
"Drews","5",20261005,"TCGA-E7-A7PW","BLCA","1",0.999557793140411,"1"
"Drews","5",20261005,"TCGA-FD-A3NA","BLCA","1",0.999752223491669,"1"
"Drews","5",20261005,"TCGA-FD-A3SJ","BLCA","1",0.999929785728455,"1"
"Drews","5",20261005,"TCGA-FD-A6TC","BLCA","1",0.999974131584167,"1"
"Drews","5",20261005,"TCGA-GV-A40E","BLCA","1",0.999897003173828,"1"
"Drews","5",20261005,"TCGA-GV-A40G","BLCA","1",0.99997615814209,"1"
"Drews","5",20261005,"TCGA-HQ-A2OE","BLCA","1",0.998813629150391,"1"
"Drews","5",20261005,"TCGA-HQ-A2OF","BLCA","1",0.995757043361664,"1"
"Drews","5",20261005,"TCGA-KQ-A41P","BLCA","1",0.999754965305328,"1"
"Drews","5",20261005,"TCGA-KQ-A41Q","BLCA","1",0.99995493888855,"1"
"Drews","5",20261005,"TCGA-UY-A78N","BLCA","1",0.96534925699234,"1"
"Drews","5",20261005,"TCGA-UY-A8OB","BLCA","1",0.999465048313141,"1"
"Drews","5",20261005,"TCGA-UY-A9PH","BLCA","1",0.999537348747253,"1"
"Drews","5",20261005,"TCGA-XF-A9ST","BLCA","1",0.999838471412659,"1"
"Drews","5",20261005,"TCGA-XF-A9SZ","BLCA","1",0.999864935874939,"1"
"Drews","5",20261005,"TCGA-XF-AAMG","BLCA","1",0.999935388565063,"1"
"Drews","5",20261005,"TCGA-XF-AAMQ","BLCA","1",0.999692797660828,"1"
"Drews","5",20261005,"TCGA-XF-AAMY","BLCA","1",0.99890148639679,"1"
"Drews","5",20261005,"TCGA-YF-AA3M","BLCA","1",0.999810397624969,"1"
"Drews","5",20261005,"TCGA-ZF-A9RE","BLCA","1",0.999356806278229,"1"
"Drews","5",20261005,"TCGA-ZF-AA51","BLCA","1",0.99994695186615,"1"
"Drews","5",20261005,"TCGA-ZF-AA5H","BLCA","1",0.999928832054138,"1"
"Drews","5",20261005,"TCGA-3C-AALI","BRCA","1",0.99995481967926,"1"
"Drews","5",20261005,"TCGA-3C-AALJ","BRCA","1",0.998937666416168,"1"
"Drews","5",20261005,"TCGA-3C-AALK","BRCA","1",0.945258975028992,"1"
"Drews","5",20261005,"TCGA-A1-A0SJ","BRCA","1",0.999687194824219,"1"
"Drews","5",20261005,"TCGA-A1-A0SK","BRCA","1",0.999919772148132,"1"
"Drews","5",20261005,"TCGA-A2-A04V","BRCA","1",0.999251902103424,"1"
"Drews","5",20261005,"TCGA-A2-A0D2","BRCA","1",0.999755442142487,"1"
"Drews","5",20261005,"TCGA-A2-A0EO","BRCA","2",0.190781235694885,"2"
"Drews","5",20261005,"TCGA-A2-A0EY","BRCA","1",0.991028904914856,"1"
"Drews","5",20261005,"TCGA-A2-A0YM","BRCA","1",0.999972939491272,"1"
"Drews","5",20261005,"TCGA-A2-A0YT","BRCA","1",0.999886870384216,"1"
"Drews","5",20261005,"TCGA-A2-A25E","BRCA","1",0.999972581863403,"1"
"Drews","5",20261005,"TCGA-A2-A4S3","BRCA","1",0.999983549118042,"1"
"Drews","5",20261005,"TCGA-A7-A6VV","BRCA","1",0.999500513076782,"1"
"Drews","5",20261005,"TCGA-A7-A6VW","BRCA","1",0.999952077865601,"1"
"Drews","5",20261005,"TCGA-A8-A06X","BRCA","1",0.999979019165039,"1"
"Drews","5",20261005,"TCGA-A8-A07B","BRCA","1",0.999626398086548,"1"
"Drews","5",20261005,"TCGA-A8-A07L","BRCA","1",0.999974846839905,"1"
"Drews","5",20261005,"TCGA-A8-A086","BRCA","1",0.996348202228546,"1"
"Drews","5",20261005,"TCGA-A8-A08B","BRCA","1",0.987185895442963,"1"
"Drews","5",20261005,"TCGA-A8-A093","BRCA","1",0.451062798500061,"2"
"Drews","5",20261005,"TCGA-A8-A095","BRCA","2",0.165009349584579,"2"
"Drews","5",20261005,"TCGA-A8-A097","BRCA","1",0.999533176422119,"1"
"Drews","5",20261005,"TCGA-A8-A09C","BRCA","1",0.891263902187347,"1"
"Drews","5",20261005,"TCGA-A8-A09I","BRCA","1",0.999960422515869,"1"
"Drews","5",20261005,"TCGA-A8-A09M","BRCA","1",0.999987363815308,"1"
"Drews","5",20261005,"TCGA-A8-A0A1","BRCA","2",0.565446853637695,"1"
"Drews","5",20261005,"TCGA-AC-A3OD","BRCA","1",0.928347647190094,"1"
"Drews","5",20261005,"TCGA-AC-A62V","BRCA","1",0.999355375766754,"1"
"Drews","5",20261005,"TCGA-AN-A041","BRCA","1",0.99910306930542,"1"
"Drews","5",20261005,"TCGA-AN-A0AS","BRCA","1",0.99912816286087,"1"
"Drews","5",20261005,"TCGA-AN-A0FL","BRCA","1",0.999724805355072,"1"
"Drews","5",20261005,"TCGA-AN-A0FW","BRCA","1",0.995338439941406,"1"
"Drews","5",20261005,"TCGA-AN-A0FY","BRCA","1",0.999927520751953,"1"
"Drews","5",20261005,"TCGA-AN-A0XV","BRCA","1",0.958226382732391,"1"
"Drews","5",20261005,"TCGA-AO-A0JE","BRCA","1",0.999249041080475,"1"
"Drews","5",20261005,"TCGA-AO-A1KS","BRCA","1",0.996293842792511,"1"
"Drews","5",20261005,"TCGA-AQ-A0Y5","BRCA","1",0.996343553066254,"1"
"Drews","5",20261005,"TCGA-AR-A1AY","BRCA","1",0.994740962982178,"1"
"Drews","5",20261005,"TCGA-AR-A24X","BRCA","2",0.0545701310038567,"2"
"Drews","5",20261005,"TCGA-AR-A24Z","BRCA","1",0.99981278181076,"1"
"Drews","5",20261005,"TCGA-AR-A256","BRCA","1",0.999915599822998,"1"
"Drews","5",20261005,"TCGA-AR-A2LR","BRCA","1",0.999992251396179,"1"
"Drews","5",20261005,"TCGA-B6-A0IA","BRCA","1",0.81292986869812,"1"
"Drews","5",20261005,"TCGA-B6-A0IJ","BRCA","1",0.999990940093994,"1"
"Drews","5",20261005,"TCGA-B6-A0IQ","BRCA","1",0.999974966049194,"1"
"Drews","5",20261005,"TCGA-B6-A0RL","BRCA","1",0.999620199203491,"1"
"Drews","5",20261005,"TCGA-B6-A0WS","BRCA","1",0.970285832881927,"1"
"Drews","5",20261005,"TCGA-BH-A0B4","BRCA","1",0.998113632202148,"1"
"Drews","5",20261005,"TCGA-BH-A0BP","BRCA","1",0.996012210845947,"1"
"Drews","5",20261005,"TCGA-BH-A0C1","BRCA","1",0.706969916820526,"1"
"Drews","5",20261005,"TCGA-BH-A0DZ","BRCA","1",0.99954754114151,"1"
"Drews","5",20261005,"TCGA-BH-A0H0","BRCA","2",0.999221086502075,"1"
"Drews","5",20261005,"TCGA-BH-A0HL","BRCA","1",0.997858941555023,"1"
"Drews","5",20261005,"TCGA-BH-A0WA","BRCA","1",0.999996185302734,"1"
"Drews","5",20261005,"TCGA-BH-A18Q","BRCA","1",0.99972802400589,"1"
"Drews","5",20261005,"TCGA-BH-A18T","BRCA","1",0.997412979602814,"1"
"Drews","5",20261005,"TCGA-BH-A1FD","BRCA","1",0.999886631965637,"1"
"Drews","5",20261005,"TCGA-BH-A5IZ","BRCA","1",0.999945044517517,"1"
"Drews","5",20261005,"TCGA-C8-A12U","BRCA","1",0.99976509809494,"1"
"Drews","5",20261005,"TCGA-D8-A1X5","BRCA","1",0.999759256839752,"1"
"Drews","5",20261005,"TCGA-D8-A1XJ","BRCA","1",0.999498009681702,"1"
"Drews","5",20261005,"TCGA-D8-A1XZ","BRCA","1",0.999093890190125,"1"
"Drews","5",20261005,"TCGA-D8-A1Y0","BRCA","1",0.999409675598145,"1"
"Drews","5",20261005,"TCGA-D8-A27V","BRCA","1",0.680051684379578,"1"
"Drews","5",20261005,"TCGA-E2-A105","BRCA","1",0.999800145626068,"1"
"Drews","5",20261005,"TCGA-E2-A14R","BRCA","1",0.999544441699982,"1"
"Drews","5",20261005,"TCGA-E2-A14X","BRCA","1",0.999612033367157,"1"
"Drews","5",20261005,"TCGA-E2-A154","BRCA","2",0.239242762327194,"2"
"Drews","5",20261005,"TCGA-E2-A15F","BRCA","1",0.999145150184631,"1"
"Drews","5",20261005,"TCGA-E2-A15H","BRCA","1",0.995348751544952,"1"
"Drews","5",20261005,"TCGA-E2-A1BD","BRCA","2",0.0746792480349541,"2"
"Drews","5",20261005,"TCGA-E2-A2P6","BRCA","1",0.987279176712036,"1"
"Drews","5",20261005,"TCGA-E9-A1NC","BRCA","1",0.999837517738342,"1"
"Drews","5",20261005,"TCGA-E9-A1R2","BRCA","1",0.999901652336121,"1"
"Drews","5",20261005,"TCGA-E9-A1R5","BRCA","1",0.767318606376648,"1"
"Drews","5",20261005,"TCGA-E9-A1RD","BRCA","2",0.0120622888207436,"2"
"Drews","5",20261005,"TCGA-E9-A1RF","BRCA","1",0.999824345111847,"1"
"Drews","5",20261005,"TCGA-E9-A22A","BRCA","1",0.998902797698975,"1"
"Drews","5",20261005,"TCGA-E9-A22E","BRCA","1",0.999453365802765,"1"
"Drews","5",20261005,"TCGA-E9-A22G","BRCA","1",0.999140977859497,"1"
"Drews","5",20261005,"TCGA-E9-A247","BRCA","1",0.998095095157623,"1"
"Drews","5",20261005,"TCGA-E9-A5UO","BRCA","1",0.999515533447266,"1"
"Drews","5",20261005,"TCGA-EW-A1P6","BRCA","2",0.677366018295288,"1"
"Drews","5",20261005,"TCGA-EW-A1PA","BRCA","1",0.999963998794556,"1"
"Drews","5",20261005,"TCGA-EW-A6S9","BRCA","1",0.998259603977203,"1"
"Drews","5",20261005,"TCGA-GM-A2DA","BRCA","1",0.8287473320961,"1"
"Drews","5",20261005,"TCGA-GM-A3XL","BRCA","1",0.999509572982788,"1"
"Drews","5",20261005,"TCGA-LD-A66U","BRCA","2",0.410246700048447,"2"
"Drews","5",20261005,"TCGA-LL-A740","BRCA","1",0.985295057296753,"1"
"Drews","5",20261005,"TCGA-LL-A7T0","BRCA","1",0.999951004981995,"1"
"Drews","5",20261005,"TCGA-OL-A5RZ","BRCA","1",0.999987721443176,"1"
"Drews","5",20261005,"TCGA-OL-A66K","BRCA","2",0.120510630309582,"2"
"Drews","5",20261005,"TCGA-S3-AA14","BRCA","1",0.981360554695129,"1"
"Drews","5",20261005,"TCGA-V7-A7HQ","BRCA","2",0.879768788814545,"1"
"Drews","5",20261005,"TCGA-C5-A1BL","CESC","1",0.723759710788727,"1"
"Drews","5",20261005,"TCGA-C5-A1MF","CESC","1",0.99993622303009,"1"
"Drews","5",20261005,"TCGA-C5-A1MI","CESC","1",0.996460020542145,"1"
"Drews","5",20261005,"TCGA-C5-A2LV","CESC","1",0.952428579330444,"1"
"Drews","5",20261005,"TCGA-C5-A7UE","CESC","2",0.993006587028503,"1"
"Drews","5",20261005,"TCGA-C5-A905","CESC","2",0.930157661437988,"1"
"Drews","5",20261005,"TCGA-C5-A907","CESC","1",0.993977189064026,"1"
"Drews","5",20261005,"TCGA-EX-A1H5","CESC","2",0.980271637439728,"1"
"Drews","5",20261005,"TCGA-EX-A69M","CESC","2",0.996674656867981,"1"
"Drews","5",20261005,"TCGA-FU-A5XV","CESC","2",0.135679841041565,"2"
"Drews","5",20261005,"TCGA-VS-A8EH","CESC","1",0.993304431438446,"1"
"Drews","5",20261005,"TCGA-VS-A94Z","CESC","1",0.981991231441498,"1"
"Drews","5",20261005,"TCGA-VS-A9U7","CESC","1",0.92833423614502,"1"
"Drews","5",20261005,"TCGA-VS-A9UT","CESC","1",0.999400854110718,"1"
"Drews","5",20261005,"TCGA-VS-A9V0","CESC","1",0.99981278181076,"1"
"Drews","5",20261005,"TCGA-ZJ-A8QO","CESC","1",0.690990686416626,"1"
"Drews","5",20261005,"TCGA-W5-AA2T","CHOL","1",0.918390452861786,"1"
"Drews","5",20261005,"TCGA-A6-2675","COAD","1",0.937203526496887,"1"
"Drews","5",20261005,"TCGA-AA-3549","COAD","1",0.961518347263336,"1"
"Drews","5",20261005,"TCGA-AA-3663","COAD","2",0.0709914714097977,"2"
"Drews","5",20261005,"TCGA-AA-3673","COAD","2",0.104634091258049,"2"
"Drews","5",20261005,"TCGA-AA-3679","COAD","1",0.99922788143158,"1"
"Drews","5",20261005,"TCGA-AA-3814","COAD","2",0.766438186168671,"1"
"Drews","5",20261005,"TCGA-AA-3837","COAD","2",0.379191339015961,"2"
"Drews","5",20261005,"TCGA-AA-3852","COAD","2",0.0793558061122894,"2"
"Drews","5",20261005,"TCGA-AA-3854","COAD","1",0.884012341499329,"1"
"Drews","5",20261005,"TCGA-AA-A01Z","COAD","1",0.990295827388763,"1"
"Drews","5",20261005,"TCGA-CA-5797","COAD","1",0.961575329303741,"1"
"Drews","5",20261005,"TCGA-CK-5913","COAD","2",0.00298372539691627,"2"
"Drews","5",20261005,"TCGA-CM-4752","COAD","1",0.996161580085754,"1"
"Drews","5",20261005,"TCGA-D5-6535","COAD","1",0.984251916408539,"1"
"Drews","5",20261005,"TCGA-D5-6928","COAD","2",0.208591312170029,"2"
"Drews","5",20261005,"TCGA-DM-A1D7","COAD","1",0.773245096206665,"1"
"Drews","5",20261005,"TCGA-G4-6299","COAD","1",0.998469531536102,"1"
"Drews","5",20261005,"TCGA-G4-6322","COAD","1",0.837929785251617,"1"
"Drews","5",20261005,"TCGA-G4-6586","COAD","2",0.188326627016068,"2"
"Drews","5",20261005,"TCGA-NH-A50U","COAD","1",0.869096338748932,"1"
"Drews","5",20261005,"TCGA-NH-A8F7","COAD","2",0.979283273220062,"1"
"Drews","5",20261005,"TCGA-VB-A8QN","DLBC","1",0.965282261371613,"1"
"Drews","5",20261005,"TCGA-2H-A9GM","ESCA","1",0.999601781368256,"1"
"Drews","5",20261005,"TCGA-IG-A3I8","ESCA","1",0.993031859397888,"1"
"Drews","5",20261005,"TCGA-IG-A8O2","ESCA","1",0.999765932559967,"1"
"Drews","5",20261005,"TCGA-JY-A6FA","ESCA","1",0.999988436698914,"1"
"Drews","5",20261005,"TCGA-JY-A93E","ESCA","1",0.999954223632812,"1"
"Drews","5",20261005,"TCGA-L5-A43I","ESCA","1",0.99992847442627,"1"
"Drews","5",20261005,"TCGA-L5-A4OF","ESCA","1",0.999474227428436,"1"
"Drews","5",20261005,"TCGA-L5-A4OO","ESCA","1",0.998889982700348,"1"
"Drews","5",20261005,"TCGA-L5-A4OX","ESCA","1",0.999545753002167,"1"
"Drews","5",20261005,"TCGA-L5-A891","ESCA","1",0.999915838241577,"1"
"Drews","5",20261005,"TCGA-L5-A8NH","ESCA","1",0.995119690895081,"1"
"Drews","5",20261005,"TCGA-L5-A8NJ","ESCA","1",0.998088419437408,"1"
"Drews","5",20261005,"TCGA-LN-A7HZ","ESCA","1",0.992382824420929,"1"
"Drews","5",20261005,"TCGA-LN-A8HZ","ESCA","1",0.99958997964859,"1"
"Drews","5",20261005,"TCGA-V5-A7RC","ESCA","1",0.999824464321136,"1"
"Drews","5",20261005,"TCGA-VR-A8EY","ESCA","1",0.99956876039505,"1"
"Drews","5",20261005,"TCGA-VR-AA4D","ESCA","1",0.99966299533844,"1"
"Drews","5",20261005,"TCGA-VR-AA7B","ESCA","1",0.999919891357422,"1"
"Drews","5",20261005,"TCGA-06-0129","GBM","1",0.992950677871704,"1"
"Drews","5",20261005,"TCGA-26-1442","GBM","2",0.300189524888992,"2"
"Drews","5",20261005,"TCGA-27-1837","GBM","2",0.373423755168915,"2"
"Drews","5",20261005,"TCGA-32-2632","GBM","1",0.808791100978851,"1"
"Drews","5",20261005,"TCGA-76-4925","GBM","1",0.995584666728973,"1"
"Drews","5",20261005,"TCGA-76-4931","GBM","1",0.952593386173248,"1"
"Drews","5",20261005,"TCGA-BA-4075","HNSC","1",0.976717412471771,"1"
"Drews","5",20261005,"TCGA-BA-6872","HNSC","1",0.999650359153748,"1"
"Drews","5",20261005,"TCGA-BA-A6DE","HNSC","1",0.999658107757568,"1"
"Drews","5",20261005,"TCGA-BB-A5HY","HNSC","1",0.999495148658752,"1"
"Drews","5",20261005,"TCGA-CN-A6UY","HNSC","2",0.462111592292786,"2"
"Drews","5",20261005,"TCGA-CQ-5327","HNSC","2",0.133014723658562,"2"
"Drews","5",20261005,"TCGA-CR-5247","HNSC","1",0.999326586723328,"1"
"Drews","5",20261005,"TCGA-CR-6478","HNSC","1",0.995941042900085,"1"
"Drews","5",20261005,"TCGA-CR-7390","HNSC","1",0.999761641025543,"1"
"Drews","5",20261005,"TCGA-CV-5978","HNSC","1",0.995684862136841,"1"
"Drews","5",20261005,"TCGA-CV-6941","HNSC","1",0.988005578517914,"1"
"Drews","5",20261005,"TCGA-CV-7245","HNSC","1",0.93944776058197,"1"
"Drews","5",20261005,"TCGA-CV-7406","HNSC","1",0.988170385360718,"1"
"Drews","5",20261005,"TCGA-CV-7414","HNSC","1",0.990603983402252,"1"
"Drews","5",20261005,"TCGA-CV-7424","HNSC","1",0.998089849948883,"1"
"Drews","5",20261005,"TCGA-CV-A6JM","HNSC","1",0.999634623527527,"1"
"Drews","5",20261005,"TCGA-CX-A4AQ","HNSC","2",0.991805553436279,"1"
"Drews","5",20261005,"TCGA-D6-6827","HNSC","1",0.983778119087219,"1"
"Drews","5",20261005,"TCGA-D6-A6EN","HNSC","2",0.860571444034576,"1"
"Drews","5",20261005,"TCGA-F7-A624","HNSC","2",0.68004184961319,"1"
"Drews","5",20261005,"TCGA-HD-8224","HNSC","1",0.99902606010437,"1"
"Drews","5",20261005,"TCGA-IQ-7630","HNSC","1",0.991095185279846,"1"
"Drews","5",20261005,"TCGA-MT-A7BN","HNSC","1",0.998030841350555,"1"
"Drews","5",20261005,"TCGA-KL-8332","KICH","2",0.0152283795177937,"2"
"Drews","5",20261005,"TCGA-KL-8336","KICH","2",0.0626096203923225,"2"
"Drews","5",20261005,"TCGA-KL-8340","KICH","2",0.0582122951745987,"2"
"Drews","5",20261005,"TCGA-KL-8341","KICH","1",0.500026941299438,"1"
"Drews","5",20261005,"TCGA-KL-8343","KICH","2",0.00438736798241735,"2"
"Drews","5",20261005,"TCGA-KO-8408","KICH","2",0.0765608325600624,"2"
"Drews","5",20261005,"TCGA-KO-8415","KICH","2",0.0335245952010155,"2"
"Drews","5",20261005,"TCGA-A3-3319","KIRC","2",0.542721033096313,"1"
"Drews","5",20261005,"TCGA-A3-3347","KIRC","2",0.275742411613464,"2"
"Drews","5",20261005,"TCGA-AS-3777","KIRC","2",0.230668127536774,"2"
"Drews","5",20261005,"TCGA-AS-3778","KIRC","2",0.0027712001465261,"2"
"Drews","5",20261005,"TCGA-B8-4143","KIRC","2",0.126587465405464,"2"
"Drews","5",20261005,"TCGA-B8-5549","KIRC","2",0.0006762690609321,"2"
"Drews","5",20261005,"TCGA-BP-5175","KIRC","1",0.00108602247200906,"2"
"Drews","5",20261005,"TCGA-CJ-4640","KIRC","2",0.000924888183362782,"2"
"Drews","5",20261005,"TCGA-CJ-4903","KIRC","2",0.000112673427793197,"2"
"Drews","5",20261005,"TCGA-CJ-5679","KIRC","2",0.000156862501171418,"2"
"Drews","5",20261005,"TCGA-CW-5580","KIRC","2",0.00124116125516593,"2"
"Drews","5",20261005,"TCGA-CW-6090","KIRC","2",0.00956372078508139,"2"
"Drews","5",20261005,"TCGA-CZ-5461","KIRC","2",0.000726326601579785,"2"
"Drews","5",20261005,"TCGA-CZ-5984","KIRC","2",0.000482316594570875,"2"
"Drews","5",20261005,"TCGA-DV-5568","KIRC","2",0.000482189934700727,"2"
"Drews","5",20261005,"TCGA-A4-7287","KIRP","2",0.999486207962036,"1"
"Drews","5",20261005,"TCGA-B9-4117","KIRP","2",0.0457528680562973,"2"
"Drews","5",20261005,"TCGA-B9-A5W9","KIRP","1",0.0387655757367611,"2"
"Drews","5",20261005,"TCGA-B9-A69E","KIRP","1",0.0357007794082165,"2"
"Drews","5",20261005,"TCGA-BQ-5894","KIRP","2",0.408076554536819,"2"
"Drews","5",20261005,"TCGA-DZ-6134","KIRP","2",0.0142687493935227,"2"
"Drews","5",20261005,"TCGA-F9-A4JJ","KIRP","2",0.556598305702209,"1"
"Drews","5",20261005,"TCGA-G7-A8LD","KIRP","1",0.991798996925354,"1"
"Drews","5",20261005,"TCGA-SX-A7SS","KIRP","2",0.025835944339633,"2"
"Drews","5",20261005,"TCGA-DB-5279","LGG","2",0.0104606514796615,"2"
"Drews","5",20261005,"TCGA-DB-A4XE","LGG","2",0.043217521160841,"2"
"Drews","5",20261005,"TCGA-DH-A7UT","LGG","2",0.0775720775127411,"2"
"Drews","5",20261005,"TCGA-DH-A7UV","LGG","2",0.374737083911896,"2"
"Drews","5",20261005,"TCGA-DU-A5TW","LGG","2",0.317645490169525,"2"
"Drews","5",20261005,"TCGA-E1-A7YW","LGG","2",0.215363577008247,"2"
"Drews","5",20261005,"TCGA-E1-A7Z2","LGG","1",0.541413128376007,"1"
"Drews","5",20261005,"TCGA-FG-6690","LGG","2",0.0251698847860098,"2"
"Drews","5",20261005,"TCGA-FG-A4MU","LGG","2",0.339775264263153,"2"
"Drews","5",20261005,"TCGA-FG-A6J1","LGG","2",0.0309216380119324,"2"
"Drews","5",20261005,"TCGA-HT-7477","LGG","1",0.997047007083893,"1"
"Drews","5",20261005,"TCGA-HT-7879","LGG","2",0.283150255680084,"2"
"Drews","5",20261005,"TCGA-HT-A61C","LGG","2",0.95186322927475,"1"
"Drews","5",20261005,"TCGA-P5-A730","LGG","2",0.0254559889435768,"2"
"Drews","5",20261005,"TCGA-P5-A780","LGG","1",0.584793567657471,"1"
"Drews","5",20261005,"TCGA-QH-A6CY","LGG","2",0.00849316641688347,"2"
"Drews","5",20261005,"TCGA-QH-A6X5","LGG","2",0.0152221666648984,"2"
"Drews","5",20261005,"TCGA-R8-A73M","LGG","2",0.0150497732684016,"2"
"Drews","5",20261005,"TCGA-S9-A6U5","LGG","2",0.00306198257021606,"2"
"Drews","5",20261005,"TCGA-S9-A6WO","LGG","2",0.118211850523949,"2"
"Drews","5",20261005,"TCGA-S9-A7R1","LGG","2",0.00672824867069721,"2"
"Drews","5",20261005,"TCGA-TM-A84B","LGG","1",0.0897594764828682,"2"
"Drews","5",20261005,"TCGA-TQ-A7RO","LGG","2",0.00128373340703547,"2"
"Drews","5",20261005,"TCGA-VM-A8CA","LGG","2",0.0504222773015499,"2"
"Drews","5",20261005,"TCGA-2Y-A9HA","LIHC","1",0.994624316692352,"1"
"Drews","5",20261005,"TCGA-BC-4073","LIHC","1",0.95760703086853,"1"
"Drews","5",20261005,"TCGA-BC-A216","LIHC","1",0.999301552772522,"1"
"Drews","5",20261005,"TCGA-BC-A3KF","LIHC","1",0.994769632816315,"1"
"Drews","5",20261005,"TCGA-BW-A5NQ","LIHC","2",0.849216938018799,"1"
"Drews","5",20261005,"TCGA-CC-A3MA","LIHC","1",0.993605196475983,"1"
"Drews","5",20261005,"TCGA-CC-A8HV","LIHC","1",0.999854922294617,"1"
"Drews","5",20261005,"TCGA-DD-AAC9","LIHC","2",0.0601603165268898,"2"
"Drews","5",20261005,"TCGA-DD-AACD","LIHC","1",0.133844330906868,"2"
"Drews","5",20261005,"TCGA-DD-AACH","LIHC","1",0.998318076133728,"1"
"Drews","5",20261005,"TCGA-DD-AADD","LIHC","1",0.99191814661026,"1"
"Drews","5",20261005,"TCGA-ED-A459","LIHC","1",0.997491478919983,"1"
"Drews","5",20261005,"TCGA-EP-A2KB","LIHC","2",0.489392250776291,"2"
"Drews","5",20261005,"TCGA-EP-A2KC","LIHC","2",0.166549354791641,"2"
"Drews","5",20261005,"TCGA-G3-A25S","LIHC","1",0.992162644863129,"1"
"Drews","5",20261005,"TCGA-G3-A25Y","LIHC","1",0.980291903018951,"1"
"Drews","5",20261005,"TCGA-LG-A9QD","LIHC","2",0.0305472556501627,"2"
"Drews","5",20261005,"TCGA-RC-A6M3","LIHC","1",0.99633127450943,"1"
"Drews","5",20261005,"TCGA-RC-A7SK","LIHC","1",0.990108132362366,"1"
"Drews","5",20261005,"TCGA-WX-AA44","LIHC","1",0.998534083366394,"1"
"Drews","5",20261005,"TCGA-ZP-A9D1","LIHC","2",0.517249524593353,"1"
"Drews","5",20261005,"TCGA-05-4250","LUAD","1",0.993189096450806,"1"
"Drews","5",20261005,"TCGA-05-4389","LUAD","1",0.999972581863403,"1"
"Drews","5",20261005,"TCGA-05-4395","LUAD","1",0.998836815357208,"1"
"Drews","5",20261005,"TCGA-05-4415","LUAD","1",0.965212643146515,"1"
"Drews","5",20261005,"TCGA-05-4422","LUAD","1",0.963714241981506,"1"
"Drews","5",20261005,"TCGA-05-5715","LUAD","1",0.964102566242218,"1"
"Drews","5",20261005,"TCGA-50-5944","LUAD","1",0.963691830635071,"1"
"Drews","5",20261005,"TCGA-55-6968","LUAD","1",0.999929189682007,"1"
"Drews","5",20261005,"TCGA-55-7910","LUAD","1",0.999924302101135,"1"
"Drews","5",20261005,"TCGA-55-8615","LUAD","1",0.997438073158264,"1"
"Drews","5",20261005,"TCGA-64-5775","LUAD","1",0.994471430778503,"1"
"Drews","5",20261005,"TCGA-67-3773","LUAD","1",0.775537371635437,"1"
"Drews","5",20261005,"TCGA-67-6217","LUAD","1",0.986820995807648,"1"
"Drews","5",20261005,"TCGA-69-7760","LUAD","1",0.99994170665741,"1"
"Drews","5",20261005,"TCGA-69-7980","LUAD","1",0.99952757358551,"1"
"Drews","5",20261005,"TCGA-78-7161","LUAD","1",0.999540686607361,"1"
"Drews","5",20261005,"TCGA-78-7539","LUAD","1",0.991454124450684,"1"
"Drews","5",20261005,"TCGA-86-6851","LUAD","1",0.999695897102356,"1"
"Drews","5",20261005,"TCGA-86-7953","LUAD","1",0.999925851821899,"1"
"Drews","5",20261005,"TCGA-86-7955","LUAD","1",0.999881029129028,"1"
"Drews","5",20261005,"TCGA-86-8056","LUAD","1",0.880033254623413,"1"
"Drews","5",20261005,"TCGA-91-6831","LUAD","1",0.999946355819702,"1"
"Drews","5",20261005,"TCGA-91-6840","LUAD","1",0.999715745449066,"1"
"Drews","5",20261005,"TCGA-97-7546","LUAD","1",0.805724203586578,"1"
"Drews","5",20261005,"TCGA-97-8174","LUAD","1",0.710804879665375,"1"
"Drews","5",20261005,"TCGA-97-8547","LUAD","1",0.977197349071503,"1"
"Drews","5",20261005,"TCGA-MP-A4T6","LUAD","1",0.980275213718414,"1"
"Drews","5",20261005,"TCGA-18-3414","LUSC","1",0.986439645290375,"1"
"Drews","5",20261005,"TCGA-21-1078","LUSC","2",0.327019155025482,"2"
"Drews","5",20261005,"TCGA-22-5471","LUSC","1",0.999600112438202,"1"
"Drews","5",20261005,"TCGA-22-5472","LUSC","2",0.407756060361862,"2"
"Drews","5",20261005,"TCGA-33-4587","LUSC","1",0.999595940113068,"1"
"Drews","5",20261005,"TCGA-33-AASJ","LUSC","1",0.999300479888916,"1"
"Drews","5",20261005,"TCGA-37-4133","LUSC","1",0.999201357364655,"1"
"Drews","5",20261005,"TCGA-37-4135","LUSC","1",0.999783098697662,"1"
"Drews","5",20261005,"TCGA-43-2581","LUSC","1",0.998439133167267,"1"
"Drews","5",20261005,"TCGA-43-6770","LUSC","1",0.995689570903778,"1"
"Drews","5",20261005,"TCGA-43-6771","LUSC","1",0.731706917285919,"1"
"Drews","5",20261005,"TCGA-43-A56V","LUSC","1",0.999809324741364,"1"
"Drews","5",20261005,"TCGA-52-7812","LUSC","1",0.999933004379272,"1"
"Drews","5",20261005,"TCGA-56-8626","LUSC","1",0.999930024147034,"1"
"Drews","5",20261005,"TCGA-60-2698","LUSC","1",0.999437272548676,"1"
"Drews","5",20261005,"TCGA-60-2706","LUSC","1",0.999910593032837,"1"
"Drews","5",20261005,"TCGA-60-2713","LUSC","1",0.999609887599945,"1"
"Drews","5",20261005,"TCGA-60-2722","LUSC","1",0.99769788980484,"1"
"Drews","5",20261005,"TCGA-63-A5ML","LUSC","1",0.999810039997101,"1"
"Drews","5",20261005,"TCGA-63-A5MW","LUSC","1",0.999951958656311,"1"
"Drews","5",20261005,"TCGA-66-2783","LUSC","1",0.996644496917725,"1"
"Drews","5",20261005,"TCGA-68-7755","LUSC","1",0.99865049123764,"1"
"Drews","5",20261005,"TCGA-77-7140","LUSC","1",0.999447166919708,"1"
"Drews","5",20261005,"TCGA-77-7337","LUSC","1",0.998049974441528,"1"
"Drews","5",20261005,"TCGA-77-8148","LUSC","1",0.999916553497314,"1"
"Drews","5",20261005,"TCGA-77-A5GF","LUSC","1",0.996768712997437,"1"
"Drews","5",20261005,"TCGA-85-A5B5","LUSC","1",0.999741852283478,"1"
"Drews","5",20261005,"TCGA-90-A4EE","LUSC","1",0.998573422431946,"1"
"Drews","5",20261005,"TCGA-92-8065","LUSC","1",0.985983788967133,"1"
"Drews","5",20261005,"TCGA-98-8023","LUSC","1",0.997807323932648,"1"
"Drews","5",20261005,"TCGA-LA-A446","LUSC","1",0.999962568283081,"1"
"Drews","5",20261005,"TCGA-NC-A5HR","LUSC","1",0.999968409538269,"1"
"Drews","5",20261005,"TCGA-O2-A52N","LUSC","1",0.999667882919312,"1"
"Drews","5",20261005,"TCGA-O2-A52S","LUSC","1",0.999935150146484,"1"
"Drews","5",20261005,"TCGA-MQ-A4LV","MESO","1",0.982654988765717,"1"
"Drews","5",20261005,"TCGA-MQ-A6BR","MESO","2",0.0528958849608898,"2"
"Drews","5",20261005,"TCGA-TS-A7OZ","MESO","1",0.998188555240631,"1"
"Drews","5",20261005,"TCGA-UD-AAC1","MESO","2",0.285465389490128,"2"
"Drews","5",20261005,"TCGA-09-2044","OV","1",0.999990820884705,"1"
"Drews","5",20261005,"TCGA-09-2045","OV","1",0.997659802436829,"1"
"Drews","5",20261005,"TCGA-13-0800","OV","1",0.994688749313354,"1"
"Drews","5",20261005,"TCGA-13-0890","OV","1",0.999943137168884,"1"
"Drews","5",20261005,"TCGA-13-0920","OV","1",0.999991178512573,"1"
"Drews","5",20261005,"TCGA-13-1403","OV","1",0.999981999397278,"1"
"Drews","5",20261005,"TCGA-23-1027","OV","1",0.999742209911346,"1"
"Drews","5",20261005,"TCGA-23-1122","OV","1",0.99996542930603,"1"
"Drews","5",20261005,"TCGA-23-1123","OV","1",0.999955296516418,"1"
"Drews","5",20261005,"TCGA-24-1103","OV","1",0.999971032142639,"1"
"Drews","5",20261005,"TCGA-24-1418","OV","1",0.999769747257233,"1"
"Drews","5",20261005,"TCGA-24-1424","OV","1",0.999992609024048,"1"
"Drews","5",20261005,"TCGA-24-1847","OV","1",0.999072432518005,"1"
"Drews","5",20261005,"TCGA-24-2019","OV","1",0.999895691871643,"1"
"Drews","5",20261005,"TCGA-24-2261","OV","1",0.999993085861206,"1"
"Drews","5",20261005,"TCGA-24-2267","OV","1",0.999665379524231,"1"
"Drews","5",20261005,"TCGA-24-2288","OV","1",0.999969363212585,"1"
"Drews","5",20261005,"TCGA-25-2392","OV","1",0.99993360042572,"1"
"Drews","5",20261005,"TCGA-25-2400","OV","1",0.999958992004395,"1"
"Drews","5",20261005,"TCGA-25-2404","OV","1",0.999965906143188,"1"
"Drews","5",20261005,"TCGA-29-1703","OV","1",0.999863266944885,"1"
"Drews","5",20261005,"TCGA-29-1711","OV","1",0.999903917312622,"1"
"Drews","5",20261005,"TCGA-29-1778","OV","1",0.999144554138184,"1"
"Drews","5",20261005,"TCGA-29-1783","OV","1",0.999335825443268,"1"
"Drews","5",20261005,"TCGA-30-1891","OV","1",0.999528646469116,"1"
"Drews","5",20261005,"TCGA-31-1959","OV","1",0.99994969367981,"1"
"Drews","5",20261005,"TCGA-59-2363","OV","1",0.999959349632263,"1"
"Drews","5",20261005,"TCGA-5X-AA5U","OV","1",0.9996577501297,"1"
"Drews","5",20261005,"TCGA-61-1725","OV","1",0.999698519706726,"1"
"Drews","5",20261005,"TCGA-61-1728","OV","1",0.999899983406067,"1"
"Drews","5",20261005,"TCGA-61-1910","OV","1",0.99982076883316,"1"
"Drews","5",20261005,"TCGA-61-2003","OV","1",0.999608337879181,"1"
"Drews","5",20261005,"TCGA-61-2094","OV","1",0.997738480567932,"1"
"Drews","5",20261005,"TCGA-2J-AABE","PAAD","2",0.711656808853149,"1"
"Drews","5",20261005,"TCGA-2L-AAQE","PAAD","1",0.997590661048889,"1"
"Drews","5",20261005,"TCGA-3A-A9IC","PAAD","1",0.995382845401764,"1"
"Drews","5",20261005,"TCGA-3A-A9IS","PAAD","1",0.147675469517708,"2"
"Drews","5",20261005,"TCGA-HZ-A9TJ","PAAD","1",0.877260208129883,"1"
"Drews","5",20261005,"TCGA-QR-A6H6","PCPG","2",0.0338486358523369,"2"
"Drews","5",20261005,"TCGA-QR-A703","PCPG","1",0.0862158015370369,"2"
"Drews","5",20261005,"TCGA-QR-A70P","PCPG","2",0.579693615436554,"1"
"Drews","5",20261005,"TCGA-QR-A7IP","PCPG","2",0.656687676906586,"1"
"Drews","5",20261005,"TCGA-RM-A68W","PCPG","2",0.238843068480492,"2"
"Drews","5",20261005,"TCGA-RW-A685","PCPG","2",0.178463637828827,"2"
"Drews","5",20261005,"TCGA-RW-A689","PCPG","2",0.0920584052801132,"2"
"Drews","5",20261005,"TCGA-S7-A7X1","PCPG","2",0.115295380353928,"2"
"Drews","5",20261005,"TCGA-SR-A6MU","PCPG","2",0.271144568920135,"2"
"Drews","5",20261005,"TCGA-TT-A6YP","PCPG","2",0.00534841325134039,"2"
"Drews","5",20261005,"TCGA-2A-A8VX","PRAD","1",0.999655961990356,"1"
"Drews","5",20261005,"TCGA-CH-5751","PRAD","1",0.999877095222473,"1"
"Drews","5",20261005,"TCGA-CH-5765","PRAD","2",0.985670506954193,"1"
"Drews","5",20261005,"TCGA-CH-5767","PRAD","1",0.99574476480484,"1"
"Drews","5",20261005,"TCGA-EJ-5518","PRAD","1",0.997522413730621,"1"
"Drews","5",20261005,"TCGA-EJ-8469","PRAD","1",0.992455363273621,"1"
"Drews","5",20261005,"TCGA-EJ-A46F","PRAD","1",0.994627416133881,"1"
"Drews","5",20261005,"TCGA-FC-A4JI","PRAD","1",0.999359667301178,"1"
"Drews","5",20261005,"TCGA-HC-7232","PRAD","2",0.983773589134216,"1"
"Drews","5",20261005,"TCGA-HC-A76W","PRAD","2",0.710184454917908,"1"
"Drews","5",20261005,"TCGA-HI-7171","PRAD","1",0.996249258518219,"1"
"Drews","5",20261005,"TCGA-J4-A67N","PRAD","1",0.924238562583923,"1"
"Drews","5",20261005,"TCGA-KC-A4BV","PRAD","1",0.999272763729095,"1"
"Drews","5",20261005,"TCGA-KK-A6E4","PRAD","2",0.950851321220398,"1"
"Drews","5",20261005,"TCGA-KK-A6E8","PRAD","1",0.999471604824066,"1"
"Drews","5",20261005,"TCGA-KK-A7AQ","PRAD","1",0.987737536430359,"1"
"Drews","5",20261005,"TCGA-ZG-A9LZ","PRAD","1",0.986521005630493,"1"
"Drews","5",20261005,"TCGA-ZG-A9M4","PRAD","1",0.946365356445312,"1"
"Drews","5",20261005,"TCGA-AG-3581","READ","2",0.973265886306763,"1"
"Drews","5",20261005,"TCGA-AG-3726","READ","1",0.900229632854462,"1"
"Drews","5",20261005,"TCGA-AG-3731","READ","1",0.473450541496277,"2"
"Drews","5",20261005,"TCGA-AG-3883","READ","1",0.987205982208252,"1"
"Drews","5",20261005,"TCGA-AG-3885","READ","1",0.939052760601044,"1"
"Drews","5",20261005,"TCGA-AG-4022","READ","2",0.764341294765472,"1"
"Drews","5",20261005,"TCGA-BM-6198","READ","1",0.979054093360901,"1"
"Drews","5",20261005,"TCGA-DC-6682","READ","1",0.99880838394165,"1"
"Drews","5",20261005,"TCGA-G5-6233","READ","1",0.999030113220215,"1"
"Drews","5",20261005,"TCGA-3B-A9HL","SARC","1",0.999335944652557,"1"
"Drews","5",20261005,"TCGA-3B-A9HX","SARC","1",0.995434820652008,"1"
"Drews","5",20261005,"TCGA-DX-A1KW","SARC","1",0.997827470302582,"1"
"Drews","5",20261005,"TCGA-DX-A3LY","SARC","1",0.990414321422577,"1"
"Drews","5",20261005,"TCGA-DX-A3UA","SARC","1",0.988201320171356,"1"
"Drews","5",20261005,"TCGA-DX-A6YQ","SARC","1",0.988567709922791,"1"
"Drews","5",20261005,"TCGA-DX-A6YR","SARC","1",0.99833881855011,"1"
"Drews","5",20261005,"TCGA-DX-A7EF","SARC","1",0.999924540519714,"1"
"Drews","5",20261005,"TCGA-DX-A7EI","SARC","1",0.999699473381042,"1"
"Drews","5",20261005,"TCGA-DX-A8BH","SARC","1",0.997385203838348,"1"
"Drews","5",20261005,"TCGA-DX-A8BM","SARC","1",0.99977058172226,"1"
"Drews","5",20261005,"TCGA-DX-AB2O","SARC","1",0.999707639217377,"1"
"Drews","5",20261005,"TCGA-DX-AB2W","SARC","1",0.998985350131989,"1"
"Drews","5",20261005,"TCGA-DX-AB35","SARC","1",0.996181964874268,"1"
"Drews","5",20261005,"TCGA-DX-AB3B","SARC","1",0.719102740287781,"1"
"Drews","5",20261005,"TCGA-HB-A3YV","SARC","1",0.999737203121185,"1"
"Drews","5",20261005,"TCGA-IW-A3M5","SARC","1",0.999845862388611,"1"
"Drews","5",20261005,"TCGA-JV-A5VE","SARC","1",0.998658061027527,"1"
"Drews","5",20261005,"TCGA-PC-A5DK","SARC","2",0.934002935886383,"1"
"Drews","5",20261005,"TCGA-QC-A6FX","SARC","1",0.99927693605423,"1"
"Drews","5",20261005,"TCGA-SG-A6Z4","SARC","1",0.998252689838409,"1"
"Drews","5",20261005,"TCGA-SG-A6Z7","SARC","1",0.999970316886902,"1"
"Drews","5",20261005,"TCGA-X6-A7W8","SARC","1",0.999495029449463,"1"
"Drews","5",20261005,"TCGA-X6-A8C3","SARC","1",0.999006688594818,"1"
"Drews","5",20261005,"TCGA-BF-AAP4","SKCM","1",0.960088074207306,"1"
"Drews","5",20261005,"TCGA-EB-A42Z","SKCM","1",0.932038545608521,"1"
"Drews","5",20261005,"TCGA-EB-A553","SKCM","1",0.747543811798096,"1"
"Drews","5",20261005,"TCGA-EB-A57M","SKCM","1",0.921115159988403,"1"
"Drews","5",20261005,"TCGA-EB-A5SF","SKCM","1",0.647728323936462,"1"
"Drews","5",20261005,"TCGA-EB-A5UM","SKCM","1",0.310731709003448,"2"
"Drews","5",20261005,"TCGA-GN-A8LN","SKCM","1",0.55280601978302,"1"
"Drews","5",20261005,"TCGA-XV-AAZW","SKCM","1",0.454647988080978,"2"
"Drews","5",20261005,"TCGA-B7-A5TN","STAD","1",0.999353587627411,"1"
"Drews","5",20261005,"TCGA-BR-4267","STAD","1",0.925454795360565,"1"
"Drews","5",20261005,"TCGA-BR-4368","STAD","2",0.956341505050659,"1"
"Drews","5",20261005,"TCGA-BR-7197","STAD","1",0.999963283538818,"1"
"Drews","5",20261005,"TCGA-BR-8060","STAD","1",0.999964475631714,"1"
"Drews","5",20261005,"TCGA-BR-8687","STAD","1",0.999462783336639,"1"
"Drews","5",20261005,"TCGA-CD-5800","STAD","1",0.999980449676514,"1"
"Drews","5",20261005,"TCGA-CG-4301","STAD","1",0.985868275165558,"1"
"Drews","5",20261005,"TCGA-CG-4449","STAD","1",0.999819815158844,"1"
"Drews","5",20261005,"TCGA-CG-4474","STAD","2",0.352397710084915,"2"
"Drews","5",20261005,"TCGA-CG-5724","STAD","1",0.999788582324982,"1"
"Drews","5",20261005,"TCGA-D7-A6EV","STAD","1",0.996333479881287,"1"
"Drews","5",20261005,"TCGA-FP-7829","STAD","1",0.992859601974487,"1"
"Drews","5",20261005,"TCGA-HU-8244","STAD","2",0.261753290891647,"2"
"Drews","5",20261005,"TCGA-HU-A4GF","STAD","1",0.999456465244293,"1"
"Drews","5",20261005,"TCGA-HU-A4GH","STAD","1",0.999925136566162,"1"
"Drews","5",20261005,"TCGA-HU-A4GU","STAD","1",0.998407423496246,"1"
"Drews","5",20261005,"TCGA-IN-A6RN","STAD","1",0.999702632427216,"1"
"Drews","5",20261005,"TCGA-IN-AB1X","STAD","1",0.902152955532074,"1"
"Drews","5",20261005,"TCGA-IP-7968","STAD","1",0.999931216239929,"1"
"Drews","5",20261005,"TCGA-KB-A93J","STAD","1",0.999694347381592,"1"
"Drews","5",20261005,"TCGA-RD-A7BT","STAD","1",0.999305009841919,"1"
"Drews","5",20261005,"TCGA-VQ-A8E0","STAD","1",0.99957400560379,"1"
"Drews","5",20261005,"TCGA-VQ-A8E3","STAD","1",0.906190097332001,"1"
"Drews","5",20261005,"TCGA-VQ-A94O","STAD","1",0.999976992607117,"1"
"Drews","5",20261005,"TCGA-VQ-AA64","STAD","1",0.999958276748657,"1"
"Drews","5",20261005,"TCGA-VQ-AA6D","STAD","1",0.999986290931702,"1"
"Drews","5",20261005,"TCGA-2G-AAGV","TGCT","2",0.73887300491333,"1"
"Drews","5",20261005,"TCGA-2G-AAHL","TGCT","2",0.227840304374695,"2"
"Drews","5",20261005,"TCGA-XY-A8S2","TGCT","1",0.999276697635651,"1"
"Drews","5",20261005,"TCGA-YU-A94I","TGCT","1",0.997974097728729,"1"
"Drews","5",20261005,"TCGA-4C-A93U","THCA","2",0.354585558176041,"2"
"Drews","5",20261005,"TCGA-EL-A3GP","THCA","2",0.341612637042999,"2"
"Drews","5",20261005,"TCGA-5U-AB0D","THYM","1",0.974260628223419,"1"
"Drews","5",20261005,"TCGA-AJ-A23N","UCEC","1",0.999913334846497,"1"
"Drews","5",20261005,"TCGA-AJ-A3TW","UCEC","1",0.999975800514221,"1"
"Drews","5",20261005,"TCGA-AP-A05D","UCEC","1",0.999355256557465,"1"
"Drews","5",20261005,"TCGA-AP-A05H","UCEC","1",0.999886631965637,"1"
"Drews","5",20261005,"TCGA-AP-A1DQ","UCEC","1",0.996867716312408,"1"
"Drews","5",20261005,"TCGA-AW-A1PO","UCEC","1",0.999929904937744,"1"
"Drews","5",20261005,"TCGA-AX-A1C7","UCEC","1",0.999535083770752,"1"
"Drews","5",20261005,"TCGA-AX-A2IN","UCEC","2",0.980940282344818,"1"
"Drews","5",20261005,"TCGA-AX-A3FS","UCEC","2",0.954447984695435,"1"
"Drews","5",20261005,"TCGA-AX-A3G3","UCEC","1",0.999971151351929,"1"
"Drews","5",20261005,"TCGA-AX-A3G4","UCEC","1",0.99876993894577,"1"
"Drews","5",20261005,"TCGA-AX-A3GI","UCEC","1",0.999988436698914,"1"
"Drews","5",20261005,"TCGA-B5-A0JS","UCEC","1",0.00224392674863338,"2"
"Drews","5",20261005,"TCGA-B5-A0KB","UCEC","1",0.995012819766998,"1"
"Drews","5",20261005,"TCGA-B5-A11I","UCEC","1",0.999747097492218,"1"
"Drews","5",20261005,"TCGA-B5-A11Q","UCEC","2",0.522419333457947,"1"
"Drews","5",20261005,"TCGA-BG-A0YV","UCEC","1",0.969826698303223,"1"
"Drews","5",20261005,"TCGA-BG-A222","UCEC","2",0.97806853055954,"1"
"Drews","5",20261005,"TCGA-BG-A2AE","UCEC","2",0.942332804203033,"1"
"Drews","5",20261005,"TCGA-BK-A26L","UCEC","1",0.99977570772171,"1"
"Drews","5",20261005,"TCGA-BS-A0TI","UCEC","1",0.99614942073822,"1"
"Drews","5",20261005,"TCGA-D1-A103","UCEC","2",0.204673901200294,"2"
"Drews","5",20261005,"TCGA-D1-A169","UCEC","2",0.699655592441559,"1"
"Drews","5",20261005,"TCGA-D1-A17R","UCEC","2",0.445629775524139,"2"
"Drews","5",20261005,"TCGA-D1-A3JP","UCEC","1",0.991163492202759,"1"
"Drews","5",20261005,"TCGA-DI-A1NO","UCEC","1",0.999985814094543,"1"
"Drews","5",20261005,"TCGA-EO-A2CG","UCEC","1",0.999120652675629,"1"
"Drews","5",20261005,"TCGA-EY-A1GC","UCEC","1",0.984029650688171,"1"
"Drews","5",20261005,"TCGA-EY-A1GO","UCEC","2",0.990366816520691,"1"
"Drews","5",20261005,"TCGA-EY-A2ON","UCEC","1",0.999784648418427,"1"
"Drews","5",20261005,"TCGA-FI-A2CY","UCEC","1",0.99977308511734,"1"
"Drews","5",20261005,"TCGA-FI-A2EW","UCEC","1",0.993256807327271,"1"
"Drews","5",20261005,"TCGA-FI-A2F8","UCEC","1",0.969608843326569,"1"
"Drews","5",20261005,"TCGA-JU-AAVI","UCEC","1",0.999315977096558,"1"
"Drews","5",20261005,"TCGA-N5-A4R8","UCS","1",0.999913096427917,"1"
"Drews","5",20261005,"TCGA-N5-A4RJ","UCS","1",0.999777376651764,"1"
"Drews","5",20261005,"TCGA-N5-A4RT","UCS","1",0.999975323677063,"1"
"Drews","5",20261005,"TCGA-N7-A4Y8","UCS","1",0.99908971786499,"1"
"Drews","5",20261005,"TCGA-N9-A4Q4","UCS","1",0.999948740005493,"1"
"Drews","5",20261005,"TCGA-ND-A4W6","UCS","1",0.999923229217529,"1"
"Drews","5",20261005,"TCGA-ND-A4WF","UCS","1",0.999945759773254,"1"
"Drews","5",20261005,"TCGA-V4-A9EX","UVM","2",0.611167550086975,"1"
"Drews","5",20261005,"TCGA-VD-A8KA","UVM","2",0.0101723503321409,"2"
"Drews","5",20261005,"TCGA-VD-A8KM","UVM","2",0.0286340676248074,"2"
"Drews","5",20261005,"TCGA-VD-A8KN","UVM","2",0.0109326131641865,"2"
"Drews","6",20261006,"TCGA-OR-A5J2","ACC","1",0.545791685581207,"1"
"Drews","6",20261006,"TCGA-OR-A5J3","ACC","2",0.11808405071497,"2"
"Drews","6",20261006,"TCGA-OR-A5J8","ACC","1",0.997554242610931,"1"
"Drews","6",20261006,"TCGA-OR-A5JB","ACC","1",0.992714941501617,"1"
"Drews","6",20261006,"TCGA-OR-A5JI","ACC","2",0.025686152279377,"2"
"Drews","6",20261006,"TCGA-OR-A5K5","ACC","1",0.99274468421936,"1"
"Drews","6",20261006,"TCGA-OR-A5LG","ACC","1",0.456649929285049,"2"
"Drews","6",20261006,"TCGA-OR-A5LH","ACC","1",0.284700512886047,"2"
"Drews","6",20261006,"TCGA-4Z-AA7M","BLCA","1",0.999923229217529,"1"
"Drews","6",20261006,"TCGA-4Z-AA82","BLCA","1",0.999073505401611,"1"
"Drews","6",20261006,"TCGA-4Z-AA87","BLCA","1",0.999849081039429,"1"
"Drews","6",20261006,"TCGA-CF-A8HY","BLCA","1",0.998874366283417,"1"
"Drews","6",20261006,"TCGA-CU-A3YL","BLCA","2",0.998593151569366,"1"
"Drews","6",20261006,"TCGA-DK-A1A3","BLCA","1",0.999257624149323,"1"
"Drews","6",20261006,"TCGA-DK-A1AB","BLCA","2",0.967617928981781,"1"
"Drews","6",20261006,"TCGA-DK-A1AC","BLCA","1",0.999741613864899,"1"
"Drews","6",20261006,"TCGA-DK-A2I6","BLCA","1",0.999961853027344,"1"
"Drews","6",20261006,"TCGA-DK-A3IL","BLCA","1",0.998829066753387,"1"
"Drews","6",20261006,"TCGA-DK-A3IM","BLCA","1",0.999883055686951,"1"
"Drews","6",20261006,"TCGA-DK-A3IV","BLCA","1",0.999499917030334,"1"
"Drews","6",20261006,"TCGA-DK-A6B1","BLCA","1",0.994362950325012,"1"
"Drews","6",20261006,"TCGA-DK-AA6L","BLCA","1",0.999910116195679,"1"
"Drews","6",20261006,"TCGA-DK-AA6U","BLCA","1",0.999944448471069,"1"
"Drews","6",20261006,"TCGA-DK-AA6W","BLCA","1",0.99923300743103,"1"
"Drews","6",20261006,"TCGA-DK-AA77","BLCA","1",0.996542274951935,"1"
"Drews","6",20261006,"TCGA-E7-A3Y1","BLCA","2",0.316111087799072,"2"
"Drews","6",20261006,"TCGA-FD-A3SJ","BLCA","1",0.999993562698364,"1"
"Drews","6",20261006,"TCGA-FD-A5C0","BLCA","1",0.999195158481598,"1"
"Drews","6",20261006,"TCGA-G2-AA3D","BLCA","1",0.999525785446167,"1"
"Drews","6",20261006,"TCGA-GV-A6ZA","BLCA","1",0.999914407730103,"1"
"Drews","6",20261006,"TCGA-HQ-A2OF","BLCA","1",0.993556678295135,"1"
"Drews","6",20261006,"TCGA-KQ-A41P","BLCA","1",0.999789655208588,"1"
"Drews","6",20261006,"TCGA-KQ-A41R","BLCA","1",0.998203992843628,"1"
"Drews","6",20261006,"TCGA-PQ-A6FI","BLCA","1",0.999194443225861,"1"
"Drews","6",20261006,"TCGA-UY-A8OD","BLCA","1",0.999824106693268,"1"
"Drews","6",20261006,"TCGA-XF-AAMG","BLCA","1",0.999984979629517,"1"
"Drews","6",20261006,"TCGA-XF-AAMY","BLCA","1",0.999425530433655,"1"
"Drews","6",20261006,"TCGA-YF-AA3L","BLCA","1",0.995261490345001,"1"
"Drews","6",20261006,"TCGA-ZF-A9R9","BLCA","1",0.914735734462738,"1"
"Drews","6",20261006,"TCGA-ZF-A9RL","BLCA","1",0.999549210071564,"1"
"Drews","6",20261006,"TCGA-ZF-AA4V","BLCA","1",0.999696373939514,"1"
"Drews","6",20261006,"TCGA-3C-AALI","BRCA","1",0.999996542930603,"1"
"Drews","6",20261006,"TCGA-A2-A04V","BRCA","1",0.997525036334991,"1"
"Drews","6",20261006,"TCGA-A2-A0EP","BRCA","1",0.172431260347366,"2"
"Drews","6",20261006,"TCGA-A2-A0EX","BRCA","1",0.368127048015594,"2"
"Drews","6",20261006,"TCGA-A2-A0T0","BRCA","1",0.999846696853638,"1"
"Drews","6",20261006,"TCGA-A2-A0T2","BRCA","1",0.996915221214294,"1"
"Drews","6",20261006,"TCGA-A2-A0YJ","BRCA","1",0.99990177154541,"1"
"Drews","6",20261006,"TCGA-A2-A1FV","BRCA","1",0.859244823455811,"1"
"Drews","6",20261006,"TCGA-A2-A1G4","BRCA","1",0.855352759361267,"1"
"Drews","6",20261006,"TCGA-A7-A0CJ","BRCA","1",0.996547043323517,"1"
"Drews","6",20261006,"TCGA-A7-A2KD","BRCA","1",0.999562919139862,"1"
"Drews","6",20261006,"TCGA-A7-A5ZV","BRCA","1",0.999962091445923,"1"
"Drews","6",20261006,"TCGA-A7-A6VY","BRCA","1",0.999989748001099,"1"
"Drews","6",20261006,"TCGA-A8-A06Q","BRCA","1",0.995721817016602,"1"
"Drews","6",20261006,"TCGA-A8-A079","BRCA","1",0.998780310153961,"1"
"Drews","6",20261006,"TCGA-A8-A07B","BRCA","1",0.997987627983093,"1"
"Drews","6",20261006,"TCGA-A8-A07I","BRCA","1",0.999574720859528,"1"
"Drews","6",20261006,"TCGA-A8-A094","BRCA","1",0.999433815479279,"1"
"Drews","6",20261006,"TCGA-A8-A09D","BRCA","1",0.999924063682556,"1"
"Drews","6",20261006,"TCGA-A8-A09E","BRCA","1",0.984076797962189,"1"
"Drews","6",20261006,"TCGA-A8-A0AD","BRCA","1",0.828934550285339,"1"
"Drews","6",20261006,"TCGA-AC-A2BM","BRCA","1",0.98550146818161,"1"
"Drews","6",20261006,"TCGA-AC-A2QH","BRCA","1",0.999666571617126,"1"
"Drews","6",20261006,"TCGA-AC-A3OD","BRCA","1",0.821434855461121,"1"
"Drews","6",20261006,"TCGA-AC-A3W5","BRCA","1",0.999714434146881,"1"
"Drews","6",20261006,"TCGA-AN-A049","BRCA","1",0.999913454055786,"1"
"Drews","6",20261006,"TCGA-AN-A0XP","BRCA","2",0.73199725151062,"1"
"Drews","6",20261006,"TCGA-AN-A0XS","BRCA","2",0.176201656460762,"2"
"Drews","6",20261006,"TCGA-AO-A03O","BRCA","1",0.999773919582367,"1"
"Drews","6",20261006,"TCGA-AO-A0J7","BRCA","2",0.735739171504974,"1"
"Drews","6",20261006,"TCGA-AO-A0JD","BRCA","1",0.999675989151001,"1"
"Drews","6",20261006,"TCGA-AQ-A04J","BRCA","1",0.999591529369354,"1"
"Drews","6",20261006,"TCGA-AQ-A1H2","BRCA","1",0.995825290679932,"1"
"Drews","6",20261006,"TCGA-AR-A0TV","BRCA","1",0.997617900371552,"1"
"Drews","6",20261006,"TCGA-AR-A0TX","BRCA","1",0.999785244464874,"1"
"Drews","6",20261006,"TCGA-AR-A1AQ","BRCA","1",0.987361907958984,"1"
"Drews","6",20261006,"TCGA-AR-A24H","BRCA","1",0.999785482883453,"1"
"Drews","6",20261006,"TCGA-AR-A24N","BRCA","2",0.716880023479462,"1"
"Drews","6",20261006,"TCGA-AR-A24Z","BRCA","1",0.999548494815826,"1"
"Drews","6",20261006,"TCGA-AR-A251","BRCA","1",0.999983310699463,"1"
"Drews","6",20261006,"TCGA-AR-A255","BRCA","1",0.999045312404633,"1"
"Drews","6",20261006,"TCGA-B6-A0I1","BRCA","1",0.999979257583618,"1"
"Drews","6",20261006,"TCGA-B6-A0RH","BRCA","1",0.998340845108032,"1"
"Drews","6",20261006,"TCGA-B6-A0RS","BRCA","1",0.999838948249817,"1"
"Drews","6",20261006,"TCGA-B6-A1KI","BRCA","2",0.0704235658049583,"2"
"Drews","6",20261006,"TCGA-BH-A0B5","BRCA","2",0.742851436138153,"1"
"Drews","6",20261006,"TCGA-BH-A0BP","BRCA","1",0.991998851299286,"1"
"Drews","6",20261006,"TCGA-BH-A0C7","BRCA","1",0.999527096748352,"1"
"Drews","6",20261006,"TCGA-BH-A0DD","BRCA","1",0.998040378093719,"1"
"Drews","6",20261006,"TCGA-BH-A0E2","BRCA","1",0.999853253364563,"1"
"Drews","6",20261006,"TCGA-BH-A0HB","BRCA","1",0.998745560646057,"1"
"Drews","6",20261006,"TCGA-BH-A0HX","BRCA","1",0.999901294708252,"1"
"Drews","6",20261006,"TCGA-BH-A18Q","BRCA","1",0.999750316143036,"1"
"Drews","6",20261006,"TCGA-BH-A1EV","BRCA","1",0.995905041694641,"1"
"Drews","6",20261006,"TCGA-C8-A12M","BRCA","1",0.9996737241745,"1"
"Drews","6",20261006,"TCGA-C8-A12P","BRCA","1",0.999993562698364,"1"
"Drews","6",20261006,"TCGA-C8-A12U","BRCA","1",0.999147534370422,"1"
"Drews","6",20261006,"TCGA-C8-A130","BRCA","1",0.999975800514221,"1"
"Drews","6",20261006,"TCGA-C8-A134","BRCA","1",0.999431550502777,"1"
"Drews","6",20261006,"TCGA-C8-A137","BRCA","1",0.99962306022644,"1"
"Drews","6",20261006,"TCGA-C8-A1HJ","BRCA","1",0.999911665916443,"1"
"Drews","6",20261006,"TCGA-C8-A26Z","BRCA","1",0.99833220243454,"1"
"Drews","6",20261006,"TCGA-D8-A1J9","BRCA","1",0.999974370002747,"1"
"Drews","6",20261006,"TCGA-D8-A1JG","BRCA","1",0.999357998371124,"1"
"Drews","6",20261006,"TCGA-D8-A1JL","BRCA","1",0.99992847442627,"1"
"Drews","6",20261006,"TCGA-D8-A1XS","BRCA","1",0.992184579372406,"1"
"Drews","6",20261006,"TCGA-D8-A1Y3","BRCA","1",0.999801456928253,"1"
"Drews","6",20261006,"TCGA-E2-A14X","BRCA","1",0.999983429908752,"1"
"Drews","6",20261006,"TCGA-E2-A15R","BRCA","1",0.998557031154633,"1"
"Drews","6",20261006,"TCGA-E2-A1II","BRCA","1",0.999465525150299,"1"
"Drews","6",20261006,"TCGA-E2-A2P6","BRCA","1",0.961477339267731,"1"
"Drews","6",20261006,"TCGA-E9-A1N9","BRCA","1",0.999925374984741,"1"
"Drews","6",20261006,"TCGA-E9-A1NA","BRCA","1",0.998944342136383,"1"
"Drews","6",20261006,"TCGA-E9-A22A","BRCA","1",0.999349415302277,"1"
"Drews","6",20261006,"TCGA-E9-A22E","BRCA","1",0.999071717262268,"1"
"Drews","6",20261006,"TCGA-E9-A24A","BRCA","2",0.176941305398941,"2"
"Drews","6",20261006,"TCGA-E9-A54Y","BRCA","1",0.992327153682709,"1"
"Drews","6",20261006,"TCGA-EW-A1IY","BRCA","2",0.896694540977478,"1"
"Drews","6",20261006,"TCGA-EW-A1OX","BRCA","1",0.999126136302948,"1"
"Drews","6",20261006,"TCGA-EW-A1OY","BRCA","1",0.999968290328979,"1"
"Drews","6",20261006,"TCGA-EW-A1P3","BRCA","2",0.979968965053558,"1"
"Drews","6",20261006,"TCGA-EW-A1PA","BRCA","1",0.999909281730652,"1"
"Drews","6",20261006,"TCGA-EW-A6SD","BRCA","1",0.999987006187439,"1"
"Drews","6",20261006,"TCGA-GM-A2DA","BRCA","1",0.863700330257416,"1"
"Drews","6",20261006,"TCGA-GM-A2DF","BRCA","1",0.999974608421326,"1"
"Drews","6",20261006,"TCGA-LL-A5YM","BRCA","1",0.99631679058075,"1"
"Drews","6",20261006,"TCGA-LL-A6FQ","BRCA","1",0.935633480548859,"1"
"Drews","6",20261006,"TCGA-OL-A66K","BRCA","2",0.097756065428257,"2"
"Drews","6",20261006,"TCGA-PE-A5DE","BRCA","1",0.940799415111542,"1"
"Drews","6",20261006,"TCGA-S3-A6ZF","BRCA","1",0.999920964241028,"1"
"Drews","6",20261006,"TCGA-S3-AA10","BRCA","1",0.998855233192444,"1"
"Drews","6",20261006,"TCGA-V7-A7HQ","BRCA","2",0.963693499565125,"1"
"Drews","6",20261006,"TCGA-W8-A86G","BRCA","2",0.0155446548014879,"2"
"Drews","6",20261006,"TCGA-WT-AB41","BRCA","1",0.992103397846222,"1"
"Drews","6",20261006,"TCGA-WT-AB44","BRCA","2",0.650684893131256,"1"
"Drews","6",20261006,"TCGA-4J-AA1J","CESC","1",0.998250424861908,"1"
"Drews","6",20261006,"TCGA-C5-A1BL","CESC","1",0.995927512645721,"1"
"Drews","6",20261006,"TCGA-C5-A2LV","CESC","1",0.933893859386444,"1"
"Drews","6",20261006,"TCGA-C5-A7UE","CESC","2",0.623332500457764,"1"
"Drews","6",20261006,"TCGA-C5-A7UH","CESC","1",0.970694720745087,"1"
"Drews","6",20261006,"TCGA-DR-A0ZM","CESC","2",0.790468990802765,"1"
"Drews","6",20261006,"TCGA-EK-A2PG","CESC","1",0.994302988052368,"1"
"Drews","6",20261006,"TCGA-EK-A2RE","CESC","2",0.600049614906311,"1"
"Drews","6",20261006,"TCGA-EX-A69M","CESC","2",0.997919499874115,"1"
"Drews","6",20261006,"TCGA-FU-A5XV","CESC","2",0.0509255602955818,"2"
"Drews","6",20261006,"TCGA-VS-A8EH","CESC","1",0.98249614238739,"1"
"Drews","6",20261006,"TCGA-VS-A8EJ","CESC","1",0.999867558479309,"1"
"Drews","6",20261006,"TCGA-VS-A8QC","CESC","1",0.993285298347473,"1"
"Drews","6",20261006,"TCGA-VS-A9U5","CESC","1",0.999236941337585,"1"
"Drews","6",20261006,"TCGA-VS-A9U7","CESC","1",0.905831634998322,"1"
"Drews","6",20261006,"TCGA-VS-A9UT","CESC","1",0.998424172401428,"1"
"Drews","6",20261006,"TCGA-3X-AAVC","CHOL","1",0.978315889835358,"1"
"Drews","6",20261006,"TCGA-5M-AAT4","COAD","1",0.996136367321014,"1"
"Drews","6",20261006,"TCGA-A6-A56B","COAD","1",0.999619722366333,"1"
"Drews","6",20261006,"TCGA-AA-3679","COAD","1",0.997540354728699,"1"
"Drews","6",20261006,"TCGA-AA-3837","COAD","2",0.285073548555374,"2"
"Drews","6",20261006,"TCGA-AA-3949","COAD","2",0.488795131444931,"2"
"Drews","6",20261006,"TCGA-AA-A01S","COAD","1",0.981015682220459,"1"
"Drews","6",20261006,"TCGA-AA-A01Z","COAD","1",0.978841960430145,"1"
"Drews","6",20261006,"TCGA-AZ-4308","COAD","1",0.978070795536041,"1"
"Drews","6",20261006,"TCGA-CK-4947","COAD","2",0.00177790492307395,"2"
"Drews","6",20261006,"TCGA-CK-5914","COAD","1",0.364230185747147,"2"
"Drews","6",20261006,"TCGA-CM-4746","COAD","2",0.746442258358002,"1"
"Drews","6",20261006,"TCGA-CM-4752","COAD","1",0.997551381587982,"1"
"Drews","6",20261006,"TCGA-CM-5344","COAD","2",0.990592181682587,"1"
"Drews","6",20261006,"TCGA-CM-6168","COAD","2",0.0673194378614426,"2"
"Drews","6",20261006,"TCGA-D5-6533","COAD","1",0.994184911251068,"1"
"Drews","6",20261006,"TCGA-D5-6535","COAD","1",0.996259570121765,"1"
"Drews","6",20261006,"TCGA-F4-6461","COAD","1",0.764024019241333,"1"
"Drews","6",20261006,"TCGA-F4-6704","COAD","1",0.955800712108612,"1"
"Drews","6",20261006,"TCGA-G4-6303","COAD","1",0.988413155078888,"1"
"Drews","6",20261006,"TCGA-G4-6306","COAD","2",0.977098762989044,"1"
"Drews","6",20261006,"TCGA-QL-A97D","COAD","1",0.504061281681061,"1"
"Drews","6",20261006,"TCGA-VB-A8QN","DLBC","1",0.981494784355164,"1"
"Drews","6",20261006,"TCGA-2H-A9GM","ESCA","1",0.999884009361267,"1"
"Drews","6",20261006,"TCGA-2H-A9GQ","ESCA","1",0.999744355678558,"1"
"Drews","6",20261006,"TCGA-IC-A6RE","ESCA","1",0.999309420585632,"1"
"Drews","6",20261006,"TCGA-JY-A6F8","ESCA","1",0.977114498615265,"1"
"Drews","6",20261006,"TCGA-JY-A6FH","ESCA","1",0.999973297119141,"1"
"Drews","6",20261006,"TCGA-JY-A938","ESCA","1",0.999400019645691,"1"
"Drews","6",20261006,"TCGA-L5-A4OO","ESCA","1",0.998917102813721,"1"
"Drews","6",20261006,"TCGA-L5-A8NH","ESCA","1",0.999366700649261,"1"
"Drews","6",20261006,"TCGA-L5-A8NW","ESCA","1",0.999360382556915,"1"
"Drews","6",20261006,"TCGA-LN-A49U","ESCA","1",0.994167685508728,"1"
"Drews","6",20261006,"TCGA-LN-A49Y","ESCA","1",0.999903917312622,"1"
"Drews","6",20261006,"TCGA-LN-A5U5","ESCA","1",0.998464345932007,"1"
"Drews","6",20261006,"TCGA-LN-A8HZ","ESCA","1",0.99985134601593,"1"
"Drews","6",20261006,"TCGA-R6-A8W8","ESCA","1",0.995540201663971,"1"
"Drews","6",20261006,"TCGA-S8-A6BW","ESCA","1",0.9951451420784,"1"
"Drews","6",20261006,"TCGA-V5-A7RB","ESCA","1",0.998529553413391,"1"
"Drews","6",20261006,"TCGA-V5-AASV","ESCA","1",0.928154945373535,"1"
"Drews","6",20261006,"TCGA-XP-A8T8","ESCA","1",0.998493194580078,"1"
"Drews","6",20261006,"TCGA-06-2558","GBM","1",0.939675033092499,"1"
"Drews","6",20261006,"TCGA-06-2562","GBM","2",0.60637378692627,"1"
"Drews","6",20261006,"TCGA-26-5139","GBM","2",0.616483211517334,"1"
"Drews","6",20261006,"TCGA-27-1832","GBM","1",0.284417182207108,"2"
"Drews","6",20261006,"TCGA-28-5216","GBM","1",0.329035639762878,"2"
"Drews","6",20261006,"TCGA-76-4931","GBM","1",0.792689621448517,"1"
"Drews","6",20261006,"TCGA-BA-6871","HNSC","1",0.986226499080658,"1"
"Drews","6",20261006,"TCGA-CN-4725","HNSC","1",0.997781455516815,"1"
"Drews","6",20261006,"TCGA-CN-6988","HNSC","1",0.992864966392517,"1"
"Drews","6",20261006,"TCGA-CN-6997","HNSC","1",0.996458113193512,"1"
"Drews","6",20261006,"TCGA-CQ-5327","HNSC","2",0.11633724719286,"2"
"Drews","6",20261006,"TCGA-CQ-A4CI","HNSC","1",0.999802768230438,"1"
"Drews","6",20261006,"TCGA-CR-7390","HNSC","1",0.999152779579163,"1"
"Drews","6",20261006,"TCGA-CV-5441","HNSC","1",0.990492522716522,"1"
"Drews","6",20261006,"TCGA-CV-5444","HNSC","1",0.99662172794342,"1"
"Drews","6",20261006,"TCGA-CV-6933","HNSC","1",0.9996337890625,"1"
"Drews","6",20261006,"TCGA-CV-6941","HNSC","1",0.818545699119568,"1"
"Drews","6",20261006,"TCGA-CV-7243","HNSC","1",0.999287545681,"1"
"Drews","6",20261006,"TCGA-CV-7437","HNSC","1",0.999863386154175,"1"
"Drews","6",20261006,"TCGA-CV-A6K2","HNSC","2",0.626696050167084,"1"
"Drews","6",20261006,"TCGA-D6-A4ZB","HNSC","1",0.999433696269989,"1"
"Drews","6",20261006,"TCGA-D6-A6EO","HNSC","1",0.959526419639587,"1"
"Drews","6",20261006,"TCGA-HD-7831","HNSC","1",0.960171580314636,"1"
"Drews","6",20261006,"TCGA-HD-8635","HNSC","1",0.985585987567902,"1"
"Drews","6",20261006,"TCGA-IQ-A61G","HNSC","1",0.978421330451965,"1"
"Drews","6",20261006,"TCGA-MZ-A7D7","HNSC","1",0.998546242713928,"1"
"Drews","6",20261006,"TCGA-QK-A8Z9","HNSC","1",0.999663114547729,"1"
"Drews","6",20261006,"TCGA-UF-A71A","HNSC","1",0.999771058559418,"1"
"Drews","6",20261006,"TCGA-UF-A7JC","HNSC","1",0.992120027542114,"1"
"Drews","6",20261006,"TCGA-KL-8332","KICH","2",0.0433429777622223,"2"
"Drews","6",20261006,"TCGA-KL-8346","KICH","2",0.0734268054366112,"2"
"Drews","6",20261006,"TCGA-KM-8443","KICH","1",0.00280393590219319,"2"
"Drews","6",20261006,"TCGA-KN-8418","KICH","2",0.00202322658151388,"2"
"Drews","6",20261006,"TCGA-KN-8428","KICH","1",0.511336803436279,"1"
"Drews","6",20261006,"TCGA-KN-8429","KICH","2",0.00693414453417063,"2"
"Drews","6",20261006,"TCGA-KN-8435","KICH","1",0.0146787511184812,"2"
"Drews","6",20261006,"TCGA-A3-3383","KIRC","2",0.00357519928365946,"2"
"Drews","6",20261006,"TCGA-A3-A6NI","KIRC","2",0.000783522031269968,"2"
"Drews","6",20261006,"TCGA-AS-3777","KIRC","2",0.732090651988983,"1"
"Drews","6",20261006,"TCGA-B0-4710","KIRC","2",0.0080315014347434,"2"
"Drews","6",20261006,"TCGA-B0-5107","KIRC","2",0.00773095013573766,"2"
"Drews","6",20261006,"TCGA-B8-4620","KIRC","2",0.00291874166578054,"2"
"Drews","6",20261006,"TCGA-BP-4963","KIRC","2",0.000998197472654283,"2"
"Drews","6",20261006,"TCGA-BP-4977","KIRC","2",0.00211013364605606,"2"
"Drews","6",20261006,"TCGA-BP-5168","KIRC","2",0.000120545228128321,"2"
"Drews","6",20261006,"TCGA-CJ-4902","KIRC","2",0.00112813431769609,"2"
"Drews","6",20261006,"TCGA-CJ-5683","KIRC","2",0.000429648935096338,"2"
"Drews","6",20261006,"TCGA-CW-5591","KIRC","2",0.0110003091394901,"2"
"Drews","6",20261006,"TCGA-CZ-4864","KIRC","2",0.00662679970264435,"2"
"Drews","6",20261006,"TCGA-CZ-5462","KIRC","2",0.00186066690366715,"2"
"Drews","6",20261006,"TCGA-CZ-5985","KIRC","2",0.00113766896538436,"2"
"Drews","6",20261006,"TCGA-2Z-A9JJ","KIRP","1",0.00969318579882383,"2"
"Drews","6",20261006,"TCGA-A4-A4ZT","KIRP","2",0.00672152126207948,"2"
"Drews","6",20261006,"TCGA-B3-4104","KIRP","1",0.940396308898926,"1"
"Drews","6",20261006,"TCGA-B9-4617","KIRP","2",0.00155553012154996,"2"
"Drews","6",20261006,"TCGA-F9-A7VF","KIRP","2",0.00532757164910436,"2"
"Drews","6",20261006,"TCGA-G7-A8LC","KIRP","2",0.00195344560779631,"2"
"Drews","6",20261006,"TCGA-HE-A5NJ","KIRP","2",0.0855855494737625,"2"
"Drews","6",20261006,"TCGA-MH-A856","KIRP","1",0.000932335678953677,"2"
"Drews","6",20261006,"TCGA-P4-A5E8","KIRP","2",0.0355264209210873,"2"
"Drews","6",20261006,"TCGA-CS-4943","LGG","1",0.992101728916168,"1"
"Drews","6",20261006,"TCGA-CS-6666","LGG","1",0.809091985225677,"1"
"Drews","6",20261006,"TCGA-DB-A4XE","LGG","2",0.105440303683281,"2"
"Drews","6",20261006,"TCGA-DH-A7UT","LGG","2",0.0780726745724678,"2"
"Drews","6",20261006,"TCGA-DU-5855","LGG","2",0.0178375411778688,"2"
"Drews","6",20261006,"TCGA-DU-7013","LGG","2",0.942152857780457,"1"
"Drews","6",20261006,"TCGA-DU-A7TA","LGG","1",0.197498545050621,"2"
"Drews","6",20261006,"TCGA-E1-5304","LGG","1",0.986296653747559,"1"
"Drews","6",20261006,"TCGA-E1-5307","LGG","1",0.0790451467037201,"2"
"Drews","6",20261006,"TCGA-E1-A7Z2","LGG","1",0.353310912847519,"2"
"Drews","6",20261006,"TCGA-E1-A7Z3","LGG","2",0.00712022837251425,"2"
"Drews","6",20261006,"TCGA-FG-5962","LGG","2",0.00945078209042549,"2"
"Drews","6",20261006,"TCGA-FG-A6IZ","LGG","2",0.0124705648049712,"2"
"Drews","6",20261006,"TCGA-HT-7474","LGG","2",0.01536975055933,"2"
"Drews","6",20261006,"TCGA-HT-7686","LGG","1",0.0465016476809978,"2"
"Drews","6",20261006,"TCGA-HT-7879","LGG","2",0.119036003947258,"2"
"Drews","6",20261006,"TCGA-HT-8011","LGG","2",0.968538641929626,"1"
"Drews","6",20261006,"TCGA-HT-A5R9","LGG","2",0.115339748561382,"2"
"Drews","6",20261006,"TCGA-HT-A61B","LGG","1",0.651879966259003,"1"
"Drews","6",20261006,"TCGA-QH-A6CW","LGG","2",0.09096360206604,"2"
"Drews","6",20261006,"TCGA-S9-A7R8","LGG","1",0.382678359746933,"2"
"Drews","6",20261006,"TCGA-TM-A7C5","LGG","2",0.00467675225809216,"2"
"Drews","6",20261006,"TCGA-TQ-A7RO","LGG","2",0.00183895416557789,"2"
"Drews","6",20261006,"TCGA-VM-A8CB","LGG","2",0.00364821334369481,"2"
"Drews","6",20261006,"TCGA-2Y-A9H0","LIHC","1",0.998780906200409,"1"
"Drews","6",20261006,"TCGA-2Y-A9H1","LIHC","1",0.0440459474921227,"2"
"Drews","6",20261006,"TCGA-2Y-A9H3","LIHC","1",0.615263879299164,"1"
"Drews","6",20261006,"TCGA-3K-AAZ8","LIHC","2",0.43874529004097,"2"
"Drews","6",20261006,"TCGA-5C-A9VH","LIHC","2",0.973138988018036,"1"
"Drews","6",20261006,"TCGA-BC-A10Q","LIHC","2",0.9215287566185,"1"
"Drews","6",20261006,"TCGA-BC-A10R","LIHC","1",0.972728908061981,"1"
"Drews","6",20261006,"TCGA-BC-A10Z","LIHC","1",0.96334171295166,"1"
"Drews","6",20261006,"TCGA-BC-A5W4","LIHC","1",0.632391929626465,"1"
"Drews","6",20261006,"TCGA-BC-A8YO","LIHC","1",0.997067511081696,"1"
"Drews","6",20261006,"TCGA-CC-A3MB","LIHC","1",0.996440827846527,"1"
"Drews","6",20261006,"TCGA-DD-A11B","LIHC","2",0.689112186431885,"1"
"Drews","6",20261006,"TCGA-DD-A1EB","LIHC","1",0.656338155269623,"1"
"Drews","6",20261006,"TCGA-DD-A1EI","LIHC","1",0.928292512893677,"1"
"Drews","6",20261006,"TCGA-DD-AACG","LIHC","1",0.991279423236847,"1"
"Drews","6",20261006,"TCGA-DD-AACL","LIHC","1",0.996817946434021,"1"
"Drews","6",20261006,"TCGA-DD-AAVY","LIHC","2",0.314670652151108,"2"
"Drews","6",20261006,"TCGA-EP-A2KA","LIHC","1",0.862143933773041,"1"
"Drews","6",20261006,"TCGA-EP-A2KC","LIHC","2",0.117132425308228,"2"
"Drews","6",20261006,"TCGA-G3-A7M9","LIHC","1",0.99987256526947,"1"
"Drews","6",20261006,"TCGA-G3-AAUZ","LIHC","1",0.599809646606445,"1"
"Drews","6",20261006,"TCGA-05-4250","LUAD","1",0.941253960132599,"1"
"Drews","6",20261006,"TCGA-05-4389","LUAD","1",0.999820053577423,"1"
"Drews","6",20261006,"TCGA-44-A4SU","LUAD","1",0.999087333679199,"1"
"Drews","6",20261006,"TCGA-49-4488","LUAD","1",0.998624086380005,"1"
"Drews","6",20261006,"TCGA-49-AARE","LUAD","1",0.999167799949646,"1"
"Drews","6",20261006,"TCGA-50-5935","LUAD","1",0.993135929107666,"1"
"Drews","6",20261006,"TCGA-50-6597","LUAD","1",0.989403963088989,"1"
"Drews","6",20261006,"TCGA-55-1594","LUAD","1",0.999984264373779,"1"
"Drews","6",20261006,"TCGA-55-7570","LUAD","1",0.999916315078735,"1"
"Drews","6",20261006,"TCGA-55-7903","LUAD","1",0.999357879161835,"1"
"Drews","6",20261006,"TCGA-55-7910","LUAD","1",0.999869227409363,"1"
"Drews","6",20261006,"TCGA-55-7994","LUAD","1",0.989020645618439,"1"
"Drews","6",20261006,"TCGA-55-8094","LUAD","1",0.99982762336731,"1"
"Drews","6",20261006,"TCGA-62-A46O","LUAD","1",0.999984622001648,"1"
"Drews","6",20261006,"TCGA-62-A46S","LUAD","1",0.995384037494659,"1"
"Drews","6",20261006,"TCGA-64-5774","LUAD","1",0.999598681926727,"1"
"Drews","6",20261006,"TCGA-64-5779","LUAD","1",0.999579012393951,"1"
"Drews","6",20261006,"TCGA-67-3771","LUAD","1",0.999848365783691,"1"
"Drews","6",20261006,"TCGA-71-6725","LUAD","1",0.998738467693329,"1"
"Drews","6",20261006,"TCGA-78-7158","LUAD","2",0.8531414270401,"1"
"Drews","6",20261006,"TCGA-86-8056","LUAD","1",0.912690341472626,"1"
"Drews","6",20261006,"TCGA-97-7547","LUAD","1",0.874504745006561,"1"
"Drews","6",20261006,"TCGA-L9-A5IP","LUAD","1",0.995404481887817,"1"
"Drews","6",20261006,"TCGA-MP-A4T6","LUAD","1",0.995522260665894,"1"
"Drews","6",20261006,"TCGA-MP-A4T8","LUAD","1",0.999914050102234,"1"
"Drews","6",20261006,"TCGA-NJ-A4YP","LUAD","2",0.904289364814758,"1"
"Drews","6",20261006,"TCGA-O1-A52J","LUAD","1",0.967125952243805,"1"
"Drews","6",20261006,"TCGA-18-4721","LUSC","1",0.999811232089996,"1"
"Drews","6",20261006,"TCGA-21-1075","LUSC","1",0.99788361787796,"1"
"Drews","6",20261006,"TCGA-21-1080","LUSC","1",0.99957948923111,"1"
"Drews","6",20261006,"TCGA-21-5783","LUSC","1",0.999934554100037,"1"
"Drews","6",20261006,"TCGA-22-5478","LUSC","1",0.999509692192078,"1"
"Drews","6",20261006,"TCGA-33-4566","LUSC","1",0.985370755195618,"1"
"Drews","6",20261006,"TCGA-33-4582","LUSC","1",0.999962687492371,"1"
"Drews","6",20261006,"TCGA-33-AASI","LUSC","1",0.999884247779846,"1"
"Drews","6",20261006,"TCGA-39-5016","LUSC","1",0.991622865200043,"1"
"Drews","6",20261006,"TCGA-43-7657","LUSC","1",0.999960422515869,"1"
"Drews","6",20261006,"TCGA-43-A474","LUSC","1",0.99873298406601,"1"
"Drews","6",20261006,"TCGA-52-7812","LUSC","1",0.999741017818451,"1"
"Drews","6",20261006,"TCGA-56-7223","LUSC","1",0.999940633773804,"1"
"Drews","6",20261006,"TCGA-56-7730","LUSC","1",0.999804675579071,"1"
"Drews","6",20261006,"TCGA-56-8083","LUSC","1",0.999934315681458,"1"
"Drews","6",20261006,"TCGA-56-8308","LUSC","1",0.999938726425171,"1"
"Drews","6",20261006,"TCGA-56-8622","LUSC","1",0.945041954517365,"1"
"Drews","6",20261006,"TCGA-58-8387","LUSC","1",0.999975323677063,"1"
"Drews","6",20261006,"TCGA-60-2706","LUSC","1",0.999893426895142,"1"
"Drews","6",20261006,"TCGA-60-2713","LUSC","1",0.999817788600922,"1"
"Drews","6",20261006,"TCGA-60-2722","LUSC","1",0.999618411064148,"1"
"Drews","6",20261006,"TCGA-66-2754","LUSC","1",0.999934554100037,"1"
"Drews","6",20261006,"TCGA-66-2768","LUSC","1",0.999958515167236,"1"
"Drews","6",20261006,"TCGA-6A-AB49","LUSC","1",0.999855279922485,"1"
"Drews","6",20261006,"TCGA-77-6842","LUSC","1",0.999234795570374,"1"
"Drews","6",20261006,"TCGA-77-7142","LUSC","1",0.999744474887848,"1"
"Drews","6",20261006,"TCGA-77-8133","LUSC","1",0.998587489128113,"1"
"Drews","6",20261006,"TCGA-85-6798","LUSC","1",0.999844789505005,"1"
"Drews","6",20261006,"TCGA-85-8071","LUSC","1",0.994267702102661,"1"
"Drews","6",20261006,"TCGA-85-A510","LUSC","1",0.999658107757568,"1"
"Drews","6",20261006,"TCGA-90-7769","LUSC","1",0.997001111507416,"1"
"Drews","6",20261006,"TCGA-92-8065","LUSC","1",0.99759715795517,"1"
"Drews","6",20261006,"TCGA-98-8021","LUSC","1",0.998271822929382,"1"
"Drews","6",20261006,"TCGA-NC-A5HT","LUSC","1",0.997767925262451,"1"
"Drews","6",20261006,"TCGA-MQ-A6BR","MESO","2",0.0727993026375771,"2"
"Drews","6",20261006,"TCGA-SC-A6LP","MESO","2",0.985120594501495,"1"
"Drews","6",20261006,"TCGA-SH-A9CT","MESO","1",0.995979428291321,"1"
"Drews","6",20261006,"TCGA-UD-AAC7","MESO","1",0.997747004032135,"1"
"Drews","6",20261006,"TCGA-04-1362","OV","1",0.999979972839355,"1"
"Drews","6",20261006,"TCGA-09-0369","OV","1",0.999906420707703,"1"
"Drews","6",20261006,"TCGA-09-1673","OV","1",0.999529361724854,"1"
"Drews","6",20261006,"TCGA-09-2056","OV","1",0.999801814556122,"1"
"Drews","6",20261006,"TCGA-13-1481","OV","1",0.999992728233337,"1"
"Drews","6",20261006,"TCGA-13-1498","OV","1",0.999197781085968,"1"
"Drews","6",20261006,"TCGA-23-1027","OV","1",0.999946475028992,"1"
"Drews","6",20261006,"TCGA-23-1029","OV","1",0.999948501586914,"1"
"Drews","6",20261006,"TCGA-23-1111","OV","1",0.967285215854645,"1"
"Drews","6",20261006,"TCGA-23-1809","OV","1",0.999815404415131,"1"
"Drews","6",20261006,"TCGA-24-1418","OV","1",0.999968528747559,"1"
"Drews","6",20261006,"TCGA-24-1469","OV","1",0.999991774559021,"1"
"Drews","6",20261006,"TCGA-24-1616","OV","1",0.999604403972626,"1"
"Drews","6",20261006,"TCGA-24-1843","OV","1",0.999974727630615,"1"
"Drews","6",20261006,"TCGA-24-2033","OV","1",0.999278724193573,"1"
"Drews","6",20261006,"TCGA-24-2254","OV","1",0.999687671661377,"1"
"Drews","6",20261006,"TCGA-24-2289","OV","1",0.999999523162842,"1"
"Drews","6",20261006,"TCGA-25-2393","OV","1",0.99994683265686,"1"
"Drews","6",20261006,"TCGA-25-2397","OV","1",0.999505281448364,"1"
"Drews","6",20261006,"TCGA-29-1695","OV","1",0.999950170516968,"1"
"Drews","6",20261006,"TCGA-29-1702","OV","1",0.99996554851532,"1"
"Drews","6",20261006,"TCGA-29-1710","OV","1",0.999075055122375,"1"
"Drews","6",20261006,"TCGA-29-1761","OV","1",0.999903440475464,"1"
"Drews","6",20261006,"TCGA-29-1763","OV","1",0.999280869960785,"1"
"Drews","6",20261006,"TCGA-29-1770","OV","1",0.999807298183441,"1"
"Drews","6",20261006,"TCGA-29-1778","OV","1",0.998323619365692,"1"
"Drews","6",20261006,"TCGA-29-1783","OV","1",0.99989128112793,"1"
"Drews","6",20261006,"TCGA-29-A5NZ","OV","1",0.99989640712738,"1"
"Drews","6",20261006,"TCGA-59-2354","OV","1",0.999865770339966,"1"
"Drews","6",20261006,"TCGA-61-1725","OV","1",0.999575793743134,"1"
"Drews","6",20261006,"TCGA-61-1900","OV","1",0.999992489814758,"1"
"Drews","6",20261006,"TCGA-61-1907","OV","1",0.999873399734497,"1"
"Drews","6",20261006,"TCGA-61-2002","OV","1",0.999816834926605,"1"
"Drews","6",20261006,"TCGA-3A-A9IC","PAAD","1",0.997887790203094,"1"
"Drews","6",20261006,"TCGA-3A-A9IO","PAAD","1",0.066127210855484,"2"
"Drews","6",20261006,"TCGA-HV-A5A6","PAAD","1",0.999958992004395,"1"
"Drews","6",20261006,"TCGA-HV-A7OP","PAAD","2",0.981630980968475,"1"
"Drews","6",20261006,"TCGA-PZ-A5RE","PAAD","1",0.993329048156738,"1"
"Drews","6",20261006,"TCGA-QR-A6GX","PCPG","2",0.497047334909439,"2"
"Drews","6",20261006,"TCGA-QR-A6H6","PCPG","2",0.0204453598707914,"2"
"Drews","6",20261006,"TCGA-QR-A703","PCPG","1",0.0734121948480606,"2"
"Drews","6",20261006,"TCGA-QT-A5XM","PCPG","2",0.013997808098793,"2"
"Drews","6",20261006,"TCGA-QT-A69Q","PCPG","2",0.0292286165058613,"2"
"Drews","6",20261006,"TCGA-RW-A68A","PCPG","2",0.158381521701813,"2"
"Drews","6",20261006,"TCGA-SQ-A6I6","PCPG","2",0.0886890739202499,"2"
"Drews","6",20261006,"TCGA-SR-A6MU","PCPG","2",0.0701960325241089,"2"
"Drews","6",20261006,"TCGA-W2-A7HB","PCPG","2",0.0408538058400154,"2"
"Drews","6",20261006,"TCGA-WB-A80K","PCPG","2",0.0304556395858526,"2"
"Drews","6",20261006,"TCGA-EJ-5524","PRAD","1",0.768313586711884,"1"
"Drews","6",20261006,"TCGA-HC-7748","PRAD","1",0.487352758646011,"2"
"Drews","6",20261006,"TCGA-HC-A631","PRAD","1",0.985033929347992,"1"
"Drews","6",20261006,"TCGA-J9-A8CL","PRAD","1",0.988273322582245,"1"
"Drews","6",20261006,"TCGA-KC-A7F3","PRAD","1",0.722518086433411,"1"
"Drews","6",20261006,"TCGA-KK-A59X","PRAD","1",0.994050681591034,"1"
"Drews","6",20261006,"TCGA-KK-A6E5","PRAD","1",0.952823519706726,"1"
"Drews","6",20261006,"TCGA-KK-A7AP","PRAD","1",0.99932861328125,"1"
"Drews","6",20261006,"TCGA-KK-A7AQ","PRAD","1",0.998217284679413,"1"
"Drews","6",20261006,"TCGA-M7-A722","PRAD","2",0.984807252883911,"1"
"Drews","6",20261006,"TCGA-V1-A9O5","PRAD","1",0.999242782592773,"1"
"Drews","6",20261006,"TCGA-V1-A9ZR","PRAD","1",0.785201489925385,"1"
"Drews","6",20261006,"TCGA-VP-A87D","PRAD","1",0.924217879772186,"1"
"Drews","6",20261006,"TCGA-XQ-A8TB","PRAD","1",0.739176213741302,"1"
"Drews","6",20261006,"TCGA-YL-A8HM","PRAD","1",0.999724328517914,"1"
"Drews","6",20261006,"TCGA-ZG-A8QY","PRAD","1",0.948223412036896,"1"
"Drews","6",20261006,"TCGA-ZG-A9LN","PRAD","1",0.960121691226959,"1"
"Drews","6",20261006,"TCGA-ZG-A9ND","PRAD","1",0.99951159954071,"1"
"Drews","6",20261006,"TCGA-AG-3742","READ","1",0.988644480705261,"1"
"Drews","6",20261006,"TCGA-AG-3890","READ","1",0.764474093914032,"1"
"Drews","6",20261006,"TCGA-AG-3901","READ","2",0.231284111738205,"2"
"Drews","6",20261006,"TCGA-AG-A026","READ","1",0.995922207832336,"1"
"Drews","6",20261006,"TCGA-AG-A02N","READ","2",0.68503612279892,"1"
"Drews","6",20261006,"TCGA-CL-4957","READ","1",0.99335116147995,"1"
"Drews","6",20261006,"TCGA-DC-6682","READ","1",0.999306559562683,"1"
"Drews","6",20261006,"TCGA-DY-A1H8","READ","1",0.735820293426514,"1"
"Drews","6",20261006,"TCGA-G5-6572","READ","2",0.0106368325650692,"2"
"Drews","6",20261006,"TCGA-3B-A9HS","SARC","1",0.999925494194031,"1"
"Drews","6",20261006,"TCGA-DX-A1KW","SARC","1",0.997216701507568,"1"
"Drews","6",20261006,"TCGA-DX-A23Y","SARC","1",0.999509572982788,"1"
"Drews","6",20261006,"TCGA-DX-A3M1","SARC","1",0.998913526535034,"1"
"Drews","6",20261006,"TCGA-DX-A48N","SARC","1",0.998872339725494,"1"
"Drews","6",20261006,"TCGA-DX-A7EF","SARC","1",0.999918222427368,"1"
"Drews","6",20261006,"TCGA-DX-A7EL","SARC","1",0.221607550978661,"2"
"Drews","6",20261006,"TCGA-DX-AB2P","SARC","1",0.999673128128052,"1"
"Drews","6",20261006,"TCGA-DX-AB2V","SARC","1",0.719820737838745,"1"
"Drews","6",20261006,"TCGA-DX-AB35","SARC","1",0.997350335121155,"1"
"Drews","6",20261006,"TCGA-DX-AB3B","SARC","1",0.559005677700043,"1"
"Drews","6",20261006,"TCGA-IS-A3KA","SARC","1",0.98737645149231,"1"
"Drews","6",20261006,"TCGA-JV-A5VE","SARC","1",0.992787063121796,"1"
"Drews","6",20261006,"TCGA-KD-A5QS","SARC","1",0.999320507049561,"1"
"Drews","6",20261006,"TCGA-KD-A5QT","SARC","1",0.969310283660889,"1"
"Drews","6",20261006,"TCGA-KF-A41W","SARC","1",0.999346435070038,"1"
"Drews","6",20261006,"TCGA-PC-A5DM","SARC","1",0.999009609222412,"1"
"Drews","6",20261006,"TCGA-QC-A7B5","SARC","2",0.980022013187408,"1"
"Drews","6",20261006,"TCGA-QQ-A5VB","SARC","1",0.999930500984192,"1"
"Drews","6",20261006,"TCGA-QQ-A5VC","SARC","1",0.999486684799194,"1"
"Drews","6",20261006,"TCGA-RN-AAAQ","SARC","1",0.486593276262283,"2"
"Drews","6",20261006,"TCGA-VT-A80G","SARC","1",0.999466717243195,"1"
"Drews","6",20261006,"TCGA-X6-A8C3","SARC","1",0.998357832431793,"1"
"Drews","6",20261006,"TCGA-X6-A8C4","SARC","1",0.995962679386139,"1"
"Drews","6",20261006,"TCGA-BF-A3DN","SKCM","2",0.94021201133728,"1"
"Drews","6",20261006,"TCGA-BF-AAP2","SKCM","1",0.754328191280365,"1"
"Drews","6",20261006,"TCGA-EB-A41B","SKCM","1",0.998807907104492,"1"
"Drews","6",20261006,"TCGA-EB-A430","SKCM","2",0.351167678833008,"2"
"Drews","6",20261006,"TCGA-EB-A4IS","SKCM","2",0.956683218479156,"1"
"Drews","6",20261006,"TCGA-EB-A553","SKCM","1",0.861865282058716,"1"
"Drews","6",20261006,"TCGA-EB-A5SF","SKCM","1",0.270002692937851,"2"
"Drews","6",20261006,"TCGA-XV-A9W5","SKCM","1",0.994823932647705,"1"
"Drews","6",20261006,"TCGA-BR-4371","STAD","2",0.453070878982544,"2"
"Drews","6",20261006,"TCGA-BR-6455","STAD","2",0.52521288394928,"1"
"Drews","6",20261006,"TCGA-BR-7703","STAD","1",0.111893445253372,"2"
"Drews","6",20261006,"TCGA-BR-8077","STAD","1",0.998550713062286,"1"
"Drews","6",20261006,"TCGA-BR-8078","STAD","2",0.265580624341965,"2"
"Drews","6",20261006,"TCGA-BR-8361","STAD","1",0.92125529050827,"1"
"Drews","6",20261006,"TCGA-BR-A44U","STAD","1",0.996290564537048,"1"
"Drews","6",20261006,"TCGA-BR-A4J1","STAD","1",0.999802768230438,"1"
"Drews","6",20261006,"TCGA-BR-A4QI","STAD","1",0.999712884426117,"1"
"Drews","6",20261006,"TCGA-CD-8535","STAD","1",0.999692678451538,"1"
"Drews","6",20261006,"TCGA-CG-4441","STAD","1",0.991916716098785,"1"
"Drews","6",20261006,"TCGA-CG-4444","STAD","1",0.997810423374176,"1"
"Drews","6",20261006,"TCGA-D7-6526","STAD","1",0.999738872051239,"1"
"Drews","6",20261006,"TCGA-D7-6815","STAD","1",0.994884550571442,"1"
"Drews","6",20261006,"TCGA-D7-A4YY","STAD","1",0.952509164810181,"1"
"Drews","6",20261006,"TCGA-FP-8099","STAD","1",0.999270498752594,"1"
"Drews","6",20261006,"TCGA-FP-8211","STAD","1",0.999069035053253,"1"
"Drews","6",20261006,"TCGA-HJ-7597","STAD","2",0.987097024917603,"1"
"Drews","6",20261006,"TCGA-HU-A4GH","STAD","1",0.9995978474617,"1"
"Drews","6",20261006,"TCGA-HU-A4GP","STAD","1",0.996608138084412,"1"
"Drews","6",20261006,"TCGA-IP-7968","STAD","1",0.999798595905304,"1"
"Drews","6",20261006,"TCGA-RD-A7BT","STAD","1",0.997978746891022,"1"
"Drews","6",20261006,"TCGA-RD-A8N6","STAD","1",0.999685645103455,"1"
"Drews","6",20261006,"TCGA-VQ-A8PE","STAD","1",0.999980330467224,"1"
"Drews","6",20261006,"TCGA-VQ-A8PU","STAD","1",0.998481094837189,"1"
"Drews","6",20261006,"TCGA-VQ-A91V","STAD","1",0.999766051769257,"1"
"Drews","6",20261006,"TCGA-VQ-A925","STAD","1",0.999818980693817,"1"
"Drews","6",20261006,"TCGA-XE-AAOC","TGCT","2",0.753664374351501,"1"
"Drews","6",20261006,"TCGA-XE-AAOF","TGCT","2",0.208334401249886,"2"
"Drews","6",20261006,"TCGA-YU-A90W","TGCT","1",0.393057197332382,"2"
"Drews","6",20261006,"TCGA-YU-AA4L","TGCT","1",0.999543309211731,"1"
"Drews","6",20261006,"TCGA-EL-A4KI","THCA","2",0.0947752892971039,"2"
"Drews","6",20261006,"TCGA-FY-A3W9","THCA","2",0.0464371666312218,"2"
"Drews","6",20261006,"TCGA-ZB-A966","THYM","2",0.952619552612305,"1"
"Drews","6",20261006,"TCGA-A5-A0RA","UCEC","1",0.0282128937542439,"2"
"Drews","6",20261006,"TCGA-A5-A3LP","UCEC","1",0.999711453914642,"1"
"Drews","6",20261006,"TCGA-AJ-A3I9","UCEC","1",0.950713276863098,"1"
"Drews","6",20261006,"TCGA-AJ-A3TW","UCEC","1",0.999881863594055,"1"
"Drews","6",20261006,"TCGA-AP-A052","UCEC","1",0.999750673770905,"1"
"Drews","6",20261006,"TCGA-AP-A05A","UCEC","1",0.99916410446167,"1"
"Drews","6",20261006,"TCGA-AP-A05J","UCEC","1",0.996576964855194,"1"
"Drews","6",20261006,"TCGA-AX-A0IU","UCEC","1",0.997621119022369,"1"
"Drews","6",20261006,"TCGA-AX-A1C8","UCEC","1",0.999858260154724,"1"
"Drews","6",20261006,"TCGA-AX-A2H2","UCEC","1",0.999958992004395,"1"
"Drews","6",20261006,"TCGA-AX-A2HD","UCEC","2",0.794967293739319,"1"
"Drews","6",20261006,"TCGA-AX-A3FW","UCEC","1",0.985098719596863,"1"
"Drews","6",20261006,"TCGA-B5-A0JN","UCEC","1",0.999737560749054,"1"
"Drews","6",20261006,"TCGA-B5-A11E","UCEC","2",0.579420447349548,"1"
"Drews","6",20261006,"TCGA-B5-A3FD","UCEC","1",0.966001451015472,"1"
"Drews","6",20261006,"TCGA-B5-A5OE","UCEC","1",0.999948501586914,"1"
"Drews","6",20261006,"TCGA-BG-A0M6","UCEC","1",0.999923586845398,"1"
"Drews","6",20261006,"TCGA-BK-A139","UCEC","1",0.997596800327301,"1"
"Drews","6",20261006,"TCGA-BK-A26L","UCEC","1",0.99889862537384,"1"
"Drews","6",20261006,"TCGA-D1-A1NU","UCEC","1",0.99998414516449,"1"
"Drews","6",20261006,"TCGA-DI-A1C3","UCEC","2",0.0293616913259029,"2"
"Drews","6",20261006,"TCGA-DI-A2QT","UCEC","1",0.997996747493744,"1"
"Drews","6",20261006,"TCGA-DI-A2QY","UCEC","1",0.999605119228363,"1"
"Drews","6",20261006,"TCGA-EO-A22Y","UCEC","2",0.0894134789705276,"2"
"Drews","6",20261006,"TCGA-EO-A3AS","UCEC","1",0.999130547046661,"1"
"Drews","6",20261006,"TCGA-EO-A3KU","UCEC","1",0.999965071678162,"1"
"Drews","6",20261006,"TCGA-EY-A3L3","UCEC","1",0.998821079730988,"1"
"Drews","6",20261006,"TCGA-EY-A54A","UCEC","1",0.999235153198242,"1"
"Drews","6",20261006,"TCGA-FI-A2EY","UCEC","1",0.997936248779297,"1"
"Drews","6",20261006,"TCGA-FI-A2F9","UCEC","1",0.955506205558777,"1"
"Drews","6",20261006,"TCGA-FI-A3PX","UCEC","1",0.999922156333923,"1"
"Drews","6",20261006,"TCGA-KP-A3W3","UCEC","1",0.997745454311371,"1"
"Drews","6",20261006,"TCGA-PG-A915","UCEC","1",0.999863505363464,"1"
"Drews","6",20261006,"TCGA-QS-A8F1","UCEC","1",0.997767806053162,"1"
"Drews","6",20261006,"TCGA-N7-A4Y5","UCS","1",0.99979430437088,"1"
"Drews","6",20261006,"TCGA-N8-A4PN","UCS","1",0.999850869178772,"1"
"Drews","6",20261006,"TCGA-N8-A4PO","UCS","1",0.999963998794556,"1"
"Drews","6",20261006,"TCGA-N9-A4Q3","UCS","1",0.99989128112793,"1"
"Drews","6",20261006,"TCGA-NA-A5I1","UCS","1",0.999863743782043,"1"
"Drews","6",20261006,"TCGA-ND-A4WF","UCS","1",0.999580442905426,"1"
"Drews","6",20261006,"TCGA-NG-A4VW","UCS","2",0.684985637664795,"1"
"Drews","6",20261006,"TCGA-V4-A9EK","UVM","1",0.0334775820374489,"2"
"Drews","6",20261006,"TCGA-V4-A9EV","UVM","2",0.00013221193512436,"2"
"Drews","6",20261006,"TCGA-V4-A9F5","UVM","2",0.00785331055521965,"2"
"Drews","6",20261006,"TCGA-VD-A8KM","UVM","2",0.013182564638555,"2"
"Drews","7",20261007,"TCGA-OR-A5JQ","ACC","2",0.026201605796814,"2"
"Drews","7",20261007,"TCGA-OR-A5JS","ACC","1",0.959030389785767,"1"
"Drews","7",20261007,"TCGA-OR-A5L8","ACC","2",0.00534140644595027,"2"
"Drews","7",20261007,"TCGA-OR-A5LA","ACC","2",0.0498548336327076,"2"
"Drews","7",20261007,"TCGA-OR-A5LG","ACC","1",0.658814251422882,"1"
"Drews","7",20261007,"TCGA-OR-A5LH","ACC","1",0.0500169731676579,"2"
"Drews","7",20261007,"TCGA-OR-A5LR","ACC","2",0.115348145365715,"2"
"Drews","7",20261007,"TCGA-PA-A5YG","ACC","2",0.00625425018370152,"2"
"Drews","7",20261007,"TCGA-4Z-AA87","BLCA","1",0.999790728092194,"1"
"Drews","7",20261007,"TCGA-BL-A0C8","BLCA","1",0.998948514461517,"1"
"Drews","7",20261007,"TCGA-BL-A13J","BLCA","1",0.999902129173279,"1"
"Drews","7",20261007,"TCGA-BT-A20W","BLCA","1",0.999859094619751,"1"
"Drews","7",20261007,"TCGA-CF-A1HS","BLCA","1",0.99997353553772,"1"
"Drews","7",20261007,"TCGA-CF-A3MF","BLCA","2",0.712492227554321,"1"
"Drews","7",20261007,"TCGA-CF-A47S","BLCA","2",0.432066708803177,"2"
"Drews","7",20261007,"TCGA-CF-A8HY","BLCA","1",0.997460722923279,"1"
"Drews","7",20261007,"TCGA-CU-A3KJ","BLCA","1",0.999469220638275,"1"
"Drews","7",20261007,"TCGA-DK-A1A3","BLCA","1",0.999364674091339,"1"
"Drews","7",20261007,"TCGA-DK-A1A6","BLCA","1",0.9991095662117,"1"
"Drews","7",20261007,"TCGA-DK-A3IV","BLCA","1",0.999942779541016,"1"
"Drews","7",20261007,"TCGA-DK-AA6L","BLCA","1",0.999860405921936,"1"
"Drews","7",20261007,"TCGA-DK-AA6M","BLCA","1",0.9992795586586,"1"
"Drews","7",20261007,"TCGA-FD-A3NA","BLCA","1",0.999838829040527,"1"
"Drews","7",20261007,"TCGA-FD-A3SR","BLCA","1",0.999870538711548,"1"
"Drews","7",20261007,"TCGA-FD-A43Y","BLCA","1",0.999326229095459,"1"
"Drews","7",20261007,"TCGA-FJ-A3Z7","BLCA","1",0.986990988254547,"1"
"Drews","7",20261007,"TCGA-G2-A2EF","BLCA","1",0.998990833759308,"1"
"Drews","7",20261007,"TCGA-G2-A3IE","BLCA","1",0.998982727527618,"1"
"Drews","7",20261007,"TCGA-G2-AA3D","BLCA","1",0.999450147151947,"1"
"Drews","7",20261007,"TCGA-GC-A3RD","BLCA","1",0.999993562698364,"1"
"Drews","7",20261007,"TCGA-GD-A2C5","BLCA","1",0.999941110610962,"1"
"Drews","7",20261007,"TCGA-KQ-A41Q","BLCA","1",0.999971151351929,"1"
"Drews","7",20261007,"TCGA-KQ-A41R","BLCA","1",0.998716235160828,"1"
"Drews","7",20261007,"TCGA-PQ-A6FI","BLCA","1",0.999664068222046,"1"
"Drews","7",20261007,"TCGA-XF-A9SJ","BLCA","1",0.99915087223053,"1"
"Drews","7",20261007,"TCGA-XF-A9SV","BLCA","1",0.99513703584671,"1"
"Drews","7",20261007,"TCGA-XF-AAN2","BLCA","1",0.999650239944458,"1"
"Drews","7",20261007,"TCGA-XF-AAN3","BLCA","2",0.98646879196167,"1"
"Drews","7",20261007,"TCGA-ZF-A9R4","BLCA","1",0.997533440589905,"1"
"Drews","7",20261007,"TCGA-ZF-A9R9","BLCA","1",0.975330710411072,"1"
"Drews","7",20261007,"TCGA-ZF-A9RF","BLCA","1",0.999330163002014,"1"
"Drews","7",20261007,"TCGA-3C-AAAU","BRCA","1",0.998457908630371,"1"
"Drews","7",20261007,"TCGA-A1-A0SI","BRCA","2",0.991732835769653,"1"
"Drews","7",20261007,"TCGA-A1-A0SK","BRCA","1",0.999983549118042,"1"
"Drews","7",20261007,"TCGA-A1-A0SO","BRCA","1",0.999972343444824,"1"
"Drews","7",20261007,"TCGA-A2-A04X","BRCA","1",0.999642372131348,"1"
"Drews","7",20261007,"TCGA-A2-A0D0","BRCA","1",0.999957323074341,"1"
"Drews","7",20261007,"TCGA-A2-A0T0","BRCA","1",0.999763667583466,"1"
"Drews","7",20261007,"TCGA-A2-A0T5","BRCA","1",0.0745724737644196,"2"
"Drews","7",20261007,"TCGA-A2-A0YG","BRCA","1",0.999858856201172,"1"
"Drews","7",20261007,"TCGA-A2-A0YM","BRCA","1",0.999946117401123,"1"
"Drews","7",20261007,"TCGA-A2-A259","BRCA","2",0.821932852268219,"1"
"Drews","7",20261007,"TCGA-A2-A4S3","BRCA","1",0.999978065490723,"1"
"Drews","7",20261007,"TCGA-A7-A0CD","BRCA","2",0.781989097595215,"1"
"Drews","7",20261007,"TCGA-A7-A5ZV","BRCA","1",0.999994039535522,"1"
"Drews","7",20261007,"TCGA-A7-A6VV","BRCA","1",0.999784529209137,"1"
"Drews","7",20261007,"TCGA-A7-A6VY","BRCA","1",0.999940156936646,"1"
"Drews","7",20261007,"TCGA-A8-A06U","BRCA","1",0.999942421913147,"1"
"Drews","7",20261007,"TCGA-A8-A06Z","BRCA","1",0.999749839305878,"1"
"Drews","7",20261007,"TCGA-A8-A07C","BRCA","1",0.999899983406067,"1"
"Drews","7",20261007,"TCGA-A8-A08B","BRCA","1",0.989185988903046,"1"
"Drews","7",20261007,"TCGA-A8-A08F","BRCA","1",0.999962210655212,"1"
"Drews","7",20261007,"TCGA-A8-A090","BRCA","1",0.990414500236511,"1"
"Drews","7",20261007,"TCGA-A8-A097","BRCA","1",0.999853372573853,"1"
"Drews","7",20261007,"TCGA-A8-A099","BRCA","1",0.395337909460068,"2"
"Drews","7",20261007,"TCGA-A8-A09D","BRCA","1",0.999877214431763,"1"
"Drews","7",20261007,"TCGA-A8-A09W","BRCA","1",0.998796701431274,"1"
"Drews","7",20261007,"TCGA-AC-A23E","BRCA","2",0.623453080654144,"1"
"Drews","7",20261007,"TCGA-AC-A2QH","BRCA","1",0.9997838139534,"1"
"Drews","7",20261007,"TCGA-AC-A3OD","BRCA","1",0.980935454368591,"1"
"Drews","7",20261007,"TCGA-AN-A03Y","BRCA","1",0.995112359523773,"1"
"Drews","7",20261007,"TCGA-AN-A0XR","BRCA","1",0.871420800685883,"1"
"Drews","7",20261007,"TCGA-AO-A03L","BRCA","1",0.99973338842392,"1"
"Drews","7",20261007,"TCGA-AO-A03P","BRCA","1",0.989224016666412,"1"
"Drews","7",20261007,"TCGA-AO-A0J2","BRCA","1",0.999808967113495,"1"
"Drews","7",20261007,"TCGA-AO-A0J5","BRCA","1",0.999557197093964,"1"
"Drews","7",20261007,"TCGA-AO-A0J7","BRCA","2",0.884477734565735,"1"
"Drews","7",20261007,"TCGA-AO-A12B","BRCA","2",0.0296762138605118,"2"
"Drews","7",20261007,"TCGA-AR-A0TP","BRCA","1",0.999961614608765,"1"
"Drews","7",20261007,"TCGA-AR-A0TV","BRCA","1",0.999178230762482,"1"
"Drews","7",20261007,"TCGA-AR-A0TW","BRCA","1",0.999160885810852,"1"
"Drews","7",20261007,"TCGA-AR-A1AU","BRCA","1",0.999476850032806,"1"
"Drews","7",20261007,"TCGA-AR-A24S","BRCA","1",0.999795854091644,"1"
"Drews","7",20261007,"TCGA-AR-A24V","BRCA","1",0.995137751102448,"1"
"Drews","7",20261007,"TCGA-B6-A0I9","BRCA","1",0.999991297721863,"1"
"Drews","7",20261007,"TCGA-B6-A0RH","BRCA","1",0.999002397060394,"1"
"Drews","7",20261007,"TCGA-BH-A0DP","BRCA","2",0.0599678233265877,"2"
"Drews","7",20261007,"TCGA-BH-A0DZ","BRCA","1",0.999933123588562,"1"
"Drews","7",20261007,"TCGA-BH-A0E0","BRCA","1",0.998909592628479,"1"
"Drews","7",20261007,"TCGA-BH-A0EA","BRCA","2",0.0110778687521815,"2"
"Drews","7",20261007,"TCGA-BH-A0H6","BRCA","2",0.529839754104614,"1"
"Drews","7",20261007,"TCGA-BH-A0HB","BRCA","1",0.997665166854858,"1"
"Drews","7",20261007,"TCGA-BH-A0W7","BRCA","1",0.834520936012268,"1"
"Drews","7",20261007,"TCGA-BH-A18K","BRCA","1",0.995697975158691,"1"
"Drews","7",20261007,"TCGA-BH-A18R","BRCA","1",0.998460054397583,"1"
"Drews","7",20261007,"TCGA-BH-A18T","BRCA","1",0.99997615814209,"1"
"Drews","7",20261007,"TCGA-BH-A1F6","BRCA","1",0.999889731407166,"1"
"Drews","7",20261007,"TCGA-BH-A1FC","BRCA","1",0.999957680702209,"1"
"Drews","7",20261007,"TCGA-BH-A1FL","BRCA","2",0.670514762401581,"1"
"Drews","7",20261007,"TCGA-BH-A8FY","BRCA","2",0.430179983377457,"2"
"Drews","7",20261007,"TCGA-C8-A12L","BRCA","1",0.999990701675415,"1"
"Drews","7",20261007,"TCGA-C8-A137","BRCA","1",0.99830037355423,"1"
"Drews","7",20261007,"TCGA-D8-A147","BRCA","1",0.99988579750061,"1"
"Drews","7",20261007,"TCGA-D8-A1JC","BRCA","1",0.99997615814209,"1"
"Drews","7",20261007,"TCGA-D8-A1XL","BRCA","1",0.99954080581665,"1"
"Drews","7",20261007,"TCGA-D8-A1XQ","BRCA","1",0.99991774559021,"1"
"Drews","7",20261007,"TCGA-D8-A1Y0","BRCA","1",0.998462438583374,"1"
"Drews","7",20261007,"TCGA-D8-A27H","BRCA","1",0.999994039535522,"1"
"Drews","7",20261007,"TCGA-D8-A27V","BRCA","1",0.350959450006485,"2"
"Drews","7",20261007,"TCGA-E2-A105","BRCA","1",0.999876022338867,"1"
"Drews","7",20261007,"TCGA-E2-A109","BRCA","1",0.999998927116394,"1"
"Drews","7",20261007,"TCGA-E2-A10A","BRCA","1",0.998553931713104,"1"
"Drews","7",20261007,"TCGA-E2-A14X","BRCA","1",0.999873995780945,"1"
"Drews","7",20261007,"TCGA-E2-A153","BRCA","2",0.238693118095398,"2"
"Drews","7",20261007,"TCGA-E2-A15F","BRCA","1",0.995331585407257,"1"
"Drews","7",20261007,"TCGA-E2-A15H","BRCA","1",0.999868154525757,"1"
"Drews","7",20261007,"TCGA-E2-A1BD","BRCA","2",0.0324219018220901,"2"
"Drews","7",20261007,"TCGA-E2-A56Z","BRCA","1",0.995742619037628,"1"
"Drews","7",20261007,"TCGA-E9-A1N8","BRCA","1",0.999986171722412,"1"
"Drews","7",20261007,"TCGA-E9-A1R7","BRCA","1",0.999238610267639,"1"
"Drews","7",20261007,"TCGA-E9-A1RG","BRCA","1",0.999214291572571,"1"
"Drews","7",20261007,"TCGA-E9-A226","BRCA","1",0.995773375034332,"1"
"Drews","7",20261007,"TCGA-E9-A228","BRCA","1",0.999936938285828,"1"
"Drews","7",20261007,"TCGA-E9-A229","BRCA","1",0.996535658836365,"1"
"Drews","7",20261007,"TCGA-E9-A22A","BRCA","1",0.995408952236176,"1"
"Drews","7",20261007,"TCGA-E9-A2JS","BRCA","1",0.999991416931152,"1"
"Drews","7",20261007,"TCGA-EW-A1P6","BRCA","2",0.845051407814026,"1"
"Drews","7",20261007,"TCGA-EW-A1P8","BRCA","1",0.999829649925232,"1"
"Drews","7",20261007,"TCGA-EW-A1PD","BRCA","1",0.999980449676514,"1"
"Drews","7",20261007,"TCGA-EW-A2FV","BRCA","1",0.999974250793457,"1"
"Drews","7",20261007,"TCGA-EW-A6SA","BRCA","1",0.999950051307678,"1"
"Drews","7",20261007,"TCGA-GM-A2DC","BRCA","1",0.953733503818512,"1"
"Drews","7",20261007,"TCGA-GM-A3XL","BRCA","1",0.999873638153076,"1"
"Drews","7",20261007,"TCGA-HN-A2NL","BRCA","1",0.999597012996674,"1"
"Drews","7",20261007,"TCGA-LL-A73Y","BRCA","1",0.999948501586914,"1"
"Drews","7",20261007,"TCGA-Z7-A8R5","BRCA","2",0.089870885014534,"2"
"Drews","7",20261007,"TCGA-4J-AA1J","CESC","1",0.991761565208435,"1"
"Drews","7",20261007,"TCGA-C5-A1BN","CESC","1",0.999156713485718,"1"
"Drews","7",20261007,"TCGA-C5-A1M6","CESC","1",0.999900698661804,"1"
"Drews","7",20261007,"TCGA-C5-A1MF","CESC","1",0.996758043766022,"1"
"Drews","7",20261007,"TCGA-C5-A8XH","CESC","1",0.998856902122498,"1"
"Drews","7",20261007,"TCGA-C5-A902","CESC","1",0.981789171695709,"1"
"Drews","7",20261007,"TCGA-DR-A0ZM","CESC","2",0.768754959106445,"1"
"Drews","7",20261007,"TCGA-EK-A2H1","CESC","2",0.961746752262115,"1"
"Drews","7",20261007,"TCGA-IR-A3LA","CESC","1",0.996129393577576,"1"
"Drews","7",20261007,"TCGA-JX-A3Q0","CESC","2",0.95446914434433,"1"
"Drews","7",20261007,"TCGA-VS-A8EC","CESC","1",0.998704671859741,"1"
"Drews","7",20261007,"TCGA-VS-A8Q8","CESC","2",0.516120970249176,"1"
"Drews","7",20261007,"TCGA-VS-A8QF","CESC","1",0.998733937740326,"1"
"Drews","7",20261007,"TCGA-VS-A94Z","CESC","1",0.989036977291107,"1"
"Drews","7",20261007,"TCGA-VS-A9U6","CESC","1",0.998132169246674,"1"
"Drews","7",20261007,"TCGA-VS-A9UD","CESC","1",0.987768948078156,"1"
"Drews","7",20261007,"TCGA-ZD-A8I3","CHOL","2",0.688120305538177,"1"
"Drews","7",20261007,"TCGA-A6-5656","COAD","1",0.962314605712891,"1"
"Drews","7",20261007,"TCGA-A6-5660","COAD","1",0.988445162773132,"1"
"Drews","7",20261007,"TCGA-AA-3524","COAD","1",0.449412643909454,"2"
"Drews","7",20261007,"TCGA-AA-3679","COAD","1",0.991156816482544,"1"
"Drews","7",20261007,"TCGA-AA-3685","COAD","1",0.859102725982666,"1"
"Drews","7",20261007,"TCGA-AA-3692","COAD","2",0.966403126716614,"1"
"Drews","7",20261007,"TCGA-AA-3952","COAD","1",0.999226450920105,"1"
"Drews","7",20261007,"TCGA-AA-A00Z","COAD","1",0.974078953266144,"1"
"Drews","7",20261007,"TCGA-AA-A022","COAD","2",0.337966948747635,"2"
"Drews","7",20261007,"TCGA-CA-5797","COAD","1",0.927726030349731,"1"
"Drews","7",20261007,"TCGA-CK-4947","COAD","2",0.00223434646613896,"2"
"Drews","7",20261007,"TCGA-CK-5914","COAD","1",0.326269239187241,"2"
"Drews","7",20261007,"TCGA-CK-6751","COAD","2",0.00801922008395195,"2"
"Drews","7",20261007,"TCGA-CM-5348","COAD","1",0.997048437595367,"1"
"Drews","7",20261007,"TCGA-CM-6169","COAD","2",0.980183899402618,"1"
"Drews","7",20261007,"TCGA-CM-6676","COAD","2",0.909962236881256,"1"
"Drews","7",20261007,"TCGA-DM-A1D7","COAD","1",0.975508332252502,"1"
"Drews","7",20261007,"TCGA-F4-6460","COAD","1",0.941431879997253,"1"
"Drews","7",20261007,"TCGA-F4-6854","COAD","1",0.589467644691467,"1"
"Drews","7",20261007,"TCGA-G4-6323","COAD","2",0.014820909127593,"2"
"Drews","7",20261007,"TCGA-QG-A5YX","COAD","2",0.337525904178619,"2"
"Drews","7",20261007,"TCGA-FF-A7CQ","DLBC","1",0.934048652648926,"1"
"Drews","7",20261007,"TCGA-2H-A9GH","ESCA","1",0.999869108200073,"1"
"Drews","7",20261007,"TCGA-2H-A9GL","ESCA","1",0.999616265296936,"1"
"Drews","7",20261007,"TCGA-2H-A9GM","ESCA","1",0.999569356441498,"1"
"Drews","7",20261007,"TCGA-2H-A9GN","ESCA","1",0.99989640712738,"1"
"Drews","7",20261007,"TCGA-IG-A3I8","ESCA","1",0.997905969619751,"1"
"Drews","7",20261007,"TCGA-L5-A4OH","ESCA","1",0.99988055229187,"1"
"Drews","7",20261007,"TCGA-L5-A4OM","ESCA","1",0.999355852603912,"1"
"Drews","7",20261007,"TCGA-L5-A4OP","ESCA","1",0.995595037937164,"1"
"Drews","7",20261007,"TCGA-L5-A4OR","ESCA","1",0.998944222927094,"1"
"Drews","7",20261007,"TCGA-L5-A4OW","ESCA","1",0.999660968780518,"1"
"Drews","7",20261007,"TCGA-LN-A49Y","ESCA","1",0.999905586242676,"1"
"Drews","7",20261007,"TCGA-LN-A5U5","ESCA","1",0.998688519001007,"1"
"Drews","7",20261007,"TCGA-LN-A8HZ","ESCA","1",0.99994432926178,"1"
"Drews","7",20261007,"TCGA-S8-A6BV","ESCA","1",0.998795747756958,"1"
"Drews","7",20261007,"TCGA-VR-A8EP","ESCA","1",0.999110043048859,"1"
"Drews","7",20261007,"TCGA-VR-A8EY","ESCA","1",0.999245762825012,"1"
"Drews","7",20261007,"TCGA-VR-AA4D","ESCA","1",0.999461472034454,"1"
"Drews","7",20261007,"TCGA-XP-A8T6","ESCA","1",0.999899506568909,"1"
"Drews","7",20261007,"TCGA-06-0129","GBM","1",0.922461450099945,"1"
"Drews","7",20261007,"TCGA-27-2521","GBM","1",0.989370584487915,"1"
"Drews","7",20261007,"TCGA-28-2509","GBM","2",0.986019015312195,"1"
"Drews","7",20261007,"TCGA-28-5218","GBM","2",0.935810148715973,"1"
"Drews","7",20261007,"TCGA-32-1970","GBM","1",0.972995519638062,"1"
"Drews","7",20261007,"TCGA-76-4925","GBM","1",0.968487322330475,"1"
"Drews","7",20261007,"TCGA-BA-4076","HNSC","1",0.999428808689117,"1"
"Drews","7",20261007,"TCGA-BA-6871","HNSC","1",0.997653663158417,"1"
"Drews","7",20261007,"TCGA-CN-6011","HNSC","1",0.998834192752838,"1"
"Drews","7",20261007,"TCGA-CN-A642","HNSC","2",0.283873975276947,"2"
"Drews","7",20261007,"TCGA-CR-7390","HNSC","1",0.999905943870544,"1"
"Drews","7",20261007,"TCGA-CV-6933","HNSC","1",0.999931454658508,"1"
"Drews","7",20261007,"TCGA-CV-6936","HNSC","1",0.997520864009857,"1"
"Drews","7",20261007,"TCGA-CV-6960","HNSC","1",0.998608648777008,"1"
"Drews","7",20261007,"TCGA-CV-7245","HNSC","1",0.988707900047302,"1"
"Drews","7",20261007,"TCGA-CV-7406","HNSC","1",0.99600750207901,"1"
"Drews","7",20261007,"TCGA-CV-7424","HNSC","1",0.999767601490021,"1"
"Drews","7",20261007,"TCGA-CV-A6JE","HNSC","1",0.989901125431061,"1"
"Drews","7",20261007,"TCGA-CV-A6JM","HNSC","1",0.993165194988251,"1"
"Drews","7",20261007,"TCGA-D6-A4ZB","HNSC","1",0.999776184558868,"1"
"Drews","7",20261007,"TCGA-IQ-7630","HNSC","1",0.971930861473083,"1"
"Drews","7",20261007,"TCGA-IQ-A61G","HNSC","1",0.997734785079956,"1"
"Drews","7",20261007,"TCGA-IQ-A6SH","HNSC","1",0.995602130889893,"1"
"Drews","7",20261007,"TCGA-KU-A66T","HNSC","1",0.999576389789581,"1"
"Drews","7",20261007,"TCGA-MT-A51X","HNSC","1",0.890114188194275,"1"
"Drews","7",20261007,"TCGA-QK-A6V9","HNSC","2",0.373545676469803,"2"
"Drews","7",20261007,"TCGA-QK-A8Z9","HNSC","1",0.999845266342163,"1"
"Drews","7",20261007,"TCGA-T2-A6WX","HNSC","2",0.628232538700104,"1"
"Drews","7",20261007,"TCGA-T2-A6WZ","HNSC","1",0.98691326379776,"1"
"Drews","7",20261007,"TCGA-KL-8326","KICH","2",0.00342027470469475,"2"
"Drews","7",20261007,"TCGA-KL-8340","KICH","2",0.00350768608041108,"2"
"Drews","7",20261007,"TCGA-KL-8346","KICH","2",0.182476609945297,"2"
"Drews","7",20261007,"TCGA-KN-8425","KICH","2",0.00348118529655039,"2"
"Drews","7",20261007,"TCGA-KN-8429","KICH","2",0.0173974558711052,"2"
"Drews","7",20261007,"TCGA-KO-8404","KICH","1",0.998457789421082,"1"
"Drews","7",20261007,"TCGA-KO-8408","KICH","2",0.0234546717256308,"2"
"Drews","7",20261007,"TCGA-A3-3313","KIRC","1",0.0174761544913054,"2"
"Drews","7",20261007,"TCGA-A3-3319","KIRC","2",0.772270798683167,"1"
"Drews","7",20261007,"TCGA-A3-3347","KIRC","2",0.388212919235229,"2"
"Drews","7",20261007,"TCGA-B0-4810","KIRC","2",0.00789993349462748,"2"
"Drews","7",20261007,"TCGA-B0-5107","KIRC","2",0.0254960209131241,"2"
"Drews","7",20261007,"TCGA-B0-5116","KIRC","2",0.00521411700174212,"2"
"Drews","7",20261007,"TCGA-B0-5402","KIRC","2",0.000503063143696636,"2"
"Drews","7",20261007,"TCGA-BP-4977","KIRC","2",0.00286592915654182,"2"
"Drews","7",20261007,"TCGA-CJ-4902","KIRC","2",0.00455451384186745,"2"
"Drews","7",20261007,"TCGA-CJ-5678","KIRC","2",0.000471050676424056,"2"
"Drews","7",20261007,"TCGA-CZ-4864","KIRC","2",0.000203807110665366,"2"
"Drews","7",20261007,"TCGA-CZ-4866","KIRC","2",0.000839093641843647,"2"
"Drews","7",20261007,"TCGA-CZ-5985","KIRC","2",0.00111415272112936,"2"
"Drews","7",20261007,"TCGA-DV-5566","KIRC","2",7.68751997384243e-05,"2"
"Drews","7",20261007,"TCGA-G6-A8L6","KIRC","2",0.00449088029563427,"2"
"Drews","7",20261007,"TCGA-4A-A93X","KIRP","2",0.0416003316640854,"2"
"Drews","7",20261007,"TCGA-B3-4104","KIRP","1",0.814047038555145,"1"
"Drews","7",20261007,"TCGA-B9-A44B","KIRP","1",0.027480710297823,"2"
"Drews","7",20261007,"TCGA-B9-A5W9","KIRP","1",0.00573402130976319,"2"
"Drews","7",20261007,"TCGA-BQ-5876","KIRP","2",0.0281375627964735,"2"
"Drews","7",20261007,"TCGA-BQ-7056","KIRP","2",0.0305459722876549,"2"
"Drews","7",20261007,"TCGA-HE-A5NJ","KIRP","2",0.039410762488842,"2"
"Drews","7",20261007,"TCGA-Q2-A5QZ","KIRP","1",0.850699126720428,"1"
"Drews","7",20261007,"TCGA-SX-A7SS","KIRP","2",0.0154694281518459,"2"
"Drews","7",20261007,"TCGA-DH-A7UV","LGG","2",0.101412713527679,"2"
"Drews","7",20261007,"TCGA-DU-6399","LGG","2",0.563694298267365,"1"
"Drews","7",20261007,"TCGA-DU-7018","LGG","2",0.0157557986676693,"2"
"Drews","7",20261007,"TCGA-DU-A7T6","LGG","1",0.306484967470169,"2"
"Drews","7",20261007,"TCGA-E1-5304","LGG","1",0.996311247348785,"1"
"Drews","7",20261007,"TCGA-E1-A7YW","LGG","2",0.0778336971998215,"2"
"Drews","7",20261007,"TCGA-FG-A4MW","LGG","2",0.697342991828918,"1"
"Drews","7",20261007,"TCGA-HT-7477","LGG","1",0.969505786895752,"1"
"Drews","7",20261007,"TCGA-HT-7480","LGG","2",0.000932164781261235,"2"
"Drews","7",20261007,"TCGA-HT-7616","LGG","2",0.0163029208779335,"2"
"Drews","7",20261007,"TCGA-HT-7692","LGG","2",0.00334200309589505,"2"
"Drews","7",20261007,"TCGA-HT-7879","LGG","2",0.317306131124496,"2"
"Drews","7",20261007,"TCGA-HT-A5R9","LGG","2",0.0335662551224232,"2"
"Drews","7",20261007,"TCGA-HT-A61C","LGG","2",0.288068741559982,"2"
"Drews","7",20261007,"TCGA-IK-8125","LGG","2",0.00095618364866823,"2"
"Drews","7",20261007,"TCGA-QH-A6CW","LGG","2",0.100596271455288,"2"
"Drews","7",20261007,"TCGA-S9-A6TY","LGG","2",0.00666240183636546,"2"
"Drews","7",20261007,"TCGA-S9-A6WM","LGG","1",0.930036842823029,"1"
"Drews","7",20261007,"TCGA-S9-A7R1","LGG","2",0.00814066734164953,"2"
"Drews","7",20261007,"TCGA-S9-A7R7","LGG","2",0.374959975481033,"2"
"Drews","7",20261007,"TCGA-S9-A7R8","LGG","1",0.542484045028687,"1"
"Drews","7",20261007,"TCGA-TM-A84G","LGG","2",0.00389404222369194,"2"
"Drews","7",20261007,"TCGA-TQ-A7RO","LGG","2",0.00171820318792015,"2"
"Drews","7",20261007,"TCGA-TQ-A7RS","LGG","2",0.00573904719203711,"2"
"Drews","7",20261007,"TCGA-2Y-A9H7","LIHC","2",0.952389776706696,"1"
"Drews","7",20261007,"TCGA-4R-AA8I","LIHC","1",0.977798879146576,"1"
"Drews","7",20261007,"TCGA-5C-A9VH","LIHC","2",0.933554112911224,"1"
"Drews","7",20261007,"TCGA-BC-4073","LIHC","1",0.967303276062012,"1"
"Drews","7",20261007,"TCGA-BC-A10T","LIHC","1",0.980995237827301,"1"
"Drews","7",20261007,"TCGA-DD-A11D","LIHC","1",0.102716363966465,"2"
"Drews","7",20261007,"TCGA-DD-A3A7","LIHC","1",0.980823159217834,"1"
"Drews","7",20261007,"TCGA-DD-A4NI","LIHC","2",0.192990228533745,"2"
"Drews","7",20261007,"TCGA-DD-AACH","LIHC","1",0.999149441719055,"1"
"Drews","7",20261007,"TCGA-DD-AADF","LIHC","1",0.995453715324402,"1"
"Drews","7",20261007,"TCGA-DD-AAEG","LIHC","1",0.961341500282288,"1"
"Drews","7",20261007,"TCGA-DD-AAEI","LIHC","1",0.587667107582092,"1"
"Drews","7",20261007,"TCGA-EP-A2KA","LIHC","1",0.903671205043793,"1"
"Drews","7",20261007,"TCGA-EP-A2KB","LIHC","2",0.95834755897522,"1"
"Drews","7",20261007,"TCGA-FV-A496","LIHC","1",0.981819272041321,"1"
"Drews","7",20261007,"TCGA-G3-A25Y","LIHC","1",0.922045052051544,"1"
"Drews","7",20261007,"TCGA-G3-AAUZ","LIHC","1",0.914096415042877,"1"
"Drews","7",20261007,"TCGA-RC-A7SK","LIHC","1",0.977692663669586,"1"
"Drews","7",20261007,"TCGA-UB-A7ME","LIHC","1",0.998997628688812,"1"
"Drews","7",20261007,"TCGA-ZP-A9D1","LIHC","2",0.159765437245369,"2"
"Drews","7",20261007,"TCGA-ZS-A9CF","LIHC","1",0.972820639610291,"1"
"Drews","7",20261007,"TCGA-05-4425","LUAD","2",0.98601621389389,"1"
"Drews","7",20261007,"TCGA-05-4432","LUAD","1",0.999913930892944,"1"
"Drews","7",20261007,"TCGA-05-5429","LUAD","2",0.97630912065506,"1"
"Drews","7",20261007,"TCGA-38-4625","LUAD","1",0.999879956245422,"1"
"Drews","7",20261007,"TCGA-38-4628","LUAD","1",0.999029159545898,"1"
"Drews","7",20261007,"TCGA-44-6779","LUAD","1",0.993300080299377,"1"
"Drews","7",20261007,"TCGA-44-7670","LUAD","1",0.999804675579071,"1"
"Drews","7",20261007,"TCGA-44-A47A","LUAD","2",0.991932928562164,"1"
"Drews","7",20261007,"TCGA-44-A4SU","LUAD","1",0.999091148376465,"1"
"Drews","7",20261007,"TCGA-49-AARE","LUAD","1",0.998681843280792,"1"
"Drews","7",20261007,"TCGA-62-A46O","LUAD","1",0.999975681304932,"1"
"Drews","7",20261007,"TCGA-62-A46Y","LUAD","2",0.863932132720947,"1"
"Drews","7",20261007,"TCGA-67-3771","LUAD","1",0.999932646751404,"1"
"Drews","7",20261007,"TCGA-67-3772","LUAD","1",0.982977032661438,"1"
"Drews","7",20261007,"TCGA-67-3773","LUAD","1",0.780755519866943,"1"
"Drews","7",20261007,"TCGA-67-3774","LUAD","1",0.901277542114258,"1"
"Drews","7",20261007,"TCGA-71-6725","LUAD","1",0.999632954597473,"1"
"Drews","7",20261007,"TCGA-73-4662","LUAD","1",0.998445928096771,"1"
"Drews","7",20261007,"TCGA-73-4677","LUAD","2",0.552418947219849,"1"
"Drews","7",20261007,"TCGA-78-7147","LUAD","1",0.999050199985504,"1"
"Drews","7",20261007,"TCGA-78-7149","LUAD","1",0.979905784130096,"1"
"Drews","7",20261007,"TCGA-86-7701","LUAD","1",0.997710585594177,"1"
"Drews","7",20261007,"TCGA-86-8054","LUAD","1",0.999938488006592,"1"
"Drews","7",20261007,"TCGA-86-8279","LUAD","1",0.999950051307678,"1"
"Drews","7",20261007,"TCGA-97-8174","LUAD","1",0.849747061729431,"1"
"Drews","7",20261007,"TCGA-97-8547","LUAD","1",0.996322751045227,"1"
"Drews","7",20261007,"TCGA-L9-A5IP","LUAD","1",0.996699273586273,"1"
"Drews","7",20261007,"TCGA-18-3411","LUSC","1",0.994690477848053,"1"
"Drews","7",20261007,"TCGA-21-A5DI","LUSC","1",0.9947669506073,"1"
"Drews","7",20261007,"TCGA-22-5473","LUSC","1",0.999442636966705,"1"
"Drews","7",20261007,"TCGA-33-6737","LUSC","1",0.999808728694916,"1"
"Drews","7",20261007,"TCGA-37-3789","LUSC","1",0.999879121780396,"1"
"Drews","7",20261007,"TCGA-37-5819","LUSC","1",0.999972343444824,"1"
"Drews","7",20261007,"TCGA-37-A5EN","LUSC","1",0.99983823299408,"1"
"Drews","7",20261007,"TCGA-39-5035","LUSC","1",0.984507322311401,"1"
"Drews","7",20261007,"TCGA-43-3920","LUSC","1",0.999785959720612,"1"
"Drews","7",20261007,"TCGA-43-6143","LUSC","1",0.998722612857819,"1"
"Drews","7",20261007,"TCGA-43-6770","LUSC","1",0.999868154525757,"1"
"Drews","7",20261007,"TCGA-43-6771","LUSC","1",0.99030202627182,"1"
"Drews","7",20261007,"TCGA-43-7658","LUSC","1",0.999910950660706,"1"
"Drews","7",20261007,"TCGA-43-8115","LUSC","1",0.999670743942261,"1"
"Drews","7",20261007,"TCGA-43-A474","LUSC","1",0.999870896339417,"1"
"Drews","7",20261007,"TCGA-56-1622","LUSC","1",0.999672412872314,"1"
"Drews","7",20261007,"TCGA-56-8308","LUSC","1",0.99992573261261,"1"
"Drews","7",20261007,"TCGA-60-2706","LUSC","1",0.999893426895142,"1"
"Drews","7",20261007,"TCGA-60-2724","LUSC","1",0.999483346939087,"1"
"Drews","7",20261007,"TCGA-66-2768","LUSC","1",0.999952077865601,"1"
"Drews","7",20261007,"TCGA-66-2794","LUSC","1",0.97585141658783,"1"
"Drews","7",20261007,"TCGA-66-2795","LUSC","1",0.999612271785736,"1"
"Drews","7",20261007,"TCGA-66-2800","LUSC","1",0.999797999858856,"1"
"Drews","7",20261007,"TCGA-68-7756","LUSC","2",0.997245192527771,"1"
"Drews","7",20261007,"TCGA-77-6842","LUSC","1",0.999740660190582,"1"
"Drews","7",20261007,"TCGA-77-6845","LUSC","1",0.999948382377625,"1"
"Drews","7",20261007,"TCGA-77-8133","LUSC","1",0.997926592826843,"1"
"Drews","7",20261007,"TCGA-77-A5GF","LUSC","1",0.998794674873352,"1"
"Drews","7",20261007,"TCGA-85-6798","LUSC","1",0.998613834381104,"1"
"Drews","7",20261007,"TCGA-85-7696","LUSC","1",0.999772369861603,"1"
"Drews","7",20261007,"TCGA-94-7033","LUSC","1",0.999821364879608,"1"
"Drews","7",20261007,"TCGA-J1-A4AH","LUSC","1",0.999840497970581,"1"
"Drews","7",20261007,"TCGA-LA-A446","LUSC","1",0.999887228012085,"1"
"Drews","7",20261007,"TCGA-O2-A5IB","LUSC","1",0.999333083629608,"1"
"Drews","7",20261007,"TCGA-3H-AB3K","MESO","2",0.973744571208954,"1"
"Drews","7",20261007,"TCGA-3U-A98I","MESO","1",0.996313154697418,"1"
"Drews","7",20261007,"TCGA-MQ-A6BR","MESO","2",0.580326437950134,"1"
"Drews","7",20261007,"TCGA-SC-A6LM","MESO","1",0.993460416793823,"1"
"Drews","7",20261007,"TCGA-04-1362","OV","1",0.999831199645996,"1"
"Drews","7",20261007,"TCGA-13-0899","OV","1",0.999746143817902,"1"
"Drews","7",20261007,"TCGA-13-1403","OV","1",0.999991297721863,"1"
"Drews","7",20261007,"TCGA-13-1481","OV","1",0.999994516372681,"1"
"Drews","7",20261007,"TCGA-13-1506","OV","1",0.999891638755798,"1"
"Drews","7",20261007,"TCGA-20-1687","OV","1",0.959456861019135,"1"
"Drews","7",20261007,"TCGA-23-1111","OV","1",0.976247668266296,"1"
"Drews","7",20261007,"TCGA-23-1123","OV","1",0.999675989151001,"1"
"Drews","7",20261007,"TCGA-24-1103","OV","1",0.999979972839355,"1"
"Drews","7",20261007,"TCGA-24-1434","OV","1",0.999909162521362,"1"
"Drews","7",20261007,"TCGA-24-1550","OV","1",0.999943733215332,"1"
"Drews","7",20261007,"TCGA-24-1564","OV","1",0.999503254890442,"1"
"Drews","7",20261007,"TCGA-24-1842","OV","1",0.999991655349731,"1"
"Drews","7",20261007,"TCGA-24-2035","OV","1",0.999933242797852,"1"
"Drews","7",20261007,"TCGA-24-2271","OV","1",0.999515175819397,"1"
"Drews","7",20261007,"TCGA-25-1313","OV","1",0.999665141105652,"1"
"Drews","7",20261007,"TCGA-25-1329","OV","1",0.998820006847382,"1"
"Drews","7",20261007,"TCGA-25-2391","OV","1",0.999695420265198,"1"
"Drews","7",20261007,"TCGA-25-2404","OV","1",0.999984383583069,"1"
"Drews","7",20261007,"TCGA-29-1688","OV","1",0.999675989151001,"1"
"Drews","7",20261007,"TCGA-29-1703","OV","1",0.999904274940491,"1"
"Drews","7",20261007,"TCGA-29-1763","OV","1",0.999500632286072,"1"
"Drews","7",20261007,"TCGA-29-1770","OV","1",0.998401820659637,"1"
"Drews","7",20261007,"TCGA-30-1857","OV","1",0.999195277690887,"1"
"Drews","7",20261007,"TCGA-59-2348","OV","1",0.999984622001648,"1"
"Drews","7",20261007,"TCGA-59-2350","OV","1",0.999964475631714,"1"
"Drews","7",20261007,"TCGA-59-2363","OV","1",0.999948620796204,"1"
"Drews","7",20261007,"TCGA-59-A5PD","OV","1",0.99999725818634,"1"
"Drews","7",20261007,"TCGA-5X-AA5U","OV","1",0.999296069145203,"1"
"Drews","7",20261007,"TCGA-61-1736","OV","1",0.997457087039948,"1"
"Drews","7",20261007,"TCGA-61-1738","OV","1",0.999179661273956,"1"
"Drews","7",20261007,"TCGA-61-2088","OV","1",0.99969220161438,"1"
"Drews","7",20261007,"TCGA-WR-A838","OV","1",0.999150156974792,"1"
"Drews","7",20261007,"TCGA-3A-A9IC","PAAD","1",0.993906676769257,"1"
"Drews","7",20261007,"TCGA-HV-A7OP","PAAD","2",0.988224864006042,"1"
"Drews","7",20261007,"TCGA-IB-AAUO","PAAD","1",0.804458022117615,"1"
"Drews","7",20261007,"TCGA-PZ-A5RE","PAAD","1",0.980685830116272,"1"
"Drews","7",20261007,"TCGA-S4-A8RM","PAAD","2",0.730419337749481,"1"
"Drews","7",20261007,"TCGA-QR-A70R","PCPG","1",0.152741983532906,"2"
"Drews","7",20261007,"TCGA-QT-A5XM","PCPG","2",0.00590048125013709,"2"
"Drews","7",20261007,"TCGA-QT-A69Q","PCPG","2",0.164132744073868,"2"
"Drews","7",20261007,"TCGA-RW-A68A","PCPG","2",0.205032825469971,"2"
"Drews","7",20261007,"TCGA-S7-A7WP","PCPG","2",0.167384758591652,"2"
"Drews","7",20261007,"TCGA-SQ-A6I6","PCPG","2",0.464122176170349,"2"
"Drews","7",20261007,"TCGA-SR-A6MR","PCPG","1",0.0596959851682186,"2"
"Drews","7",20261007,"TCGA-SR-A6MV","PCPG","2",0.0718749314546585,"2"
"Drews","7",20261007,"TCGA-TT-A6YP","PCPG","2",0.0540639385581017,"2"
"Drews","7",20261007,"TCGA-WB-A81T","PCPG","2",0.0338104516267776,"2"
"Drews","7",20261007,"TCGA-CH-5791","PRAD","1",0.971324384212494,"1"
"Drews","7",20261007,"TCGA-EJ-8469","PRAD","1",0.966988623142242,"1"
"Drews","7",20261007,"TCGA-FC-A4JI","PRAD","1",0.998494744300842,"1"
"Drews","7",20261007,"TCGA-G9-6496","PRAD","1",0.980684578418732,"1"
"Drews","7",20261007,"TCGA-HC-8265","PRAD","1",0.991946399211884,"1"
"Drews","7",20261007,"TCGA-J4-A67N","PRAD","1",0.930312156677246,"1"
"Drews","7",20261007,"TCGA-KC-A4BV","PRAD","1",0.98880809545517,"1"
"Drews","7",20261007,"TCGA-KC-A7F3","PRAD","1",0.972527146339417,"1"
"Drews","7",20261007,"TCGA-KK-A6E2","PRAD","2",0.337250411510468,"2"
"Drews","7",20261007,"TCGA-KK-A7AQ","PRAD","1",0.994949102401733,"1"
"Drews","7",20261007,"TCGA-XJ-A9DX","PRAD","1",0.981143116950989,"1"
"Drews","7",20261007,"TCGA-XQ-A8TB","PRAD","1",0.903562784194946,"1"
"Drews","7",20261007,"TCGA-YJ-A8SW","PRAD","1",0.998584389686584,"1"
"Drews","7",20261007,"TCGA-YL-A8SO","PRAD","1",0.991357564926147,"1"
"Drews","7",20261007,"TCGA-YL-A8SQ","PRAD","1",0.988446831703186,"1"
"Drews","7",20261007,"TCGA-YL-A9WI","PRAD","1",0.997851967811584,"1"
"Drews","7",20261007,"TCGA-ZG-A9N3","PRAD","1",0.99988842010498,"1"
"Drews","7",20261007,"TCGA-ZG-A9ND","PRAD","1",0.998711943626404,"1"
"Drews","7",20261007,"TCGA-AG-3883","READ","1",0.995948910713196,"1"
"Drews","7",20261007,"TCGA-AG-3885","READ","1",0.964061975479126,"1"
"Drews","7",20261007,"TCGA-AG-A01W","READ","1",0.995913207530975,"1"
"Drews","7",20261007,"TCGA-AG-A036","READ","2",0.998102486133575,"1"
"Drews","7",20261007,"TCGA-BM-6198","READ","1",0.988239884376526,"1"
"Drews","7",20261007,"TCGA-DT-5265","READ","1",0.972579061985016,"1"
"Drews","7",20261007,"TCGA-DY-A1DF","READ","1",0.936241865158081,"1"
"Drews","7",20261007,"TCGA-DY-A1DG","READ","1",0.987199723720551,"1"
"Drews","7",20261007,"TCGA-G5-6572","READ","2",0.211931988596916,"2"
"Drews","7",20261007,"TCGA-3B-A9HI","SARC","1",0.940446078777313,"1"
"Drews","7",20261007,"TCGA-3B-A9HO","SARC","1",0.956757843494415,"1"
"Drews","7",20261007,"TCGA-3B-A9HX","SARC","1",0.9985631108284,"1"
"Drews","7",20261007,"TCGA-DX-A23Y","SARC","1",0.99837601184845,"1"
"Drews","7",20261007,"TCGA-DX-A3U5","SARC","1",0.999467074871063,"1"
"Drews","7",20261007,"TCGA-DX-A48N","SARC","1",0.998235940933228,"1"
"Drews","7",20261007,"TCGA-DX-A8BJ","SARC","1",0.992391526699066,"1"
"Drews","7",20261007,"TCGA-DX-A8BT","SARC","1",0.996093809604645,"1"
"Drews","7",20261007,"TCGA-DX-AB2F","SARC","1",0.999569475650787,"1"
"Drews","7",20261007,"TCGA-DX-AB35","SARC","1",0.998150765895844,"1"
"Drews","7",20261007,"TCGA-DX-AB3A","SARC","1",0.99916398525238,"1"
"Drews","7",20261007,"TCGA-HB-A3YV","SARC","1",0.999840259552002,"1"
"Drews","7",20261007,"TCGA-IE-A4EJ","SARC","1",0.99645870923996,"1"
"Drews","7",20261007,"TCGA-IE-A6BZ","SARC","1",0.999649524688721,"1"
"Drews","7",20261007,"TCGA-KD-A5QT","SARC","1",0.940503358840942,"1"
"Drews","7",20261007,"TCGA-KF-A41W","SARC","1",0.999747931957245,"1"
"Drews","7",20261007,"TCGA-LI-A9QH","SARC","1",0.999980807304382,"1"
"Drews","7",20261007,"TCGA-QC-A6FX","SARC","1",0.999333798885345,"1"
"Drews","7",20261007,"TCGA-SI-A71O","SARC","1",0.999669551849365,"1"
"Drews","7",20261007,"TCGA-WP-A9GB","SARC","1",0.999092102050781,"1"
"Drews","7",20261007,"TCGA-X6-A7WB","SARC","1",0.990786731243134,"1"
"Drews","7",20261007,"TCGA-X6-A7WC","SARC","1",0.999018430709839,"1"
"Drews","7",20261007,"TCGA-X6-A8C3","SARC","1",0.999892234802246,"1"
"Drews","7",20261007,"TCGA-Z4-AAPG","SARC","1",0.989172697067261,"1"
"Drews","7",20261007,"TCGA-BF-A3DN","SKCM","2",0.951985120773315,"1"
"Drews","7",20261007,"TCGA-BF-AAP4","SKCM","1",0.962461888790131,"1"
"Drews","7",20261007,"TCGA-BF-AAP6","SKCM","1",0.963154792785645,"1"
"Drews","7",20261007,"TCGA-EB-A3Y7","SKCM","2",0.623407065868378,"1"
"Drews","7",20261007,"TCGA-EB-A430","SKCM","2",0.932339251041412,"1"
"Drews","7",20261007,"TCGA-EB-A5UM","SKCM","1",0.746052920818329,"1"
"Drews","7",20261007,"TCGA-FR-A2OS","SKCM","1",0.815476536750793,"1"
"Drews","7",20261007,"TCGA-XV-AAZW","SKCM","1",0.688152849674225,"1"
"Drews","7",20261007,"TCGA-BR-6456","STAD","1",0.999667048454285,"1"
"Drews","7",20261007,"TCGA-BR-6458","STAD","1",0.998522579669952,"1"
"Drews","7",20261007,"TCGA-BR-7703","STAD","1",0.235793456435204,"2"
"Drews","7",20261007,"TCGA-BR-7715","STAD","1",0.999815404415131,"1"
"Drews","7",20261007,"TCGA-BR-7723","STAD","1",0.99989926815033,"1"
"Drews","7",20261007,"TCGA-BR-8077","STAD","1",0.998727023601532,"1"
"Drews","7",20261007,"TCGA-BR-8687","STAD","1",0.998687207698822,"1"
"Drews","7",20261007,"TCGA-BR-A4CS","STAD","1",0.999820649623871,"1"
"Drews","7",20261007,"TCGA-CD-5800","STAD","1",0.999980568885803,"1"
"Drews","7",20261007,"TCGA-CD-8528","STAD","1",0.922779142856598,"1"
"Drews","7",20261007,"TCGA-CG-4466","STAD","1",0.997866928577423,"1"
"Drews","7",20261007,"TCGA-D7-6526","STAD","1",0.99998950958252,"1"
"Drews","7",20261007,"TCGA-D7-6822","STAD","1",0.998422265052795,"1"
"Drews","7",20261007,"TCGA-FP-8631","STAD","1",0.999985694885254,"1"
"Drews","7",20261007,"TCGA-HU-A4GF","STAD","1",0.997742056846619,"1"
"Drews","7",20261007,"TCGA-HU-A4GH","STAD","1",0.999944925308228,"1"
"Drews","7",20261007,"TCGA-IN-A6RL","STAD","1",0.99991500377655,"1"
"Drews","7",20261007,"TCGA-R5-A7ZE","STAD","1",0.999041974544525,"1"
"Drews","7",20261007,"TCGA-R5-A805","STAD","1",0.999037623405457,"1"
"Drews","7",20261007,"TCGA-VQ-A8E0","STAD","1",0.999945640563965,"1"
"Drews","7",20261007,"TCGA-VQ-A8E3","STAD","1",0.986105799674988,"1"
"Drews","7",20261007,"TCGA-VQ-A8P3","STAD","1",0.958947956562042,"1"
"Drews","7",20261007,"TCGA-VQ-A91A","STAD","1",0.999980568885803,"1"
"Drews","7",20261007,"TCGA-VQ-A91Z","STAD","1",0.999976277351379,"1"
"Drews","7",20261007,"TCGA-VQ-A94O","STAD","1",0.999461114406586,"1"
"Drews","7",20261007,"TCGA-VQ-A94U","STAD","1",0.929772257804871,"1"
"Drews","7",20261007,"TCGA-VQ-AA6I","STAD","1",0.991886913776398,"1"
"Drews","7",20261007,"TCGA-2G-AAGW","TGCT","1",0.998400866985321,"1"
"Drews","7",20261007,"TCGA-XE-AAOF","TGCT","2",0.174883261322975,"2"
"Drews","7",20261007,"TCGA-YU-A912","TGCT","1",0.758174479007721,"1"
"Drews","7",20261007,"TCGA-ZM-AA0B","TGCT","1",0.940312087535858,"1"
"Drews","7",20261007,"TCGA-4C-A93U","THCA","2",0.103593766689301,"2"
"Drews","7",20261007,"TCGA-EM-A2OY","THCA","2",0.00225744885392487,"2"
"Drews","7",20261007,"TCGA-ZB-A966","THYM","2",0.919054329395294,"1"
"Drews","7",20261007,"TCGA-A5-A0GJ","UCEC","1",0.98758453130722,"1"
"Drews","7",20261007,"TCGA-AJ-A3TW","UCEC","1",0.999954104423523,"1"
"Drews","7",20261007,"TCGA-AP-A053","UCEC","1",0.998852014541626,"1"
"Drews","7",20261007,"TCGA-AP-A05D","UCEC","1",0.997850298881531,"1"
"Drews","7",20261007,"TCGA-AP-A1DQ","UCEC","1",0.999312162399292,"1"
"Drews","7",20261007,"TCGA-AX-A0IU","UCEC","1",0.999648213386536,"1"
"Drews","7",20261007,"TCGA-AX-A1C7","UCEC","1",0.999333918094635,"1"
"Drews","7",20261007,"TCGA-AX-A1CA","UCEC","1",0.998945295810699,"1"
"Drews","7",20261007,"TCGA-AX-A2H2","UCEC","1",0.999935984611511,"1"
"Drews","7",20261007,"TCGA-AX-A2IO","UCEC","1",0.98655891418457,"1"
"Drews","7",20261007,"TCGA-AX-A3FX","UCEC","1",0.994650542736053,"1"
"Drews","7",20261007,"TCGA-B5-A0JN","UCEC","1",0.999826729297638,"1"
"Drews","7",20261007,"TCGA-B5-A0K8","UCEC","1",0.998216331005096,"1"
"Drews","7",20261007,"TCGA-B5-A11S","UCEC","2",0.0317114666104317,"2"
"Drews","7",20261007,"TCGA-B5-A1N2","UCEC","1",0.999850392341614,"1"
"Drews","7",20261007,"TCGA-B5-A5OD","UCEC","1",0.997627437114716,"1"
"Drews","7",20261007,"TCGA-BG-A222","UCEC","2",0.838286757469177,"1"
"Drews","7",20261007,"TCGA-BK-A0C9","UCEC","2",0.640261769294739,"1"
"Drews","7",20261007,"TCGA-D1-A169","UCEC","2",0.896173596382141,"1"
"Drews","7",20261007,"TCGA-D1-A17S","UCEC","2",0.274617224931717,"2"
"Drews","7",20261007,"TCGA-D1-A1NW","UCEC","1",0.998015761375427,"1"
"Drews","7",20261007,"TCGA-D1-A1O0","UCEC","1",0.994170725345612,"1"
"Drews","7",20261007,"TCGA-DF-A2KR","UCEC","1",0.999377846717834,"1"
"Drews","7",20261007,"TCGA-DI-A1C3","UCEC","2",0.0776400566101074,"2"
"Drews","7",20261007,"TCGA-EO-A1Y5","UCEC","1",0.999115645885468,"1"
"Drews","7",20261007,"TCGA-EO-A3AS","UCEC","1",0.99856561422348,"1"
"Drews","7",20261007,"TCGA-EO-A3B1","UCEC","1",0.990408658981323,"1"
"Drews","7",20261007,"TCGA-EY-A210","UCEC","1",0.987251281738281,"1"
"Drews","7",20261007,"TCGA-EY-A214","UCEC","1",0.999974131584167,"1"
"Drews","7",20261007,"TCGA-EY-A215","UCEC","2",0.677768111228943,"1"
"Drews","7",20261007,"TCGA-EY-A2OO","UCEC","2",0.172024369239807,"2"
"Drews","7",20261007,"TCGA-EY-A3L3","UCEC","1",0.99913102388382,"1"
"Drews","7",20261007,"TCGA-EY-A547","UCEC","1",0.952979326248169,"1"
"Drews","7",20261007,"TCGA-FI-A2EW","UCEC","1",0.998769104480743,"1"
"Drews","7",20261007,"TCGA-N5-A4R8","UCS","1",0.99975711107254,"1"
"Drews","7",20261007,"TCGA-N5-A4RM","UCS","1",0.99701726436615,"1"
"Drews","7",20261007,"TCGA-N5-A4RU","UCS","1",0.99992311000824,"1"
"Drews","7",20261007,"TCGA-N8-A4PN","UCS","1",0.999895930290222,"1"
"Drews","7",20261007,"TCGA-N8-A4PO","UCS","1",0.999833106994629,"1"
"Drews","7",20261007,"TCGA-N8-A4PQ","UCS","1",0.999910712242126,"1"
"Drews","7",20261007,"TCGA-N9-A4Q1","UCS","1",0.999767363071442,"1"
"Drews","7",20261007,"TCGA-V4-A9EO","UVM","2",0.00742560578510165,"2"
"Drews","7",20261007,"TCGA-V4-A9EZ","UVM","2",0.313448399305344,"2"
"Drews","7",20261007,"TCGA-V4-A9F3","UVM","2",0.00144790369085968,"2"
"Drews","7",20261007,"TCGA-VD-A8KA","UVM","2",0.171597674489021,"2"
"Drews","8",20261008,"TCGA-OR-A5J5","ACC","2",0.978883862495422,"1"
"Drews","8",20261008,"TCGA-OR-A5J6","ACC","2",0.0726543143391609,"2"
"Drews","8",20261008,"TCGA-OR-A5JC","ACC","1",0.094926618039608,"2"
"Drews","8",20261008,"TCGA-OR-A5JM","ACC","1",0.97259110212326,"1"
"Drews","8",20261008,"TCGA-OR-A5KT","ACC","1",0.831163585186005,"1"
"Drews","8",20261008,"TCGA-OR-A5KV","ACC","2",0.966372609138489,"1"
"Drews","8",20261008,"TCGA-OR-A5L8","ACC","2",0.101157449185848,"2"
"Drews","8",20261008,"TCGA-OR-A5LH","ACC","1",0.0687023028731346,"2"
"Drews","8",20261008,"TCGA-4Z-AA80","BLCA","1",0.999555766582489,"1"
"Drews","8",20261008,"TCGA-BT-A20N","BLCA","1",0.999886274337769,"1"
"Drews","8",20261008,"TCGA-BT-A20T","BLCA","1",0.99943083524704,"1"
"Drews","8",20261008,"TCGA-CF-A3MI","BLCA","1",0.90509557723999,"1"
"Drews","8",20261008,"TCGA-CF-A8HY","BLCA","1",0.993632376194,"1"
"Drews","8",20261008,"TCGA-CU-A3KJ","BLCA","1",0.999945282936096,"1"
"Drews","8",20261008,"TCGA-DK-A3IV","BLCA","1",0.999032855033875,"1"
"Drews","8",20261008,"TCGA-DK-AA6M","BLCA","1",0.997911036014557,"1"
"Drews","8",20261008,"TCGA-DK-AA6R","BLCA","1",0.999914765357971,"1"
"Drews","8",20261008,"TCGA-DK-AA76","BLCA","1",0.9996577501297,"1"
"Drews","8",20261008,"TCGA-FD-A3SJ","BLCA","1",0.999974846839905,"1"
"Drews","8",20261008,"TCGA-FD-A6TC","BLCA","1",0.999614477157593,"1"
"Drews","8",20261008,"TCGA-FD-A6TD","BLCA","1",0.994503617286682,"1"
"Drews","8",20261008,"TCGA-FJ-A3Z7","BLCA","1",0.995163202285767,"1"
"Drews","8",20261008,"TCGA-GC-A3RC","BLCA","1",0.996849119663239,"1"
"Drews","8",20261008,"TCGA-GD-A2C5","BLCA","1",0.999918103218079,"1"
"Drews","8",20261008,"TCGA-GV-A3QH","BLCA","1",0.999983668327332,"1"
"Drews","8",20261008,"TCGA-GV-A40G","BLCA","1",0.999978184700012,"1"
"Drews","8",20261008,"TCGA-GV-A6ZA","BLCA","1",0.999660611152649,"1"
"Drews","8",20261008,"TCGA-K4-A3WV","BLCA","1",0.999951958656311,"1"
"Drews","8",20261008,"TCGA-KQ-A41N","BLCA","1",0.99987268447876,"1"
"Drews","8",20261008,"TCGA-KQ-A41P","BLCA","1",0.998477756977081,"1"
"Drews","8",20261008,"TCGA-KQ-A41R","BLCA","1",0.998241782188416,"1"
"Drews","8",20261008,"TCGA-UY-A78N","BLCA","1",0.926883161067963,"1"
"Drews","8",20261008,"TCGA-UY-A8OD","BLCA","1",0.99966824054718,"1"
"Drews","8",20261008,"TCGA-UY-A9PD","BLCA","1",0.999946475028992,"1"
"Drews","8",20261008,"TCGA-XF-A8HG","BLCA","1",0.997482717037201,"1"
"Drews","8",20261008,"TCGA-XF-A9SJ","BLCA","1",0.99340033531189,"1"
"Drews","8",20261008,"TCGA-XF-AAML","BLCA","1",0.999957084655762,"1"
"Drews","8",20261008,"TCGA-YF-AA3L","BLCA","1",0.985467731952667,"1"
"Drews","8",20261008,"TCGA-ZF-A9R7","BLCA","1",0.994630694389343,"1"
"Drews","8",20261008,"TCGA-ZF-A9RF","BLCA","1",0.994884312152863,"1"
"Drews","8",20261008,"TCGA-ZF-AA4R","BLCA","1",0.99997615814209,"1"
"Drews","8",20261008,"TCGA-A1-A0SJ","BRCA","1",0.999486565589905,"1"
"Drews","8",20261008,"TCGA-A1-A0SN","BRCA","1",0.999172210693359,"1"
"Drews","8",20261008,"TCGA-A2-A04T","BRCA","1",0.999970555305481,"1"
"Drews","8",20261008,"TCGA-A2-A0D4","BRCA","1",0.999743640422821,"1"
"Drews","8",20261008,"TCGA-A2-A0T3","BRCA","1",0.998761773109436,"1"
"Drews","8",20261008,"TCGA-A2-A0T7","BRCA","1",0.994085907936096,"1"
"Drews","8",20261008,"TCGA-A2-A1FV","BRCA","1",0.919690787792206,"1"
"Drews","8",20261008,"TCGA-A2-A1FW","BRCA","1",0.999945044517517,"1"
"Drews","8",20261008,"TCGA-A7-A0CD","BRCA","2",0.941771268844604,"1"
"Drews","8",20261008,"TCGA-A7-A0CJ","BRCA","1",0.999703466892242,"1"
"Drews","8",20261008,"TCGA-A7-A0D9","BRCA","1",0.98546314239502,"1"
"Drews","8",20261008,"TCGA-A7-A56D","BRCA","1",0.968121707439423,"1"
"Drews","8",20261008,"TCGA-A7-A5ZV","BRCA","1",0.999995589256287,"1"
"Drews","8",20261008,"TCGA-A7-A6VV","BRCA","1",0.999198377132416,"1"
"Drews","8",20261008,"TCGA-A8-A06Z","BRCA","1",0.999606907367706,"1"
"Drews","8",20261008,"TCGA-A8-A08G","BRCA","1",0.999868750572205,"1"
"Drews","8",20261008,"TCGA-A8-A090","BRCA","1",0.979211330413818,"1"
"Drews","8",20261008,"TCGA-A8-A096","BRCA","2",0.145982563495636,"2"
"Drews","8",20261008,"TCGA-A8-A09G","BRCA","1",0.998164594173431,"1"
"Drews","8",20261008,"TCGA-A8-A09I","BRCA","1",0.99998927116394,"1"
"Drews","8",20261008,"TCGA-A8-A09M","BRCA","1",0.99997091293335,"1"
"Drews","8",20261008,"TCGA-A8-A09R","BRCA","1",0.99973863363266,"1"
"Drews","8",20261008,"TCGA-A8-A09W","BRCA","1",0.998178720474243,"1"
"Drews","8",20261008,"TCGA-AN-A03X","BRCA","1",0.896981835365295,"1"
"Drews","8",20261008,"TCGA-AN-A04A","BRCA","1",0.995897829532623,"1"
"Drews","8",20261008,"TCGA-AN-A0FY","BRCA","1",0.999618053436279,"1"
"Drews","8",20261008,"TCGA-AN-A0XP","BRCA","2",0.448962718248367,"2"
"Drews","8",20261008,"TCGA-AO-A0J2","BRCA","1",0.999569594860077,"1"
"Drews","8",20261008,"TCGA-AO-A0J3","BRCA","1",0.999987721443176,"1"
"Drews","8",20261008,"TCGA-AO-A124","BRCA","1",0.999988794326782,"1"
"Drews","8",20261008,"TCGA-AO-A12B","BRCA","2",0.0248712003231049,"2"
"Drews","8",20261008,"TCGA-AO-A12F","BRCA","1",0.999850511550903,"1"
"Drews","8",20261008,"TCGA-AO-A1KR","BRCA","1",0.999930858612061,"1"
"Drews","8",20261008,"TCGA-AR-A0TP","BRCA","1",0.999974966049194,"1"
"Drews","8",20261008,"TCGA-AR-A24S","BRCA","1",0.999451339244843,"1"
"Drews","8",20261008,"TCGA-AR-A251","BRCA","1",0.999983072280884,"1"
"Drews","8",20261008,"TCGA-AR-A254","BRCA","1",0.994181931018829,"1"
"Drews","8",20261008,"TCGA-AR-A256","BRCA","1",0.999599754810333,"1"
"Drews","8",20261008,"TCGA-B6-A0I9","BRCA","1",0.999944448471069,"1"
"Drews","8",20261008,"TCGA-B6-A0IQ","BRCA","1",0.999985098838806,"1"
"Drews","8",20261008,"TCGA-B6-A0RH","BRCA","1",0.998573899269104,"1"
"Drews","8",20261008,"TCGA-B6-A0RL","BRCA","1",0.999753654003143,"1"
"Drews","8",20261008,"TCGA-B6-A0RV","BRCA","1",0.772689998149872,"1"
"Drews","8",20261008,"TCGA-BH-A0C7","BRCA","1",0.999188125133514,"1"
"Drews","8",20261008,"TCGA-BH-A0DD","BRCA","1",0.999504566192627,"1"
"Drews","8",20261008,"TCGA-BH-A0E2","BRCA","1",0.999263942241669,"1"
"Drews","8",20261008,"TCGA-BH-A0EE","BRCA","1",0.999706447124481,"1"
"Drews","8",20261008,"TCGA-BH-A0H6","BRCA","2",0.137267917394638,"2"
"Drews","8",20261008,"TCGA-BH-A0HL","BRCA","1",0.999793350696564,"1"
"Drews","8",20261008,"TCGA-BH-A0HX","BRCA","1",0.999368727207184,"1"
"Drews","8",20261008,"TCGA-BH-A0W7","BRCA","1",0.5660240650177,"1"
"Drews","8",20261008,"TCGA-BH-A18R","BRCA","1",0.9945148229599,"1"
"Drews","8",20261008,"TCGA-BH-A1EV","BRCA","1",0.999378681182861,"1"
"Drews","8",20261008,"TCGA-BH-A1F6","BRCA","1",0.999553620815277,"1"
"Drews","8",20261008,"TCGA-BH-A1FC","BRCA","1",0.999926090240479,"1"
"Drews","8",20261008,"TCGA-C8-A12P","BRCA","1",0.999882102012634,"1"
"Drews","8",20261008,"TCGA-C8-A12Q","BRCA","1",0.999882698059082,"1"
"Drews","8",20261008,"TCGA-C8-A1HJ","BRCA","1",0.99964964389801,"1"
"Drews","8",20261008,"TCGA-C8-A1HL","BRCA","1",0.999957919120789,"1"
"Drews","8",20261008,"TCGA-C8-A27A","BRCA","1",0.999838829040527,"1"
"Drews","8",20261008,"TCGA-D8-A13Y","BRCA","1",0.999990344047546,"1"
"Drews","8",20261008,"TCGA-D8-A145","BRCA","2",0.451912134885788,"2"
"Drews","8",20261008,"TCGA-D8-A147","BRCA","1",0.999842643737793,"1"
"Drews","8",20261008,"TCGA-D8-A1J8","BRCA","2",0.994040012359619,"1"
"Drews","8",20261008,"TCGA-D8-A1JC","BRCA","1",0.999904751777649,"1"
"Drews","8",20261008,"TCGA-D8-A1XZ","BRCA","1",0.999472916126251,"1"
"Drews","8",20261008,"TCGA-D8-A1Y1","BRCA","2",0.90127432346344,"1"
"Drews","8",20261008,"TCGA-D8-A27V","BRCA","1",0.566300988197327,"1"
"Drews","8",20261008,"TCGA-E2-A105","BRCA","1",0.999802529811859,"1"
"Drews","8",20261008,"TCGA-E2-A10C","BRCA","1",0.999328136444092,"1"
"Drews","8",20261008,"TCGA-E2-A10F","BRCA","2",0.708754599094391,"1"
"Drews","8",20261008,"TCGA-E2-A14R","BRCA","1",0.998966574668884,"1"
"Drews","8",20261008,"TCGA-E2-A14T","BRCA","1",0.999925136566162,"1"
"Drews","8",20261008,"TCGA-E2-A14V","BRCA","1",0.999885320663452,"1"
"Drews","8",20261008,"TCGA-E2-A14X","BRCA","1",0.99986207485199,"1"
"Drews","8",20261008,"TCGA-E2-A156","BRCA","2",0.117956452071667,"2"
"Drews","8",20261008,"TCGA-E2-A15T","BRCA","1",0.997200489044189,"1"
"Drews","8",20261008,"TCGA-E2-A1LK","BRCA","1",0.999609053134918,"1"
"Drews","8",20261008,"TCGA-E2-A576","BRCA","1",0.979014456272125,"1"
"Drews","8",20261008,"TCGA-E9-A1N8","BRCA","1",0.999987244606018,"1"
"Drews","8",20261008,"TCGA-E9-A1NA","BRCA","1",0.999924540519714,"1"
"Drews","8",20261008,"TCGA-E9-A1NF","BRCA","1",0.994656443595886,"1"
"Drews","8",20261008,"TCGA-E9-A1RD","BRCA","2",0.0189771670848131,"2"
"Drews","8",20261008,"TCGA-E9-A1RF","BRCA","1",0.999951958656311,"1"
"Drews","8",20261008,"TCGA-E9-A22E","BRCA","1",0.999575078487396,"1"
"Drews","8",20261008,"TCGA-EW-A1PD","BRCA","1",0.998990595340729,"1"
"Drews","8",20261008,"TCGA-LL-A6FQ","BRCA","1",0.795147776603699,"1"
"Drews","8",20261008,"TCGA-LL-A8F5","BRCA","1",0.999738991260529,"1"
"Drews","8",20261008,"TCGA-OL-A5D7","BRCA","1",0.999688625335693,"1"
"Drews","8",20261008,"TCGA-OL-A6VO","BRCA","1",0.996027231216431,"1"
"Drews","8",20261008,"TCGA-PE-A5DE","BRCA","1",0.916726529598236,"1"
"Drews","8",20261008,"TCGA-S3-A6ZF","BRCA","1",0.996313750743866,"1"
"Drews","8",20261008,"TCGA-S3-AA0Z","BRCA","1",0.999219179153442,"1"
"Drews","8",20261008,"TCGA-S3-AA12","BRCA","1",0.997773587703705,"1"
"Drews","8",20261008,"TCGA-WT-AB41","BRCA","1",0.97978550195694,"1"
"Drews","8",20261008,"TCGA-C5-A1BK","CESC","1",0.676555693149567,"1"
"Drews","8",20261008,"TCGA-C5-A1BM","CESC","2",0.385103434324265,"2"
"Drews","8",20261008,"TCGA-C5-A1M9","CESC","1",0.902393341064453,"1"
"Drews","8",20261008,"TCGA-C5-A7UE","CESC","2",0.93951290845871,"1"
"Drews","8",20261008,"TCGA-C5-A907","CESC","1",0.989526391029358,"1"
"Drews","8",20261008,"TCGA-EA-A5FO","CESC","2",0.431709945201874,"2"
"Drews","8",20261008,"TCGA-EK-A2RN","CESC","2",0.463176608085632,"2"
"Drews","8",20261008,"TCGA-EK-A2RO","CESC","1",0.99867969751358,"1"
"Drews","8",20261008,"TCGA-EX-A1H5","CESC","2",0.963430881500244,"1"
"Drews","8",20261008,"TCGA-IR-A3LK","CESC","1",0.990553259849548,"1"
"Drews","8",20261008,"TCGA-Q1-A6DT","CESC","1",0.999951124191284,"1"
"Drews","8",20261008,"TCGA-VS-A8EG","CESC","1",0.642649233341217,"1"
"Drews","8",20261008,"TCGA-VS-A94Z","CESC","1",0.993110418319702,"1"
"Drews","8",20261008,"TCGA-VS-A9U6","CESC","1",0.997843861579895,"1"
"Drews","8",20261008,"TCGA-VS-A9UL","CESC","1",0.999077081680298,"1"
"Drews","8",20261008,"TCGA-VS-A9UR","CESC","1",0.993650257587433,"1"
"Drews","8",20261008,"TCGA-W5-AA38","CHOL","2",0.831067383289337,"1"
"Drews","8",20261008,"TCGA-A6-5656","COAD","1",0.997806489467621,"1"
"Drews","8",20261008,"TCGA-AA-3548","COAD","1",0.964026987552643,"1"
"Drews","8",20261008,"TCGA-AA-3549","COAD","1",0.915545225143433,"1"
"Drews","8",20261008,"TCGA-AA-3663","COAD","2",0.244325801730156,"2"
"Drews","8",20261008,"TCGA-AA-3664","COAD","1",0.924613654613495,"1"
"Drews","8",20261008,"TCGA-AA-3697","COAD","1",0.997476875782013,"1"
"Drews","8",20261008,"TCGA-AA-3968","COAD","1",0.929147124290466,"1"
"Drews","8",20261008,"TCGA-AM-5820","COAD","1",0.984934687614441,"1"
"Drews","8",20261008,"TCGA-AZ-4615","COAD","2",0.0988073125481606,"2"
"Drews","8",20261008,"TCGA-CA-5254","COAD","1",0.409896939992905,"2"
"Drews","8",20261008,"TCGA-CM-4746","COAD","2",0.952613174915314,"1"
"Drews","8",20261008,"TCGA-CM-5344","COAD","2",0.999395132064819,"1"
"Drews","8",20261008,"TCGA-CM-6161","COAD","2",0.0267028324306011,"2"
"Drews","8",20261008,"TCGA-D5-6533","COAD","1",0.993555128574371,"1"
"Drews","8",20261008,"TCGA-D5-6535","COAD","1",0.98635721206665,"1"
"Drews","8",20261008,"TCGA-G4-6299","COAD","1",0.988155484199524,"1"
"Drews","8",20261008,"TCGA-G4-6306","COAD","2",0.939705908298492,"1"
"Drews","8",20261008,"TCGA-G4-6311","COAD","1",0.96673309803009,"1"
"Drews","8",20261008,"TCGA-G4-6323","COAD","2",0.00895635597407818,"2"
"Drews","8",20261008,"TCGA-G4-6586","COAD","2",0.151514202356339,"2"
"Drews","8",20261008,"TCGA-NH-A8F7","COAD","2",0.939796626567841,"1"
"Drews","8",20261008,"TCGA-VB-A8QN","DLBC","1",0.990559101104736,"1"
"Drews","8",20261008,"TCGA-2H-A9GF","ESCA","1",0.999976873397827,"1"
"Drews","8",20261008,"TCGA-2H-A9GM","ESCA","1",0.99980503320694,"1"
"Drews","8",20261008,"TCGA-JY-A6FE","ESCA","1",0.99991512298584,"1"
"Drews","8",20261008,"TCGA-JY-A93F","ESCA","2",0.961666941642761,"1"
"Drews","8",20261008,"TCGA-L5-A4ON","ESCA","1",0.999074816703796,"1"
"Drews","8",20261008,"TCGA-L5-A4OX","ESCA","1",0.999024868011475,"1"
"Drews","8",20261008,"TCGA-L5-A8NH","ESCA","1",0.999637007713318,"1"
"Drews","8",20261008,"TCGA-LN-A4A9","ESCA","1",0.990434885025024,"1"
"Drews","8",20261008,"TCGA-LN-A5U7","ESCA","1",0.999208748340607,"1"
"Drews","8",20261008,"TCGA-Q9-A6FU","ESCA","1",0.999561488628387,"1"
"Drews","8",20261008,"TCGA-R6-A6DN","ESCA","1",0.999974489212036,"1"
"Drews","8",20261008,"TCGA-R6-A8W8","ESCA","1",0.999309182167053,"1"
"Drews","8",20261008,"TCGA-VR-A8EP","ESCA","1",0.998838245868683,"1"
"Drews","8",20261008,"TCGA-VR-AA4D","ESCA","1",0.999086380004883,"1"
"Drews","8",20261008,"TCGA-VR-AA7B","ESCA","1",0.999904870986938,"1"
"Drews","8",20261008,"TCGA-VR-AA7D","ESCA","1",0.999579846858978,"1"
"Drews","8",20261008,"TCGA-XP-A8T8","ESCA","1",0.999597012996674,"1"
"Drews","8",20261008,"TCGA-Z6-A8JE","ESCA","1",0.999940752983093,"1"
"Drews","8",20261008,"TCGA-06-2562","GBM","2",0.196052074432373,"2"
"Drews","8",20261008,"TCGA-28-5204","GBM","1",0.985339403152466,"1"
"Drews","8",20261008,"TCGA-28-5216","GBM","1",0.795120298862457,"1"
"Drews","8",20261008,"TCGA-32-1970","GBM","1",0.894116222858429,"1"
"Drews","8",20261008,"TCGA-41-3915","GBM","1",0.961584985256195,"1"
"Drews","8",20261008,"TCGA-76-4931","GBM","1",0.769117474555969,"1"
"Drews","8",20261008,"TCGA-BA-4075","HNSC","1",0.977644443511963,"1"
"Drews","8",20261008,"TCGA-BA-5149","HNSC","1",0.974820137023926,"1"
"Drews","8",20261008,"TCGA-BA-6873","HNSC","1",0.980604410171509,"1"
"Drews","8",20261008,"TCGA-BB-4224","HNSC","1",0.998781383037567,"1"
"Drews","8",20261008,"TCGA-CN-6011","HNSC","1",0.999007880687714,"1"
"Drews","8",20261008,"TCGA-CN-6024","HNSC","1",0.999492287635803,"1"
"Drews","8",20261008,"TCGA-CN-A6UY","HNSC","2",0.277001410722733,"2"
"Drews","8",20261008,"TCGA-CQ-5327","HNSC","2",0.0757397562265396,"2"
"Drews","8",20261008,"TCGA-CQ-6228","HNSC","1",0.999828100204468,"1"
"Drews","8",20261008,"TCGA-CQ-A4CI","HNSC","1",0.998603761196136,"1"
"Drews","8",20261008,"TCGA-CR-5247","HNSC","1",0.999639511108398,"1"
"Drews","8",20261008,"TCGA-CV-6948","HNSC","1",0.997961401939392,"1"
"Drews","8",20261008,"TCGA-CV-6960","HNSC","1",0.99619472026825,"1"
"Drews","8",20261008,"TCGA-CV-7418","HNSC","1",0.995132267475128,"1"
"Drews","8",20261008,"TCGA-CV-7430","HNSC","1",0.988776624202728,"1"
"Drews","8",20261008,"TCGA-CV-7437","HNSC","1",0.99994170665741,"1"
"Drews","8",20261008,"TCGA-CV-A6JE","HNSC","1",0.995127201080322,"1"
"Drews","8",20261008,"TCGA-D6-6827","HNSC","1",0.975065648555756,"1"
"Drews","8",20261008,"TCGA-DQ-7591","HNSC","1",0.91891211271286,"1"
"Drews","8",20261008,"TCGA-MZ-A7D7","HNSC","1",0.998947203159332,"1"
"Drews","8",20261008,"TCGA-QK-A6IJ","HNSC","1",0.979074001312256,"1"
"Drews","8",20261008,"TCGA-T3-A92M","HNSC","1",0.99993908405304,"1"
"Drews","8",20261008,"TCGA-UF-A71A","HNSC","1",0.999599397182465,"1"
"Drews","8",20261008,"TCGA-KL-8331","KICH","2",0.0100419539958239,"2"
"Drews","8",20261008,"TCGA-KL-8340","KICH","2",0.00408238172531128,"2"
"Drews","8",20261008,"TCGA-KN-8423","KICH","2",0.00260878866538405,"2"
"Drews","8",20261008,"TCGA-KN-8425","KICH","2",0.000581733649596572,"2"
"Drews","8",20261008,"TCGA-KN-8428","KICH","1",0.930547773838043,"1"
"Drews","8",20261008,"TCGA-KN-8436","KICH","2",0.0553141050040722,"2"
"Drews","8",20261008,"TCGA-KO-8410","KICH","2",0.000787868280895054,"2"
"Drews","8",20261008,"TCGA-A3-3313","KIRC","1",0.00313138216733932,"2"
"Drews","8",20261008,"TCGA-A3-3383","KIRC","2",0.00147842580918223,"2"
"Drews","8",20261008,"TCGA-A3-A6NI","KIRC","2",0.000708933628629893,"2"
"Drews","8",20261008,"TCGA-AS-3777","KIRC","2",0.815226435661316,"1"
"Drews","8",20261008,"TCGA-AS-3778","KIRC","2",0.000155925255967304,"2"
"Drews","8",20261008,"TCGA-B0-5107","KIRC","2",0.0303158666938543,"2"
"Drews","8",20261008,"TCGA-B0-5703","KIRC","2",0.000429253443144262,"2"
"Drews","8",20261008,"TCGA-BP-5168","KIRC","2",0.000379634002456442,"2"
"Drews","8",20261008,"TCGA-BP-5189","KIRC","2",0.00100028375163674,"2"
"Drews","8",20261008,"TCGA-CJ-6033","KIRC","2",0.0121000371873379,"2"
"Drews","8",20261008,"TCGA-CW-5585","KIRC","2",0.00100513431243598,"2"
"Drews","8",20261008,"TCGA-CZ-4866","KIRC","2",0.000326501758536324,"2"
"Drews","8",20261008,"TCGA-CZ-5461","KIRC","2",0.000874001998454332,"2"
"Drews","8",20261008,"TCGA-CZ-5462","KIRC","2",0.00186738197226077,"2"
"Drews","8",20261008,"TCGA-EU-5907","KIRC","2",0.00797364488244057,"2"
"Drews","8",20261008,"TCGA-A4-A5DU","KIRP","2",0.0185327995568514,"2"
"Drews","8",20261008,"TCGA-AL-3466","KIRP","1",0.99891197681427,"1"
"Drews","8",20261008,"TCGA-B9-4117","KIRP","2",0.284174293279648,"2"
"Drews","8",20261008,"TCGA-B9-4617","KIRP","2",0.109354339540005,"2"
"Drews","8",20261008,"TCGA-B9-A69E","KIRP","1",0.0333956517279148,"2"
"Drews","8",20261008,"TCGA-BQ-5893","KIRP","2",0.172691538929939,"2"
"Drews","8",20261008,"TCGA-G7-A8LC","KIRP","2",0.00514885550364852,"2"
"Drews","8",20261008,"TCGA-P4-A5EB","KIRP","2",0.0597226023674011,"2"
"Drews","8",20261008,"TCGA-Q2-A5QZ","KIRP","1",0.616673469543457,"1"
"Drews","8",20261008,"TCGA-CS-6666","LGG","1",0.843758583068848,"1"
"Drews","8",20261008,"TCGA-DH-A669","LGG","1",0.0801016762852669,"2"
"Drews","8",20261008,"TCGA-DH-A7US","LGG","2",0.00561340525746346,"2"
"Drews","8",20261008,"TCGA-DH-A7UV","LGG","2",0.0856923535466194,"2"
"Drews","8",20261008,"TCGA-DU-6410","LGG","2",0.0318589806556702,"2"
"Drews","8",20261008,"TCGA-DU-7013","LGG","2",0.787778556346893,"1"
"Drews","8",20261008,"TCGA-DU-A7TA","LGG","1",0.369875580072403,"2"
"Drews","8",20261008,"TCGA-E1-A7YD","LGG","1",0.994951486587524,"1"
"Drews","8",20261008,"TCGA-E1-A7Z2","LGG","1",0.226651310920715,"2"
"Drews","8",20261008,"TCGA-E1-A7Z3","LGG","2",0.0366428345441818,"2"
"Drews","8",20261008,"TCGA-FG-7634","LGG","2",0.0237562246620655,"2"
"Drews","8",20261008,"TCGA-FG-A4MX","LGG","2",0.596195101737976,"1"
"Drews","8",20261008,"TCGA-HT-7471","LGG","2",0.0356576330959797,"2"
"Drews","8",20261008,"TCGA-HT-7477","LGG","1",0.996952176094055,"1"
"Drews","8",20261008,"TCGA-HT-7875","LGG","2",0.00559506146237254,"2"
"Drews","8",20261008,"TCGA-HT-A61C","LGG","2",0.663719356060028,"1"
"Drews","8",20261008,"TCGA-P5-A5F4","LGG","2",0.173794940114021,"2"
"Drews","8",20261008,"TCGA-P5-A733","LGG","2",0.0415989346802235,"2"
"Drews","8",20261008,"TCGA-QH-A6CW","LGG","2",0.0744538158178329,"2"
"Drews","8",20261008,"TCGA-S9-A6TY","LGG","2",0.00757812382653356,"2"
"Drews","8",20261008,"TCGA-S9-A7R8","LGG","1",0.260439425706863,"2"
"Drews","8",20261008,"TCGA-TM-A84G","LGG","2",0.030644815415144,"2"
"Drews","8",20261008,"TCGA-TM-A84L","LGG","2",0.00745877623558044,"2"
"Drews","8",20261008,"TCGA-TM-A84R","LGG","2",0.344917297363281,"2"
"Drews","8",20261008,"TCGA-2Y-A9H4","LIHC","1",0.948006927967072,"1"
"Drews","8",20261008,"TCGA-2Y-A9H9","LIHC","1",0.971272110939026,"1"
"Drews","8",20261008,"TCGA-2Y-A9HA","LIHC","1",0.980921685695648,"1"
"Drews","8",20261008,"TCGA-2Y-A9HB","LIHC","1",0.0726167634129524,"2"
"Drews","8",20261008,"TCGA-BC-4073","LIHC","1",0.946307480335236,"1"
"Drews","8",20261008,"TCGA-BC-A10Y","LIHC","1",0.98397034406662,"1"
"Drews","8",20261008,"TCGA-BD-A2L6","LIHC","2",0.976554274559021,"1"
"Drews","8",20261008,"TCGA-BW-A5NP","LIHC","1",0.306182950735092,"2"
"Drews","8",20261008,"TCGA-CC-5260","LIHC","1",0.175395652651787,"2"
"Drews","8",20261008,"TCGA-CC-5263","LIHC","1",0.999881386756897,"1"
"Drews","8",20261008,"TCGA-DD-A4NI","LIHC","2",0.16901607811451,"2"
"Drews","8",20261008,"TCGA-DD-AACE","LIHC","2",0.869438171386719,"1"
"Drews","8",20261008,"TCGA-DD-AACH","LIHC","1",0.994854807853699,"1"
"Drews","8",20261008,"TCGA-DD-AADF","LIHC","1",0.990645170211792,"1"
"Drews","8",20261008,"TCGA-DD-AADN","LIHC","1",0.995901167392731,"1"
"Drews","8",20261008,"TCGA-DD-AADP","LIHC","1",0.933172643184662,"1"
"Drews","8",20261008,"TCGA-DD-AAEI","LIHC","1",0.929295599460602,"1"
"Drews","8",20261008,"TCGA-EP-A2KA","LIHC","1",0.936192512512207,"1"
"Drews","8",20261008,"TCGA-FV-A23B","LIHC","1",0.898831188678741,"1"
"Drews","8",20261008,"TCGA-RC-A7SK","LIHC","1",0.978144466876984,"1"
"Drews","8",20261008,"TCGA-WX-AA44","LIHC","1",0.991552889347076,"1"
"Drews","8",20261008,"TCGA-05-4395","LUAD","1",0.987458229064941,"1"
"Drews","8",20261008,"TCGA-05-4396","LUAD","1",0.997563362121582,"1"
"Drews","8",20261008,"TCGA-05-4426","LUAD","1",0.0951723158359528,"2"
"Drews","8",20261008,"TCGA-05-4432","LUAD","1",0.999914050102234,"1"
"Drews","8",20261008,"TCGA-38-4625","LUAD","1",0.997020184993744,"1"
"Drews","8",20261008,"TCGA-44-7660","LUAD","1",0.99998939037323,"1"
"Drews","8",20261008,"TCGA-44-7662","LUAD","1",0.999972343444824,"1"
"Drews","8",20261008,"TCGA-44-7669","LUAD","1",0.99809855222702,"1"
"Drews","8",20261008,"TCGA-49-4486","LUAD","1",0.424416959285736,"2"
"Drews","8",20261008,"TCGA-50-5935","LUAD","1",0.974535882472992,"1"
"Drews","8",20261008,"TCGA-50-7109","LUAD","1",0.999217629432678,"1"
"Drews","8",20261008,"TCGA-55-8507","LUAD","1",0.998739898204803,"1"
"Drews","8",20261008,"TCGA-55-8615","LUAD","1",0.996976375579834,"1"
"Drews","8",20261008,"TCGA-62-A46O","LUAD","1",0.999975323677063,"1"
"Drews","8",20261008,"TCGA-64-1680","LUAD","2",0.723153829574585,"1"
"Drews","8",20261008,"TCGA-64-5775","LUAD","1",0.994101941585541,"1"
"Drews","8",20261008,"TCGA-73-4662","LUAD","1",0.99529904127121,"1"
"Drews","8",20261008,"TCGA-73-4668","LUAD","1",0.999967098236084,"1"
"Drews","8",20261008,"TCGA-73-A9RS","LUAD","1",0.999802768230438,"1"
"Drews","8",20261008,"TCGA-78-7167","LUAD","1",0.949636578559875,"1"
"Drews","8",20261008,"TCGA-86-7713","LUAD","1",0.998469650745392,"1"
"Drews","8",20261008,"TCGA-86-7955","LUAD","1",0.999971628189087,"1"
"Drews","8",20261008,"TCGA-86-8054","LUAD","1",0.999327182769775,"1"
"Drews","8",20261008,"TCGA-97-7546","LUAD","1",0.427880227565765,"2"
"Drews","8",20261008,"TCGA-97-8547","LUAD","1",0.97490394115448,"1"
"Drews","8",20261008,"TCGA-J2-A4AE","LUAD","1",0.689021408557892,"1"
"Drews","8",20261008,"TCGA-MP-A4T8","LUAD","1",0.999870538711548,"1"
"Drews","8",20261008,"TCGA-18-3411","LUSC","1",0.997352361679077,"1"
"Drews","8",20261008,"TCGA-21-5787","LUSC","1",0.998102009296417,"1"
"Drews","8",20261008,"TCGA-21-A5DI","LUSC","1",0.960583627223969,"1"
"Drews","8",20261008,"TCGA-22-1012","LUSC","1",0.999804198741913,"1"
"Drews","8",20261008,"TCGA-22-4591","LUSC","1",0.999985814094543,"1"
"Drews","8",20261008,"TCGA-22-4613","LUSC","1",0.999997854232788,"1"
"Drews","8",20261008,"TCGA-22-5481","LUSC","1",0.999929189682007,"1"
"Drews","8",20261008,"TCGA-22-5491","LUSC","1",0.999022245407104,"1"
"Drews","8",20261008,"TCGA-33-4532","LUSC","1",0.999856114387512,"1"
"Drews","8",20261008,"TCGA-33-4547","LUSC","1",0.999475300312042,"1"
"Drews","8",20261008,"TCGA-34-2600","LUSC","1",0.999871850013733,"1"
"Drews","8",20261008,"TCGA-37-3789","LUSC","1",0.999450027942657,"1"
"Drews","8",20261008,"TCGA-43-6770","LUSC","1",0.999780237674713,"1"
"Drews","8",20261008,"TCGA-56-7223","LUSC","1",0.999312520027161,"1"
"Drews","8",20261008,"TCGA-56-7580","LUSC","1",0.999865651130676,"1"
"Drews","8",20261008,"TCGA-56-8083","LUSC","1",0.999994039535522,"1"
"Drews","8",20261008,"TCGA-56-8626","LUSC","1",0.991120159626007,"1"
"Drews","8",20261008,"TCGA-56-8628","LUSC","1",0.992540061473846,"1"
"Drews","8",20261008,"TCGA-56-A49D","LUSC","1",0.999586760997772,"1"
"Drews","8",20261008,"TCGA-58-8387","LUSC","1",0.999961853027344,"1"
"Drews","8",20261008,"TCGA-60-2708","LUSC","1",0.997841000556946,"1"
"Drews","8",20261008,"TCGA-60-2711","LUSC","1",0.99996280670166,"1"
"Drews","8",20261008,"TCGA-60-2726","LUSC","1",0.99989902973175,"1"
"Drews","8",20261008,"TCGA-66-2754","LUSC","1",0.999877095222473,"1"
"Drews","8",20261008,"TCGA-66-2757","LUSC","1",0.999969720840454,"1"
"Drews","8",20261008,"TCGA-66-2785","LUSC","1",0.999940752983093,"1"
"Drews","8",20261008,"TCGA-77-6845","LUSC","1",0.999785125255585,"1"
"Drews","8",20261008,"TCGA-77-7140","LUSC","1",0.999858736991882,"1"
"Drews","8",20261008,"TCGA-77-7142","LUSC","1",0.99908173084259,"1"
"Drews","8",20261008,"TCGA-85-8277","LUSC","1",0.999904632568359,"1"
"Drews","8",20261008,"TCGA-98-8022","LUSC","1",0.999855756759644,"1"
"Drews","8",20261008,"TCGA-98-8023","LUSC","1",0.99806672334671,"1"
"Drews","8",20261008,"TCGA-98-A53A","LUSC","1",0.999866604804993,"1"
"Drews","8",20261008,"TCGA-NC-A5HT","LUSC","1",0.99928206205368,"1"
"Drews","8",20261008,"TCGA-MQ-A6BS","MESO","1",0.885761618614197,"1"
"Drews","8",20261008,"TCGA-UD-AAC1","MESO","2",0.515002369880676,"1"
"Drews","8",20261008,"TCGA-UD-AAC7","MESO","1",0.97925215959549,"1"
"Drews","8",20261008,"TCGA-ZN-A9VU","MESO","2",0.0876362770795822,"2"
"Drews","8",20261008,"TCGA-09-1674","OV","1",0.999945282936096,"1"
"Drews","8",20261008,"TCGA-13-0890","OV","1",0.999778211116791,"1"
"Drews","8",20261008,"TCGA-13-0899","OV","1",0.998887717723846,"1"
"Drews","8",20261008,"TCGA-13-0916","OV","1",0.999877214431763,"1"
"Drews","8",20261008,"TCGA-13-1507","OV","1",0.999404668807983,"1"
"Drews","8",20261008,"TCGA-13-1511","OV","1",0.999358475208282,"1"
"Drews","8",20261008,"TCGA-20-1682","OV","1",0.99960058927536,"1"
"Drews","8",20261008,"TCGA-20-1683","OV","1",0.999954342842102,"1"
"Drews","8",20261008,"TCGA-23-1027","OV","1",0.999854445457458,"1"
"Drews","8",20261008,"TCGA-23-1111","OV","1",0.933094561100006,"1"
"Drews","8",20261008,"TCGA-23-1122","OV","1",0.999981045722961,"1"
"Drews","8",20261008,"TCGA-23-1123","OV","1",0.999950051307678,"1"
"Drews","8",20261008,"TCGA-23-1809","OV","1",0.999954700469971,"1"
"Drews","8",20261008,"TCGA-24-1616","OV","1",0.998878657817841,"1"
"Drews","8",20261008,"TCGA-24-1842","OV","1",0.999989628791809,"1"
"Drews","8",20261008,"TCGA-24-1843","OV","1",0.999984979629517,"1"
"Drews","8",20261008,"TCGA-24-2035","OV","1",0.999893069267273,"1"
"Drews","8",20261008,"TCGA-24-2281","OV","1",0.999966621398926,"1"
"Drews","8",20261008,"TCGA-24-2298","OV","1",0.999879360198975,"1"
"Drews","8",20261008,"TCGA-25-1312","OV","1",0.999900460243225,"1"
"Drews","8",20261008,"TCGA-25-2391","OV","1",0.999708831310272,"1"
"Drews","8",20261008,"TCGA-25-2396","OV","1",0.999536991119385,"1"
"Drews","8",20261008,"TCGA-29-1761","OV","1",0.999872088432312,"1"
"Drews","8",20261008,"TCGA-29-A5NZ","OV","1",0.999938726425171,"1"
"Drews","8",20261008,"TCGA-30-1718","OV","1",0.999997019767761,"1"
"Drews","8",20261008,"TCGA-30-1855","OV","1",0.999993562698364,"1"
"Drews","8",20261008,"TCGA-30-1891","OV","1",0.999348700046539,"1"
"Drews","8",20261008,"TCGA-59-2350","OV","1",0.999729454517365,"1"
"Drews","8",20261008,"TCGA-61-1725","OV","1",0.999349057674408,"1"
"Drews","8",20261008,"TCGA-61-2000","OV","1",0.999926805496216,"1"
"Drews","8",20261008,"TCGA-61-2012","OV","1",0.999989151954651,"1"
"Drews","8",20261008,"TCGA-61-2094","OV","1",0.99831485748291,"1"
"Drews","8",20261008,"TCGA-VG-A8LO","OV","1",0.99979954957962,"1"
"Drews","8",20261008,"TCGA-3A-A9IH","PAAD","1",0.850069642066956,"1"
"Drews","8",20261008,"TCGA-3A-A9IR","PAAD","1",0.9484823346138,"1"
"Drews","8",20261008,"TCGA-FB-AAQ2","PAAD","1",0.99894767999649,"1"
"Drews","8",20261008,"TCGA-IB-7646","PAAD","1",0.993296682834625,"1"
"Drews","8",20261008,"TCGA-YY-A8LH","PAAD","2",0.660098671913147,"1"
"Drews","8",20261008,"TCGA-QR-A70M","PCPG","1",0.0500885918736458,"2"
"Drews","8",20261008,"TCGA-QR-A70P","PCPG","2",0.0303999930620193,"2"
"Drews","8",20261008,"TCGA-QT-A69Q","PCPG","2",0.0767031311988831,"2"
"Drews","8",20261008,"TCGA-RT-A6YA","PCPG","2",0.0448484942317009,"2"
"Drews","8",20261008,"TCGA-RW-A68A","PCPG","2",0.0439368449151516,"2"
"Drews","8",20261008,"TCGA-S7-A7WP","PCPG","2",0.136272609233856,"2"
"Drews","8",20261008,"TCGA-S7-A7X1","PCPG","2",0.155597269535065,"2"
"Drews","8",20261008,"TCGA-SQ-A6I6","PCPG","2",0.0590568445622921,"2"
"Drews","8",20261008,"TCGA-SR-A6MR","PCPG","1",0.0152575466781855,"2"
"Drews","8",20261008,"TCGA-W2-A7H5","PCPG","2",0.217535182833672,"2"
"Drews","8",20261008,"TCGA-2A-A8W1","PRAD","1",0.88482654094696,"1"
"Drews","8",20261008,"TCGA-EJ-7331","PRAD","2",0.928423821926117,"1"
"Drews","8",20261008,"TCGA-EJ-A65M","PRAD","1",0.993138372898102,"1"
"Drews","8",20261008,"TCGA-HC-7213","PRAD","1",0.998024582862854,"1"
"Drews","8",20261008,"TCGA-HC-7232","PRAD","2",0.978838324546814,"1"
"Drews","8",20261008,"TCGA-HC-A6HY","PRAD","2",0.849847257137299,"1"
"Drews","8",20261008,"TCGA-HC-A76W","PRAD","2",0.767742812633514,"1"
"Drews","8",20261008,"TCGA-HC-A8CY","PRAD","1",0.982623219490051,"1"
"Drews","8",20261008,"TCGA-KK-A6DY","PRAD","2",0.658619523048401,"1"
"Drews","8",20261008,"TCGA-KK-A6E0","PRAD","1",0.971288979053497,"1"
"Drews","8",20261008,"TCGA-KK-A6E6","PRAD","1",0.885224044322968,"1"
"Drews","8",20261008,"TCGA-KK-A8I5","PRAD","1",0.991785049438477,"1"
"Drews","8",20261008,"TCGA-TP-A8TT","PRAD","1",0.917529284954071,"1"
"Drews","8",20261008,"TCGA-V1-A9OL","PRAD","1",0.999303460121155,"1"
"Drews","8",20261008,"TCGA-V1-A9ZR","PRAD","1",0.904021024703979,"1"
"Drews","8",20261008,"TCGA-VN-A943","PRAD","1",0.539276540279388,"1"
"Drews","8",20261008,"TCGA-XQ-A8TB","PRAD","1",0.79756635427475,"1"
"Drews","8",20261008,"TCGA-ZG-A9M4","PRAD","1",0.988239169120789,"1"
"Drews","8",20261008,"TCGA-AF-2693","READ","1",0.906631708145142,"1"
"Drews","8",20261008,"TCGA-AG-3742","READ","1",0.971122860908508,"1"
"Drews","8",20261008,"TCGA-AG-3878","READ","2",0.961410582065582,"1"
"Drews","8",20261008,"TCGA-AG-3890","READ","1",0.958941698074341,"1"
"Drews","8",20261008,"TCGA-AG-A01J","READ","1",0.988500952720642,"1"
"Drews","8",20261008,"TCGA-AG-A01W","READ","1",0.95626038312912,"1"
"Drews","8",20261008,"TCGA-CL-4957","READ","1",0.995243847370148,"1"
"Drews","8",20261008,"TCGA-DY-A1H8","READ","1",0.967637121677399,"1"
"Drews","8",20261008,"TCGA-G5-6233","READ","1",0.992695927619934,"1"
"Drews","8",20261008,"TCGA-3B-A9HX","SARC","1",0.989443957805634,"1"
"Drews","8",20261008,"TCGA-DX-A1L2","SARC","1",0.946387767791748,"1"
"Drews","8",20261008,"TCGA-DX-A3U7","SARC","1",0.999812662601471,"1"
"Drews","8",20261008,"TCGA-DX-A7EF","SARC","1",0.999990582466125,"1"
"Drews","8",20261008,"TCGA-DX-A8BH","SARC","1",0.998928129673004,"1"
"Drews","8",20261008,"TCGA-DX-A8BJ","SARC","1",0.992383420467377,"1"
"Drews","8",20261008,"TCGA-DX-A8BR","SARC","1",0.987443864345551,"1"
"Drews","8",20261008,"TCGA-DX-AB2J","SARC","1",0.262080103158951,"2"
"Drews","8",20261008,"TCGA-DX-AB2W","SARC","1",0.999331653118134,"1"
"Drews","8",20261008,"TCGA-DX-AB35","SARC","1",0.999579608440399,"1"
"Drews","8",20261008,"TCGA-DX-AB3A","SARC","1",0.996118307113647,"1"
"Drews","8",20261008,"TCGA-FX-A3NK","SARC","1",0.997342526912689,"1"
"Drews","8",20261008,"TCGA-FX-A3RE","SARC","1",0.988000333309174,"1"
"Drews","8",20261008,"TCGA-HB-A3YV","SARC","1",0.995378017425537,"1"
"Drews","8",20261008,"TCGA-IE-A3OV","SARC","1",0.98518443107605,"1"
"Drews","8",20261008,"TCGA-IE-A6BZ","SARC","1",0.999844789505005,"1"
"Drews","8",20261008,"TCGA-IS-A3K7","SARC","1",0.999627828598022,"1"
"Drews","8",20261008,"TCGA-K1-A6RU","SARC","1",0.998481571674347,"1"
"Drews","8",20261008,"TCGA-QQ-A5VC","SARC","1",0.999238133430481,"1"
"Drews","8",20261008,"TCGA-QQ-A8VH","SARC","1",0.999839305877686,"1"
"Drews","8",20261008,"TCGA-RN-AAAQ","SARC","1",0.36295759677887,"2"
"Drews","8",20261008,"TCGA-SI-AA8C","SARC","1",0.817833721637726,"1"
"Drews","8",20261008,"TCGA-WK-A8XX","SARC","1",0.991556406021118,"1"
"Drews","8",20261008,"TCGA-Z4-AAPG","SARC","1",0.987636148929596,"1"
"Drews","8",20261008,"TCGA-BF-AAP2","SKCM","1",0.75837630033493,"1"
"Drews","8",20261008,"TCGA-BF-AAP6","SKCM","1",0.800372421741486,"1"
"Drews","8",20261008,"TCGA-EB-A430","SKCM","2",0.687365889549255,"1"
"Drews","8",20261008,"TCGA-EB-A4IS","SKCM","2",0.966482818126678,"1"
"Drews","8",20261008,"TCGA-EB-A82B","SKCM","1",0.941707193851471,"1"
"Drews","8",20261008,"TCGA-EB-A85J","SKCM","2",0.985668659210205,"1"
"Drews","8",20261008,"TCGA-GN-A8LN","SKCM","1",0.765178561210632,"1"
"Drews","8",20261008,"TCGA-XV-AAZW","SKCM","1",0.351692944765091,"2"
"Drews","8",20261008,"TCGA-3M-AB46","STAD","1",0.999988317489624,"1"
"Drews","8",20261008,"TCGA-BR-4257","STAD","2",0.745408535003662,"1"
"Drews","8",20261008,"TCGA-BR-4368","STAD","2",0.86577433347702,"1"
"Drews","8",20261008,"TCGA-BR-7723","STAD","1",0.999933362007141,"1"
"Drews","8",20261008,"TCGA-BR-8687","STAD","1",0.999896168708801,"1"
"Drews","8",20261008,"TCGA-CD-8527","STAD","1",0.998444855213165,"1"
"Drews","8",20261008,"TCGA-CD-8533","STAD","1",0.999982714653015,"1"
"Drews","8",20261008,"TCGA-CD-8535","STAD","1",0.999534010887146,"1"
"Drews","8",20261008,"TCGA-CD-A486","STAD","1",0.999987840652466,"1"
"Drews","8",20261008,"TCGA-CG-5724","STAD","1",0.999818980693817,"1"
"Drews","8",20261008,"TCGA-D7-6526","STAD","1",0.999975800514221,"1"
"Drews","8",20261008,"TCGA-EQ-A4SO","STAD","1",0.998874843120575,"1"
"Drews","8",20261008,"TCGA-HJ-7597","STAD","2",0.99081814289093,"1"
"Drews","8",20261008,"TCGA-HU-8244","STAD","2",0.916576981544495,"1"
"Drews","8",20261008,"TCGA-HU-A4G2","STAD","2",0.331615537405014,"2"
"Drews","8",20261008,"TCGA-HU-A4GH","STAD","1",0.999966621398926,"1"
"Drews","8",20261008,"TCGA-HU-A4GU","STAD","1",0.999866604804993,"1"
"Drews","8",20261008,"TCGA-HU-A4H5","STAD","1",0.999920725822449,"1"
"Drews","8",20261008,"TCGA-IN-A6RI","STAD","1",0.999588906764984,"1"
"Drews","8",20261008,"TCGA-IN-A6RL","STAD","1",0.999905347824097,"1"
"Drews","8",20261008,"TCGA-IN-A6RS","STAD","1",0.991639196872711,"1"
"Drews","8",20261008,"TCGA-VQ-A8DZ","STAD","1",0.999782383441925,"1"
"Drews","8",20261008,"TCGA-VQ-A8PE","STAD","1",0.999854803085327,"1"
"Drews","8",20261008,"TCGA-VQ-A8PJ","STAD","1",0.999961614608765,"1"
"Drews","8",20261008,"TCGA-VQ-A925","STAD","1",0.999904870986938,"1"
"Drews","8",20261008,"TCGA-VQ-AA6I","STAD","1",0.996360957622528,"1"
"Drews","8",20261008,"TCGA-VQ-AA6K","STAD","1",0.998911142349243,"1"
"Drews","8",20261008,"TCGA-2G-AAHL","TGCT","2",0.821338713169098,"1"
"Drews","8",20261008,"TCGA-2G-AAKL","TGCT","1",0.978561282157898,"1"
"Drews","8",20261008,"TCGA-S6-A8JW","TGCT","2",0.188791885972023,"2"
"Drews","8",20261008,"TCGA-YU-A912","TGCT","1",0.198920235037804,"2"
"Drews","8",20261008,"TCGA-DE-A3KN","THCA","2",0.0108603918924928,"2"
"Drews","8",20261008,"TCGA-EM-A2OY","THCA","2",0.012853748165071,"2"
"Drews","8",20261008,"TCGA-ZB-A96L","THYM","1",0.549521565437317,"1"
"Drews","8",20261008,"TCGA-A5-A3LP","UCEC","1",0.999349176883698,"1"
"Drews","8",20261008,"TCGA-AJ-A23N","UCEC","1",0.999764740467072,"1"
"Drews","8",20261008,"TCGA-AJ-A2QM","UCEC","1",0.986465752124786,"1"
"Drews","8",20261008,"TCGA-AJ-A3QS","UCEC","1",0.998227655887604,"1"
"Drews","8",20261008,"TCGA-AP-A05H","UCEC","1",0.99899286031723,"1"
"Drews","8",20261008,"TCGA-AX-A2HF","UCEC","1",0.999528169631958,"1"
"Drews","8",20261008,"TCGA-AX-A2HJ","UCEC","2",0.514477789402008,"1"
"Drews","8",20261008,"TCGA-AX-A2HK","UCEC","1",0.99947589635849,"1"
"Drews","8",20261008,"TCGA-AX-A3G4","UCEC","1",0.999627232551575,"1"
"Drews","8",20261008,"TCGA-B5-A0K8","UCEC","1",0.993745446205139,"1"
"Drews","8",20261008,"TCGA-B5-A11E","UCEC","2",0.759324848651886,"1"
"Drews","8",20261008,"TCGA-B5-A11Q","UCEC","2",0.127643644809723,"2"
"Drews","8",20261008,"TCGA-B5-A3FC","UCEC","2",0.98543256521225,"1"
"Drews","8",20261008,"TCGA-BK-A139","UCEC","1",0.999519944190979,"1"
"Drews","8",20261008,"TCGA-D1-A3DH","UCEC","1",0.999610602855682,"1"
"Drews","8",20261008,"TCGA-DI-A2QT","UCEC","1",0.995282709598541,"1"
"Drews","8",20261008,"TCGA-DI-A2QU","UCEC","1",0.979309916496277,"1"
"Drews","8",20261008,"TCGA-EO-A1Y5","UCEC","1",0.999496698379517,"1"
"Drews","8",20261008,"TCGA-EO-A1Y8","UCEC","1",0.994749963283539,"1"
"Drews","8",20261008,"TCGA-EO-A2CG","UCEC","1",0.997749388217926,"1"
"Drews","8",20261008,"TCGA-EY-A1GC","UCEC","1",0.981066823005676,"1"
"Drews","8",20261008,"TCGA-EY-A1GM","UCEC","1",0.998524367809296,"1"
"Drews","8",20261008,"TCGA-EY-A210","UCEC","1",0.960283041000366,"1"
"Drews","8",20261008,"TCGA-EY-A214","UCEC","1",0.999567210674286,"1"
"Drews","8",20261008,"TCGA-EY-A2OQ","UCEC","1",0.996987879276276,"1"
"Drews","8",20261008,"TCGA-EY-A3QX","UCEC","1",0.997134804725647,"1"
"Drews","8",20261008,"TCGA-EY-A4KR","UCEC","1",0.999902606010437,"1"
"Drews","8",20261008,"TCGA-FI-A2EX","UCEC","1",0.999926090240479,"1"
"Drews","8",20261008,"TCGA-FI-A2F9","UCEC","1",0.606652796268463,"1"
"Drews","8",20261008,"TCGA-JU-AAVI","UCEC","1",0.9990154504776,"1"
"Drews","8",20261008,"TCGA-KP-A3VZ","UCEC","1",0.999828219413757,"1"
"Drews","8",20261008,"TCGA-KP-A3W4","UCEC","1",0.959498465061188,"1"
"Drews","8",20261008,"TCGA-PG-A915","UCEC","1",0.999963641166687,"1"
"Drews","8",20261008,"TCGA-SL-A6J9","UCEC","1",0.99977058172226,"1"
"Drews","8",20261008,"TCGA-N5-A4RA","UCS","1",0.999314785003662,"1"
"Drews","8",20261008,"TCGA-N5-A4RO","UCS","1",0.999831080436707,"1"
"Drews","8",20261008,"TCGA-N5-A4RT","UCS","1",0.999964594841003,"1"
"Drews","8",20261008,"TCGA-N6-A4VF","UCS","2",0.960855066776276,"1"
"Drews","8",20261008,"TCGA-N9-A4Q1","UCS","1",0.999991893768311,"1"
"Drews","8",20261008,"TCGA-NA-A5I1","UCS","1",0.999455749988556,"1"
"Drews","8",20261008,"TCGA-ND-A4W6","UCS","1",0.999891996383667,"1"
"Drews","8",20261008,"TCGA-V4-A9E7","UVM","2",0.277347534894943,"2"
"Drews","8",20261008,"TCGA-VD-A8KM","UVM","2",0.536987841129303,"1"
"Drews","8",20261008,"TCGA-VD-A8KN","UVM","2",0.0522912852466106,"2"
"Drews","8",20261008,"TCGA-WC-A87W","UVM","2",0.0980653241276741,"2"
"Drews","9",20261009,"TCGA-OR-A5J3","ACC","2",0.243925794959068,"2"
"Drews","9",20261009,"TCGA-OR-A5J8","ACC","1",0.999117314815521,"1"
"Drews","9",20261009,"TCGA-OR-A5JM","ACC","1",0.977118790149689,"1"
"Drews","9",20261009,"TCGA-OR-A5JQ","ACC","2",0.12635363638401,"2"
"Drews","9",20261009,"TCGA-OR-A5KU","ACC","2",0.457285463809967,"2"
"Drews","9",20261009,"TCGA-OR-A5L8","ACC","2",0.14998970925808,"2"
"Drews","9",20261009,"TCGA-OR-A5LA","ACC","2",0.129824429750443,"2"
"Drews","9",20261009,"TCGA-OR-A5LE","ACC","1",0.992180466651917,"1"
"Drews","9",20261009,"TCGA-4Z-AA7M","BLCA","1",0.999972224235535,"1"
"Drews","9",20261009,"TCGA-4Z-AA7S","BLCA","1",0.992240786552429,"1"
"Drews","9",20261009,"TCGA-4Z-AA82","BLCA","1",0.99878340959549,"1"
"Drews","9",20261009,"TCGA-BT-A20P","BLCA","1",0.834887266159058,"1"
"Drews","9",20261009,"TCGA-BT-A20V","BLCA","1",0.999347150325775,"1"
"Drews","9",20261009,"TCGA-CF-A1HS","BLCA","1",0.999983906745911,"1"
"Drews","9",20261009,"TCGA-CF-A47S","BLCA","2",0.0294831786304712,"2"
"Drews","9",20261009,"TCGA-CF-A8HY","BLCA","1",0.995954394340515,"1"
"Drews","9",20261009,"TCGA-DK-A1AG","BLCA","1",0.310476690530777,"2"
"Drews","9",20261009,"TCGA-DK-AA6M","BLCA","1",0.999212741851807,"1"
"Drews","9",20261009,"TCGA-DK-AA6U","BLCA","1",0.999932885169983,"1"
"Drews","9",20261009,"TCGA-DK-AA75","BLCA","1",0.999946355819702,"1"
"Drews","9",20261009,"TCGA-DK-AA77","BLCA","1",0.99247533082962,"1"
"Drews","9",20261009,"TCGA-E7-A3Y1","BLCA","2",0.177328661084175,"2"
"Drews","9",20261009,"TCGA-E7-A85H","BLCA","1",0.999991178512573,"1"
"Drews","9",20261009,"TCGA-FD-A3NA","BLCA","1",0.999694585800171,"1"
"Drews","9",20261009,"TCGA-FD-A3SJ","BLCA","1",0.999971389770508,"1"
"Drews","9",20261009,"TCGA-FD-A6TA","BLCA","1",0.999048054218292,"1"
"Drews","9",20261009,"TCGA-FJ-A3Z7","BLCA","1",0.964610159397125,"1"
"Drews","9",20261009,"TCGA-GC-A3RB","BLCA","1",0.999782383441925,"1"
"Drews","9",20261009,"TCGA-GD-A2C5","BLCA","1",0.999907612800598,"1"
"Drews","9",20261009,"TCGA-GV-A3JX","BLCA","1",0.999995946884155,"1"
"Drews","9",20261009,"TCGA-KQ-A41N","BLCA","1",0.999744832515717,"1"
"Drews","9",20261009,"TCGA-KQ-A41O","BLCA","1",0.998416066169739,"1"
"Drews","9",20261009,"TCGA-KQ-A41P","BLCA","1",0.997658729553223,"1"
"Drews","9",20261009,"TCGA-LT-A5Z6","BLCA","1",0.999370038509369,"1"
"Drews","9",20261009,"TCGA-MV-A51V","BLCA","1",0.999899506568909,"1"
"Drews","9",20261009,"TCGA-UY-A78O","BLCA","1",0.996351957321167,"1"
"Drews","9",20261009,"TCGA-UY-A9PD","BLCA","1",0.999909281730652,"1"
"Drews","9",20261009,"TCGA-XF-A9SH","BLCA","1",0.247300505638123,"2"
"Drews","9",20261009,"TCGA-XF-AAN3","BLCA","2",0.972676277160645,"1"
"Drews","9",20261009,"TCGA-XF-AAN7","BLCA","1",0.999760329723358,"1"
"Drews","9",20261009,"TCGA-ZF-AA4T","BLCA","1",0.999964594841003,"1"
"Drews","9",20261009,"TCGA-3C-AAAU","BRCA","1",0.995405673980713,"1"
"Drews","9",20261009,"TCGA-A1-A0SI","BRCA","2",0.998495697975159,"1"
"Drews","9",20261009,"TCGA-A1-A0SJ","BRCA","1",0.998607218265533,"1"
"Drews","9",20261009,"TCGA-A1-A0SK","BRCA","1",0.999945282936096,"1"
"Drews","9",20261009,"TCGA-A1-A0SN","BRCA","1",0.999421119689941,"1"
"Drews","9",20261009,"TCGA-A2-A0D4","BRCA","1",0.999908566474915,"1"
"Drews","9",20261009,"TCGA-A2-A0YC","BRCA","2",0.141250029206276,"2"
"Drews","9",20261009,"TCGA-A2-A0YG","BRCA","1",0.999860405921936,"1"
"Drews","9",20261009,"TCGA-A2-A1G4","BRCA","1",0.988401174545288,"1"
"Drews","9",20261009,"TCGA-A2-A25D","BRCA","1",0.999051749706268,"1"
"Drews","9",20261009,"TCGA-A2-A25E","BRCA","1",0.999902606010437,"1"
"Drews","9",20261009,"TCGA-A7-A0CD","BRCA","2",0.83914190530777,"1"
"Drews","9",20261009,"TCGA-A7-A0CE","BRCA","1",0.999029040336609,"1"
"Drews","9",20261009,"TCGA-A7-A0CH","BRCA","2",0.0109829846769571,"2"
"Drews","9",20261009,"TCGA-A7-A0DB","BRCA","2",0.345451772212982,"2"
"Drews","9",20261009,"TCGA-A7-A26F","BRCA","1",0.995811462402344,"1"
"Drews","9",20261009,"TCGA-A7-A4SD","BRCA","1",0.995949268341064,"1"
"Drews","9",20261009,"TCGA-A7-A6VV","BRCA","1",0.99998152256012,"1"
"Drews","9",20261009,"TCGA-A8-A06Q","BRCA","1",0.996521234512329,"1"
"Drews","9",20261009,"TCGA-A8-A079","BRCA","1",0.998973488807678,"1"
"Drews","9",20261009,"TCGA-A8-A07C","BRCA","1",0.999671578407288,"1"
"Drews","9",20261009,"TCGA-A8-A086","BRCA","1",0.997124373912811,"1"
"Drews","9",20261009,"TCGA-A8-A090","BRCA","1",0.951897025108337,"1"
"Drews","9",20261009,"TCGA-A8-A099","BRCA","1",0.247626289725304,"2"
"Drews","9",20261009,"TCGA-A8-A09I","BRCA","1",0.999928832054138,"1"
"Drews","9",20261009,"TCGA-A8-A0AD","BRCA","1",0.977589547634125,"1"
"Drews","9",20261009,"TCGA-AC-A23C","BRCA","1",0.996399402618408,"1"
"Drews","9",20261009,"TCGA-AC-A3W5","BRCA","1",0.99976259469986,"1"
"Drews","9",20261009,"TCGA-AC-A5XU","BRCA","1",0.997233808040619,"1"
"Drews","9",20261009,"TCGA-AN-A041","BRCA","1",0.99953293800354,"1"
"Drews","9",20261009,"TCGA-AN-A04C","BRCA","1",0.999945521354675,"1"
"Drews","9",20261009,"TCGA-AN-A04D","BRCA","1",0.999962568283081,"1"
"Drews","9",20261009,"TCGA-AN-A0FD","BRCA","1",0.999292373657227,"1"
"Drews","9",20261009,"TCGA-AN-A0FY","BRCA","1",0.99985933303833,"1"
"Drews","9",20261009,"TCGA-AN-A0XP","BRCA","2",0.273433148860931,"2"
"Drews","9",20261009,"TCGA-AO-A03M","BRCA","1",0.999898314476013,"1"
"Drews","9",20261009,"TCGA-AO-A0J2","BRCA","1",0.999982833862305,"1"
"Drews","9",20261009,"TCGA-AO-A0J3","BRCA","1",0.999911904335022,"1"
"Drews","9",20261009,"TCGA-AO-A0J7","BRCA","2",0.576608657836914,"1"
"Drews","9",20261009,"TCGA-AO-A124","BRCA","1",0.999945402145386,"1"
"Drews","9",20261009,"TCGA-AO-A12B","BRCA","2",0.239162847399712,"2"
"Drews","9",20261009,"TCGA-AQ-A1H2","BRCA","1",0.98649138212204,"1"
"Drews","9",20261009,"TCGA-AR-A0TP","BRCA","1",0.999924182891846,"1"
"Drews","9",20261009,"TCGA-AR-A1AU","BRCA","1",0.996210217475891,"1"
"Drews","9",20261009,"TCGA-AR-A24Z","BRCA","1",0.999645590782166,"1"
"Drews","9",20261009,"TCGA-AR-A254","BRCA","1",0.999524474143982,"1"
"Drews","9",20261009,"TCGA-AR-A255","BRCA","1",0.997819542884827,"1"
"Drews","9",20261009,"TCGA-AR-A2LM","BRCA","1",0.511044263839722,"1"
"Drews","9",20261009,"TCGA-B6-A0IN","BRCA","1",0.999582588672638,"1"
"Drews","9",20261009,"TCGA-B6-A0RE","BRCA","1",0.999983191490173,"1"
"Drews","9",20261009,"TCGA-B6-A0WW","BRCA","1",0.999830007553101,"1"
"Drews","9",20261009,"TCGA-B6-A40C","BRCA","2",0.973909974098206,"1"
"Drews","9",20261009,"TCGA-BH-A0DP","BRCA","2",0.0769741833209991,"2"
"Drews","9",20261009,"TCGA-BH-A0H6","BRCA","2",0.176697626709938,"2"
"Drews","9",20261009,"TCGA-BH-A0HA","BRCA","2",0.985769629478455,"1"
"Drews","9",20261009,"TCGA-BH-A0HX","BRCA","1",0.999931335449219,"1"
"Drews","9",20261009,"TCGA-BH-A0HY","BRCA","1",0.999991178512573,"1"
"Drews","9",20261009,"TCGA-BH-A1FN","BRCA","1",0.999944090843201,"1"
"Drews","9",20261009,"TCGA-BH-A202","BRCA","1",0.999369442462921,"1"
"Drews","9",20261009,"TCGA-C8-A12M","BRCA","1",0.999452650547028,"1"
"Drews","9",20261009,"TCGA-C8-A12Q","BRCA","1",0.999932527542114,"1"
"Drews","9",20261009,"TCGA-C8-A12W","BRCA","1",0.999423861503601,"1"
"Drews","9",20261009,"TCGA-C8-A12Z","BRCA","1",0.999876022338867,"1"
"Drews","9",20261009,"TCGA-C8-A137","BRCA","1",0.993826806545258,"1"
"Drews","9",20261009,"TCGA-C8-A1HN","BRCA","1",0.99990177154541,"1"
"Drews","9",20261009,"TCGA-C8-A26Y","BRCA","1",0.999858379364014,"1"
"Drews","9",20261009,"TCGA-C8-A26Z","BRCA","1",0.999368846416473,"1"
"Drews","9",20261009,"TCGA-D8-A13Y","BRCA","1",0.99997079372406,"1"
"Drews","9",20261009,"TCGA-D8-A1J8","BRCA","2",0.951680719852448,"1"
"Drews","9",20261009,"TCGA-D8-A1X9","BRCA","1",0.999828815460205,"1"
"Drews","9",20261009,"TCGA-D8-A1XZ","BRCA","1",0.999403476715088,"1"
"Drews","9",20261009,"TCGA-D8-A27F","BRCA","1",0.999998092651367,"1"
"Drews","9",20261009,"TCGA-D8-A27M","BRCA","1",0.99962842464447,"1"
"Drews","9",20261009,"TCGA-D8-A27N","BRCA","1",0.99994421005249,"1"
"Drews","9",20261009,"TCGA-E2-A105","BRCA","1",0.999769151210785,"1"
"Drews","9",20261009,"TCGA-E2-A14T","BRCA","1",0.999941945075989,"1"
"Drews","9",20261009,"TCGA-E2-A14Y","BRCA","1",0.999523639678955,"1"
"Drews","9",20261009,"TCGA-E2-A154","BRCA","2",0.0821897909045219,"2"
"Drews","9",20261009,"TCGA-E2-A15A","BRCA","1",0.999993681907654,"1"
"Drews","9",20261009,"TCGA-E9-A1NA","BRCA","1",0.999779760837555,"1"
"Drews","9",20261009,"TCGA-E9-A1NC","BRCA","1",0.999604284763336,"1"
"Drews","9",20261009,"TCGA-E9-A1RD","BRCA","2",0.0325152166187763,"2"
"Drews","9",20261009,"TCGA-E9-A22G","BRCA","1",0.999906659126282,"1"
"Drews","9",20261009,"TCGA-EW-A1IY","BRCA","2",0.923997759819031,"1"
"Drews","9",20261009,"TCGA-EW-A1P0","BRCA","1",0.991641044616699,"1"
"Drews","9",20261009,"TCGA-EW-A1P3","BRCA","2",0.969897210597992,"1"
"Drews","9",20261009,"TCGA-EW-A1PA","BRCA","1",0.999963283538818,"1"
"Drews","9",20261009,"TCGA-EW-A6S9","BRCA","1",0.999745309352875,"1"
"Drews","9",20261009,"TCGA-HN-A2NL","BRCA","1",0.998777329921722,"1"
"Drews","9",20261009,"TCGA-LD-A7W5","BRCA","1",0.962810516357422,"1"
"Drews","9",20261009,"TCGA-LL-A740","BRCA","1",0.958422124385834,"1"
"Drews","9",20261009,"TCGA-OL-A5D7","BRCA","1",0.999961853027344,"1"
"Drews","9",20261009,"TCGA-OL-A5RU","BRCA","2",0.0876064002513885,"2"
"Drews","9",20261009,"TCGA-OL-A5RW","BRCA","1",0.999959707260132,"1"
"Drews","9",20261009,"TCGA-OL-A6VQ","BRCA","2",0.180352106690407,"2"
"Drews","9",20261009,"TCGA-4J-AA1J","CESC","1",0.995105266571045,"1"
"Drews","9",20261009,"TCGA-C5-A1BM","CESC","2",0.681939423084259,"1"
"Drews","9",20261009,"TCGA-C5-A1ME","CESC","1",0.963013589382172,"1"
"Drews","9",20261009,"TCGA-C5-A7UE","CESC","2",0.970182359218597,"1"
"Drews","9",20261009,"TCGA-C5-A8XH","CESC","1",0.998443782329559,"1"
"Drews","9",20261009,"TCGA-C5-A902","CESC","1",0.891556143760681,"1"
"Drews","9",20261009,"TCGA-DG-A2KK","CESC","2",0.678171813488007,"1"
"Drews","9",20261009,"TCGA-EA-A5O9","CESC","1",0.998887717723846,"1"
"Drews","9",20261009,"TCGA-EK-A2H1","CESC","2",0.844365894794464,"1"
"Drews","9",20261009,"TCGA-EK-A2PG","CESC","1",0.979412019252777,"1"
"Drews","9",20261009,"TCGA-EX-A1H5","CESC","2",0.968383193016052,"1"
"Drews","9",20261009,"TCGA-IR-A3LK","CESC","1",0.995580732822418,"1"
"Drews","9",20261009,"TCGA-JW-A5VI","CESC","1",0.984351754188538,"1"
"Drews","9",20261009,"TCGA-VS-A8QC","CESC","1",0.997412502765656,"1"
"Drews","9",20261009,"TCGA-VS-A9UM","CESC","1",0.954067289829254,"1"
"Drews","9",20261009,"TCGA-ZJ-AAXD","CESC","2",0.508374452590942,"1"
"Drews","9",20261009,"TCGA-W5-AA2Z","CHOL","2",0.0461629815399647,"2"
"Drews","9",20261009,"TCGA-5M-AAT4","COAD","1",0.99107164144516,"1"
"Drews","9",20261009,"TCGA-A6-6648","COAD","1",0.96751457452774,"1"
"Drews","9",20261009,"TCGA-AA-3514","COAD","1",0.436391532421112,"2"
"Drews","9",20261009,"TCGA-AA-3524","COAD","1",0.0908898040652275,"2"
"Drews","9",20261009,"TCGA-AA-3663","COAD","2",0.103732369840145,"2"
"Drews","9",20261009,"TCGA-AA-3664","COAD","1",0.889162600040436,"1"
"Drews","9",20261009,"TCGA-AA-3673","COAD","2",0.173278152942657,"2"
"Drews","9",20261009,"TCGA-AA-3697","COAD","1",0.989925742149353,"1"
"Drews","9",20261009,"TCGA-AU-3779","COAD","1",0.679955899715424,"1"
"Drews","9",20261009,"TCGA-CA-5797","COAD","1",0.922840595245361,"1"
"Drews","9",20261009,"TCGA-CK-5915","COAD","2",0.400117605924606,"2"
"Drews","9",20261009,"TCGA-CM-6161","COAD","2",0.122860118746758,"2"
"Drews","9",20261009,"TCGA-CM-6168","COAD","2",0.0265787988901138,"2"
"Drews","9",20261009,"TCGA-CM-6169","COAD","2",0.930007696151733,"1"
"Drews","9",20261009,"TCGA-CM-6678","COAD","2",0.00460138591006398,"2"
"Drews","9",20261009,"TCGA-D5-5537","COAD","2",0.196830540895462,"2"
"Drews","9",20261009,"TCGA-DM-A1DA","COAD","1",0.474060565233231,"2"
"Drews","9",20261009,"TCGA-DM-A1HA","COAD","1",0.999521374702454,"1"
"Drews","9",20261009,"TCGA-F4-6806","COAD","2",0.000913384486921132,"2"
"Drews","9",20261009,"TCGA-G4-6310","COAD","1",0.982428252696991,"1"
"Drews","9",20261009,"TCGA-QL-A97D","COAD","1",0.881894171237946,"1"
"Drews","9",20261009,"TCGA-GS-A9TY","DLBC","1",0.999430596828461,"1"
"Drews","9",20261009,"TCGA-2H-A9GF","ESCA","1",0.99993622303009,"1"
"Drews","9",20261009,"TCGA-2H-A9GH","ESCA","1",0.999904870986938,"1"
"Drews","9",20261009,"TCGA-2H-A9GL","ESCA","1",0.999846220016479,"1"
"Drews","9",20261009,"TCGA-2H-A9GM","ESCA","1",0.999587118625641,"1"
"Drews","9",20261009,"TCGA-IC-A6RE","ESCA","1",0.999776065349579,"1"
"Drews","9",20261009,"TCGA-IG-A3YB","ESCA","1",0.988056182861328,"1"
"Drews","9",20261009,"TCGA-JY-A6FA","ESCA","1",0.999913096427917,"1"
"Drews","9",20261009,"TCGA-L5-A4OM","ESCA","1",0.998950600624084,"1"
"Drews","9",20261009,"TCGA-L5-A4OO","ESCA","1",0.998478710651398,"1"
"Drews","9",20261009,"TCGA-L5-A4OQ","ESCA","1",0.999569118022919,"1"
"Drews","9",20261009,"TCGA-L5-A8NF","ESCA","1",0.999782264232635,"1"
"Drews","9",20261009,"TCGA-L5-A8NN","ESCA","1",0.999793708324432,"1"
"Drews","9",20261009,"TCGA-L5-A8NR","ESCA","1",0.999953746795654,"1"
"Drews","9",20261009,"TCGA-LN-A4A2","ESCA","1",0.999658226966858,"1"
"Drews","9",20261009,"TCGA-Q9-A6FW","ESCA","1",0.92132580280304,"1"
"Drews","9",20261009,"TCGA-R6-A6DN","ESCA","1",0.999067008495331,"1"
"Drews","9",20261009,"TCGA-R6-A8W8","ESCA","1",0.993480205535889,"1"
"Drews","9",20261009,"TCGA-S8-A6BV","ESCA","1",0.998575568199158,"1"
"Drews","9",20261009,"TCGA-06-2558","GBM","1",0.965577602386475,"1"
"Drews","9",20261009,"TCGA-06-2564","GBM","1",0.210498511791229,"2"
"Drews","9",20261009,"TCGA-19-5960","GBM","1",0.768265664577484,"1"
"Drews","9",20261009,"TCGA-27-1837","GBM","2",0.941969096660614,"1"
"Drews","9",20261009,"TCGA-27-2521","GBM","1",0.993678987026215,"1"
"Drews","9",20261009,"TCGA-32-2616","GBM","2",0.993215978145599,"1"
"Drews","9",20261009,"TCGA-BA-6873","HNSC","1",0.995177626609802,"1"
"Drews","9",20261009,"TCGA-BA-A8YP","HNSC","1",0.999942064285278,"1"
"Drews","9",20261009,"TCGA-BB-4224","HNSC","1",0.997596204280853,"1"
"Drews","9",20261009,"TCGA-BB-A5HY","HNSC","1",0.999827206134796,"1"
"Drews","9",20261009,"TCGA-CN-4741","HNSC","2",0.983631014823914,"1"
"Drews","9",20261009,"TCGA-CN-5363","HNSC","1",0.997568786144257,"1"
"Drews","9",20261009,"TCGA-CR-5247","HNSC","1",0.998965978622437,"1"
"Drews","9",20261009,"TCGA-CR-7371","HNSC","1",0.997992038726807,"1"
"Drews","9",20261009,"TCGA-CV-5444","HNSC","1",0.998404681682587,"1"
"Drews","9",20261009,"TCGA-CV-7097","HNSC","1",0.963830828666687,"1"
"Drews","9",20261009,"TCGA-CV-7177","HNSC","1",0.98775577545166,"1"
"Drews","9",20261009,"TCGA-CV-7243","HNSC","1",0.997193038463593,"1"
"Drews","9",20261009,"TCGA-CV-7245","HNSC","1",0.995655417442322,"1"
"Drews","9",20261009,"TCGA-CV-7434","HNSC","1",0.988923847675323,"1"
"Drews","9",20261009,"TCGA-D6-A6EQ","HNSC","1",0.96631783246994,"1"
"Drews","9",20261009,"TCGA-DQ-7591","HNSC","1",0.943929731845856,"1"
"Drews","9",20261009,"TCGA-IQ-7630","HNSC","1",0.986773192882538,"1"
"Drews","9",20261009,"TCGA-P3-A6T6","HNSC","1",0.97591769695282,"1"
"Drews","9",20261009,"TCGA-QK-A8Z9","HNSC","1",0.999214172363281,"1"
"Drews","9",20261009,"TCGA-QK-A8ZA","HNSC","1",0.999747574329376,"1"
"Drews","9",20261009,"TCGA-UF-A71A","HNSC","1",0.999894499778748,"1"
"Drews","9",20261009,"TCGA-UF-A71D","HNSC","1",0.940216183662415,"1"
"Drews","9",20261009,"TCGA-UF-A7JC","HNSC","1",0.988641023635864,"1"
"Drews","9",20261009,"TCGA-KL-8326","KICH","2",0.00197689142078161,"2"
"Drews","9",20261009,"TCGA-KL-8327","KICH","2",0.0755854398012161,"2"
"Drews","9",20261009,"TCGA-KL-8332","KICH","2",0.00643031438812613,"2"
"Drews","9",20261009,"TCGA-KL-8342","KICH","2",0.0194007307291031,"2"
"Drews","9",20261009,"TCGA-KM-8438","KICH","2",0.00164618133567274,"2"
"Drews","9",20261009,"TCGA-KN-8425","KICH","2",0.00378546118736267,"2"
"Drews","9",20261009,"TCGA-KO-8417","KICH","2",0.00627473788335919,"2"
"Drews","9",20261009,"TCGA-A3-3313","KIRC","1",0.00358844501897693,"2"
"Drews","9",20261009,"TCGA-A3-3380","KIRC","2",0.000268624949967489,"2"
"Drews","9",20261009,"TCGA-A3-3383","KIRC","2",0.00731939962133765,"2"
"Drews","9",20261009,"TCGA-A3-3387","KIRC","2",0.00154749490320683,"2"
"Drews","9",20261009,"TCGA-AK-3453","KIRC","2",0.00866611581295729,"2"
"Drews","9",20261009,"TCGA-B0-4712","KIRC","2",0.230207845568657,"2"
"Drews","9",20261009,"TCGA-B8-4620","KIRC","2",0.00384365348145366,"2"
"Drews","9",20261009,"TCGA-BP-4164","KIRC","2",0.00473727518692613,"2"
"Drews","9",20261009,"TCGA-BP-4963","KIRC","2",0.00289722019806504,"2"
"Drews","9",20261009,"TCGA-BP-4992","KIRC","2",0.00369741208851337,"2"
"Drews","9",20261009,"TCGA-CJ-5682","KIRC","2",0.00650723138824105,"2"
"Drews","9",20261009,"TCGA-CJ-6027","KIRC","2",0.0164039023220539,"2"
"Drews","9",20261009,"TCGA-CZ-5989","KIRC","2",0.101720407605171,"2"
"Drews","9",20261009,"TCGA-DV-5568","KIRC","2",0.00269013247452676,"2"
"Drews","9",20261009,"TCGA-DV-A4VX","KIRC","2",0.0224937610328197,"2"
"Drews","9",20261009,"TCGA-2Z-A9JJ","KIRP","1",0.0140684535726905,"2"
"Drews","9",20261009,"TCGA-4A-A93X","KIRP","2",0.0143801858648658,"2"
"Drews","9",20261009,"TCGA-A4-A4ZT","KIRP","2",0.0896332859992981,"2"
"Drews","9",20261009,"TCGA-BQ-5876","KIRP","2",0.0462080910801888,"2"
"Drews","9",20261009,"TCGA-BQ-5885","KIRP","2",0.282827705144882,"2"
"Drews","9",20261009,"TCGA-EV-5902","KIRP","2",0.0417748540639877,"2"
"Drews","9",20261009,"TCGA-F9-A7VF","KIRP","2",0.0761312991380692,"2"
"Drews","9",20261009,"TCGA-G7-A8LC","KIRP","2",0.00406099390238523,"2"
"Drews","9",20261009,"TCGA-G7-A8LD","KIRP","1",0.996981561183929,"1"
"Drews","9",20261009,"TCGA-CS-5393","LGG","1",0.045941237360239,"2"
"Drews","9",20261009,"TCGA-DB-5275","LGG","1",0.151829466223717,"2"
"Drews","9",20261009,"TCGA-DB-A4XG","LGG","2",0.00156544975470752,"2"
"Drews","9",20261009,"TCGA-DH-A7US","LGG","2",0.0044492962770164,"2"
"Drews","9",20261009,"TCGA-DU-7010","LGG","1",0.824688673019409,"1"
"Drews","9",20261009,"TCGA-DU-7018","LGG","2",0.0182868950068951,"2"
"Drews","9",20261009,"TCGA-DU-A5TW","LGG","2",0.150858610868454,"2"
"Drews","9",20261009,"TCGA-DU-A7T8","LGG","2",0.0550064295530319,"2"
"Drews","9",20261009,"TCGA-DU-A7TA","LGG","1",0.0810222700238228,"2"
"Drews","9",20261009,"TCGA-E1-5304","LGG","1",0.989537358283997,"1"
"Drews","9",20261009,"TCGA-E1-A7Z2","LGG","1",0.399501353502274,"2"
"Drews","9",20261009,"TCGA-HT-7471","LGG","2",0.00633735442534089,"2"
"Drews","9",20261009,"TCGA-HT-7474","LGG","2",0.0829858034849167,"2"
"Drews","9",20261009,"TCGA-HT-7611","LGG","1",0.0209704618901014,"2"
"Drews","9",20261009,"TCGA-HT-7686","LGG","1",0.0924357920885086,"2"
"Drews","9",20261009,"TCGA-HT-7875","LGG","2",0.00110580259934068,"2"
"Drews","9",20261009,"TCGA-HT-8011","LGG","2",0.836130738258362,"1"
"Drews","9",20261009,"TCGA-HT-8564","LGG","2",0.234931975603104,"2"
"Drews","9",20261009,"TCGA-P5-A5F4","LGG","2",0.404770493507385,"2"
"Drews","9",20261009,"TCGA-P5-A77W","LGG","2",0.0107212662696838,"2"
"Drews","9",20261009,"TCGA-TM-A84G","LGG","2",0.00704658171162009,"2"
"Drews","9",20261009,"TCGA-TM-A84J","LGG","1",0.972341954708099,"1"
"Drews","9",20261009,"TCGA-TQ-A7RJ","LGG","2",0.0107234204187989,"2"
"Drews","9",20261009,"TCGA-VM-A8CF","LGG","1",0.150805696845055,"2"
"Drews","9",20261009,"TCGA-3K-AAZ8","LIHC","2",0.310030907392502,"2"
"Drews","9",20261009,"TCGA-BC-A10Y","LIHC","1",0.982341527938843,"1"
"Drews","9",20261009,"TCGA-BC-A216","LIHC","1",0.998399794101715,"1"
"Drews","9",20261009,"TCGA-BC-A69H","LIHC","1",0.996436476707458,"1"
"Drews","9",20261009,"TCGA-BD-A2L6","LIHC","2",0.90228796005249,"1"
"Drews","9",20261009,"TCGA-BW-A5NP","LIHC","1",0.68749725818634,"1"
"Drews","9",20261009,"TCGA-BW-A5NQ","LIHC","2",0.923410058021545,"1"
"Drews","9",20261009,"TCGA-DD-A73G","LIHC","1",0.984387099742889,"1"
"Drews","9",20261009,"TCGA-DD-AADD","LIHC","1",0.970282435417175,"1"
"Drews","9",20261009,"TCGA-DD-AADF","LIHC","1",0.997445940971375,"1"
"Drews","9",20261009,"TCGA-DD-AADL","LIHC","1",0.8779656291008,"1"
"Drews","9",20261009,"TCGA-DD-AAEG","LIHC","1",0.902875483036041,"1"
"Drews","9",20261009,"TCGA-DD-AAVY","LIHC","2",0.168962076306343,"2"
"Drews","9",20261009,"TCGA-ES-A2HT","LIHC","2",0.669452846050262,"1"
"Drews","9",20261009,"TCGA-FV-A23B","LIHC","1",0.439634770154953,"2"
"Drews","9",20261009,"TCGA-FV-A496","LIHC","1",0.975621223449707,"1"
"Drews","9",20261009,"TCGA-G3-A25S","LIHC","1",0.996685922145844,"1"
"Drews","9",20261009,"TCGA-NI-A8LF","LIHC","1",0.868103742599487,"1"
"Drews","9",20261009,"TCGA-RC-A7SK","LIHC","1",0.888980269432068,"1"
"Drews","9",20261009,"TCGA-T1-A6J8","LIHC","1",0.935157656669617,"1"
"Drews","9",20261009,"TCGA-ZS-A9CG","LIHC","2",0.314094632863998,"2"
"Drews","9",20261009,"TCGA-05-4390","LUAD","1",0.999751508235931,"1"
"Drews","9",20261009,"TCGA-05-4396","LUAD","1",0.995319426059723,"1"
"Drews","9",20261009,"TCGA-05-4426","LUAD","1",0.724352657794952,"1"
"Drews","9",20261009,"TCGA-44-7670","LUAD","1",0.999973297119141,"1"
"Drews","9",20261009,"TCGA-44-8117","LUAD","1",0.99889212846756,"1"
"Drews","9",20261009,"TCGA-4B-A93V","LUAD","1",0.995674550533295,"1"
"Drews","9",20261009,"TCGA-50-6594","LUAD","1",0.999939203262329,"1"
"Drews","9",20261009,"TCGA-50-7109","LUAD","1",0.999025821685791,"1"
"Drews","9",20261009,"TCGA-55-7903","LUAD","1",0.999929904937744,"1"
"Drews","9",20261009,"TCGA-55-8620","LUAD","1",0.999555766582489,"1"
"Drews","9",20261009,"TCGA-55-A490","LUAD","1",0.999962568283081,"1"
"Drews","9",20261009,"TCGA-62-A46Y","LUAD","2",0.178914144635201,"2"
"Drews","9",20261009,"TCGA-67-3773","LUAD","1",0.267424404621124,"2"
"Drews","9",20261009,"TCGA-69-7760","LUAD","1",0.999776661396027,"1"
"Drews","9",20261009,"TCGA-78-7150","LUAD","1",0.999425768852234,"1"
"Drews","9",20261009,"TCGA-78-7153","LUAD","1",0.926977097988129,"1"
"Drews","9",20261009,"TCGA-78-7167","LUAD","1",0.991165578365326,"1"
"Drews","9",20261009,"TCGA-78-7220","LUAD","1",0.999667406082153,"1"
"Drews","9",20261009,"TCGA-78-8662","LUAD","1",0.99988865852356,"1"
"Drews","9",20261009,"TCGA-86-7953","LUAD","1",0.99936431646347,"1"
"Drews","9",20261009,"TCGA-86-8054","LUAD","1",0.999760568141937,"1"
"Drews","9",20261009,"TCGA-95-7039","LUAD","1",0.999268352985382,"1"
"Drews","9",20261009,"TCGA-97-7546","LUAD","1",0.870015382766724,"1"
"Drews","9",20261009,"TCGA-L9-A5IP","LUAD","1",0.999027252197266,"1"
"Drews","9",20261009,"TCGA-L9-A7SV","LUAD","1",0.999159812927246,"1"
"Drews","9",20261009,"TCGA-MP-A4T6","LUAD","1",0.991516828536987,"1"
"Drews","9",20261009,"TCGA-O1-A52J","LUAD","1",0.979514241218567,"1"
"Drews","9",20261009,"TCGA-18-3406","LUSC","1",0.998518049716949,"1"
"Drews","9",20261009,"TCGA-18-3421","LUSC","1",0.993817031383514,"1"
"Drews","9",20261009,"TCGA-21-1078","LUSC","2",0.230521366000175,"2"
"Drews","9",20261009,"TCGA-22-4593","LUSC","1",0.999947428703308,"1"
"Drews","9",20261009,"TCGA-22-5471","LUSC","1",0.999829053878784,"1"
"Drews","9",20261009,"TCGA-33-4532","LUSC","1",0.999783933162689,"1"
"Drews","9",20261009,"TCGA-33-AASB","LUSC","1",0.999981880187988,"1"
"Drews","9",20261009,"TCGA-37-4132","LUSC","1",0.999881625175476,"1"
"Drews","9",20261009,"TCGA-37-5819","LUSC","1",0.999957799911499,"1"
"Drews","9",20261009,"TCGA-39-5034","LUSC","1",0.998587131500244,"1"
"Drews","9",20261009,"TCGA-43-3920","LUSC","1",0.999932646751404,"1"
"Drews","9",20261009,"TCGA-43-6143","LUSC","1",0.999893426895142,"1"
"Drews","9",20261009,"TCGA-43-7657","LUSC","1",0.9999178647995,"1"
"Drews","9",20261009,"TCGA-56-7223","LUSC","1",0.99978369474411,"1"
"Drews","9",20261009,"TCGA-56-8083","LUSC","1",0.999855518341064,"1"
"Drews","9",20261009,"TCGA-56-8628","LUSC","1",0.997213661670685,"1"
"Drews","9",20261009,"TCGA-56-A4BW","LUSC","1",0.999751508235931,"1"
"Drews","9",20261009,"TCGA-58-8387","LUSC","1",0.999934554100037,"1"
"Drews","9",20261009,"TCGA-60-2706","LUSC","1",0.999702394008636,"1"
"Drews","9",20261009,"TCGA-63-A5ML","LUSC","1",0.999609887599945,"1"
"Drews","9",20261009,"TCGA-66-2793","LUSC","1",0.999969601631165,"1"
"Drews","9",20261009,"TCGA-70-6723","LUSC","1",0.999517560005188,"1"
"Drews","9",20261009,"TCGA-77-6843","LUSC","1",0.99829238653183,"1"
"Drews","9",20261009,"TCGA-77-7141","LUSC","1",0.999975800514221,"1"
"Drews","9",20261009,"TCGA-77-7337","LUSC","1",0.999905943870544,"1"
"Drews","9",20261009,"TCGA-77-7465","LUSC","1",0.999803721904755,"1"
"Drews","9",20261009,"TCGA-77-8148","LUSC","1",0.999859571456909,"1"
"Drews","9",20261009,"TCGA-77-A5GF","LUSC","1",0.997755944728851,"1"
"Drews","9",20261009,"TCGA-85-8352","LUSC","1",0.999982714653015,"1"
"Drews","9",20261009,"TCGA-96-7544","LUSC","1",0.999394297599792,"1"
"Drews","9",20261009,"TCGA-L3-A524","LUSC","1",0.999989628791809,"1"
"Drews","9",20261009,"TCGA-LA-A446","LUSC","1",0.999257504940033,"1"
"Drews","9",20261009,"TCGA-LA-A7SW","LUSC","1",0.999790251255035,"1"
"Drews","9",20261009,"TCGA-NC-A5HR","LUSC","1",0.999969244003296,"1"
"Drews","9",20261009,"TCGA-3H-AB3K","MESO","2",0.724651992321014,"1"
"Drews","9",20261009,"TCGA-3U-A98E","MESO","2",0.0414173454046249,"2"
"Drews","9",20261009,"TCGA-MQ-A4LJ","MESO","1",0.436626672744751,"2"
"Drews","9",20261009,"TCGA-SH-A7BH","MESO","2",0.990248739719391,"1"
"Drews","9",20261009,"TCGA-09-1673","OV","1",0.999677538871765,"1"
"Drews","9",20261009,"TCGA-09-2044","OV","1",0.999994397163391,"1"
"Drews","9",20261009,"TCGA-09-2051","OV","1",0.999993085861206,"1"
"Drews","9",20261009,"TCGA-09-2056","OV","1",0.998855471611023,"1"
"Drews","9",20261009,"TCGA-10-0928","OV","1",0.999881982803345,"1"
"Drews","9",20261009,"TCGA-13-0893","OV","1",0.999996900558472,"1"
"Drews","9",20261009,"TCGA-20-1684","OV","1",0.99973052740097,"1"
"Drews","9",20261009,"TCGA-23-1809","OV","1",0.999898433685303,"1"
"Drews","9",20261009,"TCGA-23-2084","OV","1",0.999984383583069,"1"
"Drews","9",20261009,"TCGA-24-1417","OV","1",0.999991536140442,"1"
"Drews","9",20261009,"TCGA-24-1424","OV","1",0.999994516372681,"1"
"Drews","9",20261009,"TCGA-24-1434","OV","1",0.999665260314941,"1"
"Drews","9",20261009,"TCGA-24-1550","OV","1",0.999995589256287,"1"
"Drews","9",20261009,"TCGA-24-1552","OV","1",0.999960422515869,"1"
"Drews","9",20261009,"TCGA-24-1616","OV","1",0.999784052371979,"1"
"Drews","9",20261009,"TCGA-24-1846","OV","1",0.999975204467773,"1"
"Drews","9",20261009,"TCGA-24-2019","OV","1",0.999743282794952,"1"
"Drews","9",20261009,"TCGA-24-2262","OV","1",0.999869108200073,"1"
"Drews","9",20261009,"TCGA-24-2281","OV","1",0.999918937683105,"1"
"Drews","9",20261009,"TCGA-24-2288","OV","1",0.99998140335083,"1"
"Drews","9",20261009,"TCGA-25-1329","OV","1",0.999891757965088,"1"
"Drews","9",20261009,"TCGA-25-2392","OV","1",0.999934196472168,"1"
"Drews","9",20261009,"TCGA-25-2398","OV","1",0.999394416809082,"1"
"Drews","9",20261009,"TCGA-29-1688","OV","1",0.999443829059601,"1"
"Drews","9",20261009,"TCGA-29-1710","OV","1",0.998484432697296,"1"
"Drews","9",20261009,"TCGA-30-1718","OV","1",0.999991059303284,"1"
"Drews","9",20261009,"TCGA-30-1857","OV","1",0.999920845031738,"1"
"Drews","9",20261009,"TCGA-30-1862","OV","1",0.99943882226944,"1"
"Drews","9",20261009,"TCGA-61-1907","OV","1",0.999916195869446,"1"
"Drews","9",20261009,"TCGA-61-1998","OV","1",0.999959111213684,"1"
"Drews","9",20261009,"TCGA-61-2003","OV","1",0.999953746795654,"1"
"Drews","9",20261009,"TCGA-61-2092","OV","1",0.828515350818634,"1"
"Drews","9",20261009,"TCGA-61-2109","OV","1",0.999976754188538,"1"
"Drews","9",20261009,"TCGA-2J-AABE","PAAD","2",0.893125772476196,"1"
"Drews","9",20261009,"TCGA-2L-AAQE","PAAD","1",0.994986653327942,"1"
"Drews","9",20261009,"TCGA-FB-A78T","PAAD","1",0.938717007637024,"1"
"Drews","9",20261009,"TCGA-HZ-A9TJ","PAAD","1",0.989129662513733,"1"
"Drews","9",20261009,"TCGA-YY-A8LH","PAAD","2",0.466990083456039,"2"
"Drews","9",20261009,"TCGA-QR-A708","PCPG","1",0.507782459259033,"1"
"Drews","9",20261009,"TCGA-QR-A70O","PCPG","1",0.486928403377533,"2"
"Drews","9",20261009,"TCGA-RW-A68A","PCPG","2",0.179730817675591,"2"
"Drews","9",20261009,"TCGA-RW-A68C","PCPG","2",0.00684032682329416,"2"
"Drews","9",20261009,"TCGA-S7-A7WQ","PCPG","2",0.00659245671704412,"2"
"Drews","9",20261009,"TCGA-SR-A6MR","PCPG","1",0.0339943356812,"2"
"Drews","9",20261009,"TCGA-W2-A7H7","PCPG","2",0.106274135410786,"2"
"Drews","9",20261009,"TCGA-WB-A80K","PCPG","2",0.0477128773927689,"2"
"Drews","9",20261009,"TCGA-WB-A819","PCPG","2",0.0203040409833193,"2"
"Drews","9",20261009,"TCGA-WB-A81T","PCPG","2",0.0565156564116478,"2"
"Drews","9",20261009,"TCGA-EJ-7331","PRAD","2",0.961719155311584,"1"
"Drews","9",20261009,"TCGA-EJ-7781","PRAD","2",0.994638621807098,"1"
"Drews","9",20261009,"TCGA-EJ-A46G","PRAD","1",0.973430216312408,"1"
"Drews","9",20261009,"TCGA-EJ-A8FN","PRAD","1",0.890706956386566,"1"
"Drews","9",20261009,"TCGA-G9-6384","PRAD","2",0.827061951160431,"1"
"Drews","9",20261009,"TCGA-HC-7080","PRAD","1",0.985353410243988,"1"
"Drews","9",20261009,"TCGA-HC-A6HY","PRAD","2",0.917852163314819,"1"
"Drews","9",20261009,"TCGA-KK-A6E5","PRAD","1",0.936804473400116,"1"
"Drews","9",20261009,"TCGA-KK-A8IB","PRAD","1",0.969423532485962,"1"
"Drews","9",20261009,"TCGA-M7-A722","PRAD","2",0.947533965110779,"1"
"Drews","9",20261009,"TCGA-V1-A9O5","PRAD","1",0.999289751052856,"1"
"Drews","9",20261009,"TCGA-XK-AAJP","PRAD","1",0.998876750469208,"1"
"Drews","9",20261009,"TCGA-YL-A8HM","PRAD","1",0.99979704618454,"1"
"Drews","9",20261009,"TCGA-YL-A8S8","PRAD","1",0.999416828155518,"1"
"Drews","9",20261009,"TCGA-YL-A8SO","PRAD","1",0.996462523937225,"1"
"Drews","9",20261009,"TCGA-ZG-A8QY","PRAD","1",0.973158180713654,"1"
"Drews","9",20261009,"TCGA-ZG-A9LZ","PRAD","1",0.982143819332123,"1"
"Drews","9",20261009,"TCGA-ZG-A9ND","PRAD","1",0.998691260814667,"1"
"Drews","9",20261009,"TCGA-AG-3742","READ","1",0.960678577423096,"1"
"Drews","9",20261009,"TCGA-AG-3878","READ","2",0.921884715557098,"1"
"Drews","9",20261009,"TCGA-AG-3881","READ","1",0.953094303607941,"1"
"Drews","9",20261009,"TCGA-AG-3883","READ","1",0.99201500415802,"1"
"Drews","9",20261009,"TCGA-AG-3893","READ","1",0.99479478597641,"1"
"Drews","9",20261009,"TCGA-AG-A01W","READ","1",0.973713636398315,"1"
"Drews","9",20261009,"TCGA-AG-A02N","READ","2",0.491984248161316,"2"
"Drews","9",20261009,"TCGA-BM-6198","READ","1",0.996111690998077,"1"
"Drews","9",20261009,"TCGA-F5-6863","READ","1",0.999277651309967,"1"
"Drews","9",20261009,"TCGA-DX-A1KX","SARC","1",0.998486399650574,"1"
"Drews","9",20261009,"TCGA-DX-A1L0","SARC","1",0.999087929725647,"1"
"Drews","9",20261009,"TCGA-DX-A23Y","SARC","1",0.999790132045746,"1"
"Drews","9",20261009,"TCGA-DX-A3U5","SARC","1",0.999736130237579,"1"
"Drews","9",20261009,"TCGA-DX-A3U9","SARC","1",0.999641060829163,"1"
"Drews","9",20261009,"TCGA-DX-A48L","SARC","1",0.99590539932251,"1"
"Drews","9",20261009,"TCGA-DX-A6YS","SARC","1",0.947086215019226,"1"
"Drews","9",20261009,"TCGA-DX-AB2H","SARC","1",0.982928335666656,"1"
"Drews","9",20261009,"TCGA-DX-AB2J","SARC","1",0.0627469047904015,"2"
"Drews","9",20261009,"TCGA-DX-AB2O","SARC","1",0.999919176101685,"1"
"Drews","9",20261009,"TCGA-DX-AB2Q","SARC","1",0.999853730201721,"1"
"Drews","9",20261009,"TCGA-DX-AB2T","SARC","1",0.998815417289734,"1"
"Drews","9",20261009,"TCGA-DX-AB2W","SARC","1",0.999242305755615,"1"
"Drews","9",20261009,"TCGA-DX-AB35","SARC","1",0.999700784683228,"1"
"Drews","9",20261009,"TCGA-IE-A4EJ","SARC","1",0.999442160129547,"1"
"Drews","9",20261009,"TCGA-JV-A75J","SARC","1",0.999245524406433,"1"
"Drews","9",20261009,"TCGA-K1-A6RV","SARC","1",0.998799443244934,"1"
"Drews","9",20261009,"TCGA-KD-A5QS","SARC","1",0.999559223651886,"1"
"Drews","9",20261009,"TCGA-MB-A5Y8","SARC","1",0.986451506614685,"1"
"Drews","9",20261009,"TCGA-MB-A8JK","SARC","1",0.999833226203918,"1"
"Drews","9",20261009,"TCGA-PC-A5DK","SARC","2",0.96519672870636,"1"
"Drews","9",20261009,"TCGA-QQ-A5VD","SARC","2",0.992552042007446,"1"
"Drews","9",20261009,"TCGA-WK-A8XX","SARC","1",0.99787962436676,"1"
"Drews","9",20261009,"TCGA-X2-A95T","SARC","1",0.999108374118805,"1"
"Drews","9",20261009,"TCGA-BF-AAP4","SKCM","1",0.947693884372711,"1"
"Drews","9",20261009,"TCGA-D9-A4Z2","SKCM","1",0.925262570381165,"1"
"Drews","9",20261009,"TCGA-D9-A4Z3","SKCM","1",0.881532073020935,"1"
"Drews","9",20261009,"TCGA-D9-A4Z5","SKCM","1",0.809131383895874,"1"
"Drews","9",20261009,"TCGA-EB-A3XB","SKCM","2",0.909129619598389,"1"
"Drews","9",20261009,"TCGA-EB-A430","SKCM","2",0.566926598548889,"1"
"Drews","9",20261009,"TCGA-EB-A5UM","SKCM","1",0.535479962825775,"1"
"Drews","9",20261009,"TCGA-EB-A82C","SKCM","1",0.995205938816071,"1"
"Drews","9",20261009,"TCGA-B7-A5TN","STAD","1",0.999911546707153,"1"
"Drews","9",20261009,"TCGA-BR-4257","STAD","2",0.608272016048431,"1"
"Drews","9",20261009,"TCGA-BR-4267","STAD","1",0.984760224819183,"1"
"Drews","9",20261009,"TCGA-BR-4366","STAD","1",0.998715758323669,"1"
"Drews","9",20261009,"TCGA-BR-6455","STAD","2",0.980269730091095,"1"
"Drews","9",20261009,"TCGA-BR-7703","STAD","1",0.202279180288315,"2"
"Drews","9",20261009,"TCGA-BR-8077","STAD","1",0.997646868228912,"1"
"Drews","9",20261009,"TCGA-BR-8483","STAD","1",0.997047483921051,"1"
"Drews","9",20261009,"TCGA-BR-8487","STAD","2",0.64303320646286,"1"
"Drews","9",20261009,"TCGA-CD-5804","STAD","1",0.999525308609009,"1"
"Drews","9",20261009,"TCGA-CD-8527","STAD","1",0.999695420265198,"1"
"Drews","9",20261009,"TCGA-CD-8528","STAD","1",0.992859721183777,"1"
"Drews","9",20261009,"TCGA-CD-A4MJ","STAD","2",0.13958103954792,"2"
"Drews","9",20261009,"TCGA-CG-4436","STAD","1",0.999298572540283,"1"
"Drews","9",20261009,"TCGA-CG-4449","STAD","1",0.999569237232208,"1"
"Drews","9",20261009,"TCGA-CG-4469","STAD","1",0.457492589950562,"2"
"Drews","9",20261009,"TCGA-CG-5724","STAD","1",0.999138236045837,"1"
"Drews","9",20261009,"TCGA-D7-A6EX","STAD","1",0.949127614498138,"1"
"Drews","9",20261009,"TCGA-FP-7829","STAD","1",0.997257947921753,"1"
"Drews","9",20261009,"TCGA-FP-8099","STAD","1",0.99884158372879,"1"
"Drews","9",20261009,"TCGA-HU-A4GU","STAD","1",0.999135553836823,"1"
"Drews","9",20261009,"TCGA-IN-A6RN","STAD","1",0.999429166316986,"1"
"Drews","9",20261009,"TCGA-IN-A6RS","STAD","1",0.991129398345947,"1"
"Drews","9",20261009,"TCGA-R5-A7ZE","STAD","1",0.999592244625092,"1"
"Drews","9",20261009,"TCGA-VQ-A8DU","STAD","1",0.999784409999847,"1"
"Drews","9",20261009,"TCGA-VQ-A8DZ","STAD","1",0.99968683719635,"1"
"Drews","9",20261009,"TCGA-VQ-AA6D","STAD","1",0.999979496002197,"1"
"Drews","9",20261009,"TCGA-2G-AAEW","TGCT","2",0.489531397819519,"2"
"Drews","9",20261009,"TCGA-XE-AANR","TGCT","2",0.40874770283699,"2"
"Drews","9",20261009,"TCGA-XY-A8S2","TGCT","1",0.997596800327301,"1"
"Drews","9",20261009,"TCGA-YU-A90Y","TGCT","1",0.995743453502655,"1"
"Drews","9",20261009,"TCGA-EL-A3CX","THCA","2",0.269630640745163,"2"
"Drews","9",20261009,"TCGA-EM-A1YE","THCA","2",0.00143802235834301,"2"
"Drews","9",20261009,"TCGA-ZB-A96L","THYM","1",0.689598798751831,"1"
"Drews","9",20261009,"TCGA-2E-A9G8","UCEC","1",0.999857425689697,"1"
"Drews","9",20261009,"TCGA-A5-A0G5","UCEC","1",0.998211145401001,"1"
"Drews","9",20261009,"TCGA-A5-A0GJ","UCEC","1",0.939645707607269,"1"
"Drews","9",20261009,"TCGA-A5-A0GN","UCEC","2",0.112365044653416,"2"
"Drews","9",20261009,"TCGA-A5-A0R7","UCEC","2",0.893669366836548,"1"
"Drews","9",20261009,"TCGA-A5-A1OG","UCEC","1",0.999564945697784,"1"
"Drews","9",20261009,"TCGA-AJ-A3BF","UCEC","1",0.999786913394928,"1"
"Drews","9",20261009,"TCGA-AJ-A3EM","UCEC","1",0.978146493434906,"1"
"Drews","9",20261009,"TCGA-AJ-A3IA","UCEC","1",0.999993324279785,"1"
"Drews","9",20261009,"TCGA-AJ-A3NF","UCEC","1",0.990517437458038,"1"
"Drews","9",20261009,"TCGA-AJ-A3TW","UCEC","1",0.99992573261261,"1"
"Drews","9",20261009,"TCGA-AP-A05A","UCEC","1",0.997992515563965,"1"
"Drews","9",20261009,"TCGA-AX-A2HF","UCEC","1",0.999798953533173,"1"
"Drews","9",20261009,"TCGA-AX-A3FS","UCEC","2",0.971848905086517,"1"
"Drews","9",20261009,"TCGA-AX-A3G4","UCEC","1",0.998393356800079,"1"
"Drews","9",20261009,"TCGA-AX-A3GI","UCEC","1",0.999980330467224,"1"
"Drews","9",20261009,"TCGA-B5-A0JN","UCEC","1",0.999788820743561,"1"
"Drews","9",20261009,"TCGA-B5-A0JV","UCEC","1",0.0158439036458731,"2"
"Drews","9",20261009,"TCGA-B5-A121","UCEC","2",0.0119306491687894,"2"
"Drews","9",20261009,"TCGA-B5-A1MY","UCEC","1",0.999640703201294,"1"
"Drews","9",20261009,"TCGA-B5-A3S1","UCEC","1",0.996943414211273,"1"
"Drews","9",20261009,"TCGA-B5-A5OD","UCEC","1",0.998695075511932,"1"
"Drews","9",20261009,"TCGA-B5-A5OE","UCEC","1",0.99983823299408,"1"
"Drews","9",20261009,"TCGA-BK-A26L","UCEC","1",0.998708248138428,"1"
"Drews","9",20261009,"TCGA-BS-A0V8","UCEC","1",0.84370231628418,"1"
"Drews","9",20261009,"TCGA-DF-A2KS","UCEC","1",0.999826371669769,"1"
"Drews","9",20261009,"TCGA-DI-A2QT","UCEC","1",0.998626947402954,"1"
"Drews","9",20261009,"TCGA-EO-A22Y","UCEC","2",0.204700887203217,"2"
"Drews","9",20261009,"TCGA-EY-A214","UCEC","1",0.998985588550568,"1"
"Drews","9",20261009,"TCGA-EY-A2OO","UCEC","2",0.0666886121034622,"2"
"Drews","9",20261009,"TCGA-FI-A2D2","UCEC","1",0.993398070335388,"1"
"Drews","9",20261009,"TCGA-FI-A3PV","UCEC","1",0.999913573265076,"1"
"Drews","9",20261009,"TCGA-JU-AAVI","UCEC","1",0.999393105506897,"1"
"Drews","9",20261009,"TCGA-KP-A3W4","UCEC","1",0.996656894683838,"1"
"Drews","9",20261009,"TCGA-N5-A4RN","UCS","1",0.99984872341156,"1"
"Drews","9",20261009,"TCGA-N5-A59E","UCS","1",0.999886035919189,"1"
"Drews","9",20261009,"TCGA-N8-A4PQ","UCS","1",0.999740183353424,"1"
"Drews","9",20261009,"TCGA-N9-A4Q1","UCS","1",0.999950766563416,"1"
"Drews","9",20261009,"TCGA-N9-A4Q4","UCS","1",0.999695539474487,"1"
"Drews","9",20261009,"TCGA-NA-A4R0","UCS","1",0.999529600143433,"1"
"Drews","9",20261009,"TCGA-NF-A5CP","UCS","1",0.99992847442627,"1"
"Drews","9",20261009,"TCGA-V4-A9F3","UVM","2",0.0193676874041557,"2"
"Drews","9",20261009,"TCGA-V4-A9F5","UVM","2",0.00564790377393365,"2"
"Drews","9",20261009,"TCGA-WC-A87W","UVM","2",0.0196651592850685,"2"
"Drews","9",20261009,"TCGA-YZ-A984","UVM","2",0.0170156937092543,"2"
"Drews","10",20261010,"TCGA-OR-A5J2","ACC","1",0.696438431739807,"1"
"Drews","10",20261010,"TCGA-OR-A5JC","ACC","1",0.48616150021553,"2"
"Drews","10",20261010,"TCGA-OR-A5JI","ACC","2",0.00854470208287239,"2"
"Drews","10",20261010,"TCGA-OR-A5JM","ACC","1",0.989136576652527,"1"
"Drews","10",20261010,"TCGA-OR-A5LA","ACC","2",0.00911509245634079,"2"
"Drews","10",20261010,"TCGA-OR-A5LE","ACC","1",0.99490487575531,"1"
"Drews","10",20261010,"TCGA-OR-A5LG","ACC","1",0.313148766756058,"2"
"Drews","10",20261010,"TCGA-OR-A5LH","ACC","1",0.08785180747509,"2"
"Drews","10",20261010,"TCGA-4Z-AA80","BLCA","1",0.999674320220947,"1"
"Drews","10",20261010,"TCGA-BL-A0C8","BLCA","1",0.992328703403473,"1"
"Drews","10",20261010,"TCGA-BL-A13J","BLCA","1",0.999929308891296,"1"
"Drews","10",20261010,"TCGA-BT-A0S7","BLCA","1",0.927728235721588,"1"
"Drews","10",20261010,"TCGA-BT-A20W","BLCA","1",0.999755680561066,"1"
"Drews","10",20261010,"TCGA-CF-A1HR","BLCA","1",0.339138299226761,"2"
"Drews","10",20261010,"TCGA-CF-A1HS","BLCA","1",0.999984622001648,"1"
"Drews","10",20261010,"TCGA-CF-A3MI","BLCA","1",0.940548598766327,"1"
"Drews","10",20261010,"TCGA-CF-A5UA","BLCA","1",0.991545736789703,"1"
"Drews","10",20261010,"TCGA-DK-A1A5","BLCA","1",0.999434411525726,"1"
"Drews","10",20261010,"TCGA-DK-A3IL","BLCA","1",0.999871492385864,"1"
"Drews","10",20261010,"TCGA-DK-A6B6","BLCA","1",0.725343108177185,"1"
"Drews","10",20261010,"TCGA-FD-A3SJ","BLCA","1",0.99994683265686,"1"
"Drews","10",20261010,"TCGA-FD-A3SR","BLCA","1",0.99992299079895,"1"
"Drews","10",20261010,"TCGA-FD-A62O","BLCA","2",0.839851260185242,"1"
"Drews","10",20261010,"TCGA-FD-A6TH","BLCA","1",0.999990224838257,"1"
"Drews","10",20261010,"TCGA-G2-A3VY","BLCA","1",0.999922037124634,"1"
"Drews","10",20261010,"TCGA-G2-AA3F","BLCA","1",0.999860286712646,"1"
"Drews","10",20261010,"TCGA-GC-A3RC","BLCA","1",0.981557607650757,"1"
"Drews","10",20261010,"TCGA-GU-AATO","BLCA","1",0.999504566192627,"1"
"Drews","10",20261010,"TCGA-GV-A40G","BLCA","1",0.99998939037323,"1"
"Drews","10",20261010,"TCGA-MV-A51V","BLCA","1",0.999780595302582,"1"
"Drews","10",20261010,"TCGA-XF-A8HG","BLCA","1",0.997951805591583,"1"
"Drews","10",20261010,"TCGA-XF-A9SK","BLCA","1",0.992437899112701,"1"
"Drews","10",20261010,"TCGA-XF-A9SV","BLCA","1",0.998901844024658,"1"
"Drews","10",20261010,"TCGA-XF-A9SZ","BLCA","1",0.999796569347382,"1"
"Drews","10",20261010,"TCGA-XF-A9T6","BLCA","1",0.977656662464142,"1"
"Drews","10",20261010,"TCGA-XF-AAN3","BLCA","2",0.921253800392151,"1"
"Drews","10",20261010,"TCGA-YF-AA3L","BLCA","1",0.981129944324493,"1"
"Drews","10",20261010,"TCGA-ZF-A9R9","BLCA","1",0.89419150352478,"1"
"Drews","10",20261010,"TCGA-ZF-A9RF","BLCA","1",0.997253358364105,"1"
"Drews","10",20261010,"TCGA-ZF-A9RM","BLCA","1",0.995717585086823,"1"
"Drews","10",20261010,"TCGA-ZF-AA5H","BLCA","1",0.999908804893494,"1"
"Drews","10",20261010,"TCGA-A2-A0T7","BRCA","1",0.985904037952423,"1"
"Drews","10",20261010,"TCGA-A2-A0YM","BRCA","1",0.999969482421875,"1"
"Drews","10",20261010,"TCGA-A2-A259","BRCA","2",0.975238442420959,"1"
"Drews","10",20261010,"TCGA-A7-A0CJ","BRCA","1",0.9969282746315,"1"
"Drews","10",20261010,"TCGA-A7-A0D9","BRCA","1",0.998618006706238,"1"
"Drews","10",20261010,"TCGA-A7-A0DB","BRCA","2",0.172039642930031,"2"
"Drews","10",20261010,"TCGA-A7-A2KD","BRCA","1",0.999891042709351,"1"
"Drews","10",20261010,"TCGA-A7-A6VV","BRCA","1",0.999396443367004,"1"
"Drews","10",20261010,"TCGA-A7-A6VX","BRCA","1",0.999177396297455,"1"
"Drews","10",20261010,"TCGA-A8-A07C","BRCA","1",0.999556005001068,"1"
"Drews","10",20261010,"TCGA-A8-A07E","BRCA","1",0.996440708637238,"1"
"Drews","10",20261010,"TCGA-A8-A07I","BRCA","1",0.999179661273956,"1"
"Drews","10",20261010,"TCGA-A8-A08I","BRCA","1",0.997009217739105,"1"
"Drews","10",20261010,"TCGA-A8-A08O","BRCA","1",0.974922895431519,"1"
"Drews","10",20261010,"TCGA-A8-A09Q","BRCA","1",0.999523282051086,"1"
"Drews","10",20261010,"TCGA-AN-A03X","BRCA","1",0.997305154800415,"1"
"Drews","10",20261010,"TCGA-AN-A041","BRCA","1",0.997298538684845,"1"
"Drews","10",20261010,"TCGA-AN-A04A","BRCA","1",0.999191343784332,"1"
"Drews","10",20261010,"TCGA-AN-A0AJ","BRCA","1",0.999942660331726,"1"
"Drews","10",20261010,"TCGA-AN-A0FL","BRCA","1",0.998470604419708,"1"
"Drews","10",20261010,"TCGA-AN-A0FW","BRCA","1",0.99730384349823,"1"
"Drews","10",20261010,"TCGA-AN-A0G0","BRCA","1",0.998831689357758,"1"
"Drews","10",20261010,"TCGA-AN-A0XN","BRCA","1",0.997540593147278,"1"
"Drews","10",20261010,"TCGA-AN-A0XU","BRCA","1",0.999984860420227,"1"
"Drews","10",20261010,"TCGA-AO-A03M","BRCA","1",0.99633800983429,"1"
"Drews","10",20261010,"TCGA-AO-A03T","BRCA","1",0.993305861949921,"1"
"Drews","10",20261010,"TCGA-AO-A0J2","BRCA","1",0.999900817871094,"1"
"Drews","10",20261010,"TCGA-AO-A0J3","BRCA","1",0.999853491783142,"1"
"Drews","10",20261010,"TCGA-AO-A0JG","BRCA","1",0.868853449821472,"1"
"Drews","10",20261010,"TCGA-AQ-A0Y5","BRCA","1",0.991762518882751,"1"
"Drews","10",20261010,"TCGA-AR-A0TP","BRCA","1",0.999963760375977,"1"
"Drews","10",20261010,"TCGA-AR-A0TY","BRCA","1",0.999813139438629,"1"
"Drews","10",20261010,"TCGA-AR-A0TZ","BRCA","1",0.994876205921173,"1"
"Drews","10",20261010,"TCGA-AR-A1AU","BRCA","1",0.995999336242676,"1"
"Drews","10",20261010,"TCGA-AR-A1AY","BRCA","1",0.99982088804245,"1"
"Drews","10",20261010,"TCGA-AR-A24H","BRCA","1",0.994951248168945,"1"
"Drews","10",20261010,"TCGA-AR-A24R","BRCA","1",0.989120364189148,"1"
"Drews","10",20261010,"TCGA-AR-A254","BRCA","1",0.997416257858276,"1"
"Drews","10",20261010,"TCGA-AR-A256","BRCA","1",0.999889135360718,"1"
"Drews","10",20261010,"TCGA-B6-A0I9","BRCA","1",0.999951720237732,"1"
"Drews","10",20261010,"TCGA-B6-A0IG","BRCA","1",0.995292782783508,"1"
"Drews","10",20261010,"TCGA-B6-A0RN","BRCA","2",0.0963415205478668,"2"
"Drews","10",20261010,"TCGA-BH-A0AW","BRCA","1",0.999663591384888,"1"
"Drews","10",20261010,"TCGA-BH-A0DP","BRCA","2",0.137920171022415,"2"
"Drews","10",20261010,"TCGA-BH-A0H0","BRCA","2",0.998703479766846,"1"
"Drews","10",20261010,"TCGA-BH-A0H7","BRCA","1",0.999664783477783,"1"
"Drews","10",20261010,"TCGA-BH-A0HL","BRCA","1",0.996730446815491,"1"
"Drews","10",20261010,"TCGA-BH-A1EU","BRCA","1",0.338632106781006,"2"
"Drews","10",20261010,"TCGA-BH-A1EY","BRCA","1",0.991722881793976,"1"
"Drews","10",20261010,"TCGA-BH-A1F6","BRCA","1",0.997664451599121,"1"
"Drews","10",20261010,"TCGA-BH-A1FN","BRCA","1",0.999487519264221,"1"
"Drews","10",20261010,"TCGA-BH-A202","BRCA","1",0.999551951885223,"1"
"Drews","10",20261010,"TCGA-BH-A5J0","BRCA","1",0.992798447608948,"1"
"Drews","10",20261010,"TCGA-C8-A12K","BRCA","1",0.999862670898438,"1"
"Drews","10",20261010,"TCGA-C8-A12W","BRCA","1",0.999619603157043,"1"
"Drews","10",20261010,"TCGA-C8-A1HJ","BRCA","1",0.999842047691345,"1"
"Drews","10",20261010,"TCGA-C8-A1HL","BRCA","1",0.99979966878891,"1"
"Drews","10",20261010,"TCGA-C8-A27A","BRCA","1",0.999925851821899,"1"
"Drews","10",20261010,"TCGA-D8-A13Y","BRCA","1",0.999990940093994,"1"
"Drews","10",20261010,"TCGA-D8-A140","BRCA","1",0.998726665973663,"1"
"Drews","10",20261010,"TCGA-D8-A1J9","BRCA","1",0.999781787395477,"1"
"Drews","10",20261010,"TCGA-D8-A1JA","BRCA","1",0.984365105628967,"1"
"Drews","10",20261010,"TCGA-D8-A1Y0","BRCA","1",0.998030960559845,"1"
"Drews","10",20261010,"TCGA-D8-A27M","BRCA","1",0.999087810516357,"1"
"Drews","10",20261010,"TCGA-E2-A10A","BRCA","1",0.998902201652527,"1"
"Drews","10",20261010,"TCGA-E2-A10F","BRCA","2",0.449464321136475,"2"
"Drews","10",20261010,"TCGA-E2-A14O","BRCA","2",0.92700070142746,"1"
"Drews","10",20261010,"TCGA-E2-A14T","BRCA","1",0.999912619590759,"1"
"Drews","10",20261010,"TCGA-E2-A15T","BRCA","1",0.986827254295349,"1"
"Drews","10",20261010,"TCGA-E2-A1IG","BRCA","1",0.969692349433899,"1"
"Drews","10",20261010,"TCGA-E2-A1LG","BRCA","1",0.992917060852051,"1"
"Drews","10",20261010,"TCGA-E2-A56Z","BRCA","1",0.998282670974731,"1"
"Drews","10",20261010,"TCGA-E2-A574","BRCA","1",0.999948382377625,"1"
"Drews","10",20261010,"TCGA-E9-A1N5","BRCA","1",0.982160687446594,"1"
"Drews","10",20261010,"TCGA-E9-A1NA","BRCA","1",0.999789893627167,"1"
"Drews","10",20261010,"TCGA-E9-A1NC","BRCA","1",0.997938215732574,"1"
"Drews","10",20261010,"TCGA-E9-A1R5","BRCA","1",0.952577710151672,"1"
"Drews","10",20261010,"TCGA-E9-A244","BRCA","1",0.999988198280334,"1"
"Drews","10",20261010,"TCGA-E9-A54Y","BRCA","1",0.992038011550903,"1"
"Drews","10",20261010,"TCGA-EW-A1P6","BRCA","2",0.813879728317261,"1"
"Drews","10",20261010,"TCGA-EW-A1PD","BRCA","1",0.999801456928253,"1"
"Drews","10",20261010,"TCGA-EW-A2FS","BRCA","1",0.992641270160675,"1"
"Drews","10",20261010,"TCGA-EW-A6SA","BRCA","1",0.999862194061279,"1"
"Drews","10",20261010,"TCGA-LD-A7W5","BRCA","1",0.870857119560242,"1"
"Drews","10",20261010,"TCGA-LL-A6FR","BRCA","1",0.998596012592316,"1"
"Drews","10",20261010,"TCGA-LL-A73Y","BRCA","1",0.998572468757629,"1"
"Drews","10",20261010,"TCGA-LL-A740","BRCA","1",0.945771038532257,"1"
"Drews","10",20261010,"TCGA-OL-A5D7","BRCA","1",0.999807059764862,"1"
"Drews","10",20261010,"TCGA-OL-A5D8","BRCA","1",0.800000429153442,"1"
"Drews","10",20261010,"TCGA-OL-A5RU","BRCA","2",0.0755848065018654,"2"
"Drews","10",20261010,"TCGA-OL-A5RW","BRCA","1",0.999869585037231,"1"
"Drews","10",20261010,"TCGA-OL-A6VO","BRCA","1",0.999130070209503,"1"
"Drews","10",20261010,"TCGA-UU-A93S","BRCA","1",0.999968886375427,"1"
"Drews","10",20261010,"TCGA-V7-A7HQ","BRCA","2",0.737908124923706,"1"
"Drews","10",20261010,"TCGA-WT-AB44","BRCA","2",0.282299220561981,"2"
"Drews","10",20261010,"TCGA-C5-A1M6","CESC","1",0.999957799911499,"1"
"Drews","10",20261010,"TCGA-C5-A1M8","CESC","1",0.987452924251556,"1"
"Drews","10",20261010,"TCGA-C5-A1MI","CESC","1",0.998045921325684,"1"
"Drews","10",20261010,"TCGA-C5-A2LY","CESC","1",0.996332883834839,"1"
"Drews","10",20261010,"TCGA-C5-A7UE","CESC","2",0.955504894256592,"1"
"Drews","10",20261010,"TCGA-C5-A7UH","CESC","1",0.995869576931,"1"
"Drews","10",20261010,"TCGA-EA-A5FO","CESC","2",0.723077416419983,"1"
"Drews","10",20261010,"TCGA-EA-A5O9","CESC","1",0.988846123218536,"1"
"Drews","10",20261010,"TCGA-EK-A2H1","CESC","2",0.842415392398834,"1"
"Drews","10",20261010,"TCGA-EK-A2PG","CESC","1",0.995451867580414,"1"
"Drews","10",20261010,"TCGA-EK-A2RN","CESC","2",0.872426450252533,"1"
"Drews","10",20261010,"TCGA-HM-A6W2","CESC","1",0.881521701812744,"1"
"Drews","10",20261010,"TCGA-UC-A7PD","CESC","1",0.598312735557556,"1"
"Drews","10",20261010,"TCGA-VS-A8EK","CESC","1",0.993666231632233,"1"
"Drews","10",20261010,"TCGA-VS-A8QC","CESC","1",0.93593829870224,"1"
"Drews","10",20261010,"TCGA-VS-A8QF","CESC","1",0.994542062282562,"1"
"Drews","10",20261010,"TCGA-W5-AA2X","CHOL","1",0.999871611595154,"1"
"Drews","10",20261010,"TCGA-A6-2677","COAD","1",0.98867803812027,"1"
"Drews","10",20261010,"TCGA-AA-3660","COAD","1",0.9299635887146,"1"
"Drews","10",20261010,"TCGA-AA-3666","COAD","1",0.990916073322296,"1"
"Drews","10",20261010,"TCGA-AA-3685","COAD","1",0.972182154655457,"1"
"Drews","10",20261010,"TCGA-AA-3814","COAD","2",0.0619217790663242,"2"
"Drews","10",20261010,"TCGA-AA-A022","COAD","2",0.0323351472616196,"2"
"Drews","10",20261010,"TCGA-AD-6965","COAD","1",0.980391502380371,"1"
"Drews","10",20261010,"TCGA-AM-5820","COAD","1",0.94848895072937,"1"
"Drews","10",20261010,"TCGA-AZ-4615","COAD","2",0.0216001849621534,"2"
"Drews","10",20261010,"TCGA-CA-5254","COAD","1",0.287487059831619,"2"
"Drews","10",20261010,"TCGA-CM-6168","COAD","2",0.00872415024787188,"2"
"Drews","10",20261010,"TCGA-CM-6170","COAD","1",0.645316004753113,"1"
"Drews","10",20261010,"TCGA-CM-6675","COAD","1",0.999497294425964,"1"
"Drews","10",20261010,"TCGA-CM-6676","COAD","2",0.98851877450943,"1"
"Drews","10",20261010,"TCGA-F4-6460","COAD","1",0.960250675678253,"1"
"Drews","10",20261010,"TCGA-G4-6299","COAD","1",0.965573072433472,"1"
"Drews","10",20261010,"TCGA-G4-6303","COAD","1",0.970728874206543,"1"
"Drews","10",20261010,"TCGA-G4-6310","COAD","1",0.824342548847198,"1"
"Drews","10",20261010,"TCGA-G4-6314","COAD","1",0.963180303573608,"1"
"Drews","10",20261010,"TCGA-QG-A5YX","COAD","2",0.399643033742905,"2"
"Drews","10",20261010,"TCGA-QL-A97D","COAD","1",0.614775002002716,"1"
"Drews","10",20261010,"TCGA-FA-A82F","DLBC","1",0.997281074523926,"1"
"Drews","10",20261010,"TCGA-2H-A9GL","ESCA","1",0.999605119228363,"1"
"Drews","10",20261010,"TCGA-2H-A9GM","ESCA","1",0.999890685081482,"1"
"Drews","10",20261010,"TCGA-IC-A6RE","ESCA","1",0.997776448726654,"1"
"Drews","10",20261010,"TCGA-IG-A4QS","ESCA","1",0.999490141868591,"1"
"Drews","10",20261010,"TCGA-JY-A93F","ESCA","2",0.818382799625397,"1"
"Drews","10",20261010,"TCGA-L5-A4OF","ESCA","1",0.998959898948669,"1"
"Drews","10",20261010,"TCGA-L5-A4ON","ESCA","1",0.998922884464264,"1"
"Drews","10",20261010,"TCGA-L5-A891","ESCA","1",0.999975085258484,"1"
"Drews","10",20261010,"TCGA-L5-A8NF","ESCA","1",0.999808251857758,"1"
"Drews","10",20261010,"TCGA-L5-A8NN","ESCA","1",0.999878644943237,"1"
"Drews","10",20261010,"TCGA-LN-A49V","ESCA","1",0.998481214046478,"1"
"Drews","10",20261010,"TCGA-LN-A49Y","ESCA","1",0.999982714653015,"1"
"Drews","10",20261010,"TCGA-LN-A4A4","ESCA","1",0.998585343360901,"1"
"Drews","10",20261010,"TCGA-Q9-A6FW","ESCA","1",0.97504198551178,"1"
"Drews","10",20261010,"TCGA-S8-A6BW","ESCA","1",0.998617172241211,"1"
"Drews","10",20261010,"TCGA-V5-A7RB","ESCA","1",0.999336063861847,"1"
"Drews","10",20261010,"TCGA-VR-A8EY","ESCA","1",0.999249875545502,"1"
"Drews","10",20261010,"TCGA-VR-AA4G","ESCA","1",0.997636556625366,"1"
"Drews","10",20261010,"TCGA-06-2558","GBM","1",0.918607592582703,"1"
"Drews","10",20261010,"TCGA-06-2562","GBM","2",0.635293841362,"1"
"Drews","10",20261010,"TCGA-06-2564","GBM","1",0.209475427865982,"2"
"Drews","10",20261010,"TCGA-19-2619","GBM","1",0.873806297779083,"1"
"Drews","10",20261010,"TCGA-27-1837","GBM","2",0.595379233360291,"1"
"Drews","10",20261010,"TCGA-32-1970","GBM","1",0.906557321548462,"1"
"Drews","10",20261010,"TCGA-BA-A8YP","HNSC","1",0.999975204467773,"1"
"Drews","10",20261010,"TCGA-BB-4224","HNSC","1",0.997552931308746,"1"
"Drews","10",20261010,"TCGA-CN-4725","HNSC","1",0.997545778751373,"1"
"Drews","10",20261010,"TCGA-CN-6011","HNSC","1",0.996216952800751,"1"
"Drews","10",20261010,"TCGA-CN-6988","HNSC","1",0.991030335426331,"1"
"Drews","10",20261010,"TCGA-CN-A49A","HNSC","1",0.999634385108948,"1"
"Drews","10",20261010,"TCGA-CR-5247","HNSC","1",0.999611437320709,"1"
"Drews","10",20261010,"TCGA-CV-6937","HNSC","1",0.998497843742371,"1"
"Drews","10",20261010,"TCGA-CV-6960","HNSC","1",0.996240019798279,"1"
"Drews","10",20261010,"TCGA-CV-7177","HNSC","1",0.909461200237274,"1"
"Drews","10",20261010,"TCGA-CV-7243","HNSC","1",0.997379839420319,"1"
"Drews","10",20261010,"TCGA-CV-7430","HNSC","1",0.98704731464386,"1"
"Drews","10",20261010,"TCGA-CV-A6K2","HNSC","2",0.29096594452858,"2"
"Drews","10",20261010,"TCGA-D6-6827","HNSC","1",0.977385103702545,"1"
"Drews","10",20261010,"TCGA-HD-8224","HNSC","1",0.998484075069427,"1"
"Drews","10",20261010,"TCGA-KU-A66T","HNSC","1",0.999911546707153,"1"
"Drews","10",20261010,"TCGA-MT-A51X","HNSC","1",0.979113519191742,"1"
"Drews","10",20261010,"TCGA-P3-A6T2","HNSC","2",0.491445779800415,"2"
"Drews","10",20261010,"TCGA-QK-A6IG","HNSC","1",0.986143290996552,"1"
"Drews","10",20261010,"TCGA-QK-A6V9","HNSC","2",0.884720861911774,"1"
"Drews","10",20261010,"TCGA-QK-A8Z9","HNSC","1",0.999781906604767,"1"
"Drews","10",20261010,"TCGA-T2-A6WZ","HNSC","1",0.9842489361763,"1"
"Drews","10",20261010,"TCGA-UF-A7JH","HNSC","1",0.990498483181,"1"
"Drews","10",20261010,"TCGA-KL-8329","KICH","2",0.00108378077857196,"2"
"Drews","10",20261010,"TCGA-KL-8336","KICH","2",0.143904805183411,"2"
"Drews","10",20261010,"TCGA-KN-8421","KICH","2",0.112737961113453,"2"
"Drews","10",20261010,"TCGA-KN-8425","KICH","2",0.000811960315331817,"2"
"Drews","10",20261010,"TCGA-KN-8428","KICH","1",0.810884177684784,"1"
"Drews","10",20261010,"TCGA-KN-8432","KICH","2",0.00308083649724722,"2"
"Drews","10",20261010,"TCGA-KN-8436","KICH","2",0.0508542321622372,"2"
"Drews","10",20261010,"TCGA-A3-3380","KIRC","2",0.000324017339153215,"2"
"Drews","10",20261010,"TCGA-A3-3387","KIRC","2",0.000554405385628343,"2"
"Drews","10",20261010,"TCGA-B0-4710","KIRC","2",0.00317457458004355,"2"
"Drews","10",20261010,"TCGA-B0-5107","KIRC","2",0.00499135302379727,"2"
"Drews","10",20261010,"TCGA-BP-4161","KIRC","2",0.00100118899717927,"2"
"Drews","10",20261010,"TCGA-BP-5173","KIRC","2",0.000544000649824739,"2"
"Drews","10",20261010,"TCGA-BP-5178","KIRC","2",0.00101554568391293,"2"
"Drews","10",20261010,"TCGA-BP-5199","KIRC","2",0.00653405673801899,"2"
"Drews","10",20261010,"TCGA-CJ-4640","KIRC","2",0.000201295697479509,"2"
"Drews","10",20261010,"TCGA-CJ-4903","KIRC","2",0.000159227231051773,"2"
"Drews","10",20261010,"TCGA-CJ-6027","KIRC","2",0.00818568747490644,"2"
"Drews","10",20261010,"TCGA-CJ-6033","KIRC","2",0.00595533242449164,"2"
"Drews","10",20261010,"TCGA-CZ-4866","KIRC","2",0.00112050061579794,"2"
"Drews","10",20261010,"TCGA-CZ-5984","KIRC","2",0.00067686807597056,"2"
"Drews","10",20261010,"TCGA-EU-5907","KIRC","2",0.00113027810584754,"2"
"Drews","10",20261010,"TCGA-2Z-A9JS","KIRP","2",0.0193126909434795,"2"
"Drews","10",20261010,"TCGA-A4-A4ZT","KIRP","2",0.0292335152626038,"2"
"Drews","10",20261010,"TCGA-B3-4104","KIRP","1",0.912558495998383,"1"
"Drews","10",20261010,"TCGA-BQ-5878","KIRP","1",0.00104964256752282,"2"
"Drews","10",20261010,"TCGA-BQ-5880","KIRP","2",0.00825682561844587,"2"
"Drews","10",20261010,"TCGA-BQ-5893","KIRP","2",0.343570351600647,"2"
"Drews","10",20261010,"TCGA-G7-A8LB","KIRP","2",0.0055308248847723,"2"
"Drews","10",20261010,"TCGA-P4-A5ED","KIRP","2",0.0601962395012379,"2"
"Drews","10",20261010,"TCGA-SX-A7SS","KIRP","2",0.0135242640972137,"2"
"Drews","10",20261010,"TCGA-CS-6666","LGG","1",0.167515218257904,"2"
"Drews","10",20261010,"TCGA-DH-A7UV","LGG","2",0.0785929337143898,"2"
"Drews","10",20261010,"TCGA-DU-7010","LGG","1",0.990390539169312,"1"
"Drews","10",20261010,"TCGA-DU-7013","LGG","2",0.789052724838257,"1"
"Drews","10",20261010,"TCGA-DU-7019","LGG","1",0.104918032884598,"2"
"Drews","10",20261010,"TCGA-DU-7294","LGG","2",0.00805877801030874,"2"
"Drews","10",20261010,"TCGA-DU-7301","LGG","2",0.198313146829605,"2"
"Drews","10",20261010,"TCGA-DU-A5TW","LGG","2",0.0601780600845814,"2"
"Drews","10",20261010,"TCGA-DU-A7T6","LGG","1",0.35671266913414,"2"
"Drews","10",20261010,"TCGA-E1-A7Z2","LGG","1",0.291369795799255,"2"
"Drews","10",20261010,"TCGA-FG-7634","LGG","2",0.022488672286272,"2"
"Drews","10",20261010,"TCGA-HT-7611","LGG","1",0.00578117789700627,"2"
"Drews","10",20261010,"TCGA-HT-A614","LGG","1",0.106198258697987,"2"
"Drews","10",20261010,"TCGA-IK-8125","LGG","2",0.000373678398318589,"2"
"Drews","10",20261010,"TCGA-QH-A6X5","LGG","2",0.00360824586823583,"2"
"Drews","10",20261010,"TCGA-QH-A6XC","LGG","2",0.0538454800844193,"2"
"Drews","10",20261010,"TCGA-S9-A6TU","LGG","1",0.369250386953354,"2"
"Drews","10",20261010,"TCGA-S9-A6TW","LGG","2",0.0218170378357172,"2"
"Drews","10",20261010,"TCGA-TM-A84J","LGG","1",0.964091658592224,"1"
"Drews","10",20261010,"TCGA-TM-A84L","LGG","2",0.0088675869628787,"2"
"Drews","10",20261010,"TCGA-TQ-A7RO","LGG","2",0.000722003693226725,"2"
"Drews","10",20261010,"TCGA-VM-A8CA","LGG","2",0.0146324839442968,"2"
"Drews","10",20261010,"TCGA-VM-A8CB","LGG","2",0.00675403978675604,"2"
"Drews","10",20261010,"TCGA-VM-A8CE","LGG","2",0.00258164806291461,"2"
"Drews","10",20261010,"TCGA-2Y-A9H1","LIHC","1",0.0361732020974159,"2"
"Drews","10",20261010,"TCGA-2Y-A9H4","LIHC","1",0.962246358394623,"1"
"Drews","10",20261010,"TCGA-2Y-A9HA","LIHC","1",0.978043735027313,"1"
"Drews","10",20261010,"TCGA-3K-AAZ8","LIHC","2",0.056919626891613,"2"
"Drews","10",20261010,"TCGA-BC-4073","LIHC","1",0.969669163227081,"1"
"Drews","10",20261010,"TCGA-BC-A8YO","LIHC","1",0.993265748023987,"1"
"Drews","10",20261010,"TCGA-CC-5263","LIHC","1",0.999974966049194,"1"
"Drews","10",20261010,"TCGA-DD-A11D","LIHC","1",0.38442850112915,"2"
"Drews","10",20261010,"TCGA-DD-A4NI","LIHC","2",0.17941065132618,"2"
"Drews","10",20261010,"TCGA-DD-A73G","LIHC","1",0.995785295963287,"1"
"Drews","10",20261010,"TCGA-DD-AADP","LIHC","1",0.88933140039444,"1"
"Drews","10",20261010,"TCGA-DD-AAEI","LIHC","1",0.639164388179779,"1"
"Drews","10",20261010,"TCGA-EP-A2KB","LIHC","2",0.616623044013977,"1"
"Drews","10",20261010,"TCGA-EP-A2KC","LIHC","2",0.438569575548172,"2"
"Drews","10",20261010,"TCGA-ES-A2HT","LIHC","2",0.224413961172104,"2"
"Drews","10",20261010,"TCGA-FV-A496","LIHC","1",0.969238698482513,"1"
"Drews","10",20261010,"TCGA-G3-A25S","LIHC","1",0.995666146278381,"1"
"Drews","10",20261010,"TCGA-G3-A6UC","LIHC","1",0.64811760187149,"1"
"Drews","10",20261010,"TCGA-GJ-A6C0","LIHC","1",0.994367659091949,"1"
"Drews","10",20261010,"TCGA-UB-A7ME","LIHC","1",0.982626855373383,"1"
"Drews","10",20261010,"TCGA-WX-AA44","LIHC","1",0.996848285198212,"1"
"Drews","10",20261010,"TCGA-05-4390","LUAD","1",0.999728858470917,"1"
"Drews","10",20261010,"TCGA-05-4422","LUAD","1",0.890826642513275,"1"
"Drews","10",20261010,"TCGA-05-5715","LUAD","1",0.940605342388153,"1"
"Drews","10",20261010,"TCGA-38-4630","LUAD","1",0.999807417392731,"1"
"Drews","10",20261010,"TCGA-44-5644","LUAD","1",0.999982595443726,"1"
"Drews","10",20261010,"TCGA-44-6779","LUAD","1",0.994787335395813,"1"
"Drews","10",20261010,"TCGA-44-7669","LUAD","1",0.99933123588562,"1"
"Drews","10",20261010,"TCGA-44-A47B","LUAD","1",0.985594511032104,"1"
"Drews","10",20261010,"TCGA-44-A4SU","LUAD","1",0.9975945353508,"1"
"Drews","10",20261010,"TCGA-55-1592","LUAD","1",0.999826848506927,"1"
"Drews","10",20261010,"TCGA-55-5899","LUAD","1",0.999892830848694,"1"
"Drews","10",20261010,"TCGA-55-6968","LUAD","1",0.999732911586761,"1"
"Drews","10",20261010,"TCGA-55-7903","LUAD","1",0.999459326267242,"1"
"Drews","10",20261010,"TCGA-55-A48Z","LUAD","1",0.999632477760315,"1"
"Drews","10",20261010,"TCGA-62-A46S","LUAD","1",0.99605393409729,"1"
"Drews","10",20261010,"TCGA-64-1680","LUAD","2",0.886751890182495,"1"
"Drews","10",20261010,"TCGA-67-3772","LUAD","1",0.951408624649048,"1"
"Drews","10",20261010,"TCGA-67-3774","LUAD","1",0.994449377059937,"1"
"Drews","10",20261010,"TCGA-73-4677","LUAD","2",0.769901275634766,"1"
"Drews","10",20261010,"TCGA-78-7161","LUAD","1",0.999917268753052,"1"
"Drews","10",20261010,"TCGA-78-7220","LUAD","1",0.999982237815857,"1"
"Drews","10",20261010,"TCGA-86-8054","LUAD","1",0.999768912792206,"1"
"Drews","10",20261010,"TCGA-86-8279","LUAD","1",0.999981045722961,"1"
"Drews","10",20261010,"TCGA-91-6840","LUAD","1",0.999161243438721,"1"
"Drews","10",20261010,"TCGA-91-6847","LUAD","1",0.999086260795593,"1"
"Drews","10",20261010,"TCGA-L4-A4E5","LUAD","1",0.999817907810211,"1"
"Drews","10",20261010,"TCGA-MP-A4SW","LUAD","1",0.999121963977814,"1"
"Drews","10",20261010,"TCGA-18-3416","LUSC","1",0.998845100402832,"1"
"Drews","10",20261010,"TCGA-18-3421","LUSC","1",0.995935201644897,"1"
"Drews","10",20261010,"TCGA-18-4083","LUSC","1",0.999504089355469,"1"
"Drews","10",20261010,"TCGA-21-1080","LUSC","1",0.999823153018951,"1"
"Drews","10",20261010,"TCGA-22-4591","LUSC","1",0.999922156333923,"1"
"Drews","10",20261010,"TCGA-22-5473","LUSC","1",0.999852657318115,"1"
"Drews","10",20261010,"TCGA-33-4532","LUSC","1",0.99990713596344,"1"
"Drews","10",20261010,"TCGA-34-2600","LUSC","1",0.998190104961395,"1"
"Drews","10",20261010,"TCGA-37-3789","LUSC","1",0.999755680561066,"1"
"Drews","10",20261010,"TCGA-39-5035","LUSC","1",0.996752679347992,"1"
"Drews","10",20261010,"TCGA-39-5037","LUSC","1",0.999865889549255,"1"
"Drews","10",20261010,"TCGA-43-6771","LUSC","1",0.79686838388443,"1"
"Drews","10",20261010,"TCGA-43-A474","LUSC","1",0.999504566192627,"1"
"Drews","10",20261010,"TCGA-46-6025","LUSC","1",0.9998779296875,"1"
"Drews","10",20261010,"TCGA-56-8628","LUSC","1",0.994526922702789,"1"
"Drews","10",20261010,"TCGA-60-2706","LUSC","1",0.999939799308777,"1"
"Drews","10",20261010,"TCGA-60-2708","LUSC","1",0.989179015159607,"1"
"Drews","10",20261010,"TCGA-60-2722","LUSC","1",0.999815046787262,"1"
"Drews","10",20261010,"TCGA-63-A5MB","LUSC","1",0.999892711639404,"1"
"Drews","10",20261010,"TCGA-63-A5MH","LUSC","1",0.996200621128082,"1"
"Drews","10",20261010,"TCGA-63-A5MY","LUSC","1",0.999983668327332,"1"
"Drews","10",20261010,"TCGA-66-2766","LUSC","1",0.999959111213684,"1"
"Drews","10",20261010,"TCGA-6A-AB49","LUSC","1",0.999852299690247,"1"
"Drews","10",20261010,"TCGA-77-7141","LUSC","1",0.999924778938293,"1"
"Drews","10",20261010,"TCGA-85-8070","LUSC","1",0.999966502189636,"1"
"Drews","10",20261010,"TCGA-85-A510","LUSC","1",0.999818980693817,"1"
"Drews","10",20261010,"TCGA-85-A5B5","LUSC","1",0.999542593955994,"1"
"Drews","10",20261010,"TCGA-96-7544","LUSC","1",0.999063193798065,"1"
"Drews","10",20261010,"TCGA-96-A4JK","LUSC","1",0.999931931495667,"1"
"Drews","10",20261010,"TCGA-J1-A4AH","LUSC","1",0.999919772148132,"1"
"Drews","10",20261010,"TCGA-LA-A7SW","LUSC","1",0.999987006187439,"1"
"Drews","10",20261010,"TCGA-NC-A5HD","LUSC","1",0.999910831451416,"1"
"Drews","10",20261010,"TCGA-O2-A52N","LUSC","1",0.99958211183548,"1"
"Drews","10",20261010,"TCGA-O2-A52Q","LUSC","1",0.999637722969055,"1"
"Drews","10",20261010,"TCGA-MQ-A6BS","MESO","1",0.84763777256012,"1"
"Drews","10",20261010,"TCGA-SH-A7BH","MESO","2",0.94896674156189,"1"
"Drews","10",20261010,"TCGA-SH-A9CT","MESO","1",0.991538047790527,"1"
"Drews","10",20261010,"TCGA-TS-A7OZ","MESO","1",0.99768602848053,"1"
"Drews","10",20261010,"TCGA-09-0369","OV","1",0.999946117401123,"1"
"Drews","10",20261010,"TCGA-09-1674","OV","1",0.999902009963989,"1"
"Drews","10",20261010,"TCGA-09-2051","OV","1",0.999982357025146,"1"
"Drews","10",20261010,"TCGA-13-0893","OV","1",0.99999475479126,"1"
"Drews","10",20261010,"TCGA-13-0916","OV","1",0.999919414520264,"1"
"Drews","10",20261010,"TCGA-13-0920","OV","1",0.999994516372681,"1"
"Drews","10",20261010,"TCGA-13-1405","OV","1",0.999840617179871,"1"
"Drews","10",20261010,"TCGA-23-2077","OV","1",0.999987483024597,"1"
"Drews","10",20261010,"TCGA-23-2084","OV","1",0.999863266944885,"1"
"Drews","10",20261010,"TCGA-24-1424","OV","1",0.999997973442078,"1"
"Drews","10",20261010,"TCGA-24-1551","OV","1",0.999543488025665,"1"
"Drews","10",20261010,"TCGA-24-2024","OV","1",0.999909639358521,"1"
"Drews","10",20261010,"TCGA-24-2035","OV","1",0.999971747398376,"1"
"Drews","10",20261010,"TCGA-24-2267","OV","1",0.999488711357117,"1"
"Drews","10",20261010,"TCGA-24-2290","OV","1",0.999933123588562,"1"
"Drews","10",20261010,"TCGA-25-1313","OV","1",0.99987268447876,"1"
"Drews","10",20261010,"TCGA-25-2392","OV","1",0.99991512298584,"1"
"Drews","10",20261010,"TCGA-25-2396","OV","1",0.999740421772003,"1"
"Drews","10",20261010,"TCGA-25-2400","OV","1",0.999951362609863,"1"
"Drews","10",20261010,"TCGA-29-1691","OV","1",0.999992728233337,"1"
"Drews","10",20261010,"TCGA-29-1763","OV","1",0.999883890151978,"1"
"Drews","10",20261010,"TCGA-29-1778","OV","1",0.999539017677307,"1"
"Drews","10",20261010,"TCGA-30-1718","OV","1",0.999976634979248,"1"
"Drews","10",20261010,"TCGA-30-1862","OV","1",0.9994877576828,"1"
"Drews","10",20261010,"TCGA-31-1959","OV","1",0.999977588653564,"1"
"Drews","10",20261010,"TCGA-57-1993","OV","1",0.999904632568359,"1"
"Drews","10",20261010,"TCGA-59-2354","OV","1",0.999810636043549,"1"
"Drews","10",20261010,"TCGA-61-1998","OV","1",0.999939322471619,"1"
"Drews","10",20261010,"TCGA-61-2012","OV","1",0.999811232089996,"1"
"Drews","10",20261010,"TCGA-61-2092","OV","1",0.728801071643829,"1"
"Drews","10",20261010,"TCGA-61-2094","OV","1",0.999151825904846,"1"
"Drews","10",20261010,"TCGA-61-2111","OV","1",0.999651789665222,"1"
"Drews","10",20261010,"TCGA-WR-A838","OV","1",0.999894857406616,"1"
"Drews","10",20261010,"TCGA-3A-A9IB","PAAD","1",0.993600487709045,"1"
"Drews","10",20261010,"TCGA-FB-A78T","PAAD","1",0.439760446548462,"2"
"Drews","10",20261010,"TCGA-HZ-A9TJ","PAAD","1",0.818057417869568,"1"
"Drews","10",20261010,"TCGA-IB-A6UF","PAAD","1",0.992445886135101,"1"
"Drews","10",20261010,"TCGA-IB-AAUO","PAAD","1",0.896419644355774,"1"
"Drews","10",20261010,"TCGA-QR-A6ZZ","PCPG","1",0.0149619281291962,"2"
"Drews","10",20261010,"TCGA-QR-A708","PCPG","1",0.490002870559692,"2"
"Drews","10",20261010,"TCGA-QR-A7IP","PCPG","2",0.11054839938879,"2"
"Drews","10",20261010,"TCGA-RW-A68C","PCPG","2",0.003224759362638,"2"
"Drews","10",20261010,"TCGA-RW-A7CZ","PCPG","1",0.00413832860067487,"2"
"Drews","10",20261010,"TCGA-S7-A7WN","PCPG","2",0.332834184169769,"2"
"Drews","10",20261010,"TCGA-SP-A6QD","PCPG","2",0.00913232285529375,"2"
"Drews","10",20261010,"TCGA-SP-A6QK","PCPG","2",0.104995734989643,"2"
"Drews","10",20261010,"TCGA-W2-A7H5","PCPG","2",0.509421408176422,"1"
"Drews","10",20261010,"TCGA-WB-A821","PCPG","2",0.00665103504434228,"2"
"Drews","10",20261010,"TCGA-CH-5737","PRAD","1",0.878016591072083,"1"
"Drews","10",20261010,"TCGA-CH-5788","PRAD","1",0.999653697013855,"1"
"Drews","10",20261010,"TCGA-EJ-8469","PRAD","1",0.971271216869354,"1"
"Drews","10",20261010,"TCGA-EJ-A65M","PRAD","1",0.945982217788696,"1"
"Drews","10",20261010,"TCGA-G9-6384","PRAD","2",0.59560763835907,"1"
"Drews","10",20261010,"TCGA-HC-A76W","PRAD","2",0.919244825839996,"1"
"Drews","10",20261010,"TCGA-HC-A8CY","PRAD","1",0.995947062969208,"1"
"Drews","10",20261010,"TCGA-HC-A9TE","PRAD","1",0.9519003033638,"1"
"Drews","10",20261010,"TCGA-J4-A67N","PRAD","1",0.93666011095047,"1"
"Drews","10",20261010,"TCGA-J9-A8CL","PRAD","1",0.999045193195343,"1"
"Drews","10",20261010,"TCGA-KK-A6E4","PRAD","2",0.87467098236084,"1"
"Drews","10",20261010,"TCGA-KK-A6E5","PRAD","1",0.99288272857666,"1"
"Drews","10",20261010,"TCGA-KK-A6E8","PRAD","1",0.998595297336578,"1"
"Drews","10",20261010,"TCGA-KK-A7AP","PRAD","1",0.999360740184784,"1"
"Drews","10",20261010,"TCGA-V1-A8ML","PRAD","2",0.878089606761932,"1"
"Drews","10",20261010,"TCGA-V1-A9ZR","PRAD","1",0.88009113073349,"1"
"Drews","10",20261010,"TCGA-YL-A8SO","PRAD","1",0.997660636901855,"1"
"Drews","10",20261010,"TCGA-ZG-A9LN","PRAD","1",0.967616140842438,"1"
"Drews","10",20261010,"TCGA-AG-3887","READ","2",0.117211505770683,"2"
"Drews","10",20261010,"TCGA-AG-3893","READ","1",0.984033465385437,"1"
"Drews","10",20261010,"TCGA-AG-3901","READ","2",0.250639617443085,"2"
"Drews","10",20261010,"TCGA-AG-4015","READ","1",0.999649524688721,"1"
"Drews","10",20261010,"TCGA-AG-4022","READ","2",0.508144915103912,"1"
"Drews","10",20261010,"TCGA-AG-A01Y","READ","1",0.990975916385651,"1"
"Drews","10",20261010,"TCGA-AG-A026","READ","1",0.990057051181793,"1"
"Drews","10",20261010,"TCGA-DC-6155","READ","1",0.997715592384338,"1"
"Drews","10",20261010,"TCGA-F5-6813","READ","1",0.952180981636047,"1"
"Drews","10",20261010,"TCGA-3B-A9HL","SARC","1",0.997502624988556,"1"
"Drews","10",20261010,"TCGA-3B-A9HO","SARC","1",0.955236494541168,"1"
"Drews","10",20261010,"TCGA-DX-A1KW","SARC","1",0.999208867549896,"1"
"Drews","10",20261010,"TCGA-DX-A3M1","SARC","1",0.998317360877991,"1"
"Drews","10",20261010,"TCGA-DX-A6B8","SARC","1",0.999603092670441,"1"
"Drews","10",20261010,"TCGA-DX-A6YQ","SARC","1",0.999121606349945,"1"
"Drews","10",20261010,"TCGA-DX-A7EI","SARC","1",0.99831885099411,"1"
"Drews","10",20261010,"TCGA-DX-AB2T","SARC","1",0.999109923839569,"1"
"Drews","10",20261010,"TCGA-DX-AB2W","SARC","1",0.998253881931305,"1"
"Drews","10",20261010,"TCGA-DX-AB37","SARC","1",0.915322065353394,"1"
"Drews","10",20261010,"TCGA-FX-A3TO","SARC","1",0.999221444129944,"1"
"Drews","10",20261010,"TCGA-HB-A3L4","SARC","1",0.997763991355896,"1"
"Drews","10",20261010,"TCGA-HB-A43Z","SARC","1",0.997923493385315,"1"
"Drews","10",20261010,"TCGA-IE-A6BZ","SARC","1",0.99992823600769,"1"
"Drews","10",20261010,"TCGA-K1-A6RU","SARC","1",0.99837601184845,"1"
"Drews","10",20261010,"TCGA-K1-A6RV","SARC","1",0.999907493591309,"1"
"Drews","10",20261010,"TCGA-KD-A5QS","SARC","1",0.999778926372528,"1"
"Drews","10",20261010,"TCGA-MB-A8JK","SARC","1",0.998826682567596,"1"
"Drews","10",20261010,"TCGA-QQ-A5V9","SARC","1",0.992743968963623,"1"
"Drews","10",20261010,"TCGA-QQ-A5VB","SARC","1",0.999059617519379,"1"
"Drews","10",20261010,"TCGA-SG-A6Z7","SARC","1",0.999946236610413,"1"
"Drews","10",20261010,"TCGA-WK-A8XO","SARC","1",0.953807890415192,"1"
"Drews","10",20261010,"TCGA-WK-A8XX","SARC","1",0.998975992202759,"1"
"Drews","10",20261010,"TCGA-Z4-AAPG","SARC","1",0.99598503112793,"1"
"Drews","10",20261010,"TCGA-BF-AAP2","SKCM","1",0.885249853134155,"1"
"Drews","10",20261010,"TCGA-D9-A4Z5","SKCM","1",0.937858283519745,"1"
"Drews","10",20261010,"TCGA-EB-A3Y7","SKCM","2",0.90267813205719,"1"
"Drews","10",20261010,"TCGA-EB-A41A","SKCM","2",0.991117596626282,"1"
"Drews","10",20261010,"TCGA-EB-A41B","SKCM","1",0.997043550014496,"1"
"Drews","10",20261010,"TCGA-EB-A4IS","SKCM","2",0.879155278205872,"1"
"Drews","10",20261010,"TCGA-EB-A57M","SKCM","1",0.964266657829285,"1"
"Drews","10",20261010,"TCGA-EB-A5VU","SKCM","1",0.992290318012238,"1"
"Drews","10",20261010,"TCGA-BR-4191","STAD","1",0.99900096654892,"1"
"Drews","10",20261010,"TCGA-BR-4257","STAD","2",0.780518293380737,"1"
"Drews","10",20261010,"TCGA-BR-4267","STAD","1",0.827386677265167,"1"
"Drews","10",20261010,"TCGA-BR-6455","STAD","2",0.92023366689682,"1"
"Drews","10",20261010,"TCGA-BR-6566","STAD","2",0.901543855667114,"1"
"Drews","10",20261010,"TCGA-BR-7715","STAD","1",0.99957937002182,"1"
"Drews","10",20261010,"TCGA-BR-7723","STAD","1",0.999759137630463,"1"
"Drews","10",20261010,"TCGA-BR-A44U","STAD","1",0.99783843755722,"1"
"Drews","10",20261010,"TCGA-CD-8527","STAD","1",0.999940633773804,"1"
"Drews","10",20261010,"TCGA-CD-8528","STAD","1",0.996435761451721,"1"
"Drews","10",20261010,"TCGA-CD-8535","STAD","1",0.999531149864197,"1"
"Drews","10",20261010,"TCGA-CD-A4MJ","STAD","2",0.395678877830505,"2"
"Drews","10",20261010,"TCGA-CG-4440","STAD","1",0.991334140300751,"1"
"Drews","10",20261010,"TCGA-CG-4474","STAD","2",0.696337103843689,"1"
"Drews","10",20261010,"TCGA-CG-5724","STAD","1",0.999866247177124,"1"
"Drews","10",20261010,"TCGA-HU-8244","STAD","2",0.840834319591522,"1"
"Drews","10",20261010,"TCGA-HU-A4G2","STAD","2",0.799005925655365,"1"
"Drews","10",20261010,"TCGA-HU-A4GF","STAD","1",0.999191105365753,"1"
"Drews","10",20261010,"TCGA-HU-A4GH","STAD","1",0.999686598777771,"1"
"Drews","10",20261010,"TCGA-IN-A6RN","STAD","1",0.999744236469269,"1"
"Drews","10",20261010,"TCGA-IN-A6RR","STAD","1",0.999876976013184,"1"
"Drews","10",20261010,"TCGA-VQ-A8E3","STAD","1",0.984597265720367,"1"
"Drews","10",20261010,"TCGA-VQ-A8P3","STAD","1",0.955998301506042,"1"
"Drews","10",20261010,"TCGA-VQ-A91A","STAD","1",0.999336898326874,"1"
"Drews","10",20261010,"TCGA-VQ-A91U","STAD","1",0.9910609126091,"1"
"Drews","10",20261010,"TCGA-VQ-AA64","STAD","1",0.99997878074646,"1"
"Drews","10",20261010,"TCGA-VQ-AA6D","STAD","1",0.999992847442627,"1"
"Drews","10",20261010,"TCGA-2G-AAGV","TGCT","2",0.44240015745163,"2"
"Drews","10",20261010,"TCGA-2G-AAGW","TGCT","1",0.998774111270905,"1"
"Drews","10",20261010,"TCGA-YU-AA4L","TGCT","1",0.999688506126404,"1"
"Drews","10",20261010,"TCGA-ZM-AA0B","TGCT","1",0.983357846736908,"1"
"Drews","10",20261010,"TCGA-DJ-A2Q0","THCA","2",0.00841396022588015,"2"
"Drews","10",20261010,"TCGA-FY-A3I5","THCA","2",0.00861366279423237,"2"
"Drews","10",20261010,"TCGA-ZB-A966","THYM","2",0.895492255687714,"1"
"Drews","10",20261010,"TCGA-A5-A0R7","UCEC","2",0.949312150478363,"1"
"Drews","10",20261010,"TCGA-A5-A1OG","UCEC","1",0.999810516834259,"1"
"Drews","10",20261010,"TCGA-A5-A2K4","UCEC","1",0.997160077095032,"1"
"Drews","10",20261010,"TCGA-A5-A3LP","UCEC","1",0.998949348926544,"1"
"Drews","10",20261010,"TCGA-AJ-A23N","UCEC","1",0.999829888343811,"1"
"Drews","10",20261010,"TCGA-AP-A053","UCEC","1",0.9973184466362,"1"
"Drews","10",20261010,"TCGA-AP-A05D","UCEC","1",0.999808251857758,"1"
"Drews","10",20261010,"TCGA-AP-A0L9","UCEC","1",0.999984979629517,"1"
"Drews","10",20261010,"TCGA-AX-A2HD","UCEC","2",0.965312838554382,"1"
"Drews","10",20261010,"TCGA-AX-A2HJ","UCEC","2",0.271365851163864,"2"
"Drews","10",20261010,"TCGA-AX-A3FW","UCEC","1",0.979612708091736,"1"
"Drews","10",20261010,"TCGA-AX-A3G4","UCEC","1",0.999312996864319,"1"
"Drews","10",20261010,"TCGA-B5-A0JS","UCEC","1",0.00777062913402915,"2"
"Drews","10",20261010,"TCGA-B5-A121","UCEC","2",0.0933966264128685,"2"
"Drews","10",20261010,"TCGA-B5-A1N2","UCEC","1",0.999945044517517,"1"
"Drews","10",20261010,"TCGA-B5-A5OD","UCEC","1",0.999216079711914,"1"
"Drews","10",20261010,"TCGA-BG-A0M6","UCEC","1",0.999820172786713,"1"
"Drews","10",20261010,"TCGA-BG-A18B","UCEC","2",0.0101307230070233,"2"
"Drews","10",20261010,"TCGA-BG-A2AE","UCEC","2",0.913272380828857,"1"
"Drews","10",20261010,"TCGA-BK-A4ZD","UCEC","1",0.996732473373413,"1"
"Drews","10",20261010,"TCGA-D1-A0ZP","UCEC","1",0.999652028083801,"1"
"Drews","10",20261010,"TCGA-D1-A0ZZ","UCEC","1",0.999961972236633,"1"
"Drews","10",20261010,"TCGA-D1-A16O","UCEC","2",0.0225619804114103,"2"
"Drews","10",20261010,"TCGA-D1-A17K","UCEC","1",0.989080131053925,"1"
"Drews","10",20261010,"TCGA-D1-A17M","UCEC","2",0.0360036417841911,"2"
"Drews","10",20261010,"TCGA-D1-A3DG","UCEC","1",0.994220733642578,"1"
"Drews","10",20261010,"TCGA-D1-A3JP","UCEC","1",0.908876538276672,"1"
"Drews","10",20261010,"TCGA-DF-A2KS","UCEC","1",0.999786794185638,"1"
"Drews","10",20261010,"TCGA-DI-A2QY","UCEC","1",0.999810039997101,"1"
"Drews","10",20261010,"TCGA-EO-A3KU","UCEC","1",0.999765455722809,"1"
"Drews","10",20261010,"TCGA-EY-A212","UCEC","1",0.999137222766876,"1"
"Drews","10",20261010,"TCGA-EY-A4KR","UCEC","1",0.999808490276337,"1"
"Drews","10",20261010,"TCGA-FI-A2EY","UCEC","1",0.993103682994843,"1"
"Drews","10",20261010,"TCGA-KP-A3W3","UCEC","1",0.999466001987457,"1"
"Drews","10",20261010,"TCGA-N5-A4R8","UCS","1",0.999965906143188,"1"
"Drews","10",20261010,"TCGA-N5-A4RM","UCS","1",0.992311239242554,"1"
"Drews","10",20261010,"TCGA-N5-A4RT","UCS","1",0.999956965446472,"1"
"Drews","10",20261010,"TCGA-N5-A4RU","UCS","1",0.999790132045746,"1"
"Drews","10",20261010,"TCGA-N5-A59F","UCS","1",0.99963390827179,"1"
"Drews","10",20261010,"TCGA-N9-A4Q4","UCS","1",0.999937772750854,"1"
"Drews","10",20261010,"TCGA-ND-A4W6","UCS","1",0.999466121196747,"1"
"Drews","10",20261010,"TCGA-V4-A9E5","UVM","2",0.0116606466472149,"2"
"Drews","10",20261010,"TCGA-V4-A9EE","UVM","2",0.0499726012349129,"2"
"Drews","10",20261010,"TCGA-V4-A9F5","UVM","2",0.00483581982553005,"2"
"Drews","10",20261010,"TCGA-VD-A8KN","UVM","2",0.00211020791903138,"2"
"Drews","11",20261011,"TCGA-OR-A5JG","ACC","2",0.989318907260895,"1"
"Drews","11",20261011,"TCGA-OR-A5JM","ACC","1",0.991080939769745,"1"
"Drews","11",20261011,"TCGA-OR-A5JS","ACC","1",0.89354419708252,"1"
"Drews","11",20261011,"TCGA-OR-A5K1","ACC","2",0.0923422649502754,"2"
"Drews","11",20261011,"TCGA-OR-A5K5","ACC","1",0.996099233627319,"1"
"Drews","11",20261011,"TCGA-OR-A5KV","ACC","2",0.556847870349884,"1"
"Drews","11",20261011,"TCGA-OR-A5LA","ACC","2",0.0409568846225739,"2"
"Drews","11",20261011,"TCGA-OR-A5LJ","ACC","2",0.995260417461395,"1"
"Drews","11",20261011,"TCGA-4Z-AA80","BLCA","1",0.999270975589752,"1"
"Drews","11",20261011,"TCGA-4Z-AA81","BLCA","1",0.987203896045685,"1"
"Drews","11",20261011,"TCGA-4Z-AA82","BLCA","1",0.996979236602783,"1"
"Drews","11",20261011,"TCGA-BL-A0C8","BLCA","1",0.999294638633728,"1"
"Drews","11",20261011,"TCGA-BL-A13J","BLCA","1",0.999854326248169,"1"
"Drews","11",20261011,"TCGA-BT-A42C","BLCA","1",0.999156951904297,"1"
"Drews","11",20261011,"TCGA-CF-A8HY","BLCA","1",0.99869978427887,"1"
"Drews","11",20261011,"TCGA-DK-A1A7","BLCA","1",0.999906063079834,"1"
"Drews","11",20261011,"TCGA-DK-A2HX","BLCA","1",0.999635338783264,"1"
"Drews","11",20261011,"TCGA-DK-A6AV","BLCA","1",0.999899744987488,"1"
"Drews","11",20261011,"TCGA-DK-AA6L","BLCA","1",0.999876737594604,"1"
"Drews","11",20261011,"TCGA-DK-AA71","BLCA","1",0.931938827037811,"1"
"Drews","11",20261011,"TCGA-E7-A6ME","BLCA","1",0.998995840549469,"1"
"Drews","11",20261011,"TCGA-E7-A85H","BLCA","1",0.999964833259583,"1"
"Drews","11",20261011,"TCGA-FD-A3N5","BLCA","1",0.995489656925201,"1"
"Drews","11",20261011,"TCGA-FD-A6TC","BLCA","1",0.999907970428467,"1"
"Drews","11",20261011,"TCGA-FD-A6TH","BLCA","1",0.999869585037231,"1"
"Drews","11",20261011,"TCGA-GV-A3JX","BLCA","1",0.99989378452301,"1"
"Drews","11",20261011,"TCGA-K4-A3WV","BLCA","1",0.999748885631561,"1"
"Drews","11",20261011,"TCGA-K4-A6MB","BLCA","1",0.999998807907104,"1"
"Drews","11",20261011,"TCGA-KQ-A41N","BLCA","1",0.999701678752899,"1"
"Drews","11",20261011,"TCGA-KQ-A41O","BLCA","1",0.999484896659851,"1"
"Drews","11",20261011,"TCGA-UY-A9PD","BLCA","1",0.999619722366333,"1"
"Drews","11",20261011,"TCGA-UY-A9PH","BLCA","1",0.999665975570679,"1"
"Drews","11",20261011,"TCGA-XF-A8HC","BLCA","1",0.999651432037354,"1"
"Drews","11",20261011,"TCGA-XF-A9SJ","BLCA","1",0.998902440071106,"1"
"Drews","11",20261011,"TCGA-XF-A9T6","BLCA","1",0.999121248722076,"1"
"Drews","11",20261011,"TCGA-XF-A9T8","BLCA","1",0.983237862586975,"1"
"Drews","11",20261011,"TCGA-XF-AAMG","BLCA","1",0.999943733215332,"1"
"Drews","11",20261011,"TCGA-XF-AAN7","BLCA","1",0.999373137950897,"1"
"Drews","11",20261011,"TCGA-ZF-A9R4","BLCA","1",0.996322751045227,"1"
"Drews","11",20261011,"TCGA-ZF-A9RE","BLCA","1",0.998415350914001,"1"
"Drews","11",20261011,"TCGA-ZF-AA51","BLCA","1",0.999702155590057,"1"
"Drews","11",20261011,"TCGA-3C-AALJ","BRCA","1",0.999789893627167,"1"
"Drews","11",20261011,"TCGA-A1-A0SI","BRCA","2",0.998046636581421,"1"
"Drews","11",20261011,"TCGA-A1-A0SN","BRCA","1",0.999685525894165,"1"
"Drews","11",20261011,"TCGA-A2-A04T","BRCA","1",0.999976515769958,"1"
"Drews","11",20261011,"TCGA-A2-A0EX","BRCA","1",0.150306969881058,"2"
"Drews","11",20261011,"TCGA-A2-A0EY","BRCA","1",0.999588549137115,"1"
"Drews","11",20261011,"TCGA-A2-A0T2","BRCA","1",0.997263193130493,"1"
"Drews","11",20261011,"TCGA-A2-A0T7","BRCA","1",0.997239947319031,"1"
"Drews","11",20261011,"TCGA-A2-A0YJ","BRCA","1",0.999941825866699,"1"
"Drews","11",20261011,"TCGA-A2-A0YT","BRCA","1",0.999953985214233,"1"
"Drews","11",20261011,"TCGA-A2-A25E","BRCA","1",0.999665141105652,"1"
"Drews","11",20261011,"TCGA-A2-A3Y0","BRCA","1",0.999958992004395,"1"
"Drews","11",20261011,"TCGA-A7-A0CD","BRCA","2",0.682970643043518,"1"
"Drews","11",20261011,"TCGA-A7-A0CJ","BRCA","1",0.997444152832031,"1"
"Drews","11",20261011,"TCGA-A7-A26E","BRCA","2",0.0959020256996155,"2"
"Drews","11",20261011,"TCGA-A7-A5ZV","BRCA","1",0.999951720237732,"1"
"Drews","11",20261011,"TCGA-A7-A6VV","BRCA","1",0.999850749969482,"1"
"Drews","11",20261011,"TCGA-A7-A6VY","BRCA","1",0.999928832054138,"1"
"Drews","11",20261011,"TCGA-A8-A06Q","BRCA","1",0.991211235523224,"1"
"Drews","11",20261011,"TCGA-A8-A07G","BRCA","1",0.952976942062378,"1"
"Drews","11",20261011,"TCGA-A8-A094","BRCA","1",0.999039709568024,"1"
"Drews","11",20261011,"TCGA-A8-A097","BRCA","1",0.999456584453583,"1"
"Drews","11",20261011,"TCGA-A8-A099","BRCA","1",0.24210099875927,"2"
"Drews","11",20261011,"TCGA-A8-A09I","BRCA","1",0.999982953071594,"1"
"Drews","11",20261011,"TCGA-AC-A23C","BRCA","1",0.975167572498322,"1"
"Drews","11",20261011,"TCGA-AC-A2BM","BRCA","1",0.973202645778656,"1"
"Drews","11",20261011,"TCGA-AC-A3W5","BRCA","1",0.999816596508026,"1"
"Drews","11",20261011,"TCGA-AC-A5XU","BRCA","1",0.995971739292145,"1"
"Drews","11",20261011,"TCGA-AC-A7VB","BRCA","1",0.999881982803345,"1"
"Drews","11",20261011,"TCGA-AN-A04C","BRCA","1",0.999777734279633,"1"
"Drews","11",20261011,"TCGA-AN-A0FV","BRCA","1",0.999685645103455,"1"
"Drews","11",20261011,"TCGA-AN-A0FW","BRCA","1",0.997993469238281,"1"
"Drews","11",20261011,"TCGA-AN-A0XS","BRCA","2",0.456554085016251,"2"
"Drews","11",20261011,"TCGA-AO-A03L","BRCA","1",0.999934196472168,"1"
"Drews","11",20261011,"TCGA-AO-A03M","BRCA","1",0.99841570854187,"1"
"Drews","11",20261011,"TCGA-AO-A03N","BRCA","1",0.995351076126099,"1"
"Drews","11",20261011,"TCGA-AO-A03O","BRCA","1",0.999542474746704,"1"
"Drews","11",20261011,"TCGA-AR-A0TV","BRCA","1",0.999339163303375,"1"
"Drews","11",20261011,"TCGA-AR-A256","BRCA","1",0.999959826469421,"1"
"Drews","11",20261011,"TCGA-B6-A0I8","BRCA","1",0.999197900295258,"1"
"Drews","11",20261011,"TCGA-B6-A0IA","BRCA","1",0.882183909416199,"1"
"Drews","11",20261011,"TCGA-B6-A0IN","BRCA","1",0.995736241340637,"1"
"Drews","11",20261011,"TCGA-B6-A0RV","BRCA","1",0.342781007289886,"2"
"Drews","11",20261011,"TCGA-BH-A0B5","BRCA","2",0.617717206478119,"1"
"Drews","11",20261011,"TCGA-BH-A0DD","BRCA","1",0.999671101570129,"1"
"Drews","11",20261011,"TCGA-BH-A0DG","BRCA","1",0.999552190303802,"1"
"Drews","11",20261011,"TCGA-BH-A0DZ","BRCA","1",0.999598920345306,"1"
"Drews","11",20261011,"TCGA-BH-A0H6","BRCA","2",0.912448704242706,"1"
"Drews","11",20261011,"TCGA-BH-A0HL","BRCA","1",0.997429311275482,"1"
"Drews","11",20261011,"TCGA-BH-A0HX","BRCA","1",0.99955815076828,"1"
"Drews","11",20261011,"TCGA-BH-A18K","BRCA","1",0.996760189533234,"1"
"Drews","11",20261011,"TCGA-BH-A18N","BRCA","2",0.407761335372925,"2"
"Drews","11",20261011,"TCGA-BH-A1EN","BRCA","1",0.986156582832336,"1"
"Drews","11",20261011,"TCGA-BH-A1EV","BRCA","1",0.989713668823242,"1"
"Drews","11",20261011,"TCGA-BH-A1FE","BRCA","1",0.996677875518799,"1"
"Drews","11",20261011,"TCGA-BH-A1FL","BRCA","2",0.565942943096161,"1"
"Drews","11",20261011,"TCGA-BH-A1FM","BRCA","1",0.999532699584961,"1"
"Drews","11",20261011,"TCGA-BH-A1FN","BRCA","1",0.999945044517517,"1"
"Drews","11",20261011,"TCGA-BH-A5J0","BRCA","1",0.988484680652618,"1"
"Drews","11",20261011,"TCGA-BH-A8FY","BRCA","2",0.809126555919647,"1"
"Drews","11",20261011,"TCGA-C8-A12K","BRCA","1",0.999939918518066,"1"
"Drews","11",20261011,"TCGA-C8-A12L","BRCA","1",0.999955177307129,"1"
"Drews","11",20261011,"TCGA-C8-A134","BRCA","1",0.999890089035034,"1"
"Drews","11",20261011,"TCGA-C8-A137","BRCA","1",0.975116550922394,"1"
"Drews","11",20261011,"TCGA-D8-A147","BRCA","1",0.999870419502258,"1"
"Drews","11",20261011,"TCGA-D8-A1JA","BRCA","1",0.984462380409241,"1"
"Drews","11",20261011,"TCGA-D8-A1XW","BRCA","1",0.997851967811584,"1"
"Drews","11",20261011,"TCGA-D8-A1Y3","BRCA","1",0.998493790626526,"1"
"Drews","11",20261011,"TCGA-D8-A27F","BRCA","1",0.999989986419678,"1"
"Drews","11",20261011,"TCGA-D8-A27H","BRCA","1",0.999983191490173,"1"
"Drews","11",20261011,"TCGA-D8-A27M","BRCA","1",0.999466478824615,"1"
"Drews","11",20261011,"TCGA-D8-A27V","BRCA","1",0.502248823642731,"1"
"Drews","11",20261011,"TCGA-E2-A150","BRCA","1",0.999901056289673,"1"
"Drews","11",20261011,"TCGA-E2-A155","BRCA","1",0.998976707458496,"1"
"Drews","11",20261011,"TCGA-E2-A1II","BRCA","1",0.999348700046539,"1"
"Drews","11",20261011,"TCGA-E2-A1LA","BRCA","1",0.999189674854279,"1"
"Drews","11",20261011,"TCGA-E9-A1NA","BRCA","1",0.999232053756714,"1"
"Drews","11",20261011,"TCGA-E9-A1R2","BRCA","1",0.999622941017151,"1"
"Drews","11",20261011,"TCGA-E9-A229","BRCA","1",0.996093213558197,"1"
"Drews","11",20261011,"TCGA-E9-A22E","BRCA","1",0.989446520805359,"1"
"Drews","11",20261011,"TCGA-E9-A22G","BRCA","1",0.999905705451965,"1"
"Drews","11",20261011,"TCGA-E9-A5UO","BRCA","1",0.997689843177795,"1"
"Drews","11",20261011,"TCGA-EW-A1J3","BRCA","1",0.997675836086273,"1"
"Drews","11",20261011,"TCGA-EW-A1OX","BRCA","1",0.994484007358551,"1"
"Drews","11",20261011,"TCGA-EW-A1P6","BRCA","2",0.941788494586945,"1"
"Drews","11",20261011,"TCGA-EW-A2FS","BRCA","1",0.996469020843506,"1"
"Drews","11",20261011,"TCGA-EW-A423","BRCA","1",0.977371990680695,"1"
"Drews","11",20261011,"TCGA-EW-A6SC","BRCA","1",0.996504545211792,"1"
"Drews","11",20261011,"TCGA-GM-A2DC","BRCA","1",0.976243555545807,"1"
"Drews","11",20261011,"TCGA-OL-A5D7","BRCA","1",0.999991774559021,"1"
"Drews","11",20261011,"TCGA-OL-A5RU","BRCA","2",0.0703808665275574,"2"
"Drews","11",20261011,"TCGA-OL-A5RV","BRCA","2",0.102757945656776,"2"
"Drews","11",20261011,"TCGA-S3-AA10","BRCA","1",0.999696850776672,"1"
"Drews","11",20261011,"TCGA-S3-AA14","BRCA","1",0.982274651527405,"1"
"Drews","11",20261011,"TCGA-WT-AB44","BRCA","2",0.0711474642157555,"2"
"Drews","11",20261011,"TCGA-C5-A1M6","CESC","1",0.999884724617004,"1"
"Drews","11",20261011,"TCGA-C5-A2LY","CESC","1",0.946013987064362,"1"
"Drews","11",20261011,"TCGA-C5-A7X5","CESC","1",0.999906539916992,"1"
"Drews","11",20261011,"TCGA-C5-A905","CESC","2",0.858163833618164,"1"
"Drews","11",20261011,"TCGA-C5-A907","CESC","1",0.996975064277649,"1"
"Drews","11",20261011,"TCGA-DG-A2KJ","CESC","1",0.986018538475037,"1"
"Drews","11",20261011,"TCGA-EK-A2RE","CESC","2",0.949378550052643,"1"
"Drews","11",20261011,"TCGA-EK-A2RN","CESC","2",0.81651508808136,"1"
"Drews","11",20261011,"TCGA-JX-A3Q0","CESC","2",0.789703965187073,"1"
"Drews","11",20261011,"TCGA-UC-A7PD","CESC","1",0.894587337970734,"1"
"Drews","11",20261011,"TCGA-VS-A8QF","CESC","1",0.998588740825653,"1"
"Drews","11",20261011,"TCGA-VS-A9U5","CESC","1",0.997081816196442,"1"
"Drews","11",20261011,"TCGA-VS-A9UD","CESC","1",0.968933343887329,"1"
"Drews","11",20261011,"TCGA-VS-A9UM","CESC","1",0.981617450714111,"1"
"Drews","11",20261011,"TCGA-ZJ-A8QR","CESC","1",0.953748285770416,"1"
"Drews","11",20261011,"TCGA-ZJ-AAXD","CESC","2",0.436788737773895,"2"
"Drews","11",20261011,"TCGA-W5-AA2X","CHOL","1",0.999381899833679,"1"
"Drews","11",20261011,"TCGA-A6-3807","COAD","1",0.902371227741241,"1"
"Drews","11",20261011,"TCGA-AA-3514","COAD","1",0.138562098145485,"2"
"Drews","11",20261011,"TCGA-AA-3548","COAD","1",0.958828330039978,"1"
"Drews","11",20261011,"TCGA-AA-3549","COAD","1",0.842075169086456,"1"
"Drews","11",20261011,"TCGA-AA-3685","COAD","1",0.850582957267761,"1"
"Drews","11",20261011,"TCGA-AA-3814","COAD","2",0.0218092724680901,"2"
"Drews","11",20261011,"TCGA-AA-A00Z","COAD","1",0.951206028461456,"1"
"Drews","11",20261011,"TCGA-AA-A01Z","COAD","1",0.914356350898743,"1"
"Drews","11",20261011,"TCGA-AU-3779","COAD","1",0.811922967433929,"1"
"Drews","11",20261011,"TCGA-AU-6004","COAD","2",0.191490769386292,"2"
"Drews","11",20261011,"TCGA-CA-6719","COAD","1",0.997234761714935,"1"
"Drews","11",20261011,"TCGA-CK-5914","COAD","1",0.202438667416573,"2"
"Drews","11",20261011,"TCGA-CM-5341","COAD","1",0.86710250377655,"1"
"Drews","11",20261011,"TCGA-CM-5862","COAD","1",0.988932132720947,"1"
"Drews","11",20261011,"TCGA-CM-6168","COAD","2",0.0246786940842867,"2"
"Drews","11",20261011,"TCGA-CM-6170","COAD","1",0.291082441806793,"2"
"Drews","11",20261011,"TCGA-D5-6533","COAD","1",0.982980012893677,"1"
"Drews","11",20261011,"TCGA-D5-6928","COAD","2",0.946697592735291,"1"
"Drews","11",20261011,"TCGA-G4-6309","COAD","2",0.479365020990372,"2"
"Drews","11",20261011,"TCGA-NH-A6GB","COAD","1",0.960316121578217,"1"
"Drews","11",20261011,"TCGA-QG-A5YX","COAD","2",0.16136622428894,"2"
"Drews","11",20261011,"TCGA-GS-A9TY","DLBC","1",0.991249561309814,"1"
"Drews","11",20261011,"TCGA-2H-A9GM","ESCA","1",0.999947547912598,"1"
"Drews","11",20261011,"TCGA-2H-A9GN","ESCA","1",0.999939799308777,"1"
"Drews","11",20261011,"TCGA-IG-A3YB","ESCA","1",0.975196003913879,"1"
"Drews","11",20261011,"TCGA-JY-A6FH","ESCA","1",0.999919891357422,"1"
"Drews","11",20261011,"TCGA-L5-A88S","ESCA","1",0.99198192358017,"1"
"Drews","11",20261011,"TCGA-L5-A88Z","ESCA","2",0.980211615562439,"1"
"Drews","11",20261011,"TCGA-L5-A8NE","ESCA","1",0.996662795543671,"1"
"Drews","11",20261011,"TCGA-L5-A8NR","ESCA","1",0.999860405921936,"1"
"Drews","11",20261011,"TCGA-LN-A49L","ESCA","1",0.999965906143188,"1"
"Drews","11",20261011,"TCGA-LN-A49U","ESCA","1",0.998188555240631,"1"
"Drews","11",20261011,"TCGA-LN-A49V","ESCA","1",0.998421669006348,"1"
"Drews","11",20261011,"TCGA-LN-A4A3","ESCA","1",0.999868392944336,"1"
"Drews","11",20261011,"TCGA-LN-A4A4","ESCA","1",0.999809801578522,"1"
"Drews","11",20261011,"TCGA-LN-A5U5","ESCA","1",0.997851848602295,"1"
"Drews","11",20261011,"TCGA-LN-A7HX","ESCA","1",0.999883890151978,"1"
"Drews","11",20261011,"TCGA-Q9-A6FW","ESCA","1",0.992710590362549,"1"
"Drews","11",20261011,"TCGA-V5-A7RC","ESCA","1",0.999907255172729,"1"
"Drews","11",20261011,"TCGA-VR-A8ER","ESCA","1",0.999877572059631,"1"
"Drews","11",20261011,"TCGA-27-1834","GBM","2",0.522589802742004,"1"
"Drews","11",20261011,"TCGA-28-5204","GBM","1",0.959096074104309,"1"
"Drews","11",20261011,"TCGA-32-2632","GBM","1",0.883628964424133,"1"
"Drews","11",20261011,"TCGA-41-3915","GBM","1",0.924975574016571,"1"
"Drews","11",20261011,"TCGA-76-4925","GBM","1",0.943489253520966,"1"
"Drews","11",20261011,"TCGA-76-4931","GBM","1",0.937008202075958,"1"
"Drews","11",20261011,"TCGA-BA-4076","HNSC","1",0.995610177516937,"1"
"Drews","11",20261011,"TCGA-BA-5149","HNSC","1",0.985523223876953,"1"
"Drews","11",20261011,"TCGA-BA-6873","HNSC","1",0.997757732868195,"1"
"Drews","11",20261011,"TCGA-CN-4741","HNSC","2",0.961785912513733,"1"
"Drews","11",20261011,"TCGA-CQ-5327","HNSC","2",0.0967213660478592,"2"
"Drews","11",20261011,"TCGA-CQ-6228","HNSC","1",0.99993634223938,"1"
"Drews","11",20261011,"TCGA-CV-5432","HNSC","1",0.999504089355469,"1"
"Drews","11",20261011,"TCGA-CV-6935","HNSC","1",0.998761773109436,"1"
"Drews","11",20261011,"TCGA-CV-7243","HNSC","1",0.995392084121704,"1"
"Drews","11",20261011,"TCGA-CV-A6K2","HNSC","2",0.782319605350494,"1"
"Drews","11",20261011,"TCGA-CX-7086","HNSC","1",0.997232139110565,"1"
"Drews","11",20261011,"TCGA-CX-A4AQ","HNSC","2",0.983292996883392,"1"
"Drews","11",20261011,"TCGA-D6-A4ZB","HNSC","1",0.999568998813629,"1"
"Drews","11",20261011,"TCGA-F7-8298","HNSC","1",0.999711573123932,"1"
"Drews","11",20261011,"TCGA-HD-8635","HNSC","1",0.999586999416351,"1"
"Drews","11",20261011,"TCGA-IQ-7630","HNSC","1",0.99842357635498,"1"
"Drews","11",20261011,"TCGA-IQ-A6SH","HNSC","1",0.998946130275726,"1"
"Drews","11",20261011,"TCGA-KU-A66T","HNSC","1",0.99987256526947,"1"
"Drews","11",20261011,"TCGA-MT-A51X","HNSC","1",0.986390709877014,"1"
"Drews","11",20261011,"TCGA-P3-A6T2","HNSC","2",0.54132878780365,"1"
"Drews","11",20261011,"TCGA-QK-A6V9","HNSC","2",0.837963700294495,"1"
"Drews","11",20261011,"TCGA-QK-A8Z9","HNSC","1",0.999837756156921,"1"
"Drews","11",20261011,"TCGA-T2-A6WZ","HNSC","1",0.995544373989105,"1"
"Drews","11",20261011,"TCGA-KL-8327","KICH","2",0.0161140356212854,"2"
"Drews","11",20261011,"TCGA-KL-8341","KICH","1",0.378807127475739,"2"
"Drews","11",20261011,"TCGA-KL-8343","KICH","2",0.00192926893942058,"2"
"Drews","11",20261011,"TCGA-KN-8425","KICH","2",0.000905092048924416,"2"
"Drews","11",20261011,"TCGA-KN-8432","KICH","2",0.00446499371901155,"2"
"Drews","11",20261011,"TCGA-KO-8409","KICH","2",0.00440170895308256,"2"
"Drews","11",20261011,"TCGA-KO-8410","KICH","2",0.00127123855054379,"2"
"Drews","11",20261011,"TCGA-AK-3458","KIRC","2",0.00163161719683558,"2"
"Drews","11",20261011,"TCGA-B0-5402","KIRC","2",0.000723068544175476,"2"
"Drews","11",20261011,"TCGA-B0-5696","KIRC","2",0.000200772017706186,"2"
"Drews","11",20261011,"TCGA-BP-4164","KIRC","2",0.000454228895250708,"2"
"Drews","11",20261011,"TCGA-BP-4992","KIRC","2",0.160517245531082,"2"
"Drews","11",20261011,"TCGA-BP-5168","KIRC","2",8.78195642144419e-05,"2"
"Drews","11",20261011,"TCGA-CJ-4902","KIRC","2",0.001266875769943,"2"
"Drews","11",20261011,"TCGA-CJ-5677","KIRC","2",0.0428058765828609,"2"
"Drews","11",20261011,"TCGA-CJ-5678","KIRC","2",0.00155831640586257,"2"
"Drews","11",20261011,"TCGA-CJ-5679","KIRC","2",0.00871537066996098,"2"
"Drews","11",20261011,"TCGA-CJ-6027","KIRC","2",0.0833912938833237,"2"
"Drews","11",20261011,"TCGA-CW-5580","KIRC","2",0.00195622001774609,"2"
"Drews","11",20261011,"TCGA-CZ-5457","KIRC","2",0.000131932363728993,"2"
"Drews","11",20261011,"TCGA-CZ-5985","KIRC","2",0.000856683473102748,"2"
"Drews","11",20261011,"TCGA-CZ-5989","KIRC","2",0.108940258622169,"2"
"Drews","11",20261011,"TCGA-B9-4114","KIRP","2",0.0180953312665224,"2"
"Drews","11",20261011,"TCGA-B9-A44B","KIRP","1",0.0792877227067947,"2"
"Drews","11",20261011,"TCGA-B9-A69E","KIRP","1",0.0342007651925087,"2"
"Drews","11",20261011,"TCGA-BQ-5880","KIRP","2",0.0348159186542034,"2"
"Drews","11",20261011,"TCGA-BQ-5894","KIRP","2",0.52112489938736,"1"
"Drews","11",20261011,"TCGA-HE-A5NJ","KIRP","2",0.165395095944405,"2"
"Drews","11",20261011,"TCGA-P4-A5E8","KIRP","2",0.0713068470358849,"2"
"Drews","11",20261011,"TCGA-Q2-A5QZ","KIRP","1",0.577885031700134,"1"
"Drews","11",20261011,"TCGA-UZ-A9PZ","KIRP","2",0.0521668456494808,"2"
"Drews","11",20261011,"TCGA-CS-6670","LGG","2",0.00929070357233286,"2"
"Drews","11",20261011,"TCGA-DB-5277","LGG","1",0.983075737953186,"1"
"Drews","11",20261011,"TCGA-DB-A4XH","LGG","2",0.00395801942795515,"2"
"Drews","11",20261011,"TCGA-DH-A7UT","LGG","2",0.108426056802273,"2"
"Drews","11",20261011,"TCGA-DU-7010","LGG","1",0.952987015247345,"1"
"Drews","11",20261011,"TCGA-DU-7013","LGG","2",0.474804699420929,"2"
"Drews","11",20261011,"TCGA-DU-7294","LGG","2",0.00406115967780352,"2"
"Drews","11",20261011,"TCGA-DU-A5TY","LGG","1",0.892359137535095,"1"
"Drews","11",20261011,"TCGA-DU-A7T6","LGG","1",0.131673276424408,"2"
"Drews","11",20261011,"TCGA-DU-A7TA","LGG","1",0.0493833236396313,"2"
"Drews","11",20261011,"TCGA-E1-5304","LGG","1",0.995750665664673,"1"
"Drews","11",20261011,"TCGA-E1-A7YD","LGG","1",0.997957468032837,"1"
"Drews","11",20261011,"TCGA-FG-7634","LGG","2",0.00571356853470206,"2"
"Drews","11",20261011,"TCGA-FG-8191","LGG","2",0.0400419980287552,"2"
"Drews","11",20261011,"TCGA-FG-A6J3","LGG","1",0.825388491153717,"1"
"Drews","11",20261011,"TCGA-HT-7471","LGG","2",0.00290142325684428,"2"
"Drews","11",20261011,"TCGA-HT-7611","LGG","1",0.0329437106847763,"2"
"Drews","11",20261011,"TCGA-HT-7693","LGG","2",0.224766775965691,"2"
"Drews","11",20261011,"TCGA-QH-A6XC","LGG","2",0.375787973403931,"2"
"Drews","11",20261011,"TCGA-R8-A73M","LGG","2",0.00746565964072943,"2"
"Drews","11",20261011,"TCGA-S9-A6U6","LGG","2",0.0465451702475548,"2"
"Drews","11",20261011,"TCGA-S9-A6WH","LGG","2",0.0106596844270825,"2"
"Drews","11",20261011,"TCGA-S9-A7R1","LGG","2",0.012090340256691,"2"
"Drews","11",20261011,"TCGA-TM-A84J","LGG","1",0.933767855167389,"1"
"Drews","11",20261011,"TCGA-2Y-A9GY","LIHC","1",0.998799443244934,"1"
"Drews","11",20261011,"TCGA-2Y-A9H3","LIHC","1",0.861996114253998,"1"
"Drews","11",20261011,"TCGA-BC-4073","LIHC","1",0.963024199008942,"1"
"Drews","11",20261011,"TCGA-BC-A10R","LIHC","1",0.996229946613312,"1"
"Drews","11",20261011,"TCGA-BC-A8YO","LIHC","1",0.993556797504425,"1"
"Drews","11",20261011,"TCGA-CC-A3MA","LIHC","1",0.993691563606262,"1"
"Drews","11",20261011,"TCGA-CC-A7IJ","LIHC","1",0.999060809612274,"1"
"Drews","11",20261011,"TCGA-DD-AACJ","LIHC","2",0.932467699050903,"1"
"Drews","11",20261011,"TCGA-DD-AACX","LIHC","2",0.937663555145264,"1"
"Drews","11",20261011,"TCGA-DD-AADK","LIHC","2",0.755993366241455,"1"
"Drews","11",20261011,"TCGA-DD-AAVW","LIHC","1",0.771639585494995,"1"
"Drews","11",20261011,"TCGA-DD-AAVY","LIHC","2",0.645356416702271,"1"
"Drews","11",20261011,"TCGA-EP-A2KB","LIHC","2",0.543547332286835,"1"
"Drews","11",20261011,"TCGA-EP-A2KC","LIHC","2",0.633725583553314,"1"
"Drews","11",20261011,"TCGA-G3-A5SL","LIHC","1",0.572753071784973,"1"
"Drews","11",20261011,"TCGA-G3-A7M9","LIHC","1",0.999869108200073,"1"
"Drews","11",20261011,"TCGA-LG-A6GG","LIHC","1",0.85492867231369,"1"
"Drews","11",20261011,"TCGA-RC-A7SK","LIHC","1",0.979601085186005,"1"
"Drews","11",20261011,"TCGA-UB-A7MB","LIHC","1",0.999599158763885,"1"
"Drews","11",20261011,"TCGA-UB-A7MD","LIHC","2",0.969456136226654,"1"
"Drews","11",20261011,"TCGA-WJ-A86L","LIHC","1",0.996892631053925,"1"
"Drews","11",20261011,"TCGA-05-4432","LUAD","1",0.999831318855286,"1"
"Drews","11",20261011,"TCGA-05-4433","LUAD","1",0.990966439247131,"1"
"Drews","11",20261011,"TCGA-05-5715","LUAD","1",0.987392604351044,"1"
"Drews","11",20261011,"TCGA-38-4630","LUAD","1",0.999346911907196,"1"
"Drews","11",20261011,"TCGA-44-7660","LUAD","1",0.999940156936646,"1"
"Drews","11",20261011,"TCGA-44-7670","LUAD","1",0.999836444854736,"1"
"Drews","11",20261011,"TCGA-44-8117","LUAD","1",0.999463260173798,"1"
"Drews","11",20261011,"TCGA-44-A47A","LUAD","2",0.946588337421417,"1"
"Drews","11",20261011,"TCGA-44-A47B","LUAD","1",0.985373318195343,"1"
"Drews","11",20261011,"TCGA-49-4505","LUAD","1",0.991878986358643,"1"
"Drews","11",20261011,"TCGA-49-AAR0","LUAD","1",0.9988614320755,"1"
"Drews","11",20261011,"TCGA-49-AARQ","LUAD","1",0.998031198978424,"1"
"Drews","11",20261011,"TCGA-50-6597","LUAD","1",0.984593987464905,"1"
"Drews","11",20261011,"TCGA-55-7907","LUAD","1",0.995859205722809,"1"
"Drews","11",20261011,"TCGA-55-7910","LUAD","1",0.999954581260681,"1"
"Drews","11",20261011,"TCGA-55-8094","LUAD","1",0.999959588050842,"1"
"Drews","11",20261011,"TCGA-55-A48Z","LUAD","1",0.999393820762634,"1"
"Drews","11",20261011,"TCGA-62-A46O","LUAD","1",0.999948620796204,"1"
"Drews","11",20261011,"TCGA-64-5775","LUAD","1",0.997085273265839,"1"
"Drews","11",20261011,"TCGA-67-3773","LUAD","1",0.699724018573761,"1"
"Drews","11",20261011,"TCGA-78-7220","LUAD","1",0.999745666980743,"1"
"Drews","11",20261011,"TCGA-86-6851","LUAD","1",0.999748528003693,"1"
"Drews","11",20261011,"TCGA-86-7701","LUAD","1",0.996795356273651,"1"
"Drews","11",20261011,"TCGA-86-8056","LUAD","1",0.940244972705841,"1"
"Drews","11",20261011,"TCGA-91-6831","LUAD","1",0.999977350234985,"1"
"Drews","11",20261011,"TCGA-L9-A444","LUAD","1",0.99984610080719,"1"
"Drews","11",20261011,"TCGA-NJ-A4YP","LUAD","2",0.660521924495697,"1"
"Drews","11",20261011,"TCGA-18-3421","LUSC","1",0.993539154529572,"1"
"Drews","11",20261011,"TCGA-18-4721","LUSC","1",0.999713242053986,"1"
"Drews","11",20261011,"TCGA-21-A5DI","LUSC","1",0.991337537765503,"1"
"Drews","11",20261011,"TCGA-22-4613","LUSC","1",0.999985456466675,"1"
"Drews","11",20261011,"TCGA-22-5491","LUSC","1",0.998832762241364,"1"
"Drews","11",20261011,"TCGA-22-A5C4","LUSC","1",0.999530076980591,"1"
"Drews","11",20261011,"TCGA-33-6737","LUSC","1",0.998951315879822,"1"
"Drews","11",20261011,"TCGA-33-AASJ","LUSC","1",0.999229550361633,"1"
"Drews","11",20261011,"TCGA-37-3789","LUSC","1",0.999956011772156,"1"
"Drews","11",20261011,"TCGA-37-4135","LUSC","1",0.999945044517517,"1"
"Drews","11",20261011,"TCGA-39-5035","LUSC","1",0.997983694076538,"1"
"Drews","11",20261011,"TCGA-43-3920","LUSC","1",0.99851006269455,"1"
"Drews","11",20261011,"TCGA-43-6770","LUSC","1",0.999774634838104,"1"
"Drews","11",20261011,"TCGA-43-7657","LUSC","1",0.999910473823547,"1"
"Drews","11",20261011,"TCGA-43-7658","LUSC","1",0.999382495880127,"1"
"Drews","11",20261011,"TCGA-43-A56V","LUSC","1",0.999733150005341,"1"
"Drews","11",20261011,"TCGA-52-7809","LUSC","1",0.999969005584717,"1"
"Drews","11",20261011,"TCGA-56-7580","LUSC","1",0.999496221542358,"1"
"Drews","11",20261011,"TCGA-56-A49D","LUSC","1",0.999656558036804,"1"
"Drews","11",20261011,"TCGA-60-2698","LUSC","1",0.999822080135345,"1"
"Drews","11",20261011,"TCGA-60-2711","LUSC","1",0.999905586242676,"1"
"Drews","11",20261011,"TCGA-60-2722","LUSC","1",0.999773442745209,"1"
"Drews","11",20261011,"TCGA-60-2724","LUSC","1",0.996793210506439,"1"
"Drews","11",20261011,"TCGA-63-A5MW","LUSC","1",0.999981999397278,"1"
"Drews","11",20261011,"TCGA-66-2756","LUSC","1",0.999622344970703,"1"
"Drews","11",20261011,"TCGA-66-2757","LUSC","1",0.999966263771057,"1"
"Drews","11",20261011,"TCGA-66-2793","LUSC","1",0.999883770942688,"1"
"Drews","11",20261011,"TCGA-66-2794","LUSC","1",0.997748076915741,"1"
"Drews","11",20261011,"TCGA-85-6560","LUSC","1",0.99835866689682,"1"
"Drews","11",20261011,"TCGA-85-8071","LUSC","1",0.995237946510315,"1"
"Drews","11",20261011,"TCGA-85-8354","LUSC","1",0.999912858009338,"1"
"Drews","11",20261011,"TCGA-85-A510","LUSC","1",0.999835252761841,"1"
"Drews","11",20261011,"TCGA-NC-A5HQ","LUSC","1",0.999525427818298,"1"
"Drews","11",20261011,"TCGA-O2-A52Q","LUSC","1",0.999594986438751,"1"
"Drews","11",20261011,"TCGA-3U-A98E","MESO","2",0.0136481346562505,"2"
"Drews","11",20261011,"TCGA-MQ-A4LJ","MESO","1",0.817327320575714,"1"
"Drews","11",20261011,"TCGA-MQ-A4LP","MESO","1",0.999223947525024,"1"
"Drews","11",20261011,"TCGA-MQ-A6BR","MESO","2",0.0689366310834885,"2"
"Drews","11",20261011,"TCGA-04-1348","OV","1",0.999987244606018,"1"
"Drews","11",20261011,"TCGA-04-1357","OV","1",0.997033596038818,"1"
"Drews","11",20261011,"TCGA-09-2051","OV","1",0.999985337257385,"1"
"Drews","11",20261011,"TCGA-13-1507","OV","1",0.998901724815369,"1"
"Drews","11",20261011,"TCGA-20-1682","OV","1",0.999774396419525,"1"
"Drews","11",20261011,"TCGA-20-1687","OV","1",0.985039353370667,"1"
"Drews","11",20261011,"TCGA-23-1114","OV","1",0.999967694282532,"1"
"Drews","11",20261011,"TCGA-23-1123","OV","1",0.999872207641602,"1"
"Drews","11",20261011,"TCGA-24-1103","OV","1",0.999667286872864,"1"
"Drews","11",20261011,"TCGA-24-1430","OV","1",0.999259054660797,"1"
"Drews","11",20261011,"TCGA-24-1469","OV","1",0.999992489814758,"1"
"Drews","11",20261011,"TCGA-24-1474","OV","1",0.99995756149292,"1"
"Drews","11",20261011,"TCGA-24-2033","OV","1",0.99992311000824,"1"
"Drews","11",20261011,"TCGA-24-2035","OV","1",0.999868154525757,"1"
"Drews","11",20261011,"TCGA-25-1314","OV","1",0.999706923961639,"1"
"Drews","11",20261011,"TCGA-25-1315","OV","1",0.999961018562317,"1"
"Drews","11",20261011,"TCGA-25-1319","OV","1",0.99964702129364,"1"
"Drews","11",20261011,"TCGA-25-2404","OV","1",0.999961853027344,"1"
"Drews","11",20261011,"TCGA-29-1763","OV","1",0.999403595924377,"1"
"Drews","11",20261011,"TCGA-29-1776","OV","1",0.999985456466675,"1"
"Drews","11",20261011,"TCGA-29-1778","OV","1",0.998936593532562,"1"
"Drews","11",20261011,"TCGA-29-1781","OV","1",0.999420881271362,"1"
"Drews","11",20261011,"TCGA-30-1857","OV","1",0.999959826469421,"1"
"Drews","11",20261011,"TCGA-59-2350","OV","1",0.999953985214233,"1"
"Drews","11",20261011,"TCGA-59-2352","OV","1",0.999217867851257,"1"
"Drews","11",20261011,"TCGA-61-1728","OV","1",0.999824106693268,"1"
"Drews","11",20261011,"TCGA-61-1736","OV","1",0.999531745910645,"1"
"Drews","11",20261011,"TCGA-61-2002","OV","1",0.999894380569458,"1"
"Drews","11",20261011,"TCGA-61-2008","OV","1",0.999719321727753,"1"
"Drews","11",20261011,"TCGA-61-2094","OV","1",0.999090194702148,"1"
"Drews","11",20261011,"TCGA-61-2111","OV","1",0.999943256378174,"1"
"Drews","11",20261011,"TCGA-VG-A8LO","OV","1",0.999858736991882,"1"
"Drews","11",20261011,"TCGA-WR-A838","OV","1",0.999687075614929,"1"
"Drews","11",20261011,"TCGA-3A-A9IC","PAAD","1",0.998519003391266,"1"
"Drews","11",20261011,"TCGA-3A-A9IN","PAAD","1",0.441385895013809,"2"
"Drews","11",20261011,"TCGA-3A-A9IO","PAAD","1",0.0468168929219246,"2"
"Drews","11",20261011,"TCGA-FB-AAQ2","PAAD","1",0.999215364456177,"1"
"Drews","11",20261011,"TCGA-S4-A8RO","PAAD","1",0.710400819778442,"1"
"Drews","11",20261011,"TCGA-QR-A6GU","PCPG","2",0.185168623924255,"2"
"Drews","11",20261011,"TCGA-QR-A70P","PCPG","2",0.0264979135245085,"2"
"Drews","11",20261011,"TCGA-QR-A70V","PCPG","1",0.182396024465561,"2"
"Drews","11",20261011,"TCGA-QT-A5XK","PCPG","2",0.00782629009336233,"2"
"Drews","11",20261011,"TCGA-RM-A68W","PCPG","2",0.517918646335602,"1"
"Drews","11",20261011,"TCGA-RW-A68A","PCPG","2",0.0558498725295067,"2"
"Drews","11",20261011,"TCGA-SR-A6MP","PCPG","1",0.0418654046952724,"2"
"Drews","11",20261011,"TCGA-SR-A6MR","PCPG","1",0.0622593834996223,"2"
"Drews","11",20261011,"TCGA-SR-A6MZ","PCPG","2",0.0063056699000299,"2"
"Drews","11",20261011,"TCGA-TT-A6YK","PCPG","2",0.0629843026399612,"2"
"Drews","11",20261011,"TCGA-CH-5737","PRAD","1",0.41183003783226,"2"
"Drews","11",20261011,"TCGA-CH-5751","PRAD","1",0.999916076660156,"1"
"Drews","11",20261011,"TCGA-EJ-A46G","PRAD","1",0.971255898475647,"1"
"Drews","11",20261011,"TCGA-EJ-A8FN","PRAD","1",0.684424579143524,"1"
"Drews","11",20261011,"TCGA-HC-A4ZV","PRAD","1",0.996185958385468,"1"
"Drews","11",20261011,"TCGA-HC-A76W","PRAD","2",0.667397677898407,"1"
"Drews","11",20261011,"TCGA-J4-A67N","PRAD","1",0.878798961639404,"1"
"Drews","11",20261011,"TCGA-KC-A7F3","PRAD","1",0.619952380657196,"1"
"Drews","11",20261011,"TCGA-KK-A59X","PRAD","1",0.99685126543045,"1"
"Drews","11",20261011,"TCGA-KK-A6E8","PRAD","1",0.99076896905899,"1"
"Drews","11",20261011,"TCGA-KK-A7AQ","PRAD","1",0.997948586940765,"1"
"Drews","11",20261011,"TCGA-KK-A8IK","PRAD","1",0.999660849571228,"1"
"Drews","11",20261011,"TCGA-V1-A8ML","PRAD","2",0.89692223072052,"1"
"Drews","11",20261011,"TCGA-V1-A8WW","PRAD","1",0.993924677371979,"1"
"Drews","11",20261011,"TCGA-XK-AAJA","PRAD","1",0.97297191619873,"1"
"Drews","11",20261011,"TCGA-YL-A8S8","PRAD","1",0.999314904212952,"1"
"Drews","11",20261011,"TCGA-ZG-A9LN","PRAD","1",0.984543025493622,"1"
"Drews","11",20261011,"TCGA-ZG-A9N3","PRAD","1",0.999934554100037,"1"
"Drews","11",20261011,"TCGA-AF-2693","READ","1",0.834096968173981,"1"
"Drews","11",20261011,"TCGA-AG-4022","READ","2",0.360221147537231,"2"
"Drews","11",20261011,"TCGA-AG-A01Y","READ","1",0.998627543449402,"1"
"Drews","11",20261011,"TCGA-AG-A02N","READ","2",0.215187191963196,"2"
"Drews","11",20261011,"TCGA-AG-A02X","READ","1",0.979683995246887,"1"
"Drews","11",20261011,"TCGA-DY-A1DG","READ","1",0.99651825428009,"1"
"Drews","11",20261011,"TCGA-F5-6813","READ","1",0.902496337890625,"1"
"Drews","11",20261011,"TCGA-G5-6233","READ","1",0.997784972190857,"1"
"Drews","11",20261011,"TCGA-G5-6572","READ","2",0.121334120631218,"2"
"Drews","11",20261011,"TCGA-3B-A9HO","SARC","1",0.950310111045837,"1"
"Drews","11",20261011,"TCGA-3B-A9HS","SARC","1",0.99937903881073,"1"
"Drews","11",20261011,"TCGA-3B-A9I1","SARC","1",0.996824741363525,"1"
"Drews","11",20261011,"TCGA-3R-A8YX","SARC","1",0.999817907810211,"1"
"Drews","11",20261011,"TCGA-DX-A1L2","SARC","1",0.874334275722504,"1"
"Drews","11",20261011,"TCGA-DX-A3LY","SARC","1",0.972041130065918,"1"
"Drews","11",20261011,"TCGA-DX-A6B8","SARC","1",0.999812066555023,"1"
"Drews","11",20261011,"TCGA-DX-A6YU","SARC","1",0.997747361660004,"1"
"Drews","11",20261011,"TCGA-DX-AATS","SARC","1",0.999924182891846,"1"
"Drews","11",20261011,"TCGA-DX-AB2T","SARC","1",0.998384475708008,"1"
"Drews","11",20261011,"TCGA-DX-AB2W","SARC","1",0.999279916286469,"1"
"Drews","11",20261011,"TCGA-DX-AB32","SARC","1",0.999693274497986,"1"
"Drews","11",20261011,"TCGA-FX-A3RE","SARC","1",0.997532963752747,"1"
"Drews","11",20261011,"TCGA-HB-A3YV","SARC","1",0.998565971851349,"1"
"Drews","11",20261011,"TCGA-IW-A3M5","SARC","1",0.999469459056854,"1"
"Drews","11",20261011,"TCGA-KD-A5QS","SARC","1",0.997421145439148,"1"
"Drews","11",20261011,"TCGA-KD-A5QT","SARC","1",0.93879771232605,"1"
"Drews","11",20261011,"TCGA-MB-A8JK","SARC","1",0.998804092407227,"1"
"Drews","11",20261011,"TCGA-PC-A5DM","SARC","1",0.99773645401001,"1"
"Drews","11",20261011,"TCGA-SI-A71O","SARC","1",0.999726116657257,"1"
"Drews","11",20261011,"TCGA-SI-A71Q","SARC","1",0.999889850616455,"1"
"Drews","11",20261011,"TCGA-WK-A8XS","SARC","1",0.998847126960754,"1"
"Drews","11",20261011,"TCGA-X6-A7W8","SARC","1",0.999110519886017,"1"
"Drews","11",20261011,"TCGA-Z4-AAPF","SARC","2",0.985331058502197,"1"
"Drews","11",20261011,"TCGA-BF-A5EO","SKCM","2",0.776533305644989,"1"
"Drews","11",20261011,"TCGA-BF-A5EQ","SKCM","1",0.263198405504227,"2"
"Drews","11",20261011,"TCGA-BF-AAP2","SKCM","1",0.708777010440826,"1"
"Drews","11",20261011,"TCGA-D3-A5GT","SKCM","1",0.63284820318222,"1"
"Drews","11",20261011,"TCGA-EB-A42Z","SKCM","1",0.726344764232635,"1"
"Drews","11",20261011,"TCGA-EB-A430","SKCM","2",0.267222791910172,"2"
"Drews","11",20261011,"TCGA-EB-A57M","SKCM","1",0.993852019309998,"1"
"Drews","11",20261011,"TCGA-FR-A726","SKCM","1",0.986402571201324,"1"
"Drews","11",20261011,"TCGA-BR-4257","STAD","2",0.293799936771393,"2"
"Drews","11",20261011,"TCGA-BR-4366","STAD","1",0.994988620281219,"1"
"Drews","11",20261011,"TCGA-BR-6455","STAD","2",0.899915933609009,"1"
"Drews","11",20261011,"TCGA-BR-6458","STAD","1",0.999868392944336,"1"
"Drews","11",20261011,"TCGA-BR-8060","STAD","1",0.999801218509674,"1"
"Drews","11",20261011,"TCGA-BR-8078","STAD","2",0.413746178150177,"2"
"Drews","11",20261011,"TCGA-BR-8361","STAD","1",0.682177066802979,"1"
"Drews","11",20261011,"TCGA-BR-8373","STAD","1",0.995469570159912,"1"
"Drews","11",20261011,"TCGA-BR-A44U","STAD","1",0.99425595998764,"1"
"Drews","11",20261011,"TCGA-BR-A4J1","STAD","1",0.999860167503357,"1"
"Drews","11",20261011,"TCGA-BR-A4J6","STAD","1",0.750881254673004,"1"
"Drews","11",20261011,"TCGA-CD-A4MJ","STAD","2",0.412663042545319,"2"
"Drews","11",20261011,"TCGA-CG-4304","STAD","1",0.984130680561066,"1"
"Drews","11",20261011,"TCGA-CG-4438","STAD","1",0.99968945980072,"1"
"Drews","11",20261011,"TCGA-CG-4440","STAD","1",0.998623251914978,"1"
"Drews","11",20261011,"TCGA-CG-4474","STAD","2",0.640565514564514,"1"
"Drews","11",20261011,"TCGA-D7-6822","STAD","1",0.997175574302673,"1"
"Drews","11",20261011,"TCGA-D7-A4YT","STAD","1",0.997774064540863,"1"
"Drews","11",20261011,"TCGA-D7-A6EV","STAD","1",0.999746859073639,"1"
"Drews","11",20261011,"TCGA-D7-A74A","STAD","1",0.971279084682465,"1"
"Drews","11",20261011,"TCGA-F1-6875","STAD","1",0.999565184116364,"1"
"Drews","11",20261011,"TCGA-HU-A4GH","STAD","1",0.999725997447968,"1"
"Drews","11",20261011,"TCGA-HU-A4H2","STAD","1",0.999642729759216,"1"
"Drews","11",20261011,"TCGA-IN-A6RI","STAD","1",0.999817788600922,"1"
"Drews","11",20261011,"TCGA-IP-7968","STAD","1",0.999899983406067,"1"
"Drews","11",20261011,"TCGA-R5-A805","STAD","1",0.999378681182861,"1"
"Drews","11",20261011,"TCGA-VQ-A8P5","STAD","1",0.999874949455261,"1"
"Drews","11",20261011,"TCGA-2G-AAEW","TGCT","2",0.310883373022079,"2"
"Drews","11",20261011,"TCGA-2G-AAFN","TGCT","1",0.997678935527802,"1"
"Drews","11",20261011,"TCGA-S6-A8JW","TGCT","2",0.795526921749115,"1"
"Drews","11",20261011,"TCGA-YU-A94I","TGCT","1",0.990042924880981,"1"
"Drews","11",20261011,"TCGA-4C-A93U","THCA","2",0.205451831221581,"2"
"Drews","11",20261011,"TCGA-EM-A1YE","THCA","2",0.00606122380122542,"2"
"Drews","11",20261011,"TCGA-4V-A9QI","THYM","2",0.410230249166489,"2"
"Drews","11",20261011,"TCGA-A5-A0GN","UCEC","2",0.126067161560059,"2"
"Drews","11",20261011,"TCGA-A5-A3LP","UCEC","1",0.978864014148712,"1"
"Drews","11",20261011,"TCGA-AJ-A2QM","UCEC","1",0.963827848434448,"1"
"Drews","11",20261011,"TCGA-AJ-A3EM","UCEC","1",0.996542036533356,"1"
"Drews","11",20261011,"TCGA-AJ-A3NF","UCEC","1",0.995769619941711,"1"
"Drews","11",20261011,"TCGA-AX-A1C4","UCEC","1",0.299351960420609,"2"
"Drews","11",20261011,"TCGA-AX-A2H2","UCEC","1",0.999834775924683,"1"
"Drews","11",20261011,"TCGA-AX-A2HD","UCEC","2",0.959955334663391,"1"
"Drews","11",20261011,"TCGA-AX-A3FV","UCEC","1",0.999897837638855,"1"
"Drews","11",20261011,"TCGA-AX-A3FW","UCEC","1",0.978295743465424,"1"
"Drews","11",20261011,"TCGA-B5-A11S","UCEC","2",0.202403768897057,"2"
"Drews","11",20261011,"TCGA-B5-A121","UCEC","2",0.171533510088921,"2"
"Drews","11",20261011,"TCGA-B5-A3S1","UCEC","1",0.995347321033478,"1"
"Drews","11",20261011,"TCGA-B5-A5OE","UCEC","1",0.999818623065948,"1"
"Drews","11",20261011,"TCGA-BG-A0YV","UCEC","1",0.993294417858124,"1"
"Drews","11",20261011,"TCGA-BK-A139","UCEC","1",0.997621595859528,"1"
"Drews","11",20261011,"TCGA-BK-A4ZD","UCEC","1",0.927608251571655,"1"
"Drews","11",20261011,"TCGA-BS-A0U5","UCEC","2",0.200031533837318,"2"
"Drews","11",20261011,"TCGA-D1-A0ZZ","UCEC","1",0.999776065349579,"1"
"Drews","11",20261011,"TCGA-D1-A16I","UCEC","1",0.998640835285187,"1"
"Drews","11",20261011,"TCGA-D1-A17K","UCEC","1",0.999276578426361,"1"
"Drews","11",20261011,"TCGA-D1-A17S","UCEC","2",0.152275070548058,"2"
"Drews","11",20261011,"TCGA-D1-A3DH","UCEC","1",0.998620390892029,"1"
"Drews","11",20261011,"TCGA-D1-A3JQ","UCEC","1",0.998791038990021,"1"
"Drews","11",20261011,"TCGA-DI-A1C3","UCEC","2",0.0377424284815788,"2"
"Drews","11",20261011,"TCGA-DI-A2QU","UCEC","1",0.875572323799133,"1"
"Drews","11",20261011,"TCGA-EO-A1Y5","UCEC","1",0.998750925064087,"1"
"Drews","11",20261011,"TCGA-EO-A3AS","UCEC","1",0.998717665672302,"1"
"Drews","11",20261011,"TCGA-EY-A2OO","UCEC","2",0.123592182993889,"2"
"Drews","11",20261011,"TCGA-FI-A2CY","UCEC","1",0.997804462909698,"1"
"Drews","11",20261011,"TCGA-FI-A2EX","UCEC","1",0.999945998191833,"1"
"Drews","11",20261011,"TCGA-FI-A2F9","UCEC","1",0.962965488433838,"1"
"Drews","11",20261011,"TCGA-KP-A3W3","UCEC","1",0.999761402606964,"1"
"Drews","11",20261011,"TCGA-SL-A6J9","UCEC","1",0.998651802539825,"1"
"Drews","11",20261011,"TCGA-N5-A59F","UCS","1",0.999830961227417,"1"
"Drews","11",20261011,"TCGA-N6-A4V9","UCS","1",0.997431814670563,"1"
"Drews","11",20261011,"TCGA-N6-A4VC","UCS","1",0.999772965908051,"1"
"Drews","11",20261011,"TCGA-N8-A4PP","UCS","1",0.999959468841553,"1"
"Drews","11",20261011,"TCGA-N9-A4Q3","UCS","1",0.99973326921463,"1"
"Drews","11",20261011,"TCGA-NA-A5I1","UCS","1",0.999932289123535,"1"
"Drews","11",20261011,"TCGA-NG-A4VU","UCS","1",0.999912977218628,"1"
"Drews","11",20261011,"TCGA-V4-A9EK","UVM","1",0.0121318167075515,"2"
"Drews","11",20261011,"TCGA-VD-A8KL","UVM","2",0.00169692491181195,"2"
"Drews","11",20261011,"TCGA-VD-A8KM","UVM","2",0.00682300794869661,"2"
"Drews","11",20261011,"TCGA-WC-A884","UVM","1",0.117576785385609,"2"
"Drews","12",20261012,"TCGA-OR-A5J5","ACC","2",0.882731139659882,"1"
"Drews","12",20261012,"TCGA-OR-A5J8","ACC","1",0.995183646678925,"1"
"Drews","12",20261012,"TCGA-OR-A5JC","ACC","1",0.238934934139252,"2"
"Drews","12",20261012,"TCGA-OR-A5JD","ACC","2",0.00174370070453733,"2"
"Drews","12",20261012,"TCGA-OR-A5K9","ACC","1",0.832140266895294,"1"
"Drews","12",20261012,"TCGA-OR-A5KV","ACC","2",0.880435943603516,"1"
"Drews","12",20261012,"TCGA-OR-A5LG","ACC","1",0.714381814002991,"1"
"Drews","12",20261012,"TCGA-PA-A5YG","ACC","2",0.00800120737403631,"2"
"Drews","12",20261012,"TCGA-2F-A9KW","BLCA","1",0.999961614608765,"1"
"Drews","12",20261012,"TCGA-BL-A13J","BLCA","1",0.999458491802216,"1"
"Drews","12",20261012,"TCGA-BT-A20P","BLCA","1",0.93589848279953,"1"
"Drews","12",20261012,"TCGA-CF-A1HR","BLCA","1",0.681232333183289,"1"
"Drews","12",20261012,"TCGA-CF-A1HS","BLCA","1",0.999959826469421,"1"
"Drews","12",20261012,"TCGA-CF-A3MF","BLCA","2",0.645329296588898,"1"
"Drews","12",20261012,"TCGA-CF-A3MI","BLCA","1",0.986604750156403,"1"
"Drews","12",20261012,"TCGA-CF-A47S","BLCA","2",0.26123583316803,"2"
"Drews","12",20261012,"TCGA-CF-A5UA","BLCA","1",0.995579063892365,"1"
"Drews","12",20261012,"TCGA-DK-A1A3","BLCA","1",0.999545753002167,"1"
"Drews","12",20261012,"TCGA-DK-A1A6","BLCA","1",0.999867796897888,"1"
"Drews","12",20261012,"TCGA-DK-A1AC","BLCA","1",0.99992561340332,"1"
"Drews","12",20261012,"TCGA-DK-A2HX","BLCA","1",0.999572575092316,"1"
"Drews","12",20261012,"TCGA-DK-AA71","BLCA","1",0.979585707187653,"1"
"Drews","12",20261012,"TCGA-DK-AA77","BLCA","1",0.997567415237427,"1"
"Drews","12",20261012,"TCGA-E7-A541","BLCA","1",0.999883413314819,"1"
"Drews","12",20261012,"TCGA-E7-A7PW","BLCA","1",0.999695062637329,"1"
"Drews","12",20261012,"TCGA-FD-A3N5","BLCA","1",0.999336302280426,"1"
"Drews","12",20261012,"TCGA-GV-A3JZ","BLCA","1",0.99999213218689,"1"
"Drews","12",20261012,"TCGA-GV-A3QF","BLCA","1",0.999727308750153,"1"
"Drews","12",20261012,"TCGA-GV-A40E","BLCA","1",0.999810516834259,"1"
"Drews","12",20261012,"TCGA-HQ-A2OE","BLCA","1",0.99972003698349,"1"
"Drews","12",20261012,"TCGA-K4-A6MB","BLCA","1",0.999994277954102,"1"
"Drews","12",20261012,"TCGA-UY-A8OB","BLCA","1",0.996190905570984,"1"
"Drews","12",20261012,"TCGA-XF-A8HC","BLCA","1",0.999617099761963,"1"
"Drews","12",20261012,"TCGA-XF-A8HG","BLCA","1",0.997426807880402,"1"
"Drews","12",20261012,"TCGA-XF-A9SJ","BLCA","1",0.999734699726105,"1"
"Drews","12",20261012,"TCGA-XF-A9SV","BLCA","1",0.995749831199646,"1"
"Drews","12",20261012,"TCGA-XF-AAMW","BLCA","1",0.997948825359344,"1"
"Drews","12",20261012,"TCGA-YF-AA3M","BLCA","1",0.998636305332184,"1"
"Drews","12",20261012,"TCGA-ZF-A9R1","BLCA","1",0.998837769031525,"1"
"Drews","12",20261012,"TCGA-ZF-A9R7","BLCA","1",0.978357553482056,"1"
"Drews","12",20261012,"TCGA-ZF-AA51","BLCA","1",0.998439729213715,"1"
"Drews","12",20261012,"TCGA-3C-AALI","BRCA","1",0.999937057495117,"1"
"Drews","12",20261012,"TCGA-A1-A0SF","BRCA","1",0.335558980703354,"2"
"Drews","12",20261012,"TCGA-A1-A0SI","BRCA","2",0.998310089111328,"1"
"Drews","12",20261012,"TCGA-A1-A0SN","BRCA","1",0.998984396457672,"1"
"Drews","12",20261012,"TCGA-A2-A04P","BRCA","1",0.999984741210938,"1"
"Drews","12",20261012,"TCGA-A2-A04T","BRCA","1",0.999982476234436,"1"
"Drews","12",20261012,"TCGA-A2-A0D2","BRCA","1",0.999898910522461,"1"
"Drews","12",20261012,"TCGA-A2-A0T5","BRCA","1",0.0758223384618759,"2"
"Drews","12",20261012,"TCGA-A2-A0YG","BRCA","1",0.999849200248718,"1"
"Drews","12",20261012,"TCGA-A2-A1G4","BRCA","1",0.976422309875488,"1"
"Drews","12",20261012,"TCGA-A2-A3Y0","BRCA","1",0.999979615211487,"1"
"Drews","12",20261012,"TCGA-A7-A0DA","BRCA","1",0.99998927116394,"1"
"Drews","12",20261012,"TCGA-A7-A13F","BRCA","1",0.875042378902435,"1"
"Drews","12",20261012,"TCGA-A7-A5ZV","BRCA","1",0.999982237815857,"1"
"Drews","12",20261012,"TCGA-A7-A6VY","BRCA","1",0.999922633171082,"1"
"Drews","12",20261012,"TCGA-A8-A06Q","BRCA","1",0.999096512794495,"1"
"Drews","12",20261012,"TCGA-A8-A06R","BRCA","1",0.999878883361816,"1"
"Drews","12",20261012,"TCGA-A8-A06Z","BRCA","1",0.996278822422028,"1"
"Drews","12",20261012,"TCGA-A8-A075","BRCA","1",0.999086618423462,"1"
"Drews","12",20261012,"TCGA-A8-A07L","BRCA","1",0.99998927116394,"1"
"Drews","12",20261012,"TCGA-A8-A086","BRCA","1",0.998039186000824,"1"
"Drews","12",20261012,"TCGA-A8-A08I","BRCA","1",0.925085723400116,"1"
"Drews","12",20261012,"TCGA-A8-A08J","BRCA","1",0.99992048740387,"1"
"Drews","12",20261012,"TCGA-A8-A08O","BRCA","1",0.992396771907806,"1"
"Drews","12",20261012,"TCGA-A8-A096","BRCA","2",0.051056981086731,"2"
"Drews","12",20261012,"TCGA-A8-A099","BRCA","1",0.641772091388702,"1"
"Drews","12",20261012,"TCGA-A8-A09D","BRCA","1",0.999618411064148,"1"
"Drews","12",20261012,"TCGA-A8-A09E","BRCA","1",0.745558202266693,"1"
"Drews","12",20261012,"TCGA-A8-A09G","BRCA","1",0.996360599994659,"1"
"Drews","12",20261012,"TCGA-A8-A09K","BRCA","1",0.999683141708374,"1"
"Drews","12",20261012,"TCGA-A8-A0A6","BRCA","1",0.252171069383621,"2"
"Drews","12",20261012,"TCGA-AC-A23E","BRCA","2",0.398339033126831,"2"
"Drews","12",20261012,"TCGA-AC-A5XU","BRCA","1",0.994036316871643,"1"
"Drews","12",20261012,"TCGA-AN-A0AJ","BRCA","1",0.999393939971924,"1"
"Drews","12",20261012,"TCGA-AO-A03O","BRCA","1",0.999728262424469,"1"
"Drews","12",20261012,"TCGA-AO-A03V","BRCA","1",0.998938977718353,"1"
"Drews","12",20261012,"TCGA-AO-A0J2","BRCA","1",0.999920725822449,"1"
"Drews","12",20261012,"TCGA-AO-A0J5","BRCA","1",0.999058067798615,"1"
"Drews","12",20261012,"TCGA-AO-A0JD","BRCA","1",0.999077439308167,"1"
"Drews","12",20261012,"TCGA-AO-A0JE","BRCA","1",0.999187290668488,"1"
"Drews","12",20261012,"TCGA-AO-A12G","BRCA","1",0.993037283420563,"1"
"Drews","12",20261012,"TCGA-AO-A1KR","BRCA","1",0.999970555305481,"1"
"Drews","12",20261012,"TCGA-AR-A0TV","BRCA","1",0.996424376964569,"1"
"Drews","12",20261012,"TCGA-AR-A24H","BRCA","1",0.999929070472717,"1"
"Drews","12",20261012,"TCGA-AR-A24Q","BRCA","1",0.998001277446747,"1"
"Drews","12",20261012,"TCGA-AR-A251","BRCA","1",0.999985575675964,"1"
"Drews","12",20261012,"TCGA-AR-A254","BRCA","1",0.999118506908417,"1"
"Drews","12",20261012,"TCGA-B6-A0IG","BRCA","1",0.999412059783936,"1"
"Drews","12",20261012,"TCGA-B6-A0IQ","BRCA","1",0.9999018907547,"1"
"Drews","12",20261012,"TCGA-B6-A0RV","BRCA","1",0.888224601745605,"1"
"Drews","12",20261012,"TCGA-B6-A40C","BRCA","2",0.964086592197418,"1"
"Drews","12",20261012,"TCGA-BH-A0BS","BRCA","2",0.126948088407516,"2"
"Drews","12",20261012,"TCGA-BH-A0E2","BRCA","1",0.998839318752289,"1"
"Drews","12",20261012,"TCGA-BH-A0HB","BRCA","1",0.998981893062592,"1"
"Drews","12",20261012,"TCGA-BH-A0HL","BRCA","1",0.996292889118195,"1"
"Drews","12",20261012,"TCGA-BH-A18J","BRCA","1",0.999738752841949,"1"
"Drews","12",20261012,"TCGA-BH-A18K","BRCA","1",0.994872629642487,"1"
"Drews","12",20261012,"TCGA-BH-A18U","BRCA","1",0.998119652271271,"1"
"Drews","12",20261012,"TCGA-BH-A1EN","BRCA","1",0.999262392520905,"1"
"Drews","12",20261012,"TCGA-C8-A12K","BRCA","1",0.999834179878235,"1"
"Drews","12",20261012,"TCGA-C8-A12P","BRCA","1",0.999982476234436,"1"
"Drews","12",20261012,"TCGA-C8-A12Z","BRCA","1",0.999768912792206,"1"
"Drews","12",20261012,"TCGA-C8-A26Z","BRCA","1",0.995264768600464,"1"
"Drews","12",20261012,"TCGA-C8-A275","BRCA","1",0.999788224697113,"1"
"Drews","12",20261012,"TCGA-D8-A140","BRCA","1",0.999492049217224,"1"
"Drews","12",20261012,"TCGA-D8-A142","BRCA","1",0.99996542930603,"1"
"Drews","12",20261012,"TCGA-D8-A1J9","BRCA","1",0.999644994735718,"1"
"Drews","12",20261012,"TCGA-D8-A1JG","BRCA","1",0.999972581863403,"1"
"Drews","12",20261012,"TCGA-D8-A1XJ","BRCA","1",0.99975711107254,"1"
"Drews","12",20261012,"TCGA-D8-A1XW","BRCA","1",0.995175838470459,"1"
"Drews","12",20261012,"TCGA-D8-A1XY","BRCA","1",0.798826158046722,"1"
"Drews","12",20261012,"TCGA-D8-A1Y3","BRCA","1",0.999682903289795,"1"
"Drews","12",20261012,"TCGA-E2-A109","BRCA","1",0.9999840259552,"1"
"Drews","12",20261012,"TCGA-E2-A10A","BRCA","1",0.999483823776245,"1"
"Drews","12",20261012,"TCGA-E2-A150","BRCA","1",0.999989628791809,"1"
"Drews","12",20261012,"TCGA-E2-A156","BRCA","2",0.0074406461790204,"2"
"Drews","12",20261012,"TCGA-E2-A158","BRCA","1",0.99990975856781,"1"
"Drews","12",20261012,"TCGA-E2-A15A","BRCA","1",0.999997496604919,"1"
"Drews","12",20261012,"TCGA-E2-A15F","BRCA","1",0.99690967798233,"1"
"Drews","12",20261012,"TCGA-E2-A15T","BRCA","1",0.988944292068481,"1"
"Drews","12",20261012,"TCGA-E2-A1LA","BRCA","1",0.999223232269287,"1"
"Drews","12",20261012,"TCGA-E2-A1LL","BRCA","1",0.999800145626068,"1"
"Drews","12",20261012,"TCGA-E2-A2P6","BRCA","1",0.953521490097046,"1"
"Drews","12",20261012,"TCGA-E9-A1RG","BRCA","1",0.999248206615448,"1"
"Drews","12",20261012,"TCGA-E9-A2JS","BRCA","1",0.999984622001648,"1"
"Drews","12",20261012,"TCGA-EW-A1IY","BRCA","2",0.650342285633087,"1"
"Drews","12",20261012,"TCGA-EW-A1P0","BRCA","1",0.937122583389282,"1"
"Drews","12",20261012,"TCGA-EW-A6S9","BRCA","1",0.999960780143738,"1"
"Drews","12",20261012,"TCGA-GM-A2DF","BRCA","1",0.999956130981445,"1"
"Drews","12",20261012,"TCGA-GM-A2DK","BRCA","1",0.990489721298218,"1"
"Drews","12",20261012,"TCGA-GM-A2DL","BRCA","1",0.995329141616821,"1"
"Drews","12",20261012,"TCGA-LL-A8F5","BRCA","1",0.999959826469421,"1"
"Drews","12",20261012,"TCGA-OL-A5S0","BRCA","1",0.999976515769958,"1"
"Drews","12",20261012,"TCGA-OL-A66K","BRCA","2",0.101092591881752,"2"
"Drews","12",20261012,"TCGA-S3-AA10","BRCA","1",0.999128043651581,"1"
"Drews","12",20261012,"TCGA-DG-A2KK","CESC","2",0.863584637641907,"1"
"Drews","12",20261012,"TCGA-DS-A0VN","CESC","1",0.678619086742401,"1"
"Drews","12",20261012,"TCGA-EK-A2H1","CESC","2",0.956883370876312,"1"
"Drews","12",20261012,"TCGA-EK-A2PG","CESC","1",0.981528282165527,"1"
"Drews","12",20261012,"TCGA-EX-A69M","CESC","2",0.991574704647064,"1"
"Drews","12",20261012,"TCGA-HM-A6W2","CESC","1",0.960233688354492,"1"
"Drews","12",20261012,"TCGA-IR-A3LB","CESC","1",0.998217880725861,"1"
"Drews","12",20261012,"TCGA-VS-A8EC","CESC","1",0.999594748020172,"1"
"Drews","12",20261012,"TCGA-VS-A8EJ","CESC","1",0.999979376792908,"1"
"Drews","12",20261012,"TCGA-VS-A8QF","CESC","1",0.999630928039551,"1"
"Drews","12",20261012,"TCGA-VS-A9U5","CESC","1",0.998562157154083,"1"
"Drews","12",20261012,"TCGA-VS-A9U6","CESC","1",0.996336102485657,"1"
"Drews","12",20261012,"TCGA-VS-A9UO","CESC","1",0.999060571193695,"1"
"Drews","12",20261012,"TCGA-VS-A9UQ","CESC","1",0.99610424041748,"1"
"Drews","12",20261012,"TCGA-VS-A9V0","CESC","1",0.999671697616577,"1"
"Drews","12",20261012,"TCGA-ZJ-AAXB","CESC","1",0.999620318412781,"1"
"Drews","12",20261012,"TCGA-W6-AA0S","CHOL","1",0.914908468723297,"1"
"Drews","12",20261012,"TCGA-A6-6648","COAD","1",0.97601193189621,"1"
"Drews","12",20261012,"TCGA-AA-3663","COAD","2",0.202154740691185,"2"
"Drews","12",20261012,"TCGA-AA-3673","COAD","2",0.144438982009888,"2"
"Drews","12",20261012,"TCGA-AA-3854","COAD","1",0.539354383945465,"1"
"Drews","12",20261012,"TCGA-AA-A01S","COAD","1",0.975775480270386,"1"
"Drews","12",20261012,"TCGA-AM-5820","COAD","1",0.930298864841461,"1"
"Drews","12",20261012,"TCGA-CA-6718","COAD","2",0.908895492553711,"1"
"Drews","12",20261012,"TCGA-CK-4947","COAD","2",0.0308330412954092,"2"
"Drews","12",20261012,"TCGA-CK-5915","COAD","2",0.670985519886017,"1"
"Drews","12",20261012,"TCGA-CK-6751","COAD","2",0.0561320334672928,"2"
"Drews","12",20261012,"TCGA-CM-4752","COAD","1",0.997147381305695,"1"
"Drews","12",20261012,"TCGA-CM-5341","COAD","1",0.925614178180695,"1"
"Drews","12",20261012,"TCGA-CM-5344","COAD","2",0.995749711990356,"1"
"Drews","12",20261012,"TCGA-CM-6168","COAD","2",0.072409451007843,"2"
"Drews","12",20261012,"TCGA-CM-6171","COAD","2",0.587318480014801,"1"
"Drews","12",20261012,"TCGA-D5-5537","COAD","2",0.0891899690032005,"2"
"Drews","12",20261012,"TCGA-D5-6533","COAD","1",0.997660994529724,"1"
"Drews","12",20261012,"TCGA-D5-6535","COAD","1",0.989411652088165,"1"
"Drews","12",20261012,"TCGA-G4-6323","COAD","2",0.00526811368763447,"2"
"Drews","12",20261012,"TCGA-G4-6586","COAD","2",0.145290032029152,"2"
"Drews","12",20261012,"TCGA-G4-6626","COAD","1",0.998574018478394,"1"
"Drews","12",20261012,"TCGA-FF-8042","DLBC","1",0.965500712394714,"1"
"Drews","12",20261012,"TCGA-IG-A4QS","ESCA","1",0.999387383460999,"1"
"Drews","12",20261012,"TCGA-JY-A6FA","ESCA","1",0.999936580657959,"1"
"Drews","12",20261012,"TCGA-JY-A938","ESCA","1",0.999536037445068,"1"
"Drews","12",20261012,"TCGA-L5-A4OF","ESCA","1",0.999665856361389,"1"
"Drews","12",20261012,"TCGA-L5-A4OO","ESCA","1",0.998424649238586,"1"
"Drews","12",20261012,"TCGA-L5-A88V","ESCA","1",0.999911308288574,"1"
"Drews","12",20261012,"TCGA-L5-A8NE","ESCA","1",0.999044358730316,"1"
"Drews","12",20261012,"TCGA-L5-A8NJ","ESCA","1",0.997010707855225,"1"
"Drews","12",20261012,"TCGA-LN-A49O","ESCA","1",0.998636662960052,"1"
"Drews","12",20261012,"TCGA-LN-A49V","ESCA","1",0.982310652732849,"1"
"Drews","12",20261012,"TCGA-LN-A5U6","ESCA","1",0.999949932098389,"1"
"Drews","12",20261012,"TCGA-R6-A6DN","ESCA","1",0.999855160713196,"1"
"Drews","12",20261012,"TCGA-R6-A8W8","ESCA","1",0.999500155448914,"1"
"Drews","12",20261012,"TCGA-V5-A7RC","ESCA","1",0.999932050704956,"1"
"Drews","12",20261012,"TCGA-VR-A8ER","ESCA","1",0.999800026416779,"1"
"Drews","12",20261012,"TCGA-VR-A8EZ","ESCA","1",0.995678246021271,"1"
"Drews","12",20261012,"TCGA-VR-AA4G","ESCA","1",0.999387979507446,"1"
"Drews","12",20261012,"TCGA-VR-AA7B","ESCA","1",0.999987363815308,"1"
"Drews","12",20261012,"TCGA-27-1837","GBM","2",0.741336107254028,"1"
"Drews","12",20261012,"TCGA-27-2528","GBM","1",0.580881297588348,"1"
"Drews","12",20261012,"TCGA-28-5204","GBM","1",0.987009882926941,"1"
"Drews","12",20261012,"TCGA-28-5215","GBM","2",0.672571301460266,"1"
"Drews","12",20261012,"TCGA-41-3915","GBM","1",0.994301080703735,"1"
"Drews","12",20261012,"TCGA-76-4931","GBM","1",0.89087176322937,"1"
"Drews","12",20261012,"TCGA-BA-5559","HNSC","1",0.679779708385468,"1"
"Drews","12",20261012,"TCGA-BB-A5HY","HNSC","1",0.999443113803864,"1"
"Drews","12",20261012,"TCGA-CN-4725","HNSC","1",0.963484227657318,"1"
"Drews","12",20261012,"TCGA-CN-4741","HNSC","2",0.918765366077423,"1"
"Drews","12",20261012,"TCGA-CN-6010","HNSC","1",0.974136710166931,"1"
"Drews","12",20261012,"TCGA-CQ-6228","HNSC","1",0.999379396438599,"1"
"Drews","12",20261012,"TCGA-CV-5432","HNSC","1",0.998921275138855,"1"
"Drews","12",20261012,"TCGA-CV-6936","HNSC","1",0.996946752071381,"1"
"Drews","12",20261012,"TCGA-CV-6937","HNSC","1",0.997213542461395,"1"
"Drews","12",20261012,"TCGA-CV-6960","HNSC","1",0.999590456485748,"1"
"Drews","12",20261012,"TCGA-CV-7102","HNSC","1",0.999699711799622,"1"
"Drews","12",20261012,"TCGA-CV-7178","HNSC","1",0.994052231311798,"1"
"Drews","12",20261012,"TCGA-CV-7245","HNSC","1",0.990718901157379,"1"
"Drews","12",20261012,"TCGA-CV-7424","HNSC","1",0.999740660190582,"1"
"Drews","12",20261012,"TCGA-CV-A6K2","HNSC","2",0.243957310914993,"2"
"Drews","12",20261012,"TCGA-D6-6827","HNSC","1",0.986508786678314,"1"
"Drews","12",20261012,"TCGA-D6-A6ES","HNSC","1",0.985507369041443,"1"
"Drews","12",20261012,"TCGA-F7-A61W","HNSC","1",0.994263708591461,"1"
"Drews","12",20261012,"TCGA-F7-A624","HNSC","2",0.716586470603943,"1"
"Drews","12",20261012,"TCGA-HD-7832","HNSC","1",0.497194856405258,"2"
"Drews","12",20261012,"TCGA-IQ-7630","HNSC","1",0.985079944133759,"1"
"Drews","12",20261012,"TCGA-IQ-A6SH","HNSC","1",0.999677300453186,"1"
"Drews","12",20261012,"TCGA-QK-A8ZA","HNSC","1",0.999890089035034,"1"
"Drews","12",20261012,"TCGA-KL-8326","KICH","2",0.00877244770526886,"2"
"Drews","12",20261012,"TCGA-KL-8329","KICH","2",0.00648387568071485,"2"
"Drews","12",20261012,"TCGA-KL-8331","KICH","2",0.00596883241087198,"2"
"Drews","12",20261012,"TCGA-KL-8332","KICH","2",0.0203748196363449,"2"
"Drews","12",20261012,"TCGA-KN-8424","KICH","2",0.00712596159428358,"2"
"Drews","12",20261012,"TCGA-KO-8409","KICH","2",0.00555351050570607,"2"
"Drews","12",20261012,"TCGA-KO-8417","KICH","2",0.0164287779480219,"2"
"Drews","12",20261012,"TCGA-A3-3382","KIRC","2",0.00530467974022031,"2"
"Drews","12",20261012,"TCGA-AK-3440","KIRC","2",0.0551913417875767,"2"
"Drews","12",20261012,"TCGA-AK-3453","KIRC","2",0.0241842661052942,"2"
"Drews","12",20261012,"TCGA-AK-3458","KIRC","2",0.00507126236334443,"2"
"Drews","12",20261012,"TCGA-AS-3777","KIRC","2",0.722263097763062,"1"
"Drews","12",20261012,"TCGA-B0-4710","KIRC","2",0.00146933656651527,"2"
"Drews","12",20261012,"TCGA-B0-4810","KIRC","2",0.00156064250040799,"2"
"Drews","12",20261012,"TCGA-B0-5713","KIRC","2",0.00034558167681098,"2"
"Drews","12",20261012,"TCGA-BP-4164","KIRC","2",0.000685196137055755,"2"
"Drews","12",20261012,"TCGA-BP-5199","KIRC","2",0.00453542731702328,"2"
"Drews","12",20261012,"TCGA-CJ-4902","KIRC","2",0.00336201419122517,"2"
"Drews","12",20261012,"TCGA-CZ-5985","KIRC","2",0.00110956595744938,"2"
"Drews","12",20261012,"TCGA-CZ-5987","KIRC","2",0.000451967818662524,"2"
"Drews","12",20261012,"TCGA-EU-5907","KIRC","2",0.000294737576041371,"2"
"Drews","12",20261012,"TCGA-G6-A8L6","KIRC","2",0.00148669455666095,"2"
"Drews","12",20261012,"TCGA-5P-A9KH","KIRP","2",0.0224792715162039,"2"
"Drews","12",20261012,"TCGA-A4-7287","KIRP","2",0.989678859710693,"1"
"Drews","12",20261012,"TCGA-B9-4114","KIRP","2",0.0122664328664541,"2"
"Drews","12",20261012,"TCGA-B9-A44B","KIRP","1",0.00774605665355921,"2"
"Drews","12",20261012,"TCGA-B9-A5W9","KIRP","1",0.00875717308372259,"2"
"Drews","12",20261012,"TCGA-B9-A69E","KIRP","1",0.00408415030688047,"2"
"Drews","12",20261012,"TCGA-BQ-5876","KIRP","2",0.0190602727234364,"2"
"Drews","12",20261012,"TCGA-F9-A4JJ","KIRP","2",0.447863847017288,"2"
"Drews","12",20261012,"TCGA-GL-A59T","KIRP","2",0.015508801676333,"2"
"Drews","12",20261012,"TCGA-DH-A669","LGG","1",0.0745413824915886,"2"
"Drews","12",20261012,"TCGA-DU-6393","LGG","2",0.0234709791839123,"2"
"Drews","12",20261012,"TCGA-DU-A7T6","LGG","1",0.601162195205688,"1"
"Drews","12",20261012,"TCGA-DU-A7T8","LGG","2",0.214021176099777,"2"
"Drews","12",20261012,"TCGA-DU-A7TA","LGG","1",0.0271208081394434,"2"
"Drews","12",20261012,"TCGA-E1-A7Z2","LGG","1",0.158167198300362,"2"
"Drews","12",20261012,"TCGA-FG-5962","LGG","2",0.00498387264087796,"2"
"Drews","12",20261012,"TCGA-FG-6689","LGG","2",0.0357406586408615,"2"
"Drews","12",20261012,"TCGA-FG-7641","LGG","2",0.00681383395567536,"2"
"Drews","12",20261012,"TCGA-FG-A4MW","LGG","2",0.471530556678772,"2"
"Drews","12",20261012,"TCGA-FG-A4MX","LGG","2",0.515972077846527,"1"
"Drews","12",20261012,"TCGA-FG-A6IZ","LGG","2",0.0144963171333075,"2"
"Drews","12",20261012,"TCGA-FG-A87Q","LGG","1",0.248726516962051,"2"
"Drews","12",20261012,"TCGA-FN-7833","LGG","2",0.137255966663361,"2"
"Drews","12",20261012,"TCGA-HT-7879","LGG","2",0.10935378074646,"2"
"Drews","12",20261012,"TCGA-HT-A5R9","LGG","2",0.00846427585929632,"2"
"Drews","12",20261012,"TCGA-IK-7675","LGG","1",0.972014188766479,"1"
"Drews","12",20261012,"TCGA-P5-A730","LGG","2",0.00270862528122962,"2"
"Drews","12",20261012,"TCGA-QH-A86X","LGG","2",0.000654186413157731,"2"
"Drews","12",20261012,"TCGA-S9-A7R7","LGG","2",0.584747910499573,"1"
"Drews","12",20261012,"TCGA-TM-A84J","LGG","1",0.98332154750824,"1"
"Drews","12",20261012,"TCGA-VM-A8CA","LGG","2",0.00158257409930229,"2"
"Drews","12",20261012,"TCGA-VM-A8CF","LGG","1",0.0925398096442223,"2"
"Drews","12",20261012,"TCGA-VV-A86M","LGG","2",0.163693070411682,"2"
"Drews","12",20261012,"TCGA-2Y-A9H0","LIHC","1",0.999180495738983,"1"
"Drews","12",20261012,"TCGA-2Y-A9H2","LIHC","1",0.918546736240387,"1"
"Drews","12",20261012,"TCGA-2Y-A9H3","LIHC","1",0.805961668491364,"1"
"Drews","12",20261012,"TCGA-2Y-A9H6","LIHC","1",0.585234045982361,"1"
"Drews","12",20261012,"TCGA-2Y-A9H9","LIHC","1",0.979211270809174,"1"
"Drews","12",20261012,"TCGA-2Y-A9HB","LIHC","1",0.248547166585922,"2"
"Drews","12",20261012,"TCGA-4R-AA8I","LIHC","1",0.985002100467682,"1"
"Drews","12",20261012,"TCGA-BC-A10Z","LIHC","1",0.997950732707977,"1"
"Drews","12",20261012,"TCGA-BC-A3KF","LIHC","1",0.998352885246277,"1"
"Drews","12",20261012,"TCGA-BC-A69H","LIHC","1",0.99793952703476,"1"
"Drews","12",20261012,"TCGA-DD-A3A7","LIHC","1",0.991686642169952,"1"
"Drews","12",20261012,"TCGA-DD-AAC9","LIHC","2",0.105138845741749,"2"
"Drews","12",20261012,"TCGA-DD-AADD","LIHC","1",0.973504245281219,"1"
"Drews","12",20261012,"TCGA-DD-AADF","LIHC","1",0.981839060783386,"1"
"Drews","12",20261012,"TCGA-FV-A496","LIHC","1",0.980326652526855,"1"
"Drews","12",20261012,"TCGA-G3-A25Y","LIHC","1",0.987636625766754,"1"
"Drews","12",20261012,"TCGA-G3-A7M7","LIHC","2",0.371425181627274,"2"
"Drews","12",20261012,"TCGA-RC-A6M6","LIHC","1",0.999682426452637,"1"
"Drews","12",20261012,"TCGA-UB-A7ME","LIHC","1",0.997203350067139,"1"
"Drews","12",20261012,"TCGA-WJ-A86L","LIHC","1",0.998123228549957,"1"
"Drews","12",20261012,"TCGA-WQ-AB4B","LIHC","2",0.635035514831543,"1"
"Drews","12",20261012,"TCGA-05-4390","LUAD","1",0.999927878379822,"1"
"Drews","12",20261012,"TCGA-05-4395","LUAD","1",0.995933711528778,"1"
"Drews","12",20261012,"TCGA-05-4396","LUAD","1",0.998765110969543,"1"
"Drews","12",20261012,"TCGA-44-6779","LUAD","1",0.981978476047516,"1"
"Drews","12",20261012,"TCGA-44-A4SU","LUAD","1",0.997768759727478,"1"
"Drews","12",20261012,"TCGA-49-AARE","LUAD","1",0.998596489429474,"1"
"Drews","12",20261012,"TCGA-50-6594","LUAD","1",0.999754369258881,"1"
"Drews","12",20261012,"TCGA-50-8457","LUAD","2",0.529643774032593,"1"
"Drews","12",20261012,"TCGA-55-6968","LUAD","1",0.999930620193481,"1"
"Drews","12",20261012,"TCGA-55-7907","LUAD","1",0.996434926986694,"1"
"Drews","12",20261012,"TCGA-55-7910","LUAD","1",0.999898314476013,"1"
"Drews","12",20261012,"TCGA-55-8620","LUAD","1",0.999258816242218,"1"
"Drews","12",20261012,"TCGA-62-A46S","LUAD","1",0.999812304973602,"1"
"Drews","12",20261012,"TCGA-64-1680","LUAD","2",0.901463210582733,"1"
"Drews","12",20261012,"TCGA-64-5779","LUAD","1",0.999934315681458,"1"
"Drews","12",20261012,"TCGA-67-3774","LUAD","1",0.988236725330353,"1"
"Drews","12",20261012,"TCGA-73-7499","LUAD","1",0.999928712844849,"1"
"Drews","12",20261012,"TCGA-78-7153","LUAD","1",0.981556415557861,"1"
"Drews","12",20261012,"TCGA-78-7154","LUAD","1",0.999102115631104,"1"
"Drews","12",20261012,"TCGA-78-7158","LUAD","2",0.990799605846405,"1"
"Drews","12",20261012,"TCGA-86-8056","LUAD","1",0.956577837467194,"1"
"Drews","12",20261012,"TCGA-91-6831","LUAD","1",0.999992370605469,"1"
"Drews","12",20261012,"TCGA-97-8547","LUAD","1",0.991105496883392,"1"
"Drews","12",20261012,"TCGA-MP-A4SW","LUAD","1",0.996882557868958,"1"
"Drews","12",20261012,"TCGA-MP-A4T6","LUAD","1",0.990354180335999,"1"
"Drews","12",20261012,"TCGA-NJ-A4YF","LUAD","1",0.999988317489624,"1"
"Drews","12",20261012,"TCGA-NJ-A4YP","LUAD","2",0.806504309177399,"1"
"Drews","12",20261012,"TCGA-18-3406","LUSC","1",0.995429873466492,"1"
"Drews","12",20261012,"TCGA-21-1078","LUSC","2",0.0859685614705086,"2"
"Drews","12",20261012,"TCGA-21-1080","LUSC","1",0.999744236469269,"1"
"Drews","12",20261012,"TCGA-22-4591","LUSC","1",0.999983668327332,"1"
"Drews","12",20261012,"TCGA-22-5473","LUSC","1",0.998542308807373,"1"
"Drews","12",20261012,"TCGA-22-5491","LUSC","1",0.997326731681824,"1"
"Drews","12",20261012,"TCGA-22-A5C4","LUSC","1",0.999499559402466,"1"
"Drews","12",20261012,"TCGA-33-4532","LUSC","1",0.99987268447876,"1"
"Drews","12",20261012,"TCGA-33-AAS8","LUSC","1",0.999490976333618,"1"
"Drews","12",20261012,"TCGA-34-8456","LUSC","1",0.996783137321472,"1"
"Drews","12",20261012,"TCGA-37-3789","LUSC","1",0.999099731445312,"1"
"Drews","12",20261012,"TCGA-39-5034","LUSC","1",0.99725866317749,"1"
"Drews","12",20261012,"TCGA-43-8115","LUSC","1",0.999897360801697,"1"
"Drews","12",20261012,"TCGA-56-7579","LUSC","1",0.999808609485626,"1"
"Drews","12",20261012,"TCGA-56-7580","LUSC","1",0.998457551002502,"1"
"Drews","12",20261012,"TCGA-56-8083","LUSC","1",0.999955415725708,"1"
"Drews","12",20261012,"TCGA-56-8622","LUSC","1",0.886302828788757,"1"
"Drews","12",20261012,"TCGA-56-A4BW","LUSC","1",0.999570667743683,"1"
"Drews","12",20261012,"TCGA-60-2711","LUSC","1",0.999744832515717,"1"
"Drews","12",20261012,"TCGA-60-2713","LUSC","1",0.999507188796997,"1"
"Drews","12",20261012,"TCGA-66-2756","LUSC","1",0.999953269958496,"1"
"Drews","12",20261012,"TCGA-66-2793","LUSC","1",0.999971866607666,"1"
"Drews","12",20261012,"TCGA-66-2800","LUSC","1",0.999887704849243,"1"
"Drews","12",20261012,"TCGA-70-6723","LUSC","1",0.99985682964325,"1"
"Drews","12",20261012,"TCGA-77-6843","LUSC","1",0.997590780258179,"1"
"Drews","12",20261012,"TCGA-77-6845","LUSC","1",0.999967932701111,"1"
"Drews","12",20261012,"TCGA-77-7142","LUSC","1",0.999663829803467,"1"
"Drews","12",20261012,"TCGA-77-A5G3","LUSC","1",0.999953746795654,"1"
"Drews","12",20261012,"TCGA-77-A5GF","LUSC","1",0.999592125415802,"1"
"Drews","12",20261012,"TCGA-85-8351","LUSC","1",0.983489155769348,"1"
"Drews","12",20261012,"TCGA-85-A4QQ","LUSC","1",0.985779047012329,"1"
"Drews","12",20261012,"TCGA-85-A5B5","LUSC","1",0.99977833032608,"1"
"Drews","12",20261012,"TCGA-98-8020","LUSC","1",0.999080061912537,"1"
"Drews","12",20261012,"TCGA-NC-A5HN","LUSC","1",0.984959006309509,"1"
"Drews","12",20261012,"TCGA-3U-A98I","MESO","1",0.996587753295898,"1"
"Drews","12",20261012,"TCGA-MQ-A4LV","MESO","1",0.925146460533142,"1"
"Drews","12",20261012,"TCGA-SC-A6LM","MESO","1",0.97808963060379,"1"
"Drews","12",20261012,"TCGA-UD-AAC7","MESO","1",0.998017549514771,"1"
"Drews","12",20261012,"TCGA-04-1357","OV","1",0.999330163002014,"1"
"Drews","12",20261012,"TCGA-04-1362","OV","1",0.999923944473267,"1"
"Drews","12",20261012,"TCGA-09-0369","OV","1",0.999837517738342,"1"
"Drews","12",20261012,"TCGA-09-2045","OV","1",0.998779356479645,"1"
"Drews","12",20261012,"TCGA-13-0800","OV","1",0.999561131000519,"1"
"Drews","12",20261012,"TCGA-13-0916","OV","1",0.999966740608215,"1"
"Drews","12",20261012,"TCGA-13-1498","OV","1",0.999889016151428,"1"
"Drews","12",20261012,"TCGA-13-1505","OV","1",0.999915599822998,"1"
"Drews","12",20261012,"TCGA-13-1511","OV","1",0.9996178150177,"1"
"Drews","12",20261012,"TCGA-13-1512","OV","1",0.999988675117493,"1"
"Drews","12",20261012,"TCGA-20-1684","OV","1",0.999811351299286,"1"
"Drews","12",20261012,"TCGA-23-1123","OV","1",0.999918103218079,"1"
"Drews","12",20261012,"TCGA-24-1463","OV","1",0.99990177154541,"1"
"Drews","12",20261012,"TCGA-24-1842","OV","1",0.999990701675415,"1"
"Drews","12",20261012,"TCGA-24-1846","OV","1",0.999851703643799,"1"
"Drews","12",20261012,"TCGA-24-1850","OV","1",0.99986743927002,"1"
"Drews","12",20261012,"TCGA-24-2271","OV","1",0.999340832233429,"1"
"Drews","12",20261012,"TCGA-25-1312","OV","1",0.999978303909302,"1"
"Drews","12",20261012,"TCGA-25-1314","OV","1",0.99997091293335,"1"
"Drews","12",20261012,"TCGA-25-2393","OV","1",0.999990105628967,"1"
"Drews","12",20261012,"TCGA-25-2396","OV","1",0.99985146522522,"1"
"Drews","12",20261012,"TCGA-25-2401","OV","1",0.999769389629364,"1"
"Drews","12",20261012,"TCGA-29-1696","OV","1",0.997735619544983,"1"
"Drews","12",20261012,"TCGA-29-1699","OV","1",0.999840497970581,"1"
"Drews","12",20261012,"TCGA-29-1703","OV","1",0.999962449073792,"1"
"Drews","12",20261012,"TCGA-29-1761","OV","1",0.99962306022644,"1"
"Drews","12",20261012,"TCGA-29-1784","OV","1",0.999990701675415,"1"
"Drews","12",20261012,"TCGA-30-1718","OV","1",0.999995827674866,"1"
"Drews","12",20261012,"TCGA-59-2352","OV","1",0.999881982803345,"1"
"Drews","12",20261012,"TCGA-59-A5PD","OV","1",0.999997973442078,"1"
"Drews","12",20261012,"TCGA-61-1907","OV","1",0.999789893627167,"1"
"Drews","12",20261012,"TCGA-61-2094","OV","1",0.999648809432983,"1"
"Drews","12",20261012,"TCGA-OY-A56P","OV","1",0.999207556247711,"1"
"Drews","12",20261012,"TCGA-FB-AAPZ","PAAD","1",0.995477259159088,"1"
"Drews","12",20261012,"TCGA-IB-7646","PAAD","1",0.888642013072968,"1"
"Drews","12",20261012,"TCGA-IB-A7LX","PAAD","1",0.996954798698425,"1"
"Drews","12",20261012,"TCGA-PZ-A5RE","PAAD","1",0.892536699771881,"1"
"Drews","12",20261012,"TCGA-S4-A8RO","PAAD","1",0.415254980325699,"2"
"Drews","12",20261012,"TCGA-QR-A6GU","PCPG","2",0.0318974629044533,"2"
"Drews","12",20261012,"TCGA-QR-A70R","PCPG","1",0.320243030786514,"2"
"Drews","12",20261012,"TCGA-QR-A70V","PCPG","1",0.491339504718781,"2"
"Drews","12",20261012,"TCGA-RM-A68W","PCPG","2",0.484477639198303,"2"
"Drews","12",20261012,"TCGA-RW-A685","PCPG","2",0.0343969725072384,"2"
"Drews","12",20261012,"TCGA-RW-A7CZ","PCPG","1",0.00715116038918495,"2"
"Drews","12",20261012,"TCGA-S7-A7X1","PCPG","2",0.0899934992194176,"2"
"Drews","12",20261012,"TCGA-SR-A6MU","PCPG","2",0.272493928670883,"2"
"Drews","12",20261012,"TCGA-W2-A7H5","PCPG","2",0.0429332219064236,"2"
"Drews","12",20261012,"TCGA-WB-A814","PCPG","2",0.0644582957029343,"2"
"Drews","12",20261012,"TCGA-2A-A8VX","PRAD","1",0.985502243041992,"1"
"Drews","12",20261012,"TCGA-CH-5791","PRAD","1",0.988824903964996,"1"
"Drews","12",20261012,"TCGA-EJ-A46G","PRAD","1",0.998984634876251,"1"
"Drews","12",20261012,"TCGA-EJ-A65M","PRAD","1",0.73091197013855,"1"
"Drews","12",20261012,"TCGA-EJ-A8FN","PRAD","1",0.898346126079559,"1"
"Drews","12",20261012,"TCGA-HC-7232","PRAD","2",0.92509788274765,"1"
"Drews","12",20261012,"TCGA-HC-A631","PRAD","1",0.963088512420654,"1"
"Drews","12",20261012,"TCGA-J4-A83J","PRAD","1",0.983646810054779,"1"
"Drews","12",20261012,"TCGA-KC-A7F3","PRAD","1",0.486255198717117,"2"
"Drews","12",20261012,"TCGA-KK-A6E0","PRAD","1",0.976742208003998,"1"
"Drews","12",20261012,"TCGA-KK-A6E8","PRAD","1",0.991136908531189,"1"
"Drews","12",20261012,"TCGA-M7-A724","PRAD","1",0.942255556583405,"1"
"Drews","12",20261012,"TCGA-TP-A8TV","PRAD","1",0.997598111629486,"1"
"Drews","12",20261012,"TCGA-V1-A9Z7","PRAD","1",0.980637192726135,"1"
"Drews","12",20261012,"TCGA-XJ-A83H","PRAD","2",0.869656205177307,"1"
"Drews","12",20261012,"TCGA-XK-AAJA","PRAD","1",0.974100053310394,"1"
"Drews","12",20261012,"TCGA-XQ-A8TB","PRAD","1",0.931834101676941,"1"
"Drews","12",20261012,"TCGA-ZG-A9LN","PRAD","1",0.979920446872711,"1"
"Drews","12",20261012,"TCGA-AG-3731","READ","1",0.845742344856262,"1"
"Drews","12",20261012,"TCGA-AG-3883","READ","1",0.965835750102997,"1"
"Drews","12",20261012,"TCGA-AG-3890","READ","1",0.693470478057861,"1"
"Drews","12",20261012,"TCGA-AG-4022","READ","2",0.563638269901276,"1"
"Drews","12",20261012,"TCGA-AG-A02X","READ","1",0.985764682292938,"1"
"Drews","12",20261012,"TCGA-DT-5265","READ","1",0.987493455410004,"1"
"Drews","12",20261012,"TCGA-DY-A1H8","READ","1",0.611216425895691,"1"
"Drews","12",20261012,"TCGA-F5-6863","READ","1",0.997941672801971,"1"
"Drews","12",20261012,"TCGA-G5-6233","READ","1",0.99840384721756,"1"
"Drews","12",20261012,"TCGA-3B-A9HS","SARC","1",0.999878525733948,"1"
"Drews","12",20261012,"TCGA-DX-A1L2","SARC","1",0.990084648132324,"1"
"Drews","12",20261012,"TCGA-DX-A3LS","SARC","1",0.981620073318481,"1"
"Drews","12",20261012,"TCGA-DX-A3LY","SARC","1",0.963972449302673,"1"
"Drews","12",20261012,"TCGA-DX-A3M1","SARC","1",0.999047815799713,"1"
"Drews","12",20261012,"TCGA-DX-A3UA","SARC","1",0.949166715145111,"1"
"Drews","12",20261012,"TCGA-DX-A6YQ","SARC","1",0.997445702552795,"1"
"Drews","12",20261012,"TCGA-DX-A6YZ","SARC","1",0.987627983093262,"1"
"Drews","12",20261012,"TCGA-DX-A7EI","SARC","1",0.999409079551697,"1"
"Drews","12",20261012,"TCGA-DX-A7EL","SARC","1",0.893026351928711,"1"
"Drews","12",20261012,"TCGA-DX-AB2T","SARC","1",0.998833358287811,"1"
"Drews","12",20261012,"TCGA-DX-AB35","SARC","1",0.99874073266983,"1"
"Drews","12",20261012,"TCGA-DX-AB3B","SARC","1",0.764059484004974,"1"
"Drews","12",20261012,"TCGA-K1-A6RU","SARC","1",0.996664941310883,"1"
"Drews","12",20261012,"TCGA-KD-A5QU","SARC","1",0.999365627765656,"1"
"Drews","12",20261012,"TCGA-MB-A8JK","SARC","1",0.999183595180511,"1"
"Drews","12",20261012,"TCGA-N1-A6IA","SARC","1",0.998129189014435,"1"
"Drews","12",20261012,"TCGA-QQ-A5VB","SARC","1",0.999928832054138,"1"
"Drews","12",20261012,"TCGA-QQ-A5VC","SARC","1",0.99965488910675,"1"
"Drews","12",20261012,"TCGA-QQ-A8VH","SARC","1",0.999932885169983,"1"
"Drews","12",20261012,"TCGA-SI-AA8B","SARC","1",0.998988091945648,"1"
"Drews","12",20261012,"TCGA-X6-A7WC","SARC","1",0.995794892311096,"1"
"Drews","12",20261012,"TCGA-X6-A8C2","SARC","1",0.995064556598663,"1"
"Drews","12",20261012,"TCGA-X6-A8C3","SARC","1",0.999047219753265,"1"
"Drews","12",20261012,"TCGA-BF-A9VF","SKCM","1",0.840819180011749,"1"
"Drews","12",20261012,"TCGA-BF-AAP2","SKCM","1",0.699320435523987,"1"
"Drews","12",20261012,"TCGA-D9-A4Z3","SKCM","1",0.965302407741547,"1"
"Drews","12",20261012,"TCGA-EB-A3XB","SKCM","2",0.863818764686584,"1"
"Drews","12",20261012,"TCGA-EB-A431","SKCM","1",0.956695437431335,"1"
"Drews","12",20261012,"TCGA-EB-A4IQ","SKCM","1",0.956989824771881,"1"
"Drews","12",20261012,"TCGA-EB-A553","SKCM","1",0.956939816474915,"1"
"Drews","12",20261012,"TCGA-EB-A5UM","SKCM","1",0.415322601795197,"2"
"Drews","12",20261012,"TCGA-BR-4191","STAD","1",0.998833477497101,"1"
"Drews","12",20261012,"TCGA-BR-4267","STAD","1",0.942086517810822,"1"
"Drews","12",20261012,"TCGA-BR-4371","STAD","2",0.375805616378784,"2"
"Drews","12",20261012,"TCGA-BR-8077","STAD","1",0.999822199344635,"1"
"Drews","12",20261012,"TCGA-BR-A44U","STAD","1",0.997512578964233,"1"
"Drews","12",20261012,"TCGA-CD-A486","STAD","1",0.999987483024597,"1"
"Drews","12",20261012,"TCGA-CG-4438","STAD","1",0.999152183532715,"1"
"Drews","12",20261012,"TCGA-CG-4449","STAD","1",0.999971985816956,"1"
"Drews","12",20261012,"TCGA-CG-4474","STAD","2",0.750358283519745,"1"
"Drews","12",20261012,"TCGA-HJ-7597","STAD","2",0.934630930423737,"1"
"Drews","12",20261012,"TCGA-HU-8243","STAD","1",0.999788582324982,"1"
"Drews","12",20261012,"TCGA-HU-8244","STAD","2",0.957800269126892,"1"
"Drews","12",20261012,"TCGA-HU-A4GH","STAD","1",0.999716341495514,"1"
"Drews","12",20261012,"TCGA-HU-A4GU","STAD","1",0.999539494514465,"1"
"Drews","12",20261012,"TCGA-HU-A4HB","STAD","2",0.998072743415833,"1"
"Drews","12",20261012,"TCGA-HU-A4HD","STAD","1",0.999975204467773,"1"
"Drews","12",20261012,"TCGA-IN-A6RI","STAD","1",0.999865770339966,"1"
"Drews","12",20261012,"TCGA-IP-7968","STAD","1",0.999884843826294,"1"
"Drews","12",20261012,"TCGA-MX-A666","STAD","1",0.999887466430664,"1"
"Drews","12",20261012,"TCGA-R5-A805","STAD","1",0.992030024528503,"1"
"Drews","12",20261012,"TCGA-RD-A8N6","STAD","1",0.999943971633911,"1"
"Drews","12",20261012,"TCGA-VQ-A8DZ","STAD","1",0.999970555305481,"1"
"Drews","12",20261012,"TCGA-VQ-A8E3","STAD","1",0.995384752750397,"1"
"Drews","12",20261012,"TCGA-VQ-A8P5","STAD","1",0.99967896938324,"1"
"Drews","12",20261012,"TCGA-VQ-A91U","STAD","1",0.999610006809235,"1"
"Drews","12",20261012,"TCGA-VQ-A91X","STAD","1",0.998485267162323,"1"
"Drews","12",20261012,"TCGA-VQ-AA64","STAD","1",0.999988198280334,"1"
"Drews","12",20261012,"TCGA-2G-AAFN","TGCT","1",0.999097943305969,"1"
"Drews","12",20261012,"TCGA-2G-AAGO","TGCT","1",0.994173228740692,"1"
"Drews","12",20261012,"TCGA-2G-AAGV","TGCT","2",0.210035592317581,"2"
"Drews","12",20261012,"TCGA-2G-AAHL","TGCT","2",0.25782522559166,"2"
"Drews","12",20261012,"TCGA-DJ-A2Q0","THCA","2",0.209558308124542,"2"
"Drews","12",20261012,"TCGA-EM-A2OY","THCA","2",0.00313736125826836,"2"
"Drews","12",20261012,"TCGA-5K-AAAP","THYM","2",0.250568360090256,"2"
"Drews","12",20261012,"TCGA-A5-A0VQ","UCEC","2",0.00238687777891755,"2"
"Drews","12",20261012,"TCGA-A5-A1OG","UCEC","1",0.999953985214233,"1"
"Drews","12",20261012,"TCGA-AJ-A3IA","UCEC","1",0.999993801116943,"1"
"Drews","12",20261012,"TCGA-AJ-A8CV","UCEC","2",0.0278446637094021,"2"
"Drews","12",20261012,"TCGA-AP-A053","UCEC","1",0.998333275318146,"1"
"Drews","12",20261012,"TCGA-AP-A05D","UCEC","1",0.999394774436951,"1"
"Drews","12",20261012,"TCGA-AP-A05J","UCEC","1",0.999401330947876,"1"
"Drews","12",20261012,"TCGA-AP-A1DQ","UCEC","1",0.99620133638382,"1"
"Drews","12",20261012,"TCGA-AX-A2H4","UCEC","1",0.993337035179138,"1"
"Drews","12",20261012,"TCGA-AX-A2HF","UCEC","1",0.999782860279083,"1"
"Drews","12",20261012,"TCGA-AX-A3FV","UCEC","1",0.99996542930603,"1"
"Drews","12",20261012,"TCGA-AX-A3G6","UCEC","1",0.995100438594818,"1"
"Drews","12",20261012,"TCGA-B5-A0JV","UCEC","1",0.0194420646876097,"2"
"Drews","12",20261012,"TCGA-B5-A0K3","UCEC","1",0.997299134731293,"1"
"Drews","12",20261012,"TCGA-B5-A0K8","UCEC","1",0.999052345752716,"1"
"Drews","12",20261012,"TCGA-B5-A11I","UCEC","1",0.999672174453735,"1"
"Drews","12",20261012,"TCGA-B5-A121","UCEC","2",0.157262653112411,"2"
"Drews","12",20261012,"TCGA-B5-A5OD","UCEC","1",0.999655485153198,"1"
"Drews","12",20261012,"TCGA-B5-A5OE","UCEC","1",0.999946236610413,"1"
"Drews","12",20261012,"TCGA-BS-A0TI","UCEC","1",0.986950576305389,"1"
"Drews","12",20261012,"TCGA-D1-A16I","UCEC","1",0.998885214328766,"1"
"Drews","12",20261012,"TCGA-D1-A3DG","UCEC","1",0.998961329460144,"1"
"Drews","12",20261012,"TCGA-DI-A2QT","UCEC","1",0.998300492763519,"1"
"Drews","12",20261012,"TCGA-EO-A22Y","UCEC","2",0.210853189229965,"2"
"Drews","12",20261012,"TCGA-EO-A3KU","UCEC","1",0.999936819076538,"1"
"Drews","12",20261012,"TCGA-EY-A1GO","UCEC","2",0.983059167861938,"1"
"Drews","12",20261012,"TCGA-EY-A210","UCEC","1",0.986774444580078,"1"
"Drews","12",20261012,"TCGA-EY-A2ON","UCEC","1",0.999936819076538,"1"
"Drews","12",20261012,"TCGA-EY-A3QX","UCEC","1",0.999812543392181,"1"
"Drews","12",20261012,"TCGA-FI-A2CY","UCEC","1",0.999812304973602,"1"
"Drews","12",20261012,"TCGA-FI-A2D2","UCEC","1",0.988304972648621,"1"
"Drews","12",20261012,"TCGA-JU-AAVI","UCEC","1",0.998029768466949,"1"
"Drews","12",20261012,"TCGA-PG-A7D5","UCEC","1",0.999169111251831,"1"
"Drews","12",20261012,"TCGA-QS-A8F1","UCEC","1",0.997094392776489,"1"
"Drews","12",20261012,"TCGA-N5-A4R8","UCS","1",0.999808609485626,"1"
"Drews","12",20261012,"TCGA-N5-A4RN","UCS","1",0.999771296977997,"1"
"Drews","12",20261012,"TCGA-N6-A4VC","UCS","1",0.999810755252838,"1"
"Drews","12",20261012,"TCGA-N8-A4PN","UCS","1",0.999875783920288,"1"
"Drews","12",20261012,"TCGA-N8-A4PO","UCS","1",0.999847054481506,"1"
"Drews","12",20261012,"TCGA-N8-A4PQ","UCS","1",0.997082769870758,"1"
"Drews","12",20261012,"TCGA-N9-A4Q4","UCS","1",0.99995219707489,"1"
"Drews","12",20261012,"TCGA-V4-A9E7","UVM","2",0.0267570540308952,"2"
"Drews","12",20261012,"TCGA-VD-A8KA","UVM","2",0.0058788750320673,"2"
"Drews","12",20261012,"TCGA-VD-A8KM","UVM","2",0.0606902614235878,"2"
"Drews","12",20261012,"TCGA-YZ-A984","UVM","2",0.0457959473133087,"2"
"Drews","13",20261013,"TCGA-OR-A5JM","ACC","1",0.992728590965271,"1"
"Drews","13",20261013,"TCGA-OR-A5JQ","ACC","2",0.012575501576066,"2"
"Drews","13",20261013,"TCGA-OR-A5JS","ACC","1",0.97742635011673,"1"
"Drews","13",20261013,"TCGA-OR-A5K1","ACC","2",0.0565709248185158,"2"
"Drews","13",20261013,"TCGA-OR-A5K5","ACC","1",0.99414587020874,"1"
"Drews","13",20261013,"TCGA-OR-A5KV","ACC","2",0.793004155158997,"1"
"Drews","13",20261013,"TCGA-OR-A5LG","ACC","1",0.610967934131622,"1"
"Drews","13",20261013,"TCGA-PA-A5YG","ACC","2",0.00637599918991327,"2"
"Drews","13",20261013,"TCGA-4Z-AA7M","BLCA","1",0.999930620193481,"1"
"Drews","13",20261013,"TCGA-4Z-AA7S","BLCA","1",0.993068099021912,"1"
"Drews","13",20261013,"TCGA-BL-A0C8","BLCA","1",0.997749269008636,"1"
"Drews","13",20261013,"TCGA-BT-A20T","BLCA","1",0.997123062610626,"1"
"Drews","13",20261013,"TCGA-BT-A3PJ","BLCA","1",0.999718964099884,"1"
"Drews","13",20261013,"TCGA-CF-A1HR","BLCA","1",0.593497931957245,"1"
"Drews","13",20261013,"TCGA-DK-A3IM","BLCA","1",0.999822676181793,"1"
"Drews","13",20261013,"TCGA-DK-A3X1","BLCA","1",0.999806582927704,"1"
"Drews","13",20261013,"TCGA-DK-A6B1","BLCA","1",0.9983069896698,"1"
"Drews","13",20261013,"TCGA-DK-AA6R","BLCA","1",0.999679923057556,"1"
"Drews","13",20261013,"TCGA-DK-AA6W","BLCA","1",0.999120891094208,"1"
"Drews","13",20261013,"TCGA-E7-A3Y1","BLCA","2",0.0344451814889908,"2"
"Drews","13",20261013,"TCGA-E7-A7PW","BLCA","1",0.99958211183548,"1"
"Drews","13",20261013,"TCGA-E7-A85H","BLCA","1",0.999873995780945,"1"
"Drews","13",20261013,"TCGA-FD-A3B5","BLCA","1",0.999919533729553,"1"
"Drews","13",20261013,"TCGA-FD-A3SJ","BLCA","1",0.999991059303284,"1"
"Drews","13",20261013,"TCGA-G2-A3IE","BLCA","1",0.969640016555786,"1"
"Drews","13",20261013,"TCGA-GC-A3YS","BLCA","1",0.999861478805542,"1"
"Drews","13",20261013,"TCGA-GD-A6C6","BLCA","1",0.994357764720917,"1"
"Drews","13",20261013,"TCGA-GV-A3JZ","BLCA","1",0.999892354011536,"1"
"Drews","13",20261013,"TCGA-GV-A3QH","BLCA","1",0.999985933303833,"1"
"Drews","13",20261013,"TCGA-GV-A40E","BLCA","1",0.999898672103882,"1"
"Drews","13",20261013,"TCGA-HQ-A2OE","BLCA","1",0.996431589126587,"1"
"Drews","13",20261013,"TCGA-UY-A78L","BLCA","1",0.99963390827179,"1"
"Drews","13",20261013,"TCGA-UY-A78N","BLCA","1",0.906423926353455,"1"
"Drews","13",20261013,"TCGA-XF-A9SH","BLCA","1",0.309804797172546,"2"
"Drews","13",20261013,"TCGA-XF-A9ST","BLCA","1",0.999337017536163,"1"
"Drews","13",20261013,"TCGA-XF-A9SZ","BLCA","1",0.999832272529602,"1"
"Drews","13",20261013,"TCGA-XF-AAML","BLCA","1",0.999948143959045,"1"
"Drews","13",20261013,"TCGA-YF-AA3L","BLCA","1",0.960466504096985,"1"
"Drews","13",20261013,"TCGA-ZF-A9R4","BLCA","1",0.988713622093201,"1"
"Drews","13",20261013,"TCGA-ZF-AA4T","BLCA","1",0.999897003173828,"1"
"Drews","13",20261013,"TCGA-ZF-AA5H","BLCA","1",0.999973058700562,"1"
"Drews","13",20261013,"TCGA-3C-AALK","BRCA","1",0.967216074466705,"1"
"Drews","13",20261013,"TCGA-A1-A0SN","BRCA","1",0.988842248916626,"1"
"Drews","13",20261013,"TCGA-A2-A04T","BRCA","1",0.999995350837708,"1"
"Drews","13",20261013,"TCGA-A2-A04X","BRCA","1",0.998812913894653,"1"
"Drews","13",20261013,"TCGA-A2-A0D4","BRCA","1",0.999754965305328,"1"
"Drews","13",20261013,"TCGA-A2-A0EX","BRCA","1",0.386035770177841,"2"
"Drews","13",20261013,"TCGA-A2-A0SX","BRCA","1",0.99960595369339,"1"
"Drews","13",20261013,"TCGA-A2-A0YC","BRCA","2",0.0131565248593688,"2"
"Drews","13",20261013,"TCGA-A2-A0YG","BRCA","1",0.99963641166687,"1"
"Drews","13",20261013,"TCGA-A2-A0YM","BRCA","1",0.999967575073242,"1"
"Drews","13",20261013,"TCGA-A2-A1FX","BRCA","1",0.998183190822601,"1"
"Drews","13",20261013,"TCGA-A2-A259","BRCA","2",0.504039704799652,"1"
"Drews","13",20261013,"TCGA-A2-A25E","BRCA","1",0.999908208847046,"1"
"Drews","13",20261013,"TCGA-A2-A3Y0","BRCA","1",0.999932885169983,"1"
"Drews","13",20261013,"TCGA-A7-A5ZV","BRCA","1",0.999994277954102,"1"
"Drews","13",20261013,"TCGA-A8-A06N","BRCA","1",0.997636079788208,"1"
"Drews","13",20261013,"TCGA-A8-A06Q","BRCA","1",0.983087301254272,"1"
"Drews","13",20261013,"TCGA-A8-A07B","BRCA","1",0.999169111251831,"1"
"Drews","13",20261013,"TCGA-A8-A08O","BRCA","1",0.993833303451538,"1"
"Drews","13",20261013,"TCGA-A8-A093","BRCA","1",0.129698857665062,"2"
"Drews","13",20261013,"TCGA-A8-A094","BRCA","1",0.998679339885712,"1"
"Drews","13",20261013,"TCGA-A8-A096","BRCA","2",0.0610530935227871,"2"
"Drews","13",20261013,"TCGA-A8-A09W","BRCA","1",0.99926346540451,"1"
"Drews","13",20261013,"TCGA-AC-A2QH","BRCA","1",0.999863624572754,"1"
"Drews","13",20261013,"TCGA-AC-A3OD","BRCA","1",0.719448328018188,"1"
"Drews","13",20261013,"TCGA-AC-A3W5","BRCA","1",0.999873042106628,"1"
"Drews","13",20261013,"TCGA-AC-A6IX","BRCA","1",0.941462516784668,"1"
"Drews","13",20261013,"TCGA-AN-A03Y","BRCA","1",0.998217046260834,"1"
"Drews","13",20261013,"TCGA-AN-A041","BRCA","1",0.99977844953537,"1"
"Drews","13",20261013,"TCGA-AN-A049","BRCA","1",0.99915874004364,"1"
"Drews","13",20261013,"TCGA-AN-A0AS","BRCA","1",0.999852061271667,"1"
"Drews","13",20261013,"TCGA-AN-A0FV","BRCA","1",0.999363124370575,"1"
"Drews","13",20261013,"TCGA-AN-A0G0","BRCA","1",0.997394919395447,"1"
"Drews","13",20261013,"TCGA-AN-A0XP","BRCA","2",0.0104263350367546,"2"
"Drews","13",20261013,"TCGA-AO-A03M","BRCA","1",0.998784244060516,"1"
"Drews","13",20261013,"TCGA-AO-A0J3","BRCA","1",0.99985408782959,"1"
"Drews","13",20261013,"TCGA-AO-A0J5","BRCA","1",0.999491333961487,"1"
"Drews","13",20261013,"TCGA-AO-A0JM","BRCA","1",0.999971032142639,"1"
"Drews","13",20261013,"TCGA-AQ-A04H","BRCA","1",0.999455034732819,"1"
"Drews","13",20261013,"TCGA-AR-A0TR","BRCA","2",0.0500130578875542,"2"
"Drews","13",20261013,"TCGA-AR-A0TY","BRCA","1",0.999646544456482,"1"
"Drews","13",20261013,"TCGA-AR-A0TZ","BRCA","1",0.996942937374115,"1"
"Drews","13",20261013,"TCGA-AR-A0U3","BRCA","1",0.995362460613251,"1"
"Drews","13",20261013,"TCGA-AR-A1AQ","BRCA","1",0.984692931175232,"1"
"Drews","13",20261013,"TCGA-AR-A24H","BRCA","1",0.999538898468018,"1"
"Drews","13",20261013,"TCGA-AR-A24R","BRCA","1",0.985897302627563,"1"
"Drews","13",20261013,"TCGA-AR-A24X","BRCA","2",0.0647296831011772,"2"
"Drews","13",20261013,"TCGA-B6-A0I9","BRCA","1",0.999987006187439,"1"
"Drews","13",20261013,"TCGA-B6-A0IE","BRCA","1",0.986999809741974,"1"
"Drews","13",20261013,"TCGA-B6-A0IQ","BRCA","1",0.999987959861755,"1"
"Drews","13",20261013,"TCGA-B6-A0RE","BRCA","1",0.99994683265686,"1"
"Drews","13",20261013,"TCGA-B6-A0RS","BRCA","1",0.999880313873291,"1"
"Drews","13",20261013,"TCGA-B6-A409","BRCA","1",0.999932408332825,"1"
"Drews","13",20261013,"TCGA-B6-A40C","BRCA","2",0.999597132205963,"1"
"Drews","13",20261013,"TCGA-BH-A0AU","BRCA","1",0.999282419681549,"1"
"Drews","13",20261013,"TCGA-BH-A0AW","BRCA","1",0.999569475650787,"1"
"Drews","13",20261013,"TCGA-BH-A0BP","BRCA","1",0.990630567073822,"1"
"Drews","13",20261013,"TCGA-BH-A0BW","BRCA","1",0.99977034330368,"1"
"Drews","13",20261013,"TCGA-BH-A0C1","BRCA","1",0.187211215496063,"2"
"Drews","13",20261013,"TCGA-BH-A0HB","BRCA","1",0.998027741909027,"1"
"Drews","13",20261013,"TCGA-BH-A18T","BRCA","1",0.999894738197327,"1"
"Drews","13",20261013,"TCGA-C8-A12Z","BRCA","1",0.99869966506958,"1"
"Drews","13",20261013,"TCGA-C8-A137","BRCA","1",0.99969756603241,"1"
"Drews","13",20261013,"TCGA-C8-A1HO","BRCA","1",0.999965190887451,"1"
"Drews","13",20261013,"TCGA-C8-A273","BRCA","1",0.997477352619171,"1"
"Drews","13",20261013,"TCGA-C8-A275","BRCA","1",0.999804556369781,"1"
"Drews","13",20261013,"TCGA-D8-A1JA","BRCA","1",0.998653173446655,"1"
"Drews","13",20261013,"TCGA-D8-A1JD","BRCA","1",0.999926686286926,"1"
"Drews","13",20261013,"TCGA-D8-A1JG","BRCA","1",0.999365627765656,"1"
"Drews","13",20261013,"TCGA-D8-A1JM","BRCA","1",0.999263107776642,"1"
"Drews","13",20261013,"TCGA-D8-A1X5","BRCA","1",0.999801456928253,"1"
"Drews","13",20261013,"TCGA-D8-A1Y3","BRCA","1",0.999870538711548,"1"
"Drews","13",20261013,"TCGA-D8-A27F","BRCA","1",0.99999475479126,"1"
"Drews","13",20261013,"TCGA-E2-A10A","BRCA","1",0.996261537075043,"1"
"Drews","13",20261013,"TCGA-E2-A15H","BRCA","1",0.996779978275299,"1"
"Drews","13",20261013,"TCGA-E2-A15K","BRCA","1",0.985968947410583,"1"
"Drews","13",20261013,"TCGA-E2-A1LL","BRCA","1",0.999591529369354,"1"
"Drews","13",20261013,"TCGA-E9-A1NC","BRCA","1",0.999621987342834,"1"
"Drews","13",20261013,"TCGA-E9-A1RC","BRCA","1",0.679800808429718,"1"
"Drews","13",20261013,"TCGA-E9-A22E","BRCA","1",0.999052226543427,"1"
"Drews","13",20261013,"TCGA-E9-A54Y","BRCA","1",0.948264241218567,"1"
"Drews","13",20261013,"TCGA-EW-A1IY","BRCA","2",0.308234304189682,"2"
"Drews","13",20261013,"TCGA-EW-A1OY","BRCA","1",0.999948978424072,"1"
"Drews","13",20261013,"TCGA-EW-A1P3","BRCA","2",0.942831099033356,"1"
"Drews","13",20261013,"TCGA-EW-A2FS","BRCA","1",0.996851742267609,"1"
"Drews","13",20261013,"TCGA-EW-A423","BRCA","1",0.950720250606537,"1"
"Drews","13",20261013,"TCGA-EW-A6S9","BRCA","1",0.999929785728455,"1"
"Drews","13",20261013,"TCGA-EW-A6SD","BRCA","1",0.999818980693817,"1"
"Drews","13",20261013,"TCGA-GM-A2DC","BRCA","1",0.942780494689941,"1"
"Drews","13",20261013,"TCGA-GM-A2DK","BRCA","1",0.82587605714798,"1"
"Drews","13",20261013,"TCGA-LL-A6FQ","BRCA","1",0.970533668994904,"1"
"Drews","13",20261013,"TCGA-LL-A7T0","BRCA","1",0.99992036819458,"1"
"Drews","13",20261013,"TCGA-S3-A6ZF","BRCA","1",0.998543977737427,"1"
"Drews","13",20261013,"TCGA-UU-A93S","BRCA","1",0.99996292591095,"1"
"Drews","13",20261013,"TCGA-W8-A86G","BRCA","2",0.0414070375263691,"2"
"Drews","13",20261013,"TCGA-4J-AA1J","CESC","1",0.993044912815094,"1"
"Drews","13",20261013,"TCGA-C5-A2LV","CESC","1",0.996879100799561,"1"
"Drews","13",20261013,"TCGA-C5-A7UE","CESC","2",0.940392732620239,"1"
"Drews","13",20261013,"TCGA-C5-A8YQ","CESC","1",0.894598603248596,"1"
"Drews","13",20261013,"TCGA-C5-A901","CESC","2",0.991331696510315,"1"
"Drews","13",20261013,"TCGA-C5-A902","CESC","1",0.93219393491745,"1"
"Drews","13",20261013,"TCGA-C5-A907","CESC","1",0.991823017597198,"1"
"Drews","13",20261013,"TCGA-DS-A3LQ","CESC","1",0.994897544384003,"1"
"Drews","13",20261013,"TCGA-HM-A3JK","CESC","2",0.816798686981201,"1"
"Drews","13",20261013,"TCGA-JW-A5VI","CESC","1",0.994044363498688,"1"
"Drews","13",20261013,"TCGA-VS-A8Q9","CESC","1",0.830897152423859,"1"
"Drews","13",20261013,"TCGA-VS-A8QA","CESC","1",0.998042345046997,"1"
"Drews","13",20261013,"TCGA-VS-A9UD","CESC","1",0.98766964673996,"1"
"Drews","13",20261013,"TCGA-VS-A9UM","CESC","1",0.984007298946381,"1"
"Drews","13",20261013,"TCGA-VS-A9UP","CESC","1",0.999918937683105,"1"
"Drews","13",20261013,"TCGA-ZJ-A8QO","CESC","1",0.67880380153656,"1"
"Drews","13",20261013,"TCGA-W5-AA2Z","CHOL","2",0.461676567792892,"2"
"Drews","13",20261013,"TCGA-AA-3517","COAD","1",0.627317547798157,"1"
"Drews","13",20261013,"TCGA-AA-3524","COAD","1",0.21992552280426,"2"
"Drews","13",20261013,"TCGA-AA-3549","COAD","1",0.976008415222168,"1"
"Drews","13",20261013,"TCGA-AA-3663","COAD","2",0.0109626688063145,"2"
"Drews","13",20261013,"TCGA-AA-3679","COAD","1",0.998288214206696,"1"
"Drews","13",20261013,"TCGA-AA-3837","COAD","2",0.391414821147919,"2"
"Drews","13",20261013,"TCGA-AA-3867","COAD","1",0.997179627418518,"1"
"Drews","13",20261013,"TCGA-AA-3968","COAD","1",0.92747437953949,"1"
"Drews","13",20261013,"TCGA-AA-A01S","COAD","1",0.990938067436218,"1"
"Drews","13",20261013,"TCGA-AA-A022","COAD","2",0.0280924774706364,"2"
"Drews","13",20261013,"TCGA-AA-A02O","COAD","1",0.469212681055069,"2"
"Drews","13",20261013,"TCGA-AZ-4615","COAD","2",0.13445346057415,"2"
"Drews","13",20261013,"TCGA-CA-5254","COAD","1",0.218689009547234,"2"
"Drews","13",20261013,"TCGA-CK-6751","COAD","2",0.0157437510788441,"2"
"Drews","13",20261013,"TCGA-CM-6168","COAD","2",0.0126027250662446,"2"
"Drews","13",20261013,"TCGA-DM-A28M","COAD","2",0.0924699231982231,"2"
"Drews","13",20261013,"TCGA-F4-6806","COAD","2",0.00855740439146757,"2"
"Drews","13",20261013,"TCGA-G4-6303","COAD","1",0.963560044765472,"1"
"Drews","13",20261013,"TCGA-G4-6315","COAD","2",0.993549168109894,"1"
"Drews","13",20261013,"TCGA-G4-6323","COAD","2",0.00248735304921865,"2"
"Drews","13",20261013,"TCGA-QL-A97D","COAD","1",0.977353096008301,"1"
"Drews","13",20261013,"TCGA-FA-A82F","DLBC","1",0.987536489963531,"1"
"Drews","13",20261013,"TCGA-2H-A9GH","ESCA","1",0.999217987060547,"1"
"Drews","13",20261013,"TCGA-2H-A9GI","ESCA","1",0.986186742782593,"1"
"Drews","13",20261013,"TCGA-2H-A9GL","ESCA","1",0.999915838241577,"1"
"Drews","13",20261013,"TCGA-2H-A9GM","ESCA","1",0.999816715717316,"1"
"Drews","13",20261013,"TCGA-IC-A6RE","ESCA","1",0.999774515628815,"1"
"Drews","13",20261013,"TCGA-IG-A8O2","ESCA","1",0.999718248844147,"1"
"Drews","13",20261013,"TCGA-JY-A6F8","ESCA","1",0.993092894554138,"1"
"Drews","13",20261013,"TCGA-L5-A4OP","ESCA","1",0.991574943065643,"1"
"Drews","13",20261013,"TCGA-L5-A4OX","ESCA","1",0.997496068477631,"1"
"Drews","13",20261013,"TCGA-LN-A49M","ESCA","1",0.999831557273865,"1"
"Drews","13",20261013,"TCGA-LN-A49V","ESCA","1",0.992210388183594,"1"
"Drews","13",20261013,"TCGA-LN-A49Y","ESCA","1",0.999965667724609,"1"
"Drews","13",20261013,"TCGA-LN-A4A3","ESCA","1",0.99991762638092,"1"
"Drews","13",20261013,"TCGA-R6-A6XQ","ESCA","1",0.999793589115143,"1"
"Drews","13",20261013,"TCGA-V5-A7RB","ESCA","1",0.999788343906403,"1"
"Drews","13",20261013,"TCGA-V5-A7RC","ESCA","1",0.999943375587463,"1"
"Drews","13",20261013,"TCGA-VR-A8EY","ESCA","1",0.99968409538269,"1"
"Drews","13",20261013,"TCGA-VR-AA4G","ESCA","1",0.99949061870575,"1"
"Drews","13",20261013,"TCGA-06-2564","GBM","1",0.254276722669601,"2"
"Drews","13",20261013,"TCGA-19-5960","GBM","1",0.43684458732605,"2"
"Drews","13",20261013,"TCGA-27-2521","GBM","1",0.956144213676453,"1"
"Drews","13",20261013,"TCGA-28-2514","GBM","1",0.406215786933899,"2"
"Drews","13",20261013,"TCGA-28-5216","GBM","1",0.319616138935089,"2"
"Drews","13",20261013,"TCGA-76-4925","GBM","1",0.968422114849091,"1"
"Drews","13",20261013,"TCGA-BA-4076","HNSC","1",0.997748196125031,"1"
"Drews","13",20261013,"TCGA-BA-6870","HNSC","1",0.999315619468689,"1"
"Drews","13",20261013,"TCGA-BA-7269","HNSC","1",0.999423027038574,"1"
"Drews","13",20261013,"TCGA-BA-A8YP","HNSC","1",0.999988198280334,"1"
"Drews","13",20261013,"TCGA-CN-4741","HNSC","2",0.968396306037903,"1"
"Drews","13",20261013,"TCGA-CN-6024","HNSC","1",0.99981290102005,"1"
"Drews","13",20261013,"TCGA-CN-6988","HNSC","1",0.993373990058899,"1"
"Drews","13",20261013,"TCGA-CQ-A4CI","HNSC","1",0.999724566936493,"1"
"Drews","13",20261013,"TCGA-CV-5430","HNSC","1",0.999965071678162,"1"
"Drews","13",20261013,"TCGA-CV-5978","HNSC","1",0.99976772069931,"1"
"Drews","13",20261013,"TCGA-CV-5979","HNSC","1",0.991910636425018,"1"
"Drews","13",20261013,"TCGA-CV-6960","HNSC","1",0.988793551921844,"1"
"Drews","13",20261013,"TCGA-CV-7263","HNSC","2",0.995132982730865,"1"
"Drews","13",20261013,"TCGA-CV-7437","HNSC","1",0.999700665473938,"1"
"Drews","13",20261013,"TCGA-D6-A6EN","HNSC","2",0.614030361175537,"1"
"Drews","13",20261013,"TCGA-IQ-7630","HNSC","1",0.953363239765167,"1"
"Drews","13",20261013,"TCGA-MT-A7BN","HNSC","1",0.998096406459808,"1"
"Drews","13",20261013,"TCGA-QK-A6IG","HNSC","1",0.997837245464325,"1"
"Drews","13",20261013,"TCGA-QK-A6IJ","HNSC","1",0.995882272720337,"1"
"Drews","13",20261013,"TCGA-T2-A6WX","HNSC","2",0.0300077348947525,"2"
"Drews","13",20261013,"TCGA-T2-A6WZ","HNSC","1",0.998719215393066,"1"
"Drews","13",20261013,"TCGA-T3-A92M","HNSC","1",0.999977946281433,"1"
"Drews","13",20261013,"TCGA-UF-A7JC","HNSC","1",0.984899401664734,"1"
"Drews","13",20261013,"TCGA-KL-8336","KICH","2",0.0971813052892685,"2"
"Drews","13",20261013,"TCGA-KL-8346","KICH","2",0.17786331474781,"2"
"Drews","13",20261013,"TCGA-KN-8422","KICH","2",0.0142791215330362,"2"
"Drews","13",20261013,"TCGA-KN-8424","KICH","2",0.0100293196737766,"2"
"Drews","13",20261013,"TCGA-KN-8429","KICH","2",0.0352355018258095,"2"
"Drews","13",20261013,"TCGA-KN-8434","KICH","2",0.0100054573267698,"2"
"Drews","13",20261013,"TCGA-KO-8408","KICH","2",0.0262407790869474,"2"
"Drews","13",20261013,"TCGA-A3-3363","KIRC","1",0.116479687392712,"2"
"Drews","13",20261013,"TCGA-AK-3440","KIRC","2",0.00643411092460155,"2"
"Drews","13",20261013,"TCGA-AK-3453","KIRC","2",0.0123550202697515,"2"
"Drews","13",20261013,"TCGA-B0-4810","KIRC","2",0.00304727582260966,"2"
"Drews","13",20261013,"TCGA-B0-5116","KIRC","2",0.00677004922181368,"2"
"Drews","13",20261013,"TCGA-BP-4164","KIRC","2",0.00071412738179788,"2"
"Drews","13",20261013,"TCGA-BP-4963","KIRC","2",0.0177869945764542,"2"
"Drews","13",20261013,"TCGA-CJ-4902","KIRC","2",0.00418340973556042,"2"
"Drews","13",20261013,"TCGA-CJ-4903","KIRC","2",0.000299033330520615,"2"
"Drews","13",20261013,"TCGA-CJ-5678","KIRC","2",0.00167973304633051,"2"
"Drews","13",20261013,"TCGA-CJ-5679","KIRC","2",0.00233788136392832,"2"
"Drews","13",20261013,"TCGA-CW-5591","KIRC","2",0.0030200406908989,"2"
"Drews","13",20261013,"TCGA-CZ-4866","KIRC","2",0.000366666092304513,"2"
"Drews","13",20261013,"TCGA-CZ-5989","KIRC","2",0.455758064985275,"2"
"Drews","13",20261013,"TCGA-EU-5907","KIRC","2",0.00300742383114994,"2"
"Drews","13",20261013,"TCGA-2Z-A9JS","KIRP","2",0.266379505395889,"2"
"Drews","13",20261013,"TCGA-A4-7287","KIRP","2",0.997055649757385,"1"
"Drews","13",20261013,"TCGA-B9-4114","KIRP","2",0.0179524850100279,"2"
"Drews","13",20261013,"TCGA-BQ-5885","KIRP","2",0.297083646059036,"2"
"Drews","13",20261013,"TCGA-BQ-5893","KIRP","2",0.896620869636536,"1"
"Drews","13",20261013,"TCGA-BQ-7056","KIRP","2",0.735670328140259,"1"
"Drews","13",20261013,"TCGA-F9-A7VF","KIRP","2",0.0305354688316584,"2"
"Drews","13",20261013,"TCGA-G7-6793","KIRP","1",0.915769219398499,"1"
"Drews","13",20261013,"TCGA-P4-A5EB","KIRP","2",0.0240695476531982,"2"
"Drews","13",20261013,"TCGA-CS-5393","LGG","1",0.0591901503503323,"2"
"Drews","13",20261013,"TCGA-CS-6666","LGG","1",0.181927055120468,"2"
"Drews","13",20261013,"TCGA-DB-5275","LGG","1",0.0649976283311844,"2"
"Drews","13",20261013,"TCGA-DB-A4XE","LGG","2",0.0863483399152756,"2"
"Drews","13",20261013,"TCGA-DB-A4XG","LGG","2",0.000246359646553174,"2"
"Drews","13",20261013,"TCGA-DH-A669","LGG","1",0.59754866361618,"1"
"Drews","13",20261013,"TCGA-DH-A7UV","LGG","2",0.184975251555443,"2"
"Drews","13",20261013,"TCGA-DU-5853","LGG","2",0.0979039520025253,"2"
"Drews","13",20261013,"TCGA-DU-5855","LGG","2",0.0585396960377693,"2"
"Drews","13",20261013,"TCGA-DU-7018","LGG","2",0.00480048358440399,"2"
"Drews","13",20261013,"TCGA-E1-5307","LGG","1",0.215710699558258,"2"
"Drews","13",20261013,"TCGA-E1-A7YS","LGG","2",0.0181623864918947,"2"
"Drews","13",20261013,"TCGA-E1-A7YW","LGG","2",0.0369128957390785,"2"
"Drews","13",20261013,"TCGA-E1-A7Z2","LGG","1",0.379030346870422,"2"
"Drews","13",20261013,"TCGA-E1-A7Z3","LGG","2",0.0237219594419003,"2"
"Drews","13",20261013,"TCGA-FG-A6IZ","LGG","2",0.0479421056807041,"2"
"Drews","13",20261013,"TCGA-FN-7833","LGG","2",0.162435695528984,"2"
"Drews","13",20261013,"TCGA-HT-7616","LGG","2",0.0314299203455448,"2"
"Drews","13",20261013,"TCGA-HT-A61B","LGG","1",0.592576682567596,"1"
"Drews","13",20261013,"TCGA-P5-A780","LGG","1",0.149887666106224,"2"
"Drews","13",20261013,"TCGA-QH-A6XC","LGG","2",0.37770077586174,"2"
"Drews","13",20261013,"TCGA-S9-A6TW","LGG","2",0.0208695307374001,"2"
"Drews","13",20261013,"TCGA-TQ-A7RS","LGG","2",0.00262599415145814,"2"
"Drews","13",20261013,"TCGA-VM-A8CF","LGG","1",0.0829532220959663,"2"
"Drews","13",20261013,"TCGA-2Y-A9H9","LIHC","1",0.984305500984192,"1"
"Drews","13",20261013,"TCGA-2Y-A9HB","LIHC","1",0.0695666000247002,"2"
"Drews","13",20261013,"TCGA-3K-AAZ8","LIHC","2",0.220888823270798,"2"
"Drews","13",20261013,"TCGA-BC-A10Q","LIHC","2",0.723004579544067,"1"
"Drews","13",20261013,"TCGA-BC-A3KF","LIHC","1",0.98557186126709,"1"
"Drews","13",20261013,"TCGA-BC-A69H","LIHC","1",0.998387575149536,"1"
"Drews","13",20261013,"TCGA-CC-5263","LIHC","1",0.999983787536621,"1"
"Drews","13",20261013,"TCGA-CC-A3MA","LIHC","1",0.966946721076965,"1"
"Drews","13",20261013,"TCGA-DD-A11D","LIHC","1",0.125620856881142,"2"
"Drews","13",20261013,"TCGA-DD-AAC9","LIHC","2",0.0671669840812683,"2"
"Drews","13",20261013,"TCGA-DD-AADN","LIHC","1",0.983462750911713,"1"
"Drews","13",20261013,"TCGA-DD-AADO","LIHC","1",0.918982744216919,"1"
"Drews","13",20261013,"TCGA-DD-AAEG","LIHC","1",0.946378171443939,"1"
"Drews","13",20261013,"TCGA-ES-A2HT","LIHC","2",0.681867659091949,"1"
"Drews","13",20261013,"TCGA-G3-A5SL","LIHC","1",0.0843624025583267,"2"
"Drews","13",20261013,"TCGA-LG-A6GG","LIHC","1",0.394199937582016,"2"
"Drews","13",20261013,"TCGA-PD-A5DF","LIHC","1",0.953505754470825,"1"
"Drews","13",20261013,"TCGA-RC-A6M6","LIHC","1",0.999723017215729,"1"
"Drews","13",20261013,"TCGA-RC-A7SK","LIHC","1",0.889848113059998,"1"
"Drews","13",20261013,"TCGA-WX-AA44","LIHC","1",0.980520308017731,"1"
"Drews","13",20261013,"TCGA-ZS-A9CF","LIHC","1",0.998843550682068,"1"
"Drews","13",20261013,"TCGA-05-4389","LUAD","1",0.999866485595703,"1"
"Drews","13",20261013,"TCGA-05-4396","LUAD","1",0.996498227119446,"1"
"Drews","13",20261013,"TCGA-05-4422","LUAD","1",0.927467107772827,"1"
"Drews","13",20261013,"TCGA-44-6779","LUAD","1",0.939713716506958,"1"
"Drews","13",20261013,"TCGA-44-7660","LUAD","1",0.999960899353027,"1"
"Drews","13",20261013,"TCGA-49-4501","LUAD","1",0.999326348304749,"1"
"Drews","13",20261013,"TCGA-49-AARE","LUAD","1",0.993298351764679,"1"
"Drews","13",20261013,"TCGA-49-AARQ","LUAD","1",0.998496532440186,"1"
"Drews","13",20261013,"TCGA-4B-A93V","LUAD","1",0.95924574136734,"1"
"Drews","13",20261013,"TCGA-50-5944","LUAD","1",0.985236167907715,"1"
"Drews","13",20261013,"TCGA-53-7624","LUAD","1",0.999986529350281,"1"
"Drews","13",20261013,"TCGA-55-1595","LUAD","1",0.99960845708847,"1"
"Drews","13",20261013,"TCGA-55-5899","LUAD","1",0.999164462089539,"1"
"Drews","13",20261013,"TCGA-64-5774","LUAD","1",0.999684453010559,"1"
"Drews","13",20261013,"TCGA-78-7145","LUAD","1",0.999793350696564,"1"
"Drews","13",20261013,"TCGA-78-7146","LUAD","1",0.999746739864349,"1"
"Drews","13",20261013,"TCGA-78-7149","LUAD","1",0.964837372303009,"1"
"Drews","13",20261013,"TCGA-78-7154","LUAD","1",0.999756872653961,"1"
"Drews","13",20261013,"TCGA-78-7158","LUAD","2",0.921099424362183,"1"
"Drews","13",20261013,"TCGA-78-7220","LUAD","1",0.999368011951447,"1"
"Drews","13",20261013,"TCGA-78-7539","LUAD","1",0.991294682025909,"1"
"Drews","13",20261013,"TCGA-78-8662","LUAD","1",0.999879002571106,"1"
"Drews","13",20261013,"TCGA-86-7713","LUAD","1",0.998820126056671,"1"
"Drews","13",20261013,"TCGA-91-6847","LUAD","1",0.999887108802795,"1"
"Drews","13",20261013,"TCGA-97-7546","LUAD","1",0.90694135427475,"1"
"Drews","13",20261013,"TCGA-MP-A4T6","LUAD","1",0.998333036899567,"1"
"Drews","13",20261013,"TCGA-NJ-A4YF","LUAD","1",0.999978065490723,"1"
"Drews","13",20261013,"TCGA-18-3421","LUSC","1",0.998995721340179,"1"
"Drews","13",20261013,"TCGA-18-4721","LUSC","1",0.998792886734009,"1"
"Drews","13",20261013,"TCGA-22-4593","LUSC","1",0.999670147895813,"1"
"Drews","13",20261013,"TCGA-22-4613","LUSC","1",0.999991655349731,"1"
"Drews","13",20261013,"TCGA-22-5481","LUSC","1",0.999834775924683,"1"
"Drews","13",20261013,"TCGA-33-4547","LUSC","1",0.999576985836029,"1"
"Drews","13",20261013,"TCGA-33-4566","LUSC","1",0.99187183380127,"1"
"Drews","13",20261013,"TCGA-37-4133","LUSC","1",0.997643768787384,"1"
"Drews","13",20261013,"TCGA-37-5819","LUSC","1",0.999959468841553,"1"
"Drews","13",20261013,"TCGA-43-6771","LUSC","1",0.802822709083557,"1"
"Drews","13",20261013,"TCGA-43-8115","LUSC","1",0.999857544898987,"1"
"Drews","13",20261013,"TCGA-52-7812","LUSC","1",0.999832391738892,"1"
"Drews","13",20261013,"TCGA-56-7223","LUSC","1",0.999680876731873,"1"
"Drews","13",20261013,"TCGA-56-7579","LUSC","1",0.999915957450867,"1"
"Drews","13",20261013,"TCGA-56-8629","LUSC","1",0.999984502792358,"1"
"Drews","13",20261013,"TCGA-60-2706","LUSC","1",0.999841690063477,"1"
"Drews","13",20261013,"TCGA-60-2726","LUSC","1",0.999653697013855,"1"
"Drews","13",20261013,"TCGA-63-A5ML","LUSC","1",0.999796688556671,"1"
"Drews","13",20261013,"TCGA-63-A5MY","LUSC","1",0.999993681907654,"1"
"Drews","13",20261013,"TCGA-66-2766","LUSC","1",0.999467194080353,"1"
"Drews","13",20261013,"TCGA-77-7141","LUSC","1",0.999981999397278,"1"
"Drews","13",20261013,"TCGA-77-8133","LUSC","1",0.999430000782013,"1"
"Drews","13",20261013,"TCGA-77-A5G3","LUSC","1",0.999798476696014,"1"
"Drews","13",20261013,"TCGA-85-8354","LUSC","1",0.999939322471619,"1"
"Drews","13",20261013,"TCGA-85-8584","LUSC","1",0.999817550182343,"1"
"Drews","13",20261013,"TCGA-94-7557","LUSC","1",0.999405384063721,"1"
"Drews","13",20261013,"TCGA-98-8021","LUSC","1",0.99969756603241,"1"
"Drews","13",20261013,"TCGA-98-8022","LUSC","1",0.999971389770508,"1"
"Drews","13",20261013,"TCGA-98-8023","LUSC","1",0.995027005672455,"1"
"Drews","13",20261013,"TCGA-98-A53A","LUSC","1",0.999938368797302,"1"
"Drews","13",20261013,"TCGA-J1-A4AH","LUSC","1",0.999943017959595,"1"
"Drews","13",20261013,"TCGA-LA-A7SW","LUSC","1",0.999961853027344,"1"
"Drews","13",20261013,"TCGA-NC-A5HN","LUSC","1",0.989153027534485,"1"
"Drews","13",20261013,"TCGA-NC-A5HQ","LUSC","1",0.997491955757141,"1"
"Drews","13",20261013,"TCGA-3H-AB3K","MESO","2",0.883919358253479,"1"
"Drews","13",20261013,"TCGA-3U-A98E","MESO","2",0.0413185432553291,"2"
"Drews","13",20261013,"TCGA-MQ-A4LV","MESO","1",0.983185648918152,"1"
"Drews","13",20261013,"TCGA-MQ-A6BS","MESO","1",0.857966244220734,"1"
"Drews","13",20261013,"TCGA-04-1362","OV","1",0.999923825263977,"1"
"Drews","13",20261013,"TCGA-09-1673","OV","1",0.999961256980896,"1"
"Drews","13",20261013,"TCGA-09-2051","OV","1",0.999935984611511,"1"
"Drews","13",20261013,"TCGA-10-0928","OV","1",0.999907732009888,"1"
"Drews","13",20261013,"TCGA-13-0913","OV","1",0.999977946281433,"1"
"Drews","13",20261013,"TCGA-13-1498","OV","1",0.999963164329529,"1"
"Drews","13",20261013,"TCGA-13-1506","OV","1",0.999881982803345,"1"
"Drews","13",20261013,"TCGA-13-2060","OV","1",0.999994516372681,"1"
"Drews","13",20261013,"TCGA-20-1684","OV","1",0.999937176704407,"1"
"Drews","13",20261013,"TCGA-23-2078","OV","1",0.999854445457458,"1"
"Drews","13",20261013,"TCGA-24-1418","OV","1",0.999987602233887,"1"
"Drews","13",20261013,"TCGA-24-1842","OV","1",0.999987959861755,"1"
"Drews","13",20261013,"TCGA-24-1844","OV","1",0.999803364276886,"1"
"Drews","13",20261013,"TCGA-24-1850","OV","1",0.999794185161591,"1"
"Drews","13",20261013,"TCGA-24-2019","OV","1",0.997899413108826,"1"
"Drews","13",20261013,"TCGA-25-1312","OV","1",0.9999840259552,"1"
"Drews","13",20261013,"TCGA-25-2391","OV","1",0.999869108200073,"1"
"Drews","13",20261013,"TCGA-25-2392","OV","1",0.999961733818054,"1"
"Drews","13",20261013,"TCGA-25-2393","OV","1",0.999974012374878,"1"
"Drews","13",20261013,"TCGA-25-2400","OV","1",0.999921321868896,"1"
"Drews","13",20261013,"TCGA-25-2404","OV","1",0.999990224838257,"1"
"Drews","13",20261013,"TCGA-29-1761","OV","1",0.999871730804443,"1"
"Drews","13",20261013,"TCGA-29-1776","OV","1",0.999990224838257,"1"
"Drews","13",20261013,"TCGA-30-1718","OV","1",0.999996900558472,"1"
"Drews","13",20261013,"TCGA-31-1959","OV","1",0.999971151351929,"1"
"Drews","13",20261013,"TCGA-59-2348","OV","1",0.999996185302734,"1"
"Drews","13",20261013,"TCGA-61-1728","OV","1",0.999890804290771,"1"
"Drews","13",20261013,"TCGA-61-1738","OV","1",0.999432742595673,"1"
"Drews","13",20261013,"TCGA-61-1900","OV","1",0.999992847442627,"1"
"Drews","13",20261013,"TCGA-61-2003","OV","1",0.999876022338867,"1"
"Drews","13",20261013,"TCGA-61-2088","OV","1",0.998861312866211,"1"
"Drews","13",20261013,"TCGA-VG-A8LO","OV","1",0.99996542930603,"1"
"Drews","13",20261013,"TCGA-WR-A838","OV","1",0.999945998191833,"1"
"Drews","13",20261013,"TCGA-3A-A9IC","PAAD","1",0.996097922325134,"1"
"Drews","13",20261013,"TCGA-HV-A7OP","PAAD","2",0.757790088653564,"1"
"Drews","13",20261013,"TCGA-HZ-A9TJ","PAAD","1",0.655278265476227,"1"
"Drews","13",20261013,"TCGA-IB-A7LX","PAAD","1",0.999783337116241,"1"
"Drews","13",20261013,"TCGA-S4-A8RO","PAAD","1",0.53710675239563,"1"
"Drews","13",20261013,"TCGA-QR-A700","PCPG","1",0.970560312271118,"1"
"Drews","13",20261013,"TCGA-QR-A70N","PCPG","2",0.749845206737518,"1"
"Drews","13",20261013,"TCGA-QR-A70V","PCPG","1",0.126736521720886,"2"
"Drews","13",20261013,"TCGA-RW-A68A","PCPG","2",0.143923908472061,"2"
"Drews","13",20261013,"TCGA-RW-A68C","PCPG","2",0.0937360748648643,"2"
"Drews","13",20261013,"TCGA-S7-A7WQ","PCPG","2",0.0337989553809166,"2"
"Drews","13",20261013,"TCGA-SR-A6MR","PCPG","1",0.0485277883708477,"2"
"Drews","13",20261013,"TCGA-W2-A7H5","PCPG","2",0.506739974021912,"1"
"Drews","13",20261013,"TCGA-W2-A7HB","PCPG","2",0.0222622230648994,"2"
"Drews","13",20261013,"TCGA-WB-A80K","PCPG","2",0.0692430734634399,"2"
"Drews","13",20261013,"TCGA-CH-5751","PRAD","1",0.999704539775848,"1"
"Drews","13",20261013,"TCGA-CH-5765","PRAD","2",0.865567266941071,"1"
"Drews","13",20261013,"TCGA-CH-5769","PRAD","1",0.975077450275421,"1"
"Drews","13",20261013,"TCGA-HC-7232","PRAD","2",0.973458230495453,"1"
"Drews","13",20261013,"TCGA-HC-8265","PRAD","1",0.917102754116058,"1"
"Drews","13",20261013,"TCGA-J4-A83J","PRAD","1",0.970194578170776,"1"
"Drews","13",20261013,"TCGA-J9-A8CL","PRAD","1",0.999866604804993,"1"
"Drews","13",20261013,"TCGA-KK-A6E2","PRAD","2",0.720238924026489,"1"
"Drews","13",20261013,"TCGA-M7-A724","PRAD","1",0.986721634864807,"1"
"Drews","13",20261013,"TCGA-TP-A8TV","PRAD","1",0.997077107429504,"1"
"Drews","13",20261013,"TCGA-V1-A8ML","PRAD","2",0.818923830986023,"1"
"Drews","13",20261013,"TCGA-V1-A8WW","PRAD","1",0.999075770378113,"1"
"Drews","13",20261013,"TCGA-V1-A9OL","PRAD","1",0.999551713466644,"1"
"Drews","13",20261013,"TCGA-XQ-A8TB","PRAD","1",0.909635722637177,"1"
"Drews","13",20261013,"TCGA-YJ-A8SW","PRAD","1",0.99982351064682,"1"
"Drews","13",20261013,"TCGA-ZG-A8QX","PRAD","1",0.973630905151367,"1"
"Drews","13",20261013,"TCGA-ZG-A9LN","PRAD","1",0.983541071414948,"1"
"Drews","13",20261013,"TCGA-ZG-A9LZ","PRAD","1",0.97475004196167,"1"
"Drews","13",20261013,"TCGA-AG-3581","READ","2",0.956900954246521,"1"
"Drews","13",20261013,"TCGA-AG-3885","READ","1",0.985577762126923,"1"
"Drews","13",20261013,"TCGA-AG-3890","READ","1",0.927179992198944,"1"
"Drews","13",20261013,"TCGA-AG-3901","READ","2",0.2553790807724,"2"
"Drews","13",20261013,"TCGA-AG-A01W","READ","1",0.974263548851013,"1"
"Drews","13",20261013,"TCGA-AG-A01Y","READ","1",0.998324930667877,"1"
"Drews","13",20261013,"TCGA-AH-6643","READ","1",0.266755610704422,"2"
"Drews","13",20261013,"TCGA-DC-4745","READ","1",0.994925141334534,"1"
"Drews","13",20261013,"TCGA-DC-6682","READ","1",0.999347507953644,"1"
"Drews","13",20261013,"TCGA-3B-A9HI","SARC","1",0.981584012508392,"1"
"Drews","13",20261013,"TCGA-3B-A9HX","SARC","1",0.993118405342102,"1"
"Drews","13",20261013,"TCGA-DX-A1KW","SARC","1",0.999637126922607,"1"
"Drews","13",20261013,"TCGA-DX-A3LY","SARC","1",0.972967684268951,"1"
"Drews","13",20261013,"TCGA-DX-A3M1","SARC","1",0.999774515628815,"1"
"Drews","13",20261013,"TCGA-DX-A48L","SARC","1",0.997976362705231,"1"
"Drews","13",20261013,"TCGA-DX-A6YU","SARC","1",0.996397852897644,"1"
"Drews","13",20261013,"TCGA-DX-A7EF","SARC","1",0.999980211257935,"1"
"Drews","13",20261013,"TCGA-DX-AB2W","SARC","1",0.998337864875793,"1"
"Drews","13",20261013,"TCGA-DX-AB3B","SARC","1",0.628276467323303,"1"
"Drews","13",20261013,"TCGA-HB-A43Z","SARC","1",0.997521936893463,"1"
"Drews","13",20261013,"TCGA-IE-A6BZ","SARC","1",0.999513864517212,"1"
"Drews","13",20261013,"TCGA-JV-A5VF","SARC","1",0.998897433280945,"1"
"Drews","13",20261013,"TCGA-K1-A6RV","SARC","1",0.999845027923584,"1"
"Drews","13",20261013,"TCGA-KD-A5QS","SARC","1",0.999545276165009,"1"
"Drews","13",20261013,"TCGA-KD-A5QU","SARC","1",0.999550402164459,"1"
"Drews","13",20261013,"TCGA-PC-A5DK","SARC","2",0.873865127563477,"1"
"Drews","13",20261013,"TCGA-QQ-A5VD","SARC","2",0.986956000328064,"1"
"Drews","13",20261013,"TCGA-RN-AAAQ","SARC","1",0.658972322940826,"1"
"Drews","13",20261013,"TCGA-SG-A6Z7","SARC","1",0.999934196472168,"1"
"Drews","13",20261013,"TCGA-SI-AA8C","SARC","1",0.98866081237793,"1"
"Drews","13",20261013,"TCGA-VT-A80G","SARC","1",0.999930143356323,"1"
"Drews","13",20261013,"TCGA-X6-A7WB","SARC","1",0.99653434753418,"1"
"Drews","13",20261013,"TCGA-X6-A8C2","SARC","1",0.999356687068939,"1"
"Drews","13",20261013,"TCGA-BF-AAP4","SKCM","1",0.981227517127991,"1"
"Drews","13",20261013,"TCGA-EB-A4IQ","SKCM","1",0.941719532012939,"1"
"Drews","13",20261013,"TCGA-EB-A4OY","SKCM","1",0.816177010536194,"1"
"Drews","13",20261013,"TCGA-EB-A5SF","SKCM","1",0.733837425708771,"1"
"Drews","13",20261013,"TCGA-EB-A5UM","SKCM","1",0.232796296477318,"2"
"Drews","13",20261013,"TCGA-EB-A82C","SKCM","1",0.994987845420837,"1"
"Drews","13",20261013,"TCGA-EB-A85J","SKCM","2",0.755292654037476,"1"
"Drews","13",20261013,"TCGA-GN-A8LN","SKCM","1",0.477561354637146,"2"
"Drews","13",20261013,"TCGA-3M-AB46","STAD","1",0.999979972839355,"1"
"Drews","13",20261013,"TCGA-BR-4191","STAD","1",0.999262630939484,"1"
"Drews","13",20261013,"TCGA-BR-4368","STAD","2",0.938653767108917,"1"
"Drews","13",20261013,"TCGA-BR-7715","STAD","1",0.999935507774353,"1"
"Drews","13",20261013,"TCGA-BR-8361","STAD","1",0.718021988868713,"1"
"Drews","13",20261013,"TCGA-BR-8486","STAD","1",0.997405707836151,"1"
"Drews","13",20261013,"TCGA-BR-A4QI","STAD","1",0.996729850769043,"1"
"Drews","13",20261013,"TCGA-CD-8528","STAD","1",0.881393015384674,"1"
"Drews","13",20261013,"TCGA-CD-8535","STAD","1",0.999514937400818,"1"
"Drews","13",20261013,"TCGA-CD-A486","STAD","1",0.999987006187439,"1"
"Drews","13",20261013,"TCGA-CD-A4MJ","STAD","2",0.606857538223267,"1"
"Drews","13",20261013,"TCGA-CG-4449","STAD","1",0.999802649021149,"1"
"Drews","13",20261013,"TCGA-CG-4466","STAD","1",0.996095836162567,"1"
"Drews","13",20261013,"TCGA-CG-4469","STAD","1",0.795851111412048,"1"
"Drews","13",20261013,"TCGA-CG-5724","STAD","1",0.99994683265686,"1"
"Drews","13",20261013,"TCGA-D7-6822","STAD","1",0.995341539382935,"1"
"Drews","13",20261013,"TCGA-D7-A6EV","STAD","1",0.99775618314743,"1"
"Drews","13",20261013,"TCGA-F1-6875","STAD","1",0.999566972255707,"1"
"Drews","13",20261013,"TCGA-FP-7829","STAD","1",0.998668313026428,"1"
"Drews","13",20261013,"TCGA-HU-A4G2","STAD","2",0.271459847688675,"2"
"Drews","13",20261013,"TCGA-IN-8663","STAD","1",0.99919730424881,"1"
"Drews","13",20261013,"TCGA-KB-A93J","STAD","1",0.997393012046814,"1"
"Drews","13",20261013,"TCGA-VQ-A8PE","STAD","1",0.999874353408813,"1"
"Drews","13",20261013,"TCGA-VQ-A91S","STAD","1",0.997358381748199,"1"
"Drews","13",20261013,"TCGA-VQ-A91U","STAD","1",0.999143004417419,"1"
"Drews","13",20261013,"TCGA-VQ-A92D","STAD","1",0.996106088161469,"1"
"Drews","13",20261013,"TCGA-VQ-AA6K","STAD","1",0.998813271522522,"1"
"Drews","13",20261013,"TCGA-2G-AAGW","TGCT","1",0.99973863363266,"1"
"Drews","13",20261013,"TCGA-XE-AAOC","TGCT","2",0.618028521537781,"1"
"Drews","13",20261013,"TCGA-YU-A912","TGCT","1",0.117306753993034,"2"
"Drews","13",20261013,"TCGA-ZM-AA0B","TGCT","1",0.891707301139832,"1"
"Drews","13",20261013,"TCGA-DE-A3KN","THCA","2",0.00194292888045311,"2"
"Drews","13",20261013,"TCGA-DJ-A2Q0","THCA","2",0.0397472232580185,"2"
"Drews","13",20261013,"TCGA-4V-A9QI","THYM","2",0.197727650403976,"2"
"Drews","13",20261013,"TCGA-A5-A0G3","UCEC","1",0.99997341632843,"1"
"Drews","13",20261013,"TCGA-A5-A2K4","UCEC","1",0.998522937297821,"1"
"Drews","13",20261013,"TCGA-AJ-A23M","UCEC","1",0.999990224838257,"1"
"Drews","13",20261013,"TCGA-AJ-A3BF","UCEC","1",0.999871611595154,"1"
"Drews","13",20261013,"TCGA-AJ-A3I9","UCEC","1",0.990123808383942,"1"
"Drews","13",20261013,"TCGA-AP-A053","UCEC","1",0.999683737754822,"1"
"Drews","13",20261013,"TCGA-AP-A05D","UCEC","1",0.998742163181305,"1"
"Drews","13",20261013,"TCGA-AP-A0L9","UCEC","1",0.999876499176025,"1"
"Drews","13",20261013,"TCGA-AX-A1C7","UCEC","1",0.999806225299835,"1"
"Drews","13",20261013,"TCGA-AX-A1CA","UCEC","1",0.999438941478729,"1"
"Drews","13",20261013,"TCGA-AX-A3FS","UCEC","2",0.988502383232117,"1"
"Drews","13",20261013,"TCGA-B5-A11E","UCEC","2",0.813787996768951,"1"
"Drews","13",20261013,"TCGA-BS-A0V8","UCEC","1",0.95673131942749,"1"
"Drews","13",20261013,"TCGA-D1-A0ZZ","UCEC","1",0.999948143959045,"1"
"Drews","13",20261013,"TCGA-D1-A17K","UCEC","1",0.997757375240326,"1"
"Drews","13",20261013,"TCGA-D1-A17M","UCEC","2",0.0877930968999863,"2"
"Drews","13",20261013,"TCGA-D1-A17R","UCEC","2",0.208317995071411,"2"
"Drews","13",20261013,"TCGA-D1-A1NU","UCEC","1",0.99998927116394,"1"
"Drews","13",20261013,"TCGA-D1-A3DG","UCEC","1",0.983108460903168,"1"
"Drews","13",20261013,"TCGA-D1-A3DH","UCEC","1",0.999727308750153,"1"
"Drews","13",20261013,"TCGA-D1-A3JP","UCEC","1",0.949604094028473,"1"
"Drews","13",20261013,"TCGA-D1-A3JQ","UCEC","1",0.998972177505493,"1"
"Drews","13",20261013,"TCGA-DF-A2KR","UCEC","1",0.999883532524109,"1"
"Drews","13",20261013,"TCGA-DI-A1C3","UCEC","2",0.00789482239633799,"2"
"Drews","13",20261013,"TCGA-EO-A1Y5","UCEC","1",0.998328030109406,"1"
"Drews","13",20261013,"TCGA-EO-A3AS","UCEC","1",0.99641340970993,"1"
"Drews","13",20261013,"TCGA-EY-A212","UCEC","1",0.999510407447815,"1"
"Drews","13",20261013,"TCGA-EY-A2OQ","UCEC","1",0.998233079910278,"1"
"Drews","13",20261013,"TCGA-EY-A72D","UCEC","1",0.999664068222046,"1"
"Drews","13",20261013,"TCGA-FI-A2CY","UCEC","1",0.999536514282227,"1"
"Drews","13",20261013,"TCGA-FI-A3PV","UCEC","1",0.999832630157471,"1"
"Drews","13",20261013,"TCGA-FI-A3PX","UCEC","1",0.999947428703308,"1"
"Drews","13",20261013,"TCGA-JU-AAVI","UCEC","1",0.999233961105347,"1"
"Drews","13",20261013,"TCGA-PG-A915","UCEC","1",0.999202311038971,"1"
"Drews","13",20261013,"TCGA-N5-A4R8","UCS","1",0.999956488609314,"1"
"Drews","13",20261013,"TCGA-N5-A4RU","UCS","1",0.999991893768311,"1"
"Drews","13",20261013,"TCGA-N6-A4V9","UCS","1",0.999562680721283,"1"
"Drews","13",20261013,"TCGA-N7-A4Y8","UCS","1",0.998076200485229,"1"
"Drews","13",20261013,"TCGA-N9-A4PZ","UCS","1",0.99957400560379,"1"
"Drews","13",20261013,"TCGA-NA-A4QV","UCS","1",0.999985337257385,"1"
"Drews","13",20261013,"TCGA-NG-A4VU","UCS","1",0.9993537068367,"1"
"Drews","13",20261013,"TCGA-V4-A9F3","UVM","2",0.00992959085851908,"2"
"Drews","13",20261013,"TCGA-VD-A8K8","UVM","2",0.0025458678137511,"2"
"Drews","13",20261013,"TCGA-VD-A8KF","UVM","2",0.000956688483711332,"2"
"Drews","13",20261013,"TCGA-VD-A8KL","UVM","2",0.0165486056357622,"2"
"Drews","14",20261014,"TCGA-OR-A5J5","ACC","2",0.940988123416901,"1"
"Drews","14",20261014,"TCGA-OR-A5J6","ACC","2",0.410918474197388,"2"
"Drews","14",20261014,"TCGA-OR-A5JG","ACC","2",0.869223654270172,"1"
"Drews","14",20261014,"TCGA-OR-A5JQ","ACC","2",0.0133262071758509,"2"
"Drews","14",20261014,"TCGA-OR-A5K5","ACC","1",0.973022639751434,"1"
"Drews","14",20261014,"TCGA-OR-A5K6","ACC","1",0.167617350816727,"2"
"Drews","14",20261014,"TCGA-OR-A5K9","ACC","1",0.984389245510101,"1"
"Drews","14",20261014,"TCGA-OR-A5KT","ACC","1",0.865382730960846,"1"
"Drews","14",20261014,"TCGA-2F-A9KW","BLCA","1",0.999801933765411,"1"
"Drews","14",20261014,"TCGA-4Z-AA81","BLCA","1",0.993245422840118,"1"
"Drews","14",20261014,"TCGA-BL-A0C8","BLCA","1",0.99388062953949,"1"
"Drews","14",20261014,"TCGA-BL-A13J","BLCA","1",0.99993634223938,"1"
"Drews","14",20261014,"TCGA-BT-A0S7","BLCA","1",0.978635370731354,"1"
"Drews","14",20261014,"TCGA-BT-A42E","BLCA","1",0.999929904937744,"1"
"Drews","14",20261014,"TCGA-CF-A8HY","BLCA","1",0.99753212928772,"1"
"Drews","14",20261014,"TCGA-DK-A2I1","BLCA","1",0.999949812889099,"1"
"Drews","14",20261014,"TCGA-DK-A3IK","BLCA","1",0.999925494194031,"1"
"Drews","14",20261014,"TCGA-DK-A3IV","BLCA","1",0.999822318553925,"1"
"Drews","14",20261014,"TCGA-DK-A6B6","BLCA","1",0.960926651954651,"1"
"Drews","14",20261014,"TCGA-DK-AA6U","BLCA","1",0.999784290790558,"1"
"Drews","14",20261014,"TCGA-DK-AA6W","BLCA","1",0.99871289730072,"1"
"Drews","14",20261014,"TCGA-DK-AA76","BLCA","1",0.999852538108826,"1"
"Drews","14",20261014,"TCGA-E7-A3Y1","BLCA","2",0.189836531877518,"2"
"Drews","14",20261014,"TCGA-E7-A7PW","BLCA","1",0.997199177742004,"1"
"Drews","14",20261014,"TCGA-E7-A85H","BLCA","1",0.999981164932251,"1"
"Drews","14",20261014,"TCGA-FD-A3SJ","BLCA","1",0.999961137771606,"1"
"Drews","14",20261014,"TCGA-FD-A6TC","BLCA","1",0.999943614006042,"1"
"Drews","14",20261014,"TCGA-FJ-A3ZE","BLCA","1",0.999872803688049,"1"
"Drews","14",20261014,"TCGA-G2-AA3D","BLCA","1",0.999707758426666,"1"
"Drews","14",20261014,"TCGA-GC-A3RB","BLCA","1",0.999629735946655,"1"
"Drews","14",20261014,"TCGA-GV-A3QF","BLCA","1",0.997196197509766,"1"
"Drews","14",20261014,"TCGA-GV-A40E","BLCA","1",0.999853253364563,"1"
"Drews","14",20261014,"TCGA-KQ-A41N","BLCA","1",0.999782860279083,"1"
"Drews","14",20261014,"TCGA-UY-A78N","BLCA","1",0.893150806427002,"1"
"Drews","14",20261014,"TCGA-UY-A9PH","BLCA","1",0.998376965522766,"1"
"Drews","14",20261014,"TCGA-XF-A8HC","BLCA","1",0.999318361282349,"1"
"Drews","14",20261014,"TCGA-XF-AAMG","BLCA","1",0.999958634376526,"1"
"Drews","14",20261014,"TCGA-XF-AAN2","BLCA","1",0.99432772397995,"1"
"Drews","14",20261014,"TCGA-ZF-A9R4","BLCA","1",0.997310876846313,"1"
"Drews","14",20261014,"TCGA-ZF-A9RF","BLCA","1",0.996571063995361,"1"
"Drews","14",20261014,"TCGA-ZF-AA4R","BLCA","1",0.999991178512573,"1"
"Drews","14",20261014,"TCGA-3C-AAAU","BRCA","1",0.994464814662933,"1"
"Drews","14",20261014,"TCGA-3C-AALJ","BRCA","1",0.998335182666779,"1"
"Drews","14",20261014,"TCGA-3C-AALK","BRCA","1",0.910825669765472,"1"
"Drews","14",20261014,"TCGA-A1-A0SJ","BRCA","1",0.998827755451202,"1"
"Drews","14",20261014,"TCGA-A1-A0SM","BRCA","1",0.995919823646545,"1"
"Drews","14",20261014,"TCGA-A2-A0EP","BRCA","1",0.126234754920006,"2"
"Drews","14",20261014,"TCGA-A2-A0YC","BRCA","2",0.370691776275635,"2"
"Drews","14",20261014,"TCGA-A2-A0YG","BRCA","1",0.999715745449066,"1"
"Drews","14",20261014,"TCGA-A2-A1FW","BRCA","1",0.999982118606567,"1"
"Drews","14",20261014,"TCGA-A2-A1FX","BRCA","1",0.997840166091919,"1"
"Drews","14",20261014,"TCGA-A2-A1G4","BRCA","1",0.971132218837738,"1"
"Drews","14",20261014,"TCGA-A7-A0CE","BRCA","1",0.998676598072052,"1"
"Drews","14",20261014,"TCGA-A7-A0CJ","BRCA","1",0.99781346321106,"1"
"Drews","14",20261014,"TCGA-A7-A0D9","BRCA","1",0.962838232517242,"1"
"Drews","14",20261014,"TCGA-A7-A26I","BRCA","1",0.999925136566162,"1"
"Drews","14",20261014,"TCGA-A7-A6VW","BRCA","1",0.998925507068634,"1"
"Drews","14",20261014,"TCGA-A8-A06N","BRCA","1",0.992892384529114,"1"
"Drews","14",20261014,"TCGA-A8-A06U","BRCA","1",0.999969840049744,"1"
"Drews","14",20261014,"TCGA-A8-A06X","BRCA","1",0.999047458171844,"1"
"Drews","14",20261014,"TCGA-A8-A081","BRCA","1",0.999671816825867,"1"
"Drews","14",20261014,"TCGA-A8-A086","BRCA","1",0.999572217464447,"1"
"Drews","14",20261014,"TCGA-A8-A08F","BRCA","1",0.999910831451416,"1"
"Drews","14",20261014,"TCGA-A8-A08O","BRCA","1",0.996414124965668,"1"
"Drews","14",20261014,"TCGA-A8-A09D","BRCA","1",0.99913078546524,"1"
"Drews","14",20261014,"TCGA-A8-A0A6","BRCA","1",0.834670066833496,"1"
"Drews","14",20261014,"TCGA-AC-A2BM","BRCA","1",0.998829066753387,"1"
"Drews","14",20261014,"TCGA-AC-A3OD","BRCA","1",0.92418497800827,"1"
"Drews","14",20261014,"TCGA-AC-A5EH","BRCA","1",0.991245329380035,"1"
"Drews","14",20261014,"TCGA-AN-A041","BRCA","1",0.996672749519348,"1"
"Drews","14",20261014,"TCGA-AN-A049","BRCA","1",0.999657034873962,"1"
"Drews","14",20261014,"TCGA-AN-A0FY","BRCA","1",0.99989378452301,"1"
"Drews","14",20261014,"TCGA-AN-A0XN","BRCA","1",0.998545289039612,"1"
"Drews","14",20261014,"TCGA-AO-A03L","BRCA","1",0.99931800365448,"1"
"Drews","14",20261014,"TCGA-AO-A03P","BRCA","1",0.985822021961212,"1"
"Drews","14",20261014,"TCGA-AO-A0J3","BRCA","1",0.999476611614227,"1"
"Drews","14",20261014,"TCGA-AO-A0J6","BRCA","1",0.999957919120789,"1"
"Drews","14",20261014,"TCGA-AO-A0JG","BRCA","1",0.98095691204071,"1"
"Drews","14",20261014,"TCGA-AR-A0TP","BRCA","1",0.999986052513123,"1"
"Drews","14",20261014,"TCGA-AR-A0TQ","BRCA","1",0.999868035316467,"1"
"Drews","14",20261014,"TCGA-AR-A0TV","BRCA","1",0.999811947345734,"1"
"Drews","14",20261014,"TCGA-AR-A24H","BRCA","1",0.999901652336121,"1"
"Drews","14",20261014,"TCGA-AR-A24N","BRCA","2",0.932674825191498,"1"
"Drews","14",20261014,"TCGA-AR-A24X","BRCA","2",0.240377902984619,"2"
"Drews","14",20261014,"TCGA-AR-A251","BRCA","1",0.999909520149231,"1"
"Drews","14",20261014,"TCGA-AR-A255","BRCA","1",0.997067153453827,"1"
"Drews","14",20261014,"TCGA-B6-A0IJ","BRCA","1",0.999988555908203,"1"
"Drews","14",20261014,"TCGA-B6-A0RE","BRCA","1",0.999933242797852,"1"
"Drews","14",20261014,"TCGA-B6-A0WW","BRCA","1",0.999628901481628,"1"
"Drews","14",20261014,"TCGA-BH-A0B4","BRCA","1",0.997805655002594,"1"
"Drews","14",20261014,"TCGA-BH-A0B5","BRCA","2",0.845128953456879,"1"
"Drews","14",20261014,"TCGA-BH-A0DD","BRCA","1",0.999334633350372,"1"
"Drews","14",20261014,"TCGA-BH-A0HA","BRCA","2",0.427573531866074,"2"
"Drews","14",20261014,"TCGA-BH-A0HB","BRCA","1",0.999744951725006,"1"
"Drews","14",20261014,"TCGA-BH-A0HY","BRCA","1",0.999982833862305,"1"
"Drews","14",20261014,"TCGA-BH-A18N","BRCA","2",0.57160085439682,"1"
"Drews","14",20261014,"TCGA-BH-A18T","BRCA","1",0.999957919120789,"1"
"Drews","14",20261014,"TCGA-BH-A1FG","BRCA","2",0.954467177391052,"1"
"Drews","14",20261014,"TCGA-BH-A202","BRCA","1",0.999737203121185,"1"
"Drews","14",20261014,"TCGA-C8-A12L","BRCA","1",0.999927282333374,"1"
"Drews","14",20261014,"TCGA-C8-A12Z","BRCA","1",0.999570667743683,"1"
"Drews","14",20261014,"TCGA-C8-A132","BRCA","1",0.999644160270691,"1"
"Drews","14",20261014,"TCGA-D8-A140","BRCA","1",0.999145030975342,"1"
"Drews","14",20261014,"TCGA-D8-A1J8","BRCA","2",0.996826946735382,"1"
"Drews","14",20261014,"TCGA-D8-A1JA","BRCA","1",0.99886679649353,"1"
"Drews","14",20261014,"TCGA-D8-A1JC","BRCA","1",0.999911546707153,"1"
"Drews","14",20261014,"TCGA-D8-A1JL","BRCA","1",0.999484896659851,"1"
"Drews","14",20261014,"TCGA-D8-A1X9","BRCA","1",0.999770700931549,"1"
"Drews","14",20261014,"TCGA-D8-A1XQ","BRCA","1",0.999978303909302,"1"
"Drews","14",20261014,"TCGA-D8-A1Y3","BRCA","1",0.999895095825195,"1"
"Drews","14",20261014,"TCGA-E2-A10A","BRCA","1",0.999455273151398,"1"
"Drews","14",20261014,"TCGA-E2-A10C","BRCA","1",0.999342024326324,"1"
"Drews","14",20261014,"TCGA-E2-A150","BRCA","1",0.9999840259552,"1"
"Drews","14",20261014,"TCGA-E2-A156","BRCA","2",0.0714711248874664,"2"
"Drews","14",20261014,"TCGA-E2-A15A","BRCA","1",0.999991297721863,"1"
"Drews","14",20261014,"TCGA-E2-A15H","BRCA","1",0.998542785644531,"1"
"Drews","14",20261014,"TCGA-E2-A15I","BRCA","2",0.0457109063863754,"2"
"Drews","14",20261014,"TCGA-E2-A15T","BRCA","1",0.994307816028595,"1"
"Drews","14",20261014,"TCGA-E2-A1LK","BRCA","1",0.999962568283081,"1"
"Drews","14",20261014,"TCGA-E2-A574","BRCA","1",0.99995481967926,"1"
"Drews","14",20261014,"TCGA-E2-A576","BRCA","1",0.958551347255707,"1"
"Drews","14",20261014,"TCGA-E9-A1N8","BRCA","1",0.999993801116943,"1"
"Drews","14",20261014,"TCGA-E9-A1NC","BRCA","1",0.999798357486725,"1"
"Drews","14",20261014,"TCGA-E9-A1RC","BRCA","1",0.946731269359589,"1"
"Drews","14",20261014,"TCGA-E9-A1RE","BRCA","1",0.999500513076782,"1"
"Drews","14",20261014,"TCGA-E9-A22A","BRCA","1",0.999484300613403,"1"
"Drews","14",20261014,"TCGA-E9-A249","BRCA","2",0.193696588277817,"2"
"Drews","14",20261014,"TCGA-E9-A24A","BRCA","2",0.716628849506378,"1"
"Drews","14",20261014,"TCGA-EW-A1IY","BRCA","2",0.943841457366943,"1"
"Drews","14",20261014,"TCGA-EW-A1PA","BRCA","1",0.999952912330627,"1"
"Drews","14",20261014,"TCGA-EW-A2FS","BRCA","1",0.998914957046509,"1"
"Drews","14",20261014,"TCGA-GI-A2C8","BRCA","1",0.673234164714813,"1"
"Drews","14",20261014,"TCGA-GM-A3XL","BRCA","1",0.999914050102234,"1"
"Drews","14",20261014,"TCGA-LL-A73Y","BRCA","1",0.999377310276031,"1"
"Drews","14",20261014,"TCGA-LL-A8F5","BRCA","1",0.999920845031738,"1"
"Drews","14",20261014,"TCGA-OL-A5D7","BRCA","1",0.999855041503906,"1"
"Drews","14",20261014,"TCGA-C5-A1BK","CESC","1",0.829217195510864,"1"
"Drews","14",20261014,"TCGA-C5-A1BM","CESC","2",0.726113498210907,"1"
"Drews","14",20261014,"TCGA-C5-A1ME","CESC","1",0.845113039016724,"1"
"Drews","14",20261014,"TCGA-C5-A2LV","CESC","1",0.994878768920898,"1"
"Drews","14",20261014,"TCGA-C5-A8YQ","CESC","1",0.936908781528473,"1"
"Drews","14",20261014,"TCGA-C5-A905","CESC","2",0.95608514547348,"1"
"Drews","14",20261014,"TCGA-EA-A5FO","CESC","2",0.461660474538803,"2"
"Drews","14",20261014,"TCGA-EK-A2H1","CESC","2",0.94473922252655,"1"
"Drews","14",20261014,"TCGA-EK-A2RN","CESC","2",0.934867382049561,"1"
"Drews","14",20261014,"TCGA-FU-A5XV","CESC","2",0.664646446704865,"1"
"Drews","14",20261014,"TCGA-JX-A3Q0","CESC","2",0.724579513072968,"1"
"Drews","14",20261014,"TCGA-VS-A8Q8","CESC","2",0.667998671531677,"1"
"Drews","14",20261014,"TCGA-VS-A8Q9","CESC","1",0.939985454082489,"1"
"Drews","14",20261014,"TCGA-VS-A94Z","CESC","1",0.998425483703613,"1"
"Drews","14",20261014,"TCGA-VS-A9U5","CESC","1",0.995427250862122,"1"
"Drews","14",20261014,"TCGA-VS-A9UO","CESC","1",0.999775230884552,"1"
"Drews","14",20261014,"TCGA-W6-AA0S","CHOL","1",0.95947790145874,"1"
"Drews","14",20261014,"TCGA-AA-3517","COAD","1",0.919558107852936,"1"
"Drews","14",20261014,"TCGA-AA-3673","COAD","2",0.345746219158173,"2"
"Drews","14",20261014,"TCGA-AA-3814","COAD","2",0.115690745413303,"2"
"Drews","14",20261014,"TCGA-AA-3949","COAD","2",0.367796212434769,"2"
"Drews","14",20261014,"TCGA-AA-A022","COAD","2",0.0815142020583153,"2"
"Drews","14",20261014,"TCGA-AD-6965","COAD","1",0.99923038482666,"1"
"Drews","14",20261014,"TCGA-AZ-4615","COAD","2",0.0175763722509146,"2"
"Drews","14",20261014,"TCGA-CA-5254","COAD","1",0.217729762196541,"2"
"Drews","14",20261014,"TCGA-CK-5913","COAD","2",0.054782148450613,"2"
"Drews","14",20261014,"TCGA-CM-4752","COAD","1",0.999208629131317,"1"
"Drews","14",20261014,"TCGA-CM-5341","COAD","1",0.950473368167877,"1"
"Drews","14",20261014,"TCGA-CM-5862","COAD","1",0.998963117599487,"1"
"Drews","14",20261014,"TCGA-CM-6161","COAD","2",0.0210986342281103,"2"
"Drews","14",20261014,"TCGA-CM-6168","COAD","2",0.00282226246781647,"2"
"Drews","14",20261014,"TCGA-D5-6533","COAD","1",0.998392403125763,"1"
"Drews","14",20261014,"TCGA-DM-A1DA","COAD","1",0.781147599220276,"1"
"Drews","14",20261014,"TCGA-G4-6299","COAD","1",0.996323943138123,"1"
"Drews","14",20261014,"TCGA-G4-6306","COAD","2",0.994166851043701,"1"
"Drews","14",20261014,"TCGA-G4-6311","COAD","1",0.998278260231018,"1"
"Drews","14",20261014,"TCGA-G4-6315","COAD","2",0.989705145359039,"1"
"Drews","14",20261014,"TCGA-NH-A50V","COAD","2",0.975538969039917,"1"
"Drews","14",20261014,"TCGA-FA-A7DS","DLBC","1",0.929613351821899,"1"
"Drews","14",20261014,"TCGA-2H-A9GH","ESCA","1",0.9998779296875,"1"
"Drews","14",20261014,"TCGA-IG-A3I8","ESCA","1",0.998046278953552,"1"
"Drews","14",20261014,"TCGA-IG-A4QS","ESCA","1",0.999825417995453,"1"
"Drews","14",20261014,"TCGA-JY-A93E","ESCA","1",0.998698830604553,"1"
"Drews","14",20261014,"TCGA-L5-A4OH","ESCA","1",0.999951243400574,"1"
"Drews","14",20261014,"TCGA-L5-A8NF","ESCA","1",0.999809205532074,"1"
"Drews","14",20261014,"TCGA-L5-A8NN","ESCA","1",0.999417781829834,"1"
"Drews","14",20261014,"TCGA-L5-A8NR","ESCA","1",0.999969959259033,"1"
"Drews","14",20261014,"TCGA-L5-A8NS","ESCA","1",0.999701321125031,"1"
"Drews","14",20261014,"TCGA-LN-A49O","ESCA","1",0.994482159614563,"1"
"Drews","14",20261014,"TCGA-LN-A49V","ESCA","1",0.996848285198212,"1"
"Drews","14",20261014,"TCGA-LN-A49Y","ESCA","1",0.999902606010437,"1"
"Drews","14",20261014,"TCGA-Q9-A6FW","ESCA","1",0.980214059352875,"1"
"Drews","14",20261014,"TCGA-R6-A6DN","ESCA","1",0.998130023479462,"1"
"Drews","14",20261014,"TCGA-S8-A6BW","ESCA","1",0.995087325572968,"1"
"Drews","14",20261014,"TCGA-VR-A8EU","ESCA","1",0.999766767024994,"1"
"Drews","14",20261014,"TCGA-VR-A8EY","ESCA","1",0.987418830394745,"1"
"Drews","14",20261014,"TCGA-VR-AA7D","ESCA","1",0.999432623386383,"1"
"Drews","14",20261014,"TCGA-19-2619","GBM","1",0.381354451179504,"2"
"Drews","14",20261014,"TCGA-26-5139","GBM","2",0.0938463509082794,"2"
"Drews","14",20261014,"TCGA-27-1832","GBM","1",0.403679132461548,"2"
"Drews","14",20261014,"TCGA-27-1835","GBM","1",0.854955434799194,"1"
"Drews","14",20261014,"TCGA-28-5204","GBM","1",0.966715157032013,"1"
"Drews","14",20261014,"TCGA-28-5216","GBM","1",0.807534158229828,"1"
"Drews","14",20261014,"TCGA-BA-4075","HNSC","1",0.967969000339508,"1"
"Drews","14",20261014,"TCGA-BA-5149","HNSC","1",0.95768541097641,"1"
"Drews","14",20261014,"TCGA-BA-5559","HNSC","1",0.901422202587128,"1"
"Drews","14",20261014,"TCGA-BA-6873","HNSC","1",0.9908726811409,"1"
"Drews","14",20261014,"TCGA-BB-A5HY","HNSC","1",0.99964451789856,"1"
"Drews","14",20261014,"TCGA-CN-A49A","HNSC","1",0.999813854694366,"1"
"Drews","14",20261014,"TCGA-CN-A63W","HNSC","1",0.996975183486938,"1"
"Drews","14",20261014,"TCGA-CQ-6228","HNSC","1",0.999953866004944,"1"
"Drews","14",20261014,"TCGA-CV-5441","HNSC","1",0.997009515762329,"1"
"Drews","14",20261014,"TCGA-CV-7263","HNSC","2",0.99026358127594,"1"
"Drews","14",20261014,"TCGA-CV-7406","HNSC","1",0.994313836097717,"1"
"Drews","14",20261014,"TCGA-CV-7418","HNSC","1",0.986505210399628,"1"
"Drews","14",20261014,"TCGA-CV-7430","HNSC","1",0.955565452575684,"1"
"Drews","14",20261014,"TCGA-CV-A6JM","HNSC","1",0.987878262996674,"1"
"Drews","14",20261014,"TCGA-D6-A4Z9","HNSC","1",0.999696731567383,"1"
"Drews","14",20261014,"TCGA-F7-A61W","HNSC","1",0.995642900466919,"1"
"Drews","14",20261014,"TCGA-HD-7754","HNSC","2",0.994209408760071,"1"
"Drews","14",20261014,"TCGA-HD-7832","HNSC","1",0.658242464065552,"1"
"Drews","14",20261014,"TCGA-MT-A7BN","HNSC","1",0.997341454029083,"1"
"Drews","14",20261014,"TCGA-QK-A6IG","HNSC","1",0.994261980056763,"1"
"Drews","14",20261014,"TCGA-QK-A6V9","HNSC","2",0.880882501602173,"1"
"Drews","14",20261014,"TCGA-UF-A71A","HNSC","1",0.999761402606964,"1"
"Drews","14",20261014,"TCGA-UF-A7JH","HNSC","1",0.993180274963379,"1"
"Drews","14",20261014,"TCGA-KL-8326","KICH","2",0.00177319068461657,"2"
"Drews","14",20261014,"TCGA-KL-8327","KICH","2",0.0858585238456726,"2"
"Drews","14",20261014,"TCGA-KM-8438","KICH","2",0.000314934179186821,"2"
"Drews","14",20261014,"TCGA-KN-8424","KICH","2",0.00530927302315831,"2"
"Drews","14",20261014,"TCGA-KN-8425","KICH","2",0.00285829207859933,"2"
"Drews","14",20261014,"TCGA-KO-8413","KICH","2",0.00538098579272628,"2"
"Drews","14",20261014,"TCGA-KO-8417","KICH","2",0.00980754289776087,"2"
"Drews","14",20261014,"TCGA-A3-3313","KIRC","1",0.0280653573572636,"2"
"Drews","14",20261014,"TCGA-A3-3317","KIRC","2",0.00282779149711132,"2"
"Drews","14",20261014,"TCGA-A3-3347","KIRC","2",0.107958056032658,"2"
"Drews","14",20261014,"TCGA-A3-A6NI","KIRC","2",0.000166748941410333,"2"
"Drews","14",20261014,"TCGA-AK-3453","KIRC","2",0.0273367520421743,"2"
"Drews","14",20261014,"TCGA-AK-3458","KIRC","2",0.0032042283564806,"2"
"Drews","14",20261014,"TCGA-B0-4710","KIRC","2",0.00435094628483057,"2"
"Drews","14",20261014,"TCGA-B8-5549","KIRC","2",0.0130672976374626,"2"
"Drews","14",20261014,"TCGA-BP-4161","KIRC","2",0.00154036178719252,"2"
"Drews","14",20261014,"TCGA-BP-4977","KIRC","2",0.00991201307624578,"2"
"Drews","14",20261014,"TCGA-BP-5199","KIRC","2",0.00670979730784893,"2"
"Drews","14",20261014,"TCGA-CJ-4903","KIRC","2",0.000206549259019084,"2"
"Drews","14",20261014,"TCGA-CJ-5682","KIRC","2",0.00261833472177386,"2"
"Drews","14",20261014,"TCGA-CZ-5989","KIRC","2",0.406857281923294,"2"
"Drews","14",20261014,"TCGA-DV-5566","KIRC","2",0.000780762056820095,"2"
"Drews","14",20261014,"TCGA-4A-A93X","KIRP","2",0.0328978821635246,"2"
"Drews","14",20261014,"TCGA-B9-4117","KIRP","2",0.224107667803764,"2"
"Drews","14",20261014,"TCGA-BQ-5894","KIRP","2",0.558085024356842,"1"
"Drews","14",20261014,"TCGA-F9-A4JJ","KIRP","2",0.554391622543335,"1"
"Drews","14",20261014,"TCGA-HE-A5NJ","KIRP","2",0.0991642326116562,"2"
"Drews","14",20261014,"TCGA-P4-A5E8","KIRP","2",0.698889136314392,"1"
"Drews","14",20261014,"TCGA-P4-A5EB","KIRP","2",0.0700021758675575,"2"
"Drews","14",20261014,"TCGA-Q2-A5QZ","KIRP","1",0.926559567451477,"1"
"Drews","14",20261014,"TCGA-UZ-A9PZ","KIRP","2",0.077872708439827,"2"
"Drews","14",20261014,"TCGA-CS-4943","LGG","1",0.994806945323944,"1"
"Drews","14",20261014,"TCGA-CS-6670","LGG","2",0.00122839165851474,"2"
"Drews","14",20261014,"TCGA-DU-5853","LGG","2",0.0912816449999809,"2"
"Drews","14",20261014,"TCGA-DU-6393","LGG","2",0.0922415480017662,"2"
"Drews","14",20261014,"TCGA-DU-7010","LGG","1",0.992336452007294,"1"
"Drews","14",20261014,"TCGA-E1-5307","LGG","1",0.122819110751152,"2"
"Drews","14",20261014,"TCGA-E1-A7YD","LGG","1",0.985141634941101,"1"
"Drews","14",20261014,"TCGA-E1-A7YS","LGG","2",0.0295195635408163,"2"
"Drews","14",20261014,"TCGA-FG-6689","LGG","2",0.194233849644661,"2"
"Drews","14",20261014,"TCGA-FG-7634","LGG","2",0.00634098844602704,"2"
"Drews","14",20261014,"TCGA-FG-A4MX","LGG","2",0.778305649757385,"1"
"Drews","14",20261014,"TCGA-HT-7474","LGG","2",0.317395240068436,"2"
"Drews","14",20261014,"TCGA-HT-7477","LGG","1",0.994166016578674,"1"
"Drews","14",20261014,"TCGA-HW-8319","LGG","2",0.327076017856598,"2"
"Drews","14",20261014,"TCGA-P5-A5F4","LGG","2",0.347681105136871,"2"
"Drews","14",20261014,"TCGA-P5-A5F6","LGG","2",0.386331737041473,"2"
"Drews","14",20261014,"TCGA-P5-A733","LGG","2",0.193738460540771,"2"
"Drews","14",20261014,"TCGA-QH-A6CW","LGG","2",0.125638082623482,"2"
"Drews","14",20261014,"TCGA-QH-A6X5","LGG","2",0.00692762667313218,"2"
"Drews","14",20261014,"TCGA-QH-A86X","LGG","2",0.000662421807646751,"2"
"Drews","14",20261014,"TCGA-S9-A6UB","LGG","2",0.00159930519293994,"2"
"Drews","14",20261014,"TCGA-S9-A6WM","LGG","1",0.982314705848694,"1"
"Drews","14",20261014,"TCGA-S9-A7R8","LGG","1",0.398326963186264,"2"
"Drews","14",20261014,"TCGA-TQ-A7RM","LGG","1",0.938856720924377,"1"
"Drews","14",20261014,"TCGA-2Y-A9H0","LIHC","1",0.974751234054565,"1"
"Drews","14",20261014,"TCGA-2Y-A9H2","LIHC","1",0.947294473648071,"1"
"Drews","14",20261014,"TCGA-2Y-A9H4","LIHC","1",0.986781656742096,"1"
"Drews","14",20261014,"TCGA-BC-A10R","LIHC","1",0.984342038631439,"1"
"Drews","14",20261014,"TCGA-BC-A10Y","LIHC","1",0.973485350608826,"1"
"Drews","14",20261014,"TCGA-BC-A69H","LIHC","1",0.998762369155884,"1"
"Drews","14",20261014,"TCGA-CC-5263","LIHC","1",0.999674677848816,"1"
"Drews","14",20261014,"TCGA-CC-A3MA","LIHC","1",0.989362776279449,"1"
"Drews","14",20261014,"TCGA-CC-A3MB","LIHC","1",0.992544651031494,"1"
"Drews","14",20261014,"TCGA-DD-A11B","LIHC","2",0.822922170162201,"1"
"Drews","14",20261014,"TCGA-DD-A1EE","LIHC","2",0.501613557338715,"1"
"Drews","14",20261014,"TCGA-DD-A39Z","LIHC","2",0.802654802799225,"1"
"Drews","14",20261014,"TCGA-DD-A3A3","LIHC","2",0.730845212936401,"1"
"Drews","14",20261014,"TCGA-DD-A73G","LIHC","1",0.992001056671143,"1"
"Drews","14",20261014,"TCGA-DD-AACX","LIHC","2",0.834682464599609,"1"
"Drews","14",20261014,"TCGA-DD-AADC","LIHC","1",0.997006952762604,"1"
"Drews","14",20261014,"TCGA-ED-A459","LIHC","1",0.990547597408295,"1"
"Drews","14",20261014,"TCGA-FV-A23B","LIHC","1",0.829733967781067,"1"
"Drews","14",20261014,"TCGA-RC-A6M6","LIHC","1",0.999924063682556,"1"
"Drews","14",20261014,"TCGA-UB-A7MB","LIHC","1",0.999217391014099,"1"
"Drews","14",20261014,"TCGA-WQ-AB4B","LIHC","2",0.576180815696716,"1"
"Drews","14",20261014,"TCGA-05-4250","LUAD","1",0.976300597190857,"1"
"Drews","14",20261014,"TCGA-05-4432","LUAD","1",0.999960422515869,"1"
"Drews","14",20261014,"TCGA-05-4433","LUAD","1",0.984506666660309,"1"
"Drews","14",20261014,"TCGA-38-4630","LUAD","1",0.99994957447052,"1"
"Drews","14",20261014,"TCGA-44-6779","LUAD","1",0.995933949947357,"1"
"Drews","14",20261014,"TCGA-44-7660","LUAD","1",0.999955415725708,"1"
"Drews","14",20261014,"TCGA-44-A47B","LUAD","1",0.99222856760025,"1"
"Drews","14",20261014,"TCGA-49-4488","LUAD","1",0.998842298984528,"1"
"Drews","14",20261014,"TCGA-49-4501","LUAD","1",0.998561561107635,"1"
"Drews","14",20261014,"TCGA-50-6594","LUAD","1",0.999874711036682,"1"
"Drews","14",20261014,"TCGA-55-7570","LUAD","1",0.999920606613159,"1"
"Drews","14",20261014,"TCGA-55-7994","LUAD","1",0.989693105220795,"1"
"Drews","14",20261014,"TCGA-55-8615","LUAD","1",0.99415510892868,"1"
"Drews","14",20261014,"TCGA-55-A490","LUAD","1",0.999897241592407,"1"
"Drews","14",20261014,"TCGA-64-1680","LUAD","2",0.7506502866745,"1"
"Drews","14",20261014,"TCGA-67-3774","LUAD","1",0.946095407009125,"1"
"Drews","14",20261014,"TCGA-78-7153","LUAD","1",0.921955049037933,"1"
"Drews","14",20261014,"TCGA-78-7220","LUAD","1",0.999591171741486,"1"
"Drews","14",20261014,"TCGA-86-7953","LUAD","1",0.999958634376526,"1"
"Drews","14",20261014,"TCGA-86-8054","LUAD","1",0.999585211277008,"1"
"Drews","14",20261014,"TCGA-86-8280","LUAD","1",0.996594130992889,"1"
"Drews","14",20261014,"TCGA-91-6840","LUAD","1",0.999756157398224,"1"
"Drews","14",20261014,"TCGA-97-7546","LUAD","1",0.768745958805084,"1"
"Drews","14",20261014,"TCGA-97-8547","LUAD","1",0.956426382064819,"1"
"Drews","14",20261014,"TCGA-J2-A4AE","LUAD","1",0.774843335151672,"1"
"Drews","14",20261014,"TCGA-MN-A4N1","LUAD","1",0.999009370803833,"1"
"Drews","14",20261014,"TCGA-MP-A4T8","LUAD","1",0.9998779296875,"1"
"Drews","14",20261014,"TCGA-18-3416","LUSC","1",0.999241709709167,"1"
"Drews","14",20261014,"TCGA-21-1080","LUSC","1",0.99981290102005,"1"
"Drews","14",20261014,"TCGA-21-5787","LUSC","1",0.998383402824402,"1"
"Drews","14",20261014,"TCGA-21-A5DI","LUSC","1",0.995481610298157,"1"
"Drews","14",20261014,"TCGA-22-4591","LUSC","1",0.999972462654114,"1"
"Drews","14",20261014,"TCGA-22-4613","LUSC","1",0.999998092651367,"1"
"Drews","14",20261014,"TCGA-22-5472","LUSC","2",0.440383732318878,"2"
"Drews","14",20261014,"TCGA-33-4532","LUSC","1",0.999619364738464,"1"
"Drews","14",20261014,"TCGA-33-AASJ","LUSC","1",0.999061405658722,"1"
"Drews","14",20261014,"TCGA-34-8456","LUSC","1",0.999598801136017,"1"
"Drews","14",20261014,"TCGA-39-5016","LUSC","1",0.995902121067047,"1"
"Drews","14",20261014,"TCGA-43-5670","LUSC","1",0.999821364879608,"1"
"Drews","14",20261014,"TCGA-43-8116","LUSC","1",0.99989128112793,"1"
"Drews","14",20261014,"TCGA-43-8118","LUSC","1",0.97362208366394,"1"
"Drews","14",20261014,"TCGA-43-A56V","LUSC","1",0.999899983406067,"1"
"Drews","14",20261014,"TCGA-46-3769","LUSC","1",0.999971151351929,"1"
"Drews","14",20261014,"TCGA-56-8622","LUSC","1",0.964791238307953,"1"
"Drews","14",20261014,"TCGA-58-A46L","LUSC","1",0.999850511550903,"1"
"Drews","14",20261014,"TCGA-66-2768","LUSC","1",0.999961376190186,"1"
"Drews","14",20261014,"TCGA-66-2789","LUSC","1",0.999931335449219,"1"
"Drews","14",20261014,"TCGA-66-2793","LUSC","1",0.999978303909302,"1"
"Drews","14",20261014,"TCGA-66-2794","LUSC","1",0.984930634498596,"1"
"Drews","14",20261014,"TCGA-66-2795","LUSC","1",0.999241948127747,"1"
"Drews","14",20261014,"TCGA-66-2800","LUSC","1",0.999925136566162,"1"
"Drews","14",20261014,"TCGA-68-8250","LUSC","1",0.999965667724609,"1"
"Drews","14",20261014,"TCGA-77-6843","LUSC","1",0.999843597412109,"1"
"Drews","14",20261014,"TCGA-77-A5GH","LUSC","1",0.999421119689941,"1"
"Drews","14",20261014,"TCGA-85-8070","LUSC","1",0.999771296977997,"1"
"Drews","14",20261014,"TCGA-85-8071","LUSC","1",0.996462523937225,"1"
"Drews","14",20261014,"TCGA-85-8354","LUSC","1",0.999816596508026,"1"
"Drews","14",20261014,"TCGA-J1-A4AH","LUSC","1",0.999888300895691,"1"
"Drews","14",20261014,"TCGA-NC-A5HT","LUSC","1",0.999395847320557,"1"
"Drews","14",20261014,"TCGA-O2-A52N","LUSC","1",0.999256670475006,"1"
"Drews","14",20261014,"TCGA-O2-A52S","LUSC","1",0.999617338180542,"1"
"Drews","14",20261014,"TCGA-3H-AB3M","MESO","1",0.976473689079285,"1"
"Drews","14",20261014,"TCGA-MQ-A6BR","MESO","2",0.314851492643356,"2"
"Drews","14",20261014,"TCGA-SC-A6LP","MESO","2",0.963793277740479,"1"
"Drews","14",20261014,"TCGA-XT-AASU","MESO","1",0.961860001087189,"1"
"Drews","14",20261014,"TCGA-04-1362","OV","1",0.999975681304932,"1"
"Drews","14",20261014,"TCGA-13-0800","OV","1",0.999261319637299,"1"
"Drews","14",20261014,"TCGA-13-1506","OV","1",0.999971151351929,"1"
"Drews","14",20261014,"TCGA-13-1507","OV","1",0.999914646148682,"1"
"Drews","14",20261014,"TCGA-13-1512","OV","1",0.999988079071045,"1"
"Drews","14",20261014,"TCGA-20-1683","OV","1",0.999968528747559,"1"
"Drews","14",20261014,"TCGA-23-1111","OV","1",0.798880934715271,"1"
"Drews","14",20261014,"TCGA-23-1123","OV","1",0.999978303909302,"1"
"Drews","14",20261014,"TCGA-23-2077","OV","1",0.999994039535522,"1"
"Drews","14",20261014,"TCGA-23-2078","OV","1",0.999860048294067,"1"
"Drews","14",20261014,"TCGA-24-1425","OV","1",0.999385476112366,"1"
"Drews","14",20261014,"TCGA-24-1427","OV","1",0.999986886978149,"1"
"Drews","14",20261014,"TCGA-24-1436","OV","1",0.999987959861755,"1"
"Drews","14",20261014,"TCGA-24-1552","OV","1",0.999979138374329,"1"
"Drews","14",20261014,"TCGA-24-2267","OV","1",0.999943137168884,"1"
"Drews","14",20261014,"TCGA-24-2271","OV","1",0.999493598937988,"1"
"Drews","14",20261014,"TCGA-24-2281","OV","1",0.999956130981445,"1"
"Drews","14",20261014,"TCGA-24-2288","OV","1",0.999956846237183,"1"
"Drews","14",20261014,"TCGA-24-2298","OV","1",0.999878525733948,"1"
"Drews","14",20261014,"TCGA-25-2396","OV","1",0.999900221824646,"1"
"Drews","14",20261014,"TCGA-25-2400","OV","1",0.999971985816956,"1"
"Drews","14",20261014,"TCGA-25-2401","OV","1",0.999789893627167,"1"
"Drews","14",20261014,"TCGA-25-2404","OV","1",0.999989032745361,"1"
"Drews","14",20261014,"TCGA-29-1688","OV","1",0.999927997589111,"1"
"Drews","14",20261014,"TCGA-29-1703","OV","1",0.999961733818054,"1"
"Drews","14",20261014,"TCGA-29-1710","OV","1",0.99917596578598,"1"
"Drews","14",20261014,"TCGA-29-1761","OV","1",0.999881744384766,"1"
"Drews","14",20261014,"TCGA-29-1763","OV","1",0.99953305721283,"1"
"Drews","14",20261014,"TCGA-31-1959","OV","1",0.99998950958252,"1"
"Drews","14",20261014,"TCGA-61-1728","OV","1",0.999938368797302,"1"
"Drews","14",20261014,"TCGA-61-1998","OV","1",0.999975919723511,"1"
"Drews","14",20261014,"TCGA-61-2008","OV","1",0.99984610080719,"1"
"Drews","14",20261014,"TCGA-61-2095","OV","2",0.965712189674377,"1"
"Drews","14",20261014,"TCGA-FB-AAPU","PAAD","1",0.915363371372223,"1"
"Drews","14",20261014,"TCGA-FB-AAQ2","PAAD","1",0.991816699504852,"1"
"Drews","14",20261014,"TCGA-HV-A5A6","PAAD","1",0.999642252922058,"1"
"Drews","14",20261014,"TCGA-IB-A6UF","PAAD","1",0.997848749160767,"1"
"Drews","14",20261014,"TCGA-S4-A8RO","PAAD","1",0.35944738984108,"2"
"Drews","14",20261014,"TCGA-QR-A6H6","PCPG","2",0.00719461590051651,"2"
"Drews","14",20261014,"TCGA-QR-A708","PCPG","1",0.15947213768959,"2"
"Drews","14",20261014,"TCGA-QR-A70M","PCPG","1",0.021822601556778,"2"
"Drews","14",20261014,"TCGA-QR-A70O","PCPG","1",0.246113285422325,"2"
"Drews","14",20261014,"TCGA-QR-A70T","PCPG","1",0.368586212396622,"2"
"Drews","14",20261014,"TCGA-QR-A7IN","PCPG","2",0.0597468577325344,"2"
"Drews","14",20261014,"TCGA-SP-A6QK","PCPG","2",0.0349690020084381,"2"
"Drews","14",20261014,"TCGA-SR-A6MR","PCPG","1",0.00337848393246531,"2"
"Drews","14",20261014,"TCGA-WB-A814","PCPG","2",0.0445701666176319,"2"
"Drews","14",20261014,"TCGA-WB-A819","PCPG","2",0.0178397633135319,"2"
"Drews","14",20261014,"TCGA-CH-5791","PRAD","1",0.977392137050629,"1"
"Drews","14",20261014,"TCGA-EJ-7789","PRAD","1",0.996064603328705,"1"
"Drews","14",20261014,"TCGA-EJ-A8FN","PRAD","1",0.668917298316956,"1"
"Drews","14",20261014,"TCGA-FC-A4JI","PRAD","1",0.997820019721985,"1"
"Drews","14",20261014,"TCGA-HC-7213","PRAD","1",0.999740421772003,"1"
"Drews","14",20261014,"TCGA-HC-7232","PRAD","2",0.961046755313873,"1"
"Drews","14",20261014,"TCGA-HC-7748","PRAD","1",0.173198118805885,"2"
"Drews","14",20261014,"TCGA-HC-A6HY","PRAD","2",0.952305436134338,"1"
"Drews","14",20261014,"TCGA-KC-A4BV","PRAD","1",0.991740107536316,"1"
"Drews","14",20261014,"TCGA-KK-A6DY","PRAD","2",0.573480248451233,"1"
"Drews","14",20261014,"TCGA-KK-A6E5","PRAD","1",0.997399687767029,"1"
"Drews","14",20261014,"TCGA-KK-A7AP","PRAD","1",0.99925571680069,"1"
"Drews","14",20261014,"TCGA-KK-A8IB","PRAD","1",0.987923443317413,"1"
"Drews","14",20261014,"TCGA-KK-A8ID","PRAD","1",0.999650120735168,"1"
"Drews","14",20261014,"TCGA-TP-A8TT","PRAD","1",0.704768419265747,"1"
"Drews","14",20261014,"TCGA-V1-A8ML","PRAD","2",0.926899194717407,"1"
"Drews","14",20261014,"TCGA-XJ-A9DX","PRAD","1",0.992826879024506,"1"
"Drews","14",20261014,"TCGA-ZG-A9LN","PRAD","1",0.906141638755798,"1"
"Drews","14",20261014,"TCGA-AG-3591","READ","1",0.996479451656342,"1"
"Drews","14",20261014,"TCGA-AG-3594","READ","1",0.990711867809296,"1"
"Drews","14",20261014,"TCGA-AG-3881","READ","1",0.973783493041992,"1"
"Drews","14",20261014,"TCGA-AG-4015","READ","1",0.999564945697784,"1"
"Drews","14",20261014,"TCGA-AG-4022","READ","2",0.785915672779083,"1"
"Drews","14",20261014,"TCGA-AG-A02X","READ","1",0.998417377471924,"1"
"Drews","14",20261014,"TCGA-AG-A036","READ","2",0.999448478221893,"1"
"Drews","14",20261014,"TCGA-DC-5869","READ","2",0.993846118450165,"1"
"Drews","14",20261014,"TCGA-DT-5265","READ","1",0.941370368003845,"1"
"Drews","14",20261014,"TCGA-3B-A9HO","SARC","1",0.989659130573273,"1"
"Drews","14",20261014,"TCGA-3B-A9HS","SARC","1",0.999121129512787,"1"
"Drews","14",20261014,"TCGA-3B-A9HV","SARC","1",0.994802474975586,"1"
"Drews","14",20261014,"TCGA-3B-A9HX","SARC","1",0.9983149766922,"1"
"Drews","14",20261014,"TCGA-DX-A3U5","SARC","1",0.999580681324005,"1"
"Drews","14",20261014,"TCGA-DX-A6YZ","SARC","1",0.992053151130676,"1"
"Drews","14",20261014,"TCGA-DX-A7EF","SARC","1",0.999942541122437,"1"
"Drews","14",20261014,"TCGA-DX-A8BH","SARC","1",0.999803006649017,"1"
"Drews","14",20261014,"TCGA-DX-A8BR","SARC","1",0.998661279678345,"1"
"Drews","14",20261014,"TCGA-DX-AB2F","SARC","1",0.99623054265976,"1"
"Drews","14",20261014,"TCGA-DX-AB2X","SARC","1",0.999725520610809,"1"
"Drews","14",20261014,"TCGA-FX-A3NK","SARC","1",0.993002474308014,"1"
"Drews","14",20261014,"TCGA-FX-A3RE","SARC","1",0.999454319477081,"1"
"Drews","14",20261014,"TCGA-HB-A3YV","SARC","1",0.999777495861053,"1"
"Drews","14",20261014,"TCGA-IE-A6BZ","SARC","1",0.999849557876587,"1"
"Drews","14",20261014,"TCGA-JV-A5VE","SARC","1",0.99870228767395,"1"
"Drews","14",20261014,"TCGA-LI-A67I","SARC","1",0.997509002685547,"1"
"Drews","14",20261014,"TCGA-N1-A6IA","SARC","1",0.988059461116791,"1"
"Drews","14",20261014,"TCGA-QC-A6FX","SARC","1",0.999469816684723,"1"
"Drews","14",20261014,"TCGA-QQ-A5VB","SARC","1",0.99990177154541,"1"
"Drews","14",20261014,"TCGA-SI-AA8B","SARC","1",0.999784052371979,"1"
"Drews","14",20261014,"TCGA-VT-A80G","SARC","1",0.999924421310425,"1"
"Drews","14",20261014,"TCGA-X6-A7W8","SARC","1",0.999066054821014,"1"
"Drews","14",20261014,"TCGA-X6-A8C2","SARC","1",0.999569237232208,"1"
"Drews","14",20261014,"TCGA-BF-A1PV","SKCM","2",0.643304347991943,"1"
"Drews","14",20261014,"TCGA-BF-A5EO","SKCM","2",0.958668887615204,"1"
"Drews","14",20261014,"TCGA-BF-AAP6","SKCM","1",0.982571721076965,"1"
"Drews","14",20261014,"TCGA-D3-A5GT","SKCM","1",0.864604771137238,"1"
"Drews","14",20261014,"TCGA-DA-A960","SKCM","2",0.93503600358963,"1"
"Drews","14",20261014,"TCGA-EB-A4IS","SKCM","2",0.90699291229248,"1"
"Drews","14",20261014,"TCGA-EB-A4OY","SKCM","1",0.728715240955353,"1"
"Drews","14",20261014,"TCGA-EB-A57M","SKCM","1",0.992329061031342,"1"
"Drews","14",20261014,"TCGA-BR-4191","STAD","1",0.995187759399414,"1"
"Drews","14",20261014,"TCGA-BR-4357","STAD","1",0.997306227684021,"1"
"Drews","14",20261014,"TCGA-BR-7703","STAD","1",0.0534875057637691,"2"
"Drews","14",20261014,"TCGA-BR-8078","STAD","2",0.285453140735626,"2"
"Drews","14",20261014,"TCGA-BR-8361","STAD","1",0.908011496067047,"1"
"Drews","14",20261014,"TCGA-BR-A4J1","STAD","1",0.999807894229889,"1"
"Drews","14",20261014,"TCGA-BR-A4PE","STAD","1",0.99172055721283,"1"
"Drews","14",20261014,"TCGA-CG-4304","STAD","1",0.886724412441254,"1"
"Drews","14",20261014,"TCGA-CG-4469","STAD","1",0.344078123569489,"2"
"Drews","14",20261014,"TCGA-CG-4475","STAD","1",0.999220132827759,"1"
"Drews","14",20261014,"TCGA-D7-A6F2","STAD","1",0.99986207485199,"1"
"Drews","14",20261014,"TCGA-EQ-A4SO","STAD","1",0.984730362892151,"1"
"Drews","14",20261014,"TCGA-HU-8249","STAD","1",0.993834376335144,"1"
"Drews","14",20261014,"TCGA-IN-8462","STAD","1",0.989653050899506,"1"
"Drews","14",20261014,"TCGA-IN-8663","STAD","1",0.999029278755188,"1"
"Drews","14",20261014,"TCGA-R5-A7ZE","STAD","1",0.998837649822235,"1"
"Drews","14",20261014,"TCGA-RD-A7BT","STAD","1",0.999638080596924,"1"
"Drews","14",20261014,"TCGA-RD-A8NB","STAD","1",0.321334928274155,"2"
"Drews","14",20261014,"TCGA-VQ-A8E7","STAD","1",0.999691963195801,"1"
"Drews","14",20261014,"TCGA-VQ-A8P3","STAD","1",0.717080354690552,"1"
"Drews","14",20261014,"TCGA-VQ-A8PE","STAD","1",0.99995744228363,"1"
"Drews","14",20261014,"TCGA-VQ-A91N","STAD","1",0.998832285404205,"1"
"Drews","14",20261014,"TCGA-VQ-A91S","STAD","1",0.99554717540741,"1"
"Drews","14",20261014,"TCGA-VQ-A91U","STAD","1",0.997383654117584,"1"
"Drews","14",20261014,"TCGA-VQ-A91Z","STAD","1",0.999844312667847,"1"
"Drews","14",20261014,"TCGA-VQ-A94O","STAD","1",0.999706566333771,"1"
"Drews","14",20261014,"TCGA-VQ-AA64","STAD","1",0.999935269355774,"1"
"Drews","14",20261014,"TCGA-2G-AAFN","TGCT","1",0.997511625289917,"1"
"Drews","14",20261014,"TCGA-XE-AAOF","TGCT","2",0.0891865789890289,"2"
"Drews","14",20261014,"TCGA-YU-A90W","TGCT","1",0.172626048326492,"2"
"Drews","14",20261014,"TCGA-YU-A912","TGCT","1",0.115388356149197,"2"
"Drews","14",20261014,"TCGA-EL-A3CX","THCA","2",0.60164201259613,"1"
"Drews","14",20261014,"TCGA-EL-A3GP","THCA","2",0.313553482294083,"2"
"Drews","14",20261014,"TCGA-ZB-A966","THYM","2",0.878406226634979,"1"
"Drews","14",20261014,"TCGA-A5-A0G3","UCEC","1",0.999907374382019,"1"
"Drews","14",20261014,"TCGA-A5-A0VQ","UCEC","2",0.0818764790892601,"2"
"Drews","14",20261014,"TCGA-A5-A2K2","UCEC","1",0.998608887195587,"1"
"Drews","14",20261014,"TCGA-AJ-A3BF","UCEC","1",0.999841690063477,"1"
"Drews","14",20261014,"TCGA-AP-A05J","UCEC","1",0.999125778675079,"1"
"Drews","14",20261014,"TCGA-AX-A1C8","UCEC","1",0.999979853630066,"1"
"Drews","14",20261014,"TCGA-AX-A2H4","UCEC","1",0.998639762401581,"1"
"Drews","14",20261014,"TCGA-B5-A11I","UCEC","1",0.999846339225769,"1"
"Drews","14",20261014,"TCGA-B5-A11Q","UCEC","2",0.455186486244202,"2"
"Drews","14",20261014,"TCGA-B5-A11S","UCEC","2",0.0470432564616203,"2"
"Drews","14",20261014,"TCGA-B5-A3FC","UCEC","2",0.96295839548111,"1"
"Drews","14",20261014,"TCGA-B5-A3FD","UCEC","1",0.952068090438843,"1"
"Drews","14",20261014,"TCGA-BG-A2AE","UCEC","2",0.997612357139587,"1"
"Drews","14",20261014,"TCGA-BK-A4ZD","UCEC","1",0.999253332614899,"1"
"Drews","14",20261014,"TCGA-BS-A0TC","UCEC","2",0.278122276067734,"2"
"Drews","14",20261014,"TCGA-BS-A0TI","UCEC","1",0.971384465694427,"1"
"Drews","14",20261014,"TCGA-D1-A0ZZ","UCEC","1",0.999936461448669,"1"
"Drews","14",20261014,"TCGA-D1-A16O","UCEC","2",0.0524800457060337,"2"
"Drews","14",20261014,"TCGA-D1-A16S","UCEC","1",0.997646033763885,"1"
"Drews","14",20261014,"TCGA-D1-A1NU","UCEC","1",0.999980926513672,"1"
"Drews","14",20261014,"TCGA-D1-A1NW","UCEC","1",0.998479425907135,"1"
"Drews","14",20261014,"TCGA-D1-A3DH","UCEC","1",0.999548494815826,"1"
"Drews","14",20261014,"TCGA-D1-A3JP","UCEC","1",0.970458686351776,"1"
"Drews","14",20261014,"TCGA-DI-A1C3","UCEC","2",0.0547340214252472,"2"
"Drews","14",20261014,"TCGA-DI-A1NO","UCEC","1",0.999970078468323,"1"
"Drews","14",20261014,"TCGA-EO-A1Y5","UCEC","1",0.999751627445221,"1"
"Drews","14",20261014,"TCGA-EO-A1Y8","UCEC","1",0.998546898365021,"1"
"Drews","14",20261014,"TCGA-EO-A3B1","UCEC","1",0.991994976997375,"1"
"Drews","14",20261014,"TCGA-EY-A1GC","UCEC","1",0.989641129970551,"1"
"Drews","14",20261014,"TCGA-EY-A212","UCEC","1",0.999847292900085,"1"
"Drews","14",20261014,"TCGA-EY-A3L3","UCEC","1",0.99967885017395,"1"
"Drews","14",20261014,"TCGA-FI-A2D2","UCEC","1",0.994896590709686,"1"
"Drews","14",20261014,"TCGA-FI-A3PV","UCEC","1",0.999821841716766,"1"
"Drews","14",20261014,"TCGA-QS-A8F1","UCEC","1",0.995349764823914,"1"
"Drews","14",20261014,"TCGA-N5-A4RJ","UCS","1",0.999116718769073,"1"
"Drews","14",20261014,"TCGA-N5-A4RN","UCS","1",0.999983906745911,"1"
"Drews","14",20261014,"TCGA-N5-A4RO","UCS","1",0.999619126319885,"1"
"Drews","14",20261014,"TCGA-N5-A4RU","UCS","1",0.999988794326782,"1"
"Drews","14",20261014,"TCGA-N8-A4PO","UCS","1",0.999928832054138,"1"
"Drews","14",20261014,"TCGA-N9-A4Q3","UCS","1",0.999857544898987,"1"
"Drews","14",20261014,"TCGA-NA-A5I1","UCS","1",0.999974966049194,"1"
"Drews","14",20261014,"TCGA-V4-A9E5","UVM","2",0.107629768550396,"2"
"Drews","14",20261014,"TCGA-VD-A8K8","UVM","2",0.000975899398326874,"2"
"Drews","14",20261014,"TCGA-VD-A8KM","UVM","2",0.0509358830749989,"2"
"Drews","14",20261014,"TCGA-YZ-A984","UVM","2",0.0596657209098339,"2"
"Drews","15",20261015,"TCGA-OR-A5J3","ACC","2",0.352604687213898,"2"
"Drews","15",20261015,"TCGA-OR-A5J6","ACC","2",0.42900550365448,"2"
"Drews","15",20261015,"TCGA-OR-A5JS","ACC","1",0.973308920860291,"1"
"Drews","15",20261015,"TCGA-OR-A5JY","ACC","1",0.986339211463928,"1"
"Drews","15",20261015,"TCGA-OR-A5KT","ACC","1",0.626314580440521,"1"
"Drews","15",20261015,"TCGA-OR-A5L8","ACC","2",0.108429834246635,"2"
"Drews","15",20261015,"TCGA-OR-A5LA","ACC","2",0.0167564041912556,"2"
"Drews","15",20261015,"TCGA-OR-A5LD","ACC","1",0.30538934469223,"2"
"Drews","15",20261015,"TCGA-BT-A20V","BLCA","1",0.999363958835602,"1"
"Drews","15",20261015,"TCGA-BT-A3PJ","BLCA","1",0.999822080135345,"1"
"Drews","15",20261015,"TCGA-CF-A1HR","BLCA","1",0.550313472747803,"1"
"Drews","15",20261015,"TCGA-CF-A5UA","BLCA","1",0.994017601013184,"1"
"Drews","15",20261015,"TCGA-CF-A8HY","BLCA","1",0.998046040534973,"1"
"Drews","15",20261015,"TCGA-DK-A1AB","BLCA","2",0.981472253799438,"1"
"Drews","15",20261015,"TCGA-DK-A2HX","BLCA","1",0.999954581260681,"1"
"Drews","15",20261015,"TCGA-DK-A3X2","BLCA","1",0.994318187236786,"1"
"Drews","15",20261015,"TCGA-DK-AA6U","BLCA","1",0.999964594841003,"1"
"Drews","15",20261015,"TCGA-E5-A4U1","BLCA","1",0.997294366359711,"1"
"Drews","15",20261015,"TCGA-E7-A5KE","BLCA","1",0.999979853630066,"1"
"Drews","15",20261015,"TCGA-FD-A5C0","BLCA","1",0.999737203121185,"1"
"Drews","15",20261015,"TCGA-FD-A62O","BLCA","2",0.850570201873779,"1"
"Drews","15",20261015,"TCGA-FJ-A3ZE","BLCA","1",0.999913692474365,"1"
"Drews","15",20261015,"TCGA-G2-A2EL","BLCA","1",0.999050676822662,"1"
"Drews","15",20261015,"TCGA-G2-A3VY","BLCA","1",0.999997735023499,"1"
"Drews","15",20261015,"TCGA-G2-AA3D","BLCA","1",0.999176800251007,"1"
"Drews","15",20261015,"TCGA-GC-A3RD","BLCA","1",0.999986171722412,"1"
"Drews","15",20261015,"TCGA-GU-AATO","BLCA","1",0.999538540840149,"1"
"Drews","15",20261015,"TCGA-GV-A3JX","BLCA","1",0.999914050102234,"1"
"Drews","15",20261015,"TCGA-GV-A3JZ","BLCA","1",0.99998676776886,"1"
"Drews","15",20261015,"TCGA-GV-A3QF","BLCA","1",0.999796450138092,"1"
"Drews","15",20261015,"TCGA-GV-A3QI","BLCA","1",0.994301915168762,"1"
"Drews","15",20261015,"TCGA-GV-A6ZA","BLCA","1",0.999341070652008,"1"
"Drews","15",20261015,"TCGA-UY-A78N","BLCA","1",0.848426818847656,"1"
"Drews","15",20261015,"TCGA-XF-A8HG","BLCA","1",0.997937977313995,"1"
"Drews","15",20261015,"TCGA-XF-A9SH","BLCA","1",0.598885536193848,"1"
"Drews","15",20261015,"TCGA-XF-A9SK","BLCA","1",0.999450623989105,"1"
"Drews","15",20261015,"TCGA-XF-AAMQ","BLCA","1",0.999924063682556,"1"
"Drews","15",20261015,"TCGA-YF-AA3M","BLCA","1",0.99782121181488,"1"
"Drews","15",20261015,"TCGA-ZF-A9R4","BLCA","1",0.992662191390991,"1"
"Drews","15",20261015,"TCGA-ZF-A9RE","BLCA","1",0.999652147293091,"1"
"Drews","15",20261015,"TCGA-ZF-A9RL","BLCA","1",0.998575210571289,"1"
"Drews","15",20261015,"TCGA-3C-AALK","BRCA","1",0.853816866874695,"1"
"Drews","15",20261015,"TCGA-A1-A0SI","BRCA","2",0.9961878657341,"1"
"Drews","15",20261015,"TCGA-A1-A0SP","BRCA","1",0.998289287090302,"1"
"Drews","15",20261015,"TCGA-A2-A0CW","BRCA","1",0.99994432926178,"1"
"Drews","15",20261015,"TCGA-A2-A0SX","BRCA","1",0.998243093490601,"1"
"Drews","15",20261015,"TCGA-A2-A0T5","BRCA","1",0.00857142172753811,"2"
"Drews","15",20261015,"TCGA-A2-A0YE","BRCA","1",0.999973297119141,"1"
"Drews","15",20261015,"TCGA-A2-A1FV","BRCA","1",0.855801045894623,"1"
"Drews","15",20261015,"TCGA-A2-A3Y0","BRCA","1",0.99992835521698,"1"
"Drews","15",20261015,"TCGA-A7-A0DA","BRCA","1",0.999990582466125,"1"
"Drews","15",20261015,"TCGA-A7-A13G","BRCA","1",0.0617029368877411,"2"
"Drews","15",20261015,"TCGA-A8-A06O","BRCA","1",0.999554812908173,"1"
"Drews","15",20261015,"TCGA-A8-A06Q","BRCA","1",0.997943937778473,"1"
"Drews","15",20261015,"TCGA-A8-A075","BRCA","1",0.999803364276886,"1"
"Drews","15",20261015,"TCGA-A8-A07G","BRCA","1",0.993148386478424,"1"
"Drews","15",20261015,"TCGA-A8-A08J","BRCA","1",0.999918460845947,"1"
"Drews","15",20261015,"TCGA-A8-A094","BRCA","1",0.999679327011108,"1"
"Drews","15",20261015,"TCGA-A8-A096","BRCA","2",0.051277682185173,"2"
"Drews","15",20261015,"TCGA-A8-A099","BRCA","1",0.305086135864258,"2"
"Drews","15",20261015,"TCGA-A8-A09G","BRCA","1",0.996915936470032,"1"
"Drews","15",20261015,"TCGA-A8-A09M","BRCA","1",0.999959230422974,"1"
"Drews","15",20261015,"TCGA-A8-A09R","BRCA","1",0.998797655105591,"1"
"Drews","15",20261015,"TCGA-A8-A0A1","BRCA","2",0.173494637012482,"2"
"Drews","15",20261015,"TCGA-A8-A0AD","BRCA","1",0.886403977870941,"1"
"Drews","15",20261015,"TCGA-AN-A04A","BRCA","1",0.999814808368683,"1"
"Drews","15",20261015,"TCGA-AN-A04D","BRCA","1",0.999974846839905,"1"
"Drews","15",20261015,"TCGA-AN-A0FJ","BRCA","1",0.998125374317169,"1"
"Drews","15",20261015,"TCGA-AN-A0FW","BRCA","1",0.99922788143158,"1"
"Drews","15",20261015,"TCGA-AN-A0XR","BRCA","1",0.688291192054749,"1"
"Drews","15",20261015,"TCGA-AO-A03L","BRCA","1",0.999841213226318,"1"
"Drews","15",20261015,"TCGA-AO-A0J2","BRCA","1",0.99988329410553,"1"
"Drews","15",20261015,"TCGA-AO-A0JE","BRCA","1",0.997744202613831,"1"
"Drews","15",20261015,"TCGA-AO-A0JM","BRCA","1",0.999953269958496,"1"
"Drews","15",20261015,"TCGA-AR-A0TR","BRCA","2",0.145732581615448,"2"
"Drews","15",20261015,"TCGA-AR-A0TV","BRCA","1",0.998098313808441,"1"
"Drews","15",20261015,"TCGA-AR-A0TW","BRCA","1",0.998907327651978,"1"
"Drews","15",20261015,"TCGA-AR-A0U2","BRCA","1",0.999981164932251,"1"
"Drews","15",20261015,"TCGA-AR-A0U4","BRCA","1",0.999543845653534,"1"
"Drews","15",20261015,"TCGA-AR-A1AQ","BRCA","1",0.9927738904953,"1"
"Drews","15",20261015,"TCGA-AR-A254","BRCA","1",0.995763778686523,"1"
"Drews","15",20261015,"TCGA-AR-A2LR","BRCA","1",0.999966502189636,"1"
"Drews","15",20261015,"TCGA-B6-A0RH","BRCA","1",0.998079538345337,"1"
"Drews","15",20261015,"TCGA-B6-A0RL","BRCA","1",0.99992036819458,"1"
"Drews","15",20261015,"TCGA-B6-A0RP","BRCA","2",0.0176807250827551,"2"
"Drews","15",20261015,"TCGA-B6-A0RS","BRCA","1",0.999824106693268,"1"
"Drews","15",20261015,"TCGA-B6-A0RV","BRCA","1",0.83342045545578,"1"
"Drews","15",20261015,"TCGA-B6-A0WS","BRCA","1",0.979806900024414,"1"
"Drews","15",20261015,"TCGA-B6-A1KN","BRCA","1",0.99971479177475,"1"
"Drews","15",20261015,"TCGA-BH-A0AW","BRCA","1",0.999283134937286,"1"
"Drews","15",20261015,"TCGA-BH-A0BS","BRCA","2",0.111402399837971,"2"
"Drews","15",20261015,"TCGA-BH-A0DG","BRCA","1",0.999845623970032,"1"
"Drews","15",20261015,"TCGA-BH-A0GY","BRCA","1",0.996800661087036,"1"
"Drews","15",20261015,"TCGA-BH-A0H7","BRCA","1",0.999466836452484,"1"
"Drews","15",20261015,"TCGA-BH-A0HB","BRCA","1",0.992695212364197,"1"
"Drews","15",20261015,"TCGA-BH-A0HX","BRCA","1",0.999842762947083,"1"
"Drews","15",20261015,"TCGA-BH-A0HY","BRCA","1",0.999970078468323,"1"
"Drews","15",20261015,"TCGA-BH-A18J","BRCA","1",0.998457193374634,"1"
"Drews","15",20261015,"TCGA-BH-A18N","BRCA","2",0.635326445102692,"1"
"Drews","15",20261015,"TCGA-BH-A18R","BRCA","1",0.982080101966858,"1"
"Drews","15",20261015,"TCGA-BH-A5IZ","BRCA","1",0.999887704849243,"1"
"Drews","15",20261015,"TCGA-C8-A12T","BRCA","1",0.921656131744385,"1"
"Drews","15",20261015,"TCGA-C8-A12U","BRCA","1",0.999926328659058,"1"
"Drews","15",20261015,"TCGA-C8-A1HG","BRCA","1",0.999874114990234,"1"
"Drews","15",20261015,"TCGA-C8-A26Z","BRCA","1",0.996584892272949,"1"
"Drews","15",20261015,"TCGA-D8-A142","BRCA","1",0.999957799911499,"1"
"Drews","15",20261015,"TCGA-D8-A1JJ","BRCA","1",0.999460160732269,"1"
"Drews","15",20261015,"TCGA-D8-A1JM","BRCA","1",0.999106585979462,"1"
"Drews","15",20261015,"TCGA-D8-A1JU","BRCA","2",0.412570476531982,"2"
"Drews","15",20261015,"TCGA-D8-A1XY","BRCA","1",0.90676075220108,"1"
"Drews","15",20261015,"TCGA-D8-A1Y0","BRCA","1",0.998474657535553,"1"
"Drews","15",20261015,"TCGA-D8-A1Y3","BRCA","1",0.999220132827759,"1"
"Drews","15",20261015,"TCGA-E2-A10A","BRCA","1",0.998739778995514,"1"
"Drews","15",20261015,"TCGA-E2-A10B","BRCA","2",0.051878035068512,"2"
"Drews","15",20261015,"TCGA-E2-A15T","BRCA","1",0.990656971931458,"1"
"Drews","15",20261015,"TCGA-E2-A1LL","BRCA","1",0.99923849105835,"1"
"Drews","15",20261015,"TCGA-E9-A1N5","BRCA","1",0.954640448093414,"1"
"Drews","15",20261015,"TCGA-E9-A1NF","BRCA","1",0.986151039600372,"1"
"Drews","15",20261015,"TCGA-E9-A1RD","BRCA","2",0.0266358237713575,"2"
"Drews","15",20261015,"TCGA-E9-A1RF","BRCA","1",0.999980092048645,"1"
"Drews","15",20261015,"TCGA-E9-A228","BRCA","1",0.99988329410553,"1"
"Drews","15",20261015,"TCGA-E9-A22A","BRCA","1",0.995815336704254,"1"
"Drews","15",20261015,"TCGA-E9-A22G","BRCA","1",0.99967622756958,"1"
"Drews","15",20261015,"TCGA-E9-A24A","BRCA","2",0.443403720855713,"2"
"Drews","15",20261015,"TCGA-EW-A1J3","BRCA","1",0.923256933689117,"1"
"Drews","15",20261015,"TCGA-EW-A1PA","BRCA","1",0.999962329864502,"1"
"Drews","15",20261015,"TCGA-EW-A1PD","BRCA","1",0.999922871589661,"1"
"Drews","15",20261015,"TCGA-EW-A2FV","BRCA","1",0.999661087989807,"1"
"Drews","15",20261015,"TCGA-EW-A6SC","BRCA","1",0.990031480789185,"1"
"Drews","15",20261015,"TCGA-LL-A6FQ","BRCA","1",0.823764681816101,"1"
"Drews","15",20261015,"TCGA-LL-A740","BRCA","1",0.920769989490509,"1"
"Drews","15",20261015,"TCGA-LL-A7T0","BRCA","1",0.999806344509125,"1"
"Drews","15",20261015,"TCGA-PE-A5DE","BRCA","1",0.911488890647888,"1"
"Drews","15",20261015,"TCGA-UL-AAZ6","BRCA","1",0.999890446662903,"1"
"Drews","15",20261015,"TCGA-UU-A93S","BRCA","1",0.999952077865601,"1"
"Drews","15",20261015,"TCGA-WT-AB44","BRCA","2",0.0509686060249805,"2"
"Drews","15",20261015,"TCGA-4J-AA1J","CESC","1",0.998491764068604,"1"
"Drews","15",20261015,"TCGA-C5-A2LY","CESC","1",0.998084187507629,"1"
"Drews","15",20261015,"TCGA-DR-A0ZM","CESC","2",0.51089733839035,"1"
"Drews","15",20261015,"TCGA-EA-A5FO","CESC","2",0.665197372436523,"1"
"Drews","15",20261015,"TCGA-EA-A5O9","CESC","1",0.996691584587097,"1"
"Drews","15",20261015,"TCGA-EK-A2RN","CESC","2",0.768332183361053,"1"
"Drews","15",20261015,"TCGA-EX-A69M","CESC","2",0.99810791015625,"1"
"Drews","15",20261015,"TCGA-HM-A6W2","CESC","1",0.975661039352417,"1"
"Drews","15",20261015,"TCGA-VS-A8EK","CESC","1",0.999368011951447,"1"
"Drews","15",20261015,"TCGA-VS-A8QA","CESC","1",0.998102605342865,"1"
"Drews","15",20261015,"TCGA-VS-A953","CESC","1",0.927771329879761,"1"
"Drews","15",20261015,"TCGA-VS-A9U5","CESC","1",0.998080968856812,"1"
"Drews","15",20261015,"TCGA-VS-A9U6","CESC","1",0.999275505542755,"1"
"Drews","15",20261015,"TCGA-VS-A9UM","CESC","1",0.779262483119965,"1"
"Drews","15",20261015,"TCGA-VS-A9V0","CESC","1",0.999569594860077,"1"
"Drews","15",20261015,"TCGA-ZJ-AB0I","CESC","1",0.995926380157471,"1"
"Drews","15",20261015,"TCGA-3X-AAVC","CHOL","1",0.972854912281036,"1"
"Drews","15",20261015,"TCGA-AA-3496","COAD","2",0.999128878116608,"1"
"Drews","15",20261015,"TCGA-AA-3679","COAD","1",0.996340692043304,"1"
"Drews","15",20261015,"TCGA-AA-3837","COAD","2",0.361250758171082,"2"
"Drews","15",20261015,"TCGA-AA-3952","COAD","1",0.999423027038574,"1"
"Drews","15",20261015,"TCGA-AA-A01S","COAD","1",0.99793952703476,"1"
"Drews","15",20261015,"TCGA-AA-A01Z","COAD","1",0.986279726028442,"1"
"Drews","15",20261015,"TCGA-AA-A022","COAD","2",0.207787230610847,"2"
"Drews","15",20261015,"TCGA-AD-6965","COAD","1",0.998942673206329,"1"
"Drews","15",20261015,"TCGA-AZ-6603","COAD","2",0.989642977714539,"1"
"Drews","15",20261015,"TCGA-CA-6719","COAD","1",0.999006927013397,"1"
"Drews","15",20261015,"TCGA-CK-5913","COAD","2",0.00994922406971455,"2"
"Drews","15",20261015,"TCGA-CM-4746","COAD","2",0.905821681022644,"1"
"Drews","15",20261015,"TCGA-CM-5344","COAD","2",0.998576402664185,"1"
"Drews","15",20261015,"TCGA-CM-6168","COAD","2",0.035888958722353,"2"
"Drews","15",20261015,"TCGA-CM-6675","COAD","1",0.998266577720642,"1"
"Drews","15",20261015,"TCGA-D5-6533","COAD","1",0.978526949882507,"1"
"Drews","15",20261015,"TCGA-DM-A1D7","COAD","1",0.875897705554962,"1"
"Drews","15",20261015,"TCGA-F4-6806","COAD","2",0.00539989909157157,"2"
"Drews","15",20261015,"TCGA-G4-6306","COAD","2",0.978306651115417,"1"
"Drews","15",20261015,"TCGA-G4-6311","COAD","1",0.999749958515167,"1"
"Drews","15",20261015,"TCGA-QL-A97D","COAD","1",0.937962770462036,"1"
"Drews","15",20261015,"TCGA-FF-8042","DLBC","1",0.996949017047882,"1"
"Drews","15",20261015,"TCGA-2H-A9GH","ESCA","1",0.999903917312622,"1"
"Drews","15",20261015,"TCGA-2H-A9GM","ESCA","1",0.999863624572754,"1"
"Drews","15",20261015,"TCGA-2H-A9GQ","ESCA","1",0.999670267105103,"1"
"Drews","15",20261015,"TCGA-IC-A6RE","ESCA","1",0.999094605445862,"1"
"Drews","15",20261015,"TCGA-L5-A43J","ESCA","1",0.999374568462372,"1"
"Drews","15",20261015,"TCGA-L5-A4OH","ESCA","1",0.99992573261261,"1"
"Drews","15",20261015,"TCGA-L5-A4OO","ESCA","1",0.999319791793823,"1"
"Drews","15",20261015,"TCGA-L5-A4OR","ESCA","1",0.999048411846161,"1"
"Drews","15",20261015,"TCGA-L5-A88V","ESCA","1",0.999921798706055,"1"
"Drews","15",20261015,"TCGA-L5-A8NE","ESCA","1",0.998993933200836,"1"
"Drews","15",20261015,"TCGA-L5-A8NH","ESCA","1",0.998745441436768,"1"
"Drews","15",20261015,"TCGA-L5-A8NR","ESCA","1",0.999990105628967,"1"
"Drews","15",20261015,"TCGA-LN-A49M","ESCA","1",0.999754250049591,"1"
"Drews","15",20261015,"TCGA-LN-A4A9","ESCA","1",0.994079113006592,"1"
"Drews","15",20261015,"TCGA-LN-A5U5","ESCA","1",0.998699426651001,"1"
"Drews","15",20261015,"TCGA-LN-A5U7","ESCA","1",0.999556005001068,"1"
"Drews","15",20261015,"TCGA-R6-A6XQ","ESCA","1",0.999266564846039,"1"
"Drews","15",20261015,"TCGA-Z6-A9VB","ESCA","1",0.999893069267273,"1"
"Drews","15",20261015,"TCGA-06-2562","GBM","2",0.457138985395432,"2"
"Drews","15",20261015,"TCGA-19-2619","GBM","1",0.486785501241684,"2"
"Drews","15",20261015,"TCGA-26-5133","GBM","1",0.987994611263275,"1"
"Drews","15",20261015,"TCGA-28-5216","GBM","1",0.575605750083923,"1"
"Drews","15",20261015,"TCGA-41-3915","GBM","1",0.981795489788055,"1"
"Drews","15",20261015,"TCGA-76-4931","GBM","1",0.656871497631073,"1"
"Drews","15",20261015,"TCGA-BA-4075","HNSC","1",0.993902325630188,"1"
"Drews","15",20261015,"TCGA-BA-6873","HNSC","1",0.990021526813507,"1"
"Drews","15",20261015,"TCGA-BA-7269","HNSC","1",0.999548494815826,"1"
"Drews","15",20261015,"TCGA-BA-A6DE","HNSC","1",0.999617576599121,"1"
"Drews","15",20261015,"TCGA-CN-6988","HNSC","1",0.986170530319214,"1"
"Drews","15",20261015,"TCGA-CN-A642","HNSC","2",0.381894946098328,"2"
"Drews","15",20261015,"TCGA-CV-5441","HNSC","1",0.994462311267853,"1"
"Drews","15",20261015,"TCGA-CV-6935","HNSC","1",0.997759342193604,"1"
"Drews","15",20261015,"TCGA-CV-7097","HNSC","1",0.999290823936462,"1"
"Drews","15",20261015,"TCGA-CV-7177","HNSC","1",0.990989565849304,"1"
"Drews","15",20261015,"TCGA-CV-7178","HNSC","1",0.998285114765167,"1"
"Drews","15",20261015,"TCGA-CV-7263","HNSC","2",0.962265253067017,"1"
"Drews","15",20261015,"TCGA-CV-7430","HNSC","1",0.977313816547394,"1"
"Drews","15",20261015,"TCGA-CV-7434","HNSC","1",0.986430943012238,"1"
"Drews","15",20261015,"TCGA-CV-A6JE","HNSC","1",0.997491240501404,"1"
"Drews","15",20261015,"TCGA-CV-A6K2","HNSC","2",0.628714978694916,"1"
"Drews","15",20261015,"TCGA-CX-7086","HNSC","1",0.981080591678619,"1"
"Drews","15",20261015,"TCGA-D6-A4Z9","HNSC","1",0.996663630008698,"1"
"Drews","15",20261015,"TCGA-D6-A4ZB","HNSC","1",0.999826371669769,"1"
"Drews","15",20261015,"TCGA-D6-A6EN","HNSC","2",0.706659376621246,"1"
"Drews","15",20261015,"TCGA-QK-A6V9","HNSC","2",0.75080680847168,"1"
"Drews","15",20261015,"TCGA-T2-A6WX","HNSC","2",0.122813530266285,"2"
"Drews","15",20261015,"TCGA-T2-A6WZ","HNSC","1",0.998668432235718,"1"
"Drews","15",20261015,"TCGA-KL-8340","KICH","2",0.0072398716583848,"2"
"Drews","15",20261015,"TCGA-KM-8438","KICH","2",0.00193160714115947,"2"
"Drews","15",20261015,"TCGA-KN-8432","KICH","2",0.00621192762628198,"2"
"Drews","15",20261015,"TCGA-KN-8434","KICH","2",0.0128540443256497,"2"
"Drews","15",20261015,"TCGA-KO-8404","KICH","1",0.999699354171753,"1"
"Drews","15",20261015,"TCGA-KO-8408","KICH","2",0.0393471792340279,"2"
"Drews","15",20261015,"TCGA-KO-8415","KICH","2",0.032378762960434,"2"
"Drews","15",20261015,"TCGA-A3-3358","KIRC","2",0.00257599400356412,"2"
"Drews","15",20261015,"TCGA-A3-A6NI","KIRC","2",0.000764474854804575,"2"
"Drews","15",20261015,"TCGA-AK-3440","KIRC","2",0.0173919554799795,"2"
"Drews","15",20261015,"TCGA-AK-3458","KIRC","2",0.00535991135984659,"2"
"Drews","15",20261015,"TCGA-AS-3778","KIRC","2",0.00362208974547684,"2"
"Drews","15",20261015,"TCGA-B0-4710","KIRC","2",0.00369239528663456,"2"
"Drews","15",20261015,"TCGA-B2-4102","KIRC","2",0.00107248814310879,"2"
"Drews","15",20261015,"TCGA-B8-4143","KIRC","2",0.11958771944046,"2"
"Drews","15",20261015,"TCGA-BP-4977","KIRC","2",0.000936762487981468,"2"
"Drews","15",20261015,"TCGA-CJ-5677","KIRC","2",0.220869049429893,"2"
"Drews","15",20261015,"TCGA-CW-5580","KIRC","2",0.00105067505501211,"2"
"Drews","15",20261015,"TCGA-CZ-5456","KIRC","2",0.0122221019119024,"2"
"Drews","15",20261015,"TCGA-CZ-5460","KIRC","2",0.000328174472087994,"2"
"Drews","15",20261015,"TCGA-CZ-5462","KIRC","2",0.00697388593107462,"2"
"Drews","15",20261015,"TCGA-CZ-5987","KIRC","2",0.000417051080148667,"2"
"Drews","15",20261015,"TCGA-2Z-A9JE","KIRP","2",0.004472641274333,"2"
"Drews","15",20261015,"TCGA-2Z-A9JP","KIRP","2",0.0194561518728733,"2"
"Drews","15",20261015,"TCGA-5P-A9JZ","KIRP","1",0.00295778200961649,"2"
"Drews","15",20261015,"TCGA-A4-7287","KIRP","2",0.998165786266327,"1"
"Drews","15",20261015,"TCGA-AL-3466","KIRP","1",0.998784840106964,"1"
"Drews","15",20261015,"TCGA-B9-4617","KIRP","2",0.00373629853129387,"2"
"Drews","15",20261015,"TCGA-B9-A44B","KIRP","1",0.0463661104440689,"2"
"Drews","15",20261015,"TCGA-EV-5902","KIRP","2",0.192084416747093,"2"
"Drews","15",20261015,"TCGA-HE-A5NJ","KIRP","2",0.0940067246556282,"2"
"Drews","15",20261015,"TCGA-DB-5275","LGG","1",0.0514380410313606,"2"
"Drews","15",20261015,"TCGA-DB-5279","LGG","2",0.048691414296627,"2"
"Drews","15",20261015,"TCGA-DB-A4XG","LGG","2",0.00155388249550015,"2"
"Drews","15",20261015,"TCGA-DB-A4XH","LGG","2",0.00257301353849471,"2"
"Drews","15",20261015,"TCGA-DH-A669","LGG","1",0.258100032806396,"2"
"Drews","15",20261015,"TCGA-DU-6393","LGG","2",0.243666857481003,"2"
"Drews","15",20261015,"TCGA-DU-6410","LGG","2",0.199285760521889,"2"
"Drews","15",20261015,"TCGA-DU-7010","LGG","1",0.973337292671204,"1"
"Drews","15",20261015,"TCGA-DU-7294","LGG","2",0.00348738091997802,"2"
"Drews","15",20261015,"TCGA-DU-A5TY","LGG","1",0.913909912109375,"1"
"Drews","15",20261015,"TCGA-E1-A7YW","LGG","2",0.0658590048551559,"2"
"Drews","15",20261015,"TCGA-FG-A6J1","LGG","2",0.0100654596462846,"2"
"Drews","15",20261015,"TCGA-HT-7616","LGG","2",0.058555580675602,"2"
"Drews","15",20261015,"TCGA-HT-A614","LGG","1",0.0811276361346245,"2"
"Drews","15",20261015,"TCGA-IK-7675","LGG","1",0.845452308654785,"1"
"Drews","15",20261015,"TCGA-IK-8125","LGG","2",0.000295063451630995,"2"
"Drews","15",20261015,"TCGA-P5-A5F6","LGG","2",0.157443270087242,"2"
"Drews","15",20261015,"TCGA-P5-A733","LGG","2",0.00891821272671223,"2"
"Drews","15",20261015,"TCGA-S9-A6TY","LGG","2",0.00366959278471768,"2"
"Drews","15",20261015,"TCGA-S9-A6UB","LGG","2",0.019894577562809,"2"
"Drews","15",20261015,"TCGA-S9-A7R7","LGG","2",0.113226532936096,"2"
"Drews","15",20261015,"TCGA-TM-A84L","LGG","2",0.0981133282184601,"2"
"Drews","15",20261015,"TCGA-TQ-A7RJ","LGG","2",0.0419694632291794,"2"
"Drews","15",20261015,"TCGA-VM-A8CA","LGG","2",0.00757380342110991,"2"
"Drews","15",20261015,"TCGA-2Y-A9H4","LIHC","1",0.873919129371643,"1"
"Drews","15",20261015,"TCGA-2Y-A9H5","LIHC","1",0.958749115467072,"1"
"Drews","15",20261015,"TCGA-2Y-A9H6","LIHC","1",0.874475538730621,"1"
"Drews","15",20261015,"TCGA-4R-AA8I","LIHC","1",0.721919476985931,"1"
"Drews","15",20261015,"TCGA-5C-A9VH","LIHC","2",0.915524959564209,"1"
"Drews","15",20261015,"TCGA-BC-A10T","LIHC","1",0.828410565853119,"1"
"Drews","15",20261015,"TCGA-BC-A10Y","LIHC","1",0.991913318634033,"1"
"Drews","15",20261015,"TCGA-BC-A216","LIHC","1",0.971230387687683,"1"
"Drews","15",20261015,"TCGA-CC-5260","LIHC","1",0.352739483118057,"2"
"Drews","15",20261015,"TCGA-DD-A11A","LIHC","1",0.963557600975037,"1"
"Drews","15",20261015,"TCGA-DD-A3A3","LIHC","2",0.816411375999451,"1"
"Drews","15",20261015,"TCGA-DD-A3A5","LIHC","1",0.909468948841095,"1"
"Drews","15",20261015,"TCGA-DD-A73F","LIHC","1",0.909921586513519,"1"
"Drews","15",20261015,"TCGA-DD-AACE","LIHC","2",0.980008959770203,"1"
"Drews","15",20261015,"TCGA-DD-AADK","LIHC","2",0.969814360141754,"1"
"Drews","15",20261015,"TCGA-DD-AAEI","LIHC","1",0.90301924943924,"1"
"Drews","15",20261015,"TCGA-DD-AAVX","LIHC","2",0.0402247309684753,"2"
"Drews","15",20261015,"TCGA-EP-A2KB","LIHC","2",0.642372012138367,"1"
"Drews","15",20261015,"TCGA-EP-A2KC","LIHC","2",0.718075335025787,"1"
"Drews","15",20261015,"TCGA-ES-A2HT","LIHC","2",0.876242458820343,"1"
"Drews","15",20261015,"TCGA-RC-A6M3","LIHC","1",0.982758581638336,"1"
"Drews","15",20261015,"TCGA-05-4420","LUAD","1",0.999999165534973,"1"
"Drews","15",20261015,"TCGA-05-4432","LUAD","1",0.99987006187439,"1"
"Drews","15",20261015,"TCGA-38-4625","LUAD","1",0.999884247779846,"1"
"Drews","15",20261015,"TCGA-44-6774","LUAD","1",0.999577939510345,"1"
"Drews","15",20261015,"TCGA-44-6779","LUAD","1",0.988234043121338,"1"
"Drews","15",20261015,"TCGA-44-7662","LUAD","1",0.99990701675415,"1"
"Drews","15",20261015,"TCGA-44-A4SU","LUAD","1",0.999062836170197,"1"
"Drews","15",20261015,"TCGA-49-4488","LUAD","1",0.999764978885651,"1"
"Drews","15",20261015,"TCGA-49-4505","LUAD","1",0.997360646724701,"1"
"Drews","15",20261015,"TCGA-4B-A93V","LUAD","1",0.98642110824585,"1"
"Drews","15",20261015,"TCGA-50-5932","LUAD","1",0.997693002223969,"1"
"Drews","15",20261015,"TCGA-55-1592","LUAD","1",0.999731838703156,"1"
"Drews","15",20261015,"TCGA-55-7570","LUAD","1",0.999875068664551,"1"
"Drews","15",20261015,"TCGA-55-7903","LUAD","1",0.999876022338867,"1"
"Drews","15",20261015,"TCGA-55-8094","LUAD","1",0.99988579750061,"1"
"Drews","15",20261015,"TCGA-55-8615","LUAD","1",0.997576415538788,"1"
"Drews","15",20261015,"TCGA-64-1680","LUAD","2",0.41728687286377,"2"
"Drews","15",20261015,"TCGA-67-3771","LUAD","1",0.999943614006042,"1"
"Drews","15",20261015,"TCGA-67-6217","LUAD","1",0.997447848320007,"1"
"Drews","15",20261015,"TCGA-73-7499","LUAD","1",0.99957150220871,"1"
"Drews","15",20261015,"TCGA-78-7146","LUAD","1",0.999934315681458,"1"
"Drews","15",20261015,"TCGA-78-7153","LUAD","1",0.930593490600586,"1"
"Drews","15",20261015,"TCGA-78-7154","LUAD","1",0.997941434383392,"1"
"Drews","15",20261015,"TCGA-78-7536","LUAD","1",0.999789655208588,"1"
"Drews","15",20261015,"TCGA-86-8056","LUAD","1",0.943730711936951,"1"
"Drews","15",20261015,"TCGA-95-7039","LUAD","1",0.999616026878357,"1"
"Drews","15",20261015,"TCGA-J2-A4AE","LUAD","1",0.924275100231171,"1"
"Drews","15",20261015,"TCGA-18-3406","LUSC","1",0.993066072463989,"1"
"Drews","15",20261015,"TCGA-18-3411","LUSC","1",0.994923412799835,"1"
"Drews","15",20261015,"TCGA-21-1080","LUSC","1",0.999666333198547,"1"
"Drews","15",20261015,"TCGA-21-5783","LUSC","1",0.999980211257935,"1"
"Drews","15",20261015,"TCGA-22-4594","LUSC","1",0.999952793121338,"1"
"Drews","15",20261015,"TCGA-22-4601","LUSC","1",0.999926209449768,"1"
"Drews","15",20261015,"TCGA-22-5491","LUSC","1",0.99908971786499,"1"
"Drews","15",20261015,"TCGA-22-A5C4","LUSC","1",0.999818503856659,"1"
"Drews","15",20261015,"TCGA-34-8456","LUSC","1",0.999808728694916,"1"
"Drews","15",20261015,"TCGA-37-4133","LUSC","1",0.996094882488251,"1"
"Drews","15",20261015,"TCGA-43-6770","LUSC","1",0.999813139438629,"1"
"Drews","15",20261015,"TCGA-43-A474","LUSC","1",0.999886393547058,"1"
"Drews","15",20261015,"TCGA-52-7809","LUSC","1",0.999993681907654,"1"
"Drews","15",20261015,"TCGA-56-7579","LUSC","1",0.999937295913696,"1"
"Drews","15",20261015,"TCGA-56-8308","LUSC","1",0.999770939350128,"1"
"Drews","15",20261015,"TCGA-56-A4BW","LUSC","1",0.999686241149902,"1"
"Drews","15",20261015,"TCGA-60-2722","LUSC","1",0.998184382915497,"1"
"Drews","15",20261015,"TCGA-66-2766","LUSC","1",0.999897956848145,"1"
"Drews","15",20261015,"TCGA-66-2800","LUSC","1",0.999618887901306,"1"
"Drews","15",20261015,"TCGA-77-6845","LUSC","1",0.999944090843201,"1"
"Drews","15",20261015,"TCGA-77-7337","LUSC","1",0.999844193458557,"1"
"Drews","15",20261015,"TCGA-77-7465","LUSC","1",0.999853253364563,"1"
"Drews","15",20261015,"TCGA-77-A5GF","LUSC","1",0.999505519866943,"1"
"Drews","15",20261015,"TCGA-77-A5GH","LUSC","1",0.999451458454132,"1"
"Drews","15",20261015,"TCGA-85-8071","LUSC","1",0.998921632766724,"1"
"Drews","15",20261015,"TCGA-85-A4QR","LUSC","1",0.999952673912048,"1"
"Drews","15",20261015,"TCGA-94-A4VJ","LUSC","1",0.999332129955292,"1"
"Drews","15",20261015,"TCGA-96-7544","LUSC","1",0.999353468418121,"1"
"Drews","15",20261015,"TCGA-98-8020","LUSC","1",0.999571263790131,"1"
"Drews","15",20261015,"TCGA-98-8023","LUSC","1",0.999122321605682,"1"
"Drews","15",20261015,"TCGA-98-A538","LUSC","1",0.99938702583313,"1"
"Drews","15",20261015,"TCGA-J1-A4AH","LUSC","1",0.999971151351929,"1"
"Drews","15",20261015,"TCGA-NC-A5HD","LUSC","1",0.999919891357422,"1"
"Drews","15",20261015,"TCGA-O2-A52Q","LUSC","1",0.994738280773163,"1"
"Drews","15",20261015,"TCGA-SC-A6LM","MESO","1",0.971043527126312,"1"
"Drews","15",20261015,"TCGA-SH-A9CT","MESO","1",0.998494505882263,"1"
"Drews","15",20261015,"TCGA-UD-AAC7","MESO","1",0.996929228305817,"1"
"Drews","15",20261015,"TCGA-ZN-A9VU","MESO","2",0.0337270647287369,"2"
"Drews","15",20261015,"TCGA-04-1348","OV","1",0.999984383583069,"1"
"Drews","15",20261015,"TCGA-09-0364","OV","1",0.999415278434753,"1"
"Drews","15",20261015,"TCGA-13-0893","OV","1",0.99997889995575,"1"
"Drews","15",20261015,"TCGA-13-1498","OV","1",0.999833345413208,"1"
"Drews","15",20261015,"TCGA-23-1027","OV","1",0.999881505966187,"1"
"Drews","15",20261015,"TCGA-23-1114","OV","1",0.999928951263428,"1"
"Drews","15",20261015,"TCGA-23-1123","OV","1",0.999859094619751,"1"
"Drews","15",20261015,"TCGA-24-1434","OV","1",0.999768078327179,"1"
"Drews","15",20261015,"TCGA-24-1436","OV","1",0.999966502189636,"1"
"Drews","15",20261015,"TCGA-24-1463","OV","1",0.999725878238678,"1"
"Drews","15",20261015,"TCGA-24-1551","OV","1",0.999309062957764,"1"
"Drews","15",20261015,"TCGA-24-1564","OV","1",0.999746024608612,"1"
"Drews","15",20261015,"TCGA-24-1849","OV","1",0.999198615550995,"1"
"Drews","15",20261015,"TCGA-24-2035","OV","1",0.999847412109375,"1"
"Drews","15",20261015,"TCGA-24-2261","OV","1",0.999974846839905,"1"
"Drews","15",20261015,"TCGA-24-2290","OV","1",0.999808490276337,"1"
"Drews","15",20261015,"TCGA-25-1313","OV","1",0.999966859817505,"1"
"Drews","15",20261015,"TCGA-25-1315","OV","1",0.999993562698364,"1"
"Drews","15",20261015,"TCGA-25-1319","OV","1",0.999945282936096,"1"
"Drews","15",20261015,"TCGA-25-1329","OV","1",0.999665021896362,"1"
"Drews","15",20261015,"TCGA-25-2392","OV","1",0.999993562698364,"1"
"Drews","15",20261015,"TCGA-29-1696","OV","1",0.993753015995026,"1"
"Drews","15",20261015,"TCGA-29-1711","OV","1",0.999918103218079,"1"
"Drews","15",20261015,"TCGA-30-1857","OV","1",0.999947428703308,"1"
"Drews","15",20261015,"TCGA-59-2348","OV","1",0.999994993209839,"1"
"Drews","15",20261015,"TCGA-59-2350","OV","1",0.999939203262329,"1"
"Drews","15",20261015,"TCGA-5X-AA5U","OV","1",0.999838829040527,"1"
"Drews","15",20261015,"TCGA-61-1738","OV","1",0.999513268470764,"1"
"Drews","15",20261015,"TCGA-61-1900","OV","1",0.999992370605469,"1"
"Drews","15",20261015,"TCGA-61-2002","OV","1",0.998966574668884,"1"
"Drews","15",20261015,"TCGA-61-2088","OV","1",0.99955552816391,"1"
"Drews","15",20261015,"TCGA-61-2094","OV","1",0.999682307243347,"1"
"Drews","15",20261015,"TCGA-61-2109","OV","1",0.999924659729004,"1"
"Drews","15",20261015,"TCGA-3A-A9IB","PAAD","1",0.98439633846283,"1"
"Drews","15",20261015,"TCGA-3A-A9IO","PAAD","1",0.724949717521667,"1"
"Drews","15",20261015,"TCGA-FB-AAPU","PAAD","1",0.918104708194733,"1"
"Drews","15",20261015,"TCGA-HV-A5A6","PAAD","1",0.999866366386414,"1"
"Drews","15",20261015,"TCGA-IB-AAUO","PAAD","1",0.782094776630402,"1"
"Drews","15",20261015,"TCGA-QR-A6GU","PCPG","2",0.231304153800011,"2"
"Drews","15",20261015,"TCGA-QR-A6ZZ","PCPG","1",0.360657066106796,"2"
"Drews","15",20261015,"TCGA-QR-A70T","PCPG","1",0.385717153549194,"2"
"Drews","15",20261015,"TCGA-QR-A7IP","PCPG","2",0.211351200938225,"2"
"Drews","15",20261015,"TCGA-S7-A7WN","PCPG","2",0.160318031907082,"2"
"Drews","15",20261015,"TCGA-S7-A7X1","PCPG","2",0.0159254595637321,"2"
"Drews","15",20261015,"TCGA-SQ-A6I6","PCPG","2",0.0722139552235603,"2"
"Drews","15",20261015,"TCGA-TT-A6YK","PCPG","2",0.0989789590239525,"2"
"Drews","15",20261015,"TCGA-WB-A80K","PCPG","2",0.121286332607269,"2"
"Drews","15",20261015,"TCGA-WB-A814","PCPG","2",0.0478971675038338,"2"
"Drews","15",20261015,"TCGA-2A-A8VX","PRAD","1",0.999015331268311,"1"
"Drews","15",20261015,"TCGA-EJ-5524","PRAD","1",0.942596912384033,"1"
"Drews","15",20261015,"TCGA-EJ-7783","PRAD","2",0.095859058201313,"2"
"Drews","15",20261015,"TCGA-EJ-A8FN","PRAD","1",0.934871315956116,"1"
"Drews","15",20261015,"TCGA-HC-7232","PRAD","2",0.875910341739655,"1"
"Drews","15",20261015,"TCGA-HC-A9TE","PRAD","1",0.993614435195923,"1"
"Drews","15",20261015,"TCGA-KC-A4BV","PRAD","1",0.97799426317215,"1"
"Drews","15",20261015,"TCGA-KK-A6E0","PRAD","1",0.977062582969666,"1"
"Drews","15",20261015,"TCGA-KK-A6E4","PRAD","2",0.860549032688141,"1"
"Drews","15",20261015,"TCGA-KK-A6E6","PRAD","1",0.623668313026428,"1"
"Drews","15",20261015,"TCGA-KK-A7AP","PRAD","1",0.998798370361328,"1"
"Drews","15",20261015,"TCGA-KK-A8ID","PRAD","1",0.994928479194641,"1"
"Drews","15",20261015,"TCGA-KK-A8IK","PRAD","1",0.999751389026642,"1"
"Drews","15",20261015,"TCGA-M7-A724","PRAD","1",0.988229990005493,"1"
"Drews","15",20261015,"TCGA-TP-A8TT","PRAD","1",0.86421263217926,"1"
"Drews","15",20261015,"TCGA-V1-A8ML","PRAD","2",0.836525619029999,"1"
"Drews","15",20261015,"TCGA-VP-A875","PRAD","1",0.973136842250824,"1"
"Drews","15",20261015,"TCGA-YL-A8HM","PRAD","1",0.999803841114044,"1"
"Drews","15",20261015,"TCGA-AF-3913","READ","1",0.98421972990036,"1"
"Drews","15",20261015,"TCGA-AG-3581","READ","2",0.972654163837433,"1"
"Drews","15",20261015,"TCGA-AG-3592","READ","1",0.998803377151489,"1"
"Drews","15",20261015,"TCGA-AG-3893","READ","1",0.999767601490021,"1"
"Drews","15",20261015,"TCGA-AG-4022","READ","2",0.443352073431015,"2"
"Drews","15",20261015,"TCGA-AG-A026","READ","1",0.994553923606873,"1"
"Drews","15",20261015,"TCGA-AG-A02X","READ","1",0.997663021087646,"1"
"Drews","15",20261015,"TCGA-DC-4745","READ","1",0.978891611099243,"1"
"Drews","15",20261015,"TCGA-DY-A1H8","READ","1",0.67125016450882,"1"
"Drews","15",20261015,"TCGA-3B-A9I0","SARC","1",0.912611365318298,"1"
"Drews","15",20261015,"TCGA-DX-A1KW","SARC","1",0.999594032764435,"1"
"Drews","15",20261015,"TCGA-DX-A3LY","SARC","1",0.985292136669159,"1"
"Drews","15",20261015,"TCGA-DX-A3U7","SARC","1",0.999910354614258,"1"
"Drews","15",20261015,"TCGA-DX-A7EF","SARC","1",0.999871015548706,"1"
"Drews","15",20261015,"TCGA-DX-A7EI","SARC","1",0.999005854129791,"1"
"Drews","15",20261015,"TCGA-DX-AATS","SARC","1",0.999828934669495,"1"
"Drews","15",20261015,"TCGA-DX-AB2P","SARC","1",0.999943256378174,"1"
"Drews","15",20261015,"TCGA-DX-AB2T","SARC","1",0.993406176567078,"1"
"Drews","15",20261015,"TCGA-DX-AB2X","SARC","1",0.998972058296204,"1"
"Drews","15",20261015,"TCGA-DX-AB32","SARC","1",0.996709823608398,"1"
"Drews","15",20261015,"TCGA-DX-AB35","SARC","1",0.99901294708252,"1"
"Drews","15",20261015,"TCGA-K1-A6RU","SARC","1",0.999785840511322,"1"
"Drews","15",20261015,"TCGA-KD-A5QS","SARC","1",0.999640822410583,"1"
"Drews","15",20261015,"TCGA-LI-A9QH","SARC","1",0.999957203865051,"1"
"Drews","15",20261015,"TCGA-MB-A5Y8","SARC","1",0.989862084388733,"1"
"Drews","15",20261015,"TCGA-MB-A8JL","SARC","1",0.999442279338837,"1"
"Drews","15",20261015,"TCGA-PC-A5DK","SARC","2",0.910693466663361,"1"
"Drews","15",20261015,"TCGA-QC-A7B5","SARC","2",0.984602689743042,"1"
"Drews","15",20261015,"TCGA-QQ-A5V9","SARC","1",0.991804122924805,"1"
"Drews","15",20261015,"TCGA-SG-A6Z7","SARC","1",0.999896287918091,"1"
"Drews","15",20261015,"TCGA-SI-A71Q","SARC","1",0.999763906002045,"1"
"Drews","15",20261015,"TCGA-SI-AA8C","SARC","1",0.852176487445831,"1"
"Drews","15",20261015,"TCGA-X6-A7WB","SARC","1",0.996093809604645,"1"
"Drews","15",20261015,"TCGA-D9-A4Z2","SKCM","1",0.825853109359741,"1"
"Drews","15",20261015,"TCGA-EB-A42Z","SKCM","1",0.780975103378296,"1"
"Drews","15",20261015,"TCGA-EB-A431","SKCM","1",0.99245148897171,"1"
"Drews","15",20261015,"TCGA-EB-A4IQ","SKCM","1",0.971001803874969,"1"
"Drews","15",20261015,"TCGA-ER-A19T","SKCM","1",0.999626159667969,"1"
"Drews","15",20261015,"TCGA-FR-A2OS","SKCM","1",0.873500883579254,"1"
"Drews","15",20261015,"TCGA-GN-A8LN","SKCM","1",0.816071808338165,"1"
"Drews","15",20261015,"TCGA-XV-AAZY","SKCM","1",0.298832327127457,"2"
"Drews","15",20261015,"TCGA-BR-4257","STAD","2",0.643595457077026,"1"
"Drews","15",20261015,"TCGA-BR-4267","STAD","1",0.876867592334747,"1"
"Drews","15",20261015,"TCGA-BR-4368","STAD","2",0.928520739078522,"1"
"Drews","15",20261015,"TCGA-BR-6455","STAD","2",0.823705434799194,"1"
"Drews","15",20261015,"TCGA-BR-6458","STAD","1",0.999679565429688,"1"
"Drews","15",20261015,"TCGA-BR-8060","STAD","1",0.999761044979095,"1"
"Drews","15",20261015,"TCGA-BR-8077","STAD","1",0.999606430530548,"1"
"Drews","15",20261015,"TCGA-BR-8078","STAD","2",0.285661518573761,"2"
"Drews","15",20261015,"TCGA-BR-8361","STAD","1",0.917679488658905,"1"
"Drews","15",20261015,"TCGA-CD-8527","STAD","1",0.995778679847717,"1"
"Drews","15",20261015,"TCGA-CD-A4MJ","STAD","2",0.361097484827042,"2"
"Drews","15",20261015,"TCGA-CG-4436","STAD","1",0.999177277088165,"1"
"Drews","15",20261015,"TCGA-CG-4444","STAD","1",0.998557269573212,"1"
"Drews","15",20261015,"TCGA-CG-4469","STAD","1",0.951295912265778,"1"
"Drews","15",20261015,"TCGA-CG-5718","STAD","1",0.99960321187973,"1"
"Drews","15",20261015,"TCGA-D7-6526","STAD","1",0.999994039535522,"1"
"Drews","15",20261015,"TCGA-D7-6815","STAD","1",0.99963653087616,"1"
"Drews","15",20261015,"TCGA-D7-A6EX","STAD","1",0.983653962612152,"1"
"Drews","15",20261015,"TCGA-F1-6875","STAD","1",0.999851584434509,"1"
"Drews","15",20261015,"TCGA-FP-7829","STAD","1",0.99727076292038,"1"
"Drews","15",20261015,"TCGA-HU-A4GH","STAD","1",0.999537348747253,"1"
"Drews","15",20261015,"TCGA-IN-A6RI","STAD","1",0.999025225639343,"1"
"Drews","15",20261015,"TCGA-IN-A6RO","STAD","1",0.999573886394501,"1"
"Drews","15",20261015,"TCGA-RD-A8N6","STAD","1",0.999870657920837,"1"
"Drews","15",20261015,"TCGA-VQ-A91V","STAD","1",0.999895215034485,"1"
"Drews","15",20261015,"TCGA-VQ-A94R","STAD","1",0.998985230922699,"1"
"Drews","15",20261015,"TCGA-VQ-AA6I","STAD","1",0.99432110786438,"1"
"Drews","15",20261015,"TCGA-XE-AAOC","TGCT","2",0.532261490821838,"1"
"Drews","15",20261015,"TCGA-XY-A8S2","TGCT","1",0.989429175853729,"1"
"Drews","15",20261015,"TCGA-YU-A912","TGCT","1",0.22460164129734,"2"
"Drews","15",20261015,"TCGA-YU-A94I","TGCT","1",0.9987633228302,"1"
"Drews","15",20261015,"TCGA-EL-A3GP","THCA","2",0.20867794752121,"2"
"Drews","15",20261015,"TCGA-EM-A2OY","THCA","2",0.0166052896529436,"2"
"Drews","15",20261015,"TCGA-XU-A931","THYM","2",0.00170099688693881,"2"
"Drews","15",20261015,"TCGA-2E-A9G8","UCEC","1",0.999515056610107,"1"
"Drews","15",20261015,"TCGA-A5-A0G5","UCEC","1",0.999164938926697,"1"
"Drews","15",20261015,"TCGA-A5-A0GJ","UCEC","1",0.727460622787476,"1"
"Drews","15",20261015,"TCGA-A5-A0VQ","UCEC","2",0.00236892723478377,"2"
"Drews","15",20261015,"TCGA-AJ-A23M","UCEC","1",0.999924063682556,"1"
"Drews","15",20261015,"TCGA-AJ-A3IA","UCEC","1",0.999974727630615,"1"
"Drews","15",20261015,"TCGA-AJ-A3NF","UCEC","1",0.984138309955597,"1"
"Drews","15",20261015,"TCGA-AJ-A3QS","UCEC","1",0.999928712844849,"1"
"Drews","15",20261015,"TCGA-AP-A05D","UCEC","1",0.999779641628265,"1"
"Drews","15",20261015,"TCGA-AP-A0L9","UCEC","1",0.999788224697113,"1"
"Drews","15",20261015,"TCGA-AX-A0IU","UCEC","1",0.999834656715393,"1"
"Drews","15",20261015,"TCGA-AX-A1C7","UCEC","1",0.99973851442337,"1"
"Drews","15",20261015,"TCGA-AX-A1C8","UCEC","1",0.999950647354126,"1"
"Drews","15",20261015,"TCGA-AX-A2HK","UCEC","1",0.998670697212219,"1"
"Drews","15",20261015,"TCGA-AX-A2IN","UCEC","2",0.944158136844635,"1"
"Drews","15",20261015,"TCGA-AX-A3FX","UCEC","1",0.94564151763916,"1"
"Drews","15",20261015,"TCGA-B5-A0KB","UCEC","1",0.998153626918793,"1"
"Drews","15",20261015,"TCGA-BK-A0C9","UCEC","2",0.179473921656609,"2"
"Drews","15",20261015,"TCGA-BS-A0TI","UCEC","1",0.952074527740479,"1"
"Drews","15",20261015,"TCGA-BS-A0V8","UCEC","1",0.647866427898407,"1"
"Drews","15",20261015,"TCGA-D1-A169","UCEC","2",0.903561174869537,"1"
"Drews","15",20261015,"TCGA-D1-A16N","UCEC","1",0.983997821807861,"1"
"Drews","15",20261015,"TCGA-D1-A17M","UCEC","2",0.371644288301468,"2"
"Drews","15",20261015,"TCGA-D1-A2G7","UCEC","1",0.998404562473297,"1"
"Drews","15",20261015,"TCGA-D1-A3JQ","UCEC","1",0.993908047676086,"1"
"Drews","15",20261015,"TCGA-DI-A1NN","UCEC","1",0.999933004379272,"1"
"Drews","15",20261015,"TCGA-DI-A2QU","UCEC","1",0.861108601093292,"1"
"Drews","15",20261015,"TCGA-EO-A3KW","UCEC","1",0.999811828136444,"1"
"Drews","15",20261015,"TCGA-EY-A1GC","UCEC","1",0.995802462100983,"1"
"Drews","15",20261015,"TCGA-EY-A212","UCEC","1",0.999737441539764,"1"
"Drews","15",20261015,"TCGA-EY-A214","UCEC","1",0.999840021133423,"1"
"Drews","15",20261015,"TCGA-FI-A2F9","UCEC","1",0.987713575363159,"1"
"Drews","15",20261015,"TCGA-PG-A5BC","UCEC","1",0.998558223247528,"1"
"Drews","15",20261015,"TCGA-SL-A6J9","UCEC","1",0.999907851219177,"1"
"Drews","15",20261015,"TCGA-N5-A4RA","UCS","1",0.999099373817444,"1"
"Drews","15",20261015,"TCGA-N5-A4RN","UCS","1",0.99992048740387,"1"
"Drews","15",20261015,"TCGA-N7-A4Y5","UCS","1",0.999781668186188,"1"
"Drews","15",20261015,"TCGA-N7-A4Y8","UCS","1",0.997272431850433,"1"
"Drews","15",20261015,"TCGA-N8-A4PP","UCS","1",0.999989748001099,"1"
"Drews","15",20261015,"TCGA-NA-A4QW","UCS","1",0.999133169651031,"1"
"Drews","15",20261015,"TCGA-ND-A4WF","UCS","1",0.999890327453613,"1"
"Drews","15",20261015,"TCGA-V4-A9E5","UVM","2",0.0282619874924421,"2"
"Drews","15",20261015,"TCGA-V4-A9F3","UVM","2",0.0173486396670341,"2"
"Drews","15",20261015,"TCGA-VD-A8KN","UVM","2",0.00498166447505355,"2"
"Drews","15",20261015,"TCGA-WC-A884","UVM","1",0.0288372486829758,"2"
"Drews","16",20261016,"TCGA-OR-A5JB","ACC","1",0.997762799263,"1"
"Drews","16",20261016,"TCGA-OR-A5JI","ACC","2",0.116742864251137,"2"
"Drews","16",20261016,"TCGA-OR-A5JM","ACC","1",0.994147777557373,"1"
"Drews","16",20261016,"TCGA-OR-A5JQ","ACC","2",0.0238766577094793,"2"
"Drews","16",20261016,"TCGA-OR-A5K2","ACC","1",0.985014975070953,"1"
"Drews","16",20261016,"TCGA-OR-A5KV","ACC","2",0.77957147359848,"1"
"Drews","16",20261016,"TCGA-OR-A5LD","ACC","1",0.705499649047852,"1"
"Drews","16",20261016,"TCGA-OR-A5LL","ACC","1",0.50791984796524,"1"
"Drews","16",20261016,"TCGA-4Z-AA7M","BLCA","1",0.999807775020599,"1"
"Drews","16",20261016,"TCGA-4Z-AA80","BLCA","1",0.999572932720184,"1"
"Drews","16",20261016,"TCGA-BT-A20P","BLCA","1",0.905831575393677,"1"
"Drews","16",20261016,"TCGA-BT-A2LA","BLCA","1",0.997919380664825,"1"
"Drews","16",20261016,"TCGA-CF-A8HY","BLCA","1",0.994653820991516,"1"
"Drews","16",20261016,"TCGA-DK-A1A7","BLCA","1",0.999662399291992,"1"
"Drews","16",20261016,"TCGA-DK-A1AB","BLCA","2",0.978347420692444,"1"
"Drews","16",20261016,"TCGA-DK-A2HX","BLCA","1",0.999704539775848,"1"
"Drews","16",20261016,"TCGA-DK-A2I1","BLCA","1",0.999904274940491,"1"
"Drews","16",20261016,"TCGA-DK-A2I6","BLCA","1",0.999946117401123,"1"
"Drews","16",20261016,"TCGA-FD-A3B5","BLCA","1",0.999979615211487,"1"
"Drews","16",20261016,"TCGA-FD-A3SJ","BLCA","1",0.999974370002747,"1"
"Drews","16",20261016,"TCGA-FD-A43Y","BLCA","1",0.99991512298584,"1"
"Drews","16",20261016,"TCGA-G2-AA3D","BLCA","1",0.999064385890961,"1"
"Drews","16",20261016,"TCGA-GC-A3RB","BLCA","1",0.999968767166138,"1"
"Drews","16",20261016,"TCGA-GC-A3RD","BLCA","1",0.999998569488525,"1"
"Drews","16",20261016,"TCGA-GU-AATP","BLCA","1",0.999975681304932,"1"
"Drews","16",20261016,"TCGA-GV-A3JV","BLCA","1",0.862352669239044,"1"
"Drews","16",20261016,"TCGA-GV-A3JW","BLCA","1",0.99992561340332,"1"
"Drews","16",20261016,"TCGA-GV-A3JZ","BLCA","1",0.999989986419678,"1"
"Drews","16",20261016,"TCGA-GV-A6ZA","BLCA","1",0.999473750591278,"1"
"Drews","16",20261016,"TCGA-KQ-A41O","BLCA","1",0.99884158372879,"1"
"Drews","16",20261016,"TCGA-KQ-A41P","BLCA","1",0.999579966068268,"1"
"Drews","16",20261016,"TCGA-LT-A5Z6","BLCA","1",0.998656988143921,"1"
"Drews","16",20261016,"TCGA-UY-A78L","BLCA","1",0.999671339988708,"1"
"Drews","16",20261016,"TCGA-UY-A8OB","BLCA","1",0.999722421169281,"1"
"Drews","16",20261016,"TCGA-XF-A8HG","BLCA","1",0.997003018856049,"1"
"Drews","16",20261016,"TCGA-XF-A9SH","BLCA","1",0.189660400152206,"2"
"Drews","16",20261016,"TCGA-XF-AAMG","BLCA","1",0.999903678894043,"1"
"Drews","16",20261016,"TCGA-XF-AAMW","BLCA","1",0.996946036815643,"1"
"Drews","16",20261016,"TCGA-XF-AAMX","BLCA","1",0.999970078468323,"1"
"Drews","16",20261016,"TCGA-YF-AA3L","BLCA","1",0.992614984512329,"1"
"Drews","16",20261016,"TCGA-ZF-AA4T","BLCA","1",0.999933242797852,"1"
"Drews","16",20261016,"TCGA-A1-A0SF","BRCA","1",0.898429870605469,"1"
"Drews","16",20261016,"TCGA-A1-A0SK","BRCA","1",0.999981641769409,"1"
"Drews","16",20261016,"TCGA-A1-A0SO","BRCA","1",0.99995219707489,"1"
"Drews","16",20261016,"TCGA-A2-A04P","BRCA","1",0.999983549118042,"1"
"Drews","16",20261016,"TCGA-A2-A04R","BRCA","1",0.999578416347504,"1"
"Drews","16",20261016,"TCGA-A2-A0EP","BRCA","1",0.157589495182037,"2"
"Drews","16",20261016,"TCGA-A2-A0T0","BRCA","1",0.999596059322357,"1"
"Drews","16",20261016,"TCGA-A2-A0YE","BRCA","1",0.999971866607666,"1"
"Drews","16",20261016,"TCGA-A2-A25E","BRCA","1",0.999779880046844,"1"
"Drews","16",20261016,"TCGA-A7-A0CD","BRCA","2",0.924898982048035,"1"
"Drews","16",20261016,"TCGA-A7-A0CH","BRCA","2",0.0164913684129715,"2"
"Drews","16",20261016,"TCGA-A7-A26I","BRCA","1",0.999337494373322,"1"
"Drews","16",20261016,"TCGA-A7-A5ZV","BRCA","1",0.999991655349731,"1"
"Drews","16",20261016,"TCGA-A7-A6VV","BRCA","1",0.998910427093506,"1"
"Drews","16",20261016,"TCGA-A7-A6VX","BRCA","1",0.999581515789032,"1"
"Drews","16",20261016,"TCGA-A8-A079","BRCA","1",0.999700427055359,"1"
"Drews","16",20261016,"TCGA-A8-A07O","BRCA","1",0.999980211257935,"1"
"Drews","16",20261016,"TCGA-A8-A086","BRCA","1",0.998326241970062,"1"
"Drews","16",20261016,"TCGA-A8-A08R","BRCA","1",0.999980092048645,"1"
"Drews","16",20261016,"TCGA-A8-A09D","BRCA","1",0.999724924564362,"1"
"Drews","16",20261016,"TCGA-A8-A09R","BRCA","1",0.999311923980713,"1"
"Drews","16",20261016,"TCGA-AC-A2BM","BRCA","1",0.997603833675385,"1"
"Drews","16",20261016,"TCGA-AC-A2QH","BRCA","1",0.999445140361786,"1"
"Drews","16",20261016,"TCGA-AC-A5EH","BRCA","1",0.988538384437561,"1"
"Drews","16",20261016,"TCGA-AC-A6IX","BRCA","1",0.927407324314117,"1"
"Drews","16",20261016,"TCGA-AC-A7VB","BRCA","1",0.999975442886353,"1"
"Drews","16",20261016,"TCGA-AN-A04C","BRCA","1",0.999931812286377,"1"
"Drews","16",20261016,"TCGA-AN-A04D","BRCA","1",0.999940752983093,"1"
"Drews","16",20261016,"TCGA-AN-A0FJ","BRCA","1",0.98186868429184,"1"
"Drews","16",20261016,"TCGA-AN-A0FW","BRCA","1",0.998798727989197,"1"
"Drews","16",20261016,"TCGA-AN-A0XS","BRCA","2",0.221053242683411,"2"
"Drews","16",20261016,"TCGA-AN-A0XV","BRCA","1",0.883240103721619,"1"
"Drews","16",20261016,"TCGA-AO-A03M","BRCA","1",0.999876499176025,"1"
"Drews","16",20261016,"TCGA-AO-A03T","BRCA","1",0.997898936271667,"1"
"Drews","16",20261016,"TCGA-AO-A0JD","BRCA","1",0.99815708398819,"1"
"Drews","16",20261016,"TCGA-AO-A0JG","BRCA","1",0.981246888637543,"1"
"Drews","16",20261016,"TCGA-AO-A1KR","BRCA","1",0.999694585800171,"1"
"Drews","16",20261016,"TCGA-AQ-A1H2","BRCA","1",0.998764634132385,"1"
"Drews","16",20261016,"TCGA-AR-A0U4","BRCA","1",0.999864339828491,"1"
"Drews","16",20261016,"TCGA-AR-A24X","BRCA","2",0.095226064324379,"2"
"Drews","16",20261016,"TCGA-B6-A0RH","BRCA","1",0.999444782733917,"1"
"Drews","16",20261016,"TCGA-B6-A0RP","BRCA","2",0.0543618872761726,"2"
"Drews","16",20261016,"TCGA-B6-A0WW","BRCA","1",0.99936717748642,"1"
"Drews","16",20261016,"TCGA-BH-A0AU","BRCA","1",0.99943333864212,"1"
"Drews","16",20261016,"TCGA-BH-A0B3","BRCA","1",0.999978542327881,"1"
"Drews","16",20261016,"TCGA-BH-A0B5","BRCA","2",0.227067887783051,"2"
"Drews","16",20261016,"TCGA-BH-A0BP","BRCA","1",0.996151506900787,"1"
"Drews","16",20261016,"TCGA-BH-A0BR","BRCA","1",0.999817430973053,"1"
"Drews","16",20261016,"TCGA-BH-A0C7","BRCA","1",0.999187767505646,"1"
"Drews","16",20261016,"TCGA-BH-A0DZ","BRCA","1",0.999723494052887,"1"
"Drews","16",20261016,"TCGA-BH-A0EE","BRCA","1",0.999926567077637,"1"
"Drews","16",20261016,"TCGA-BH-A0GY","BRCA","1",0.998070657253265,"1"
"Drews","16",20261016,"TCGA-BH-A0H0","BRCA","2",0.9974085688591,"1"
"Drews","16",20261016,"TCGA-BH-A18J","BRCA","1",0.99413126707077,"1"
"Drews","16",20261016,"TCGA-BH-A1EN","BRCA","1",0.999772489070892,"1"
"Drews","16",20261016,"TCGA-BH-A1FE","BRCA","1",0.986648976802826,"1"
"Drews","16",20261016,"TCGA-BH-A1FN","BRCA","1",0.998947083950043,"1"
"Drews","16",20261016,"TCGA-BH-A5J0","BRCA","1",0.981893956661224,"1"
"Drews","16",20261016,"TCGA-C8-A26Z","BRCA","1",0.999877333641052,"1"
"Drews","16",20261016,"TCGA-C8-A275","BRCA","1",0.99823135137558,"1"
"Drews","16",20261016,"TCGA-D8-A142","BRCA","1",0.999904751777649,"1"
"Drews","16",20261016,"TCGA-D8-A1JU","BRCA","2",0.216880917549133,"2"
"Drews","16",20261016,"TCGA-D8-A1XJ","BRCA","1",0.999965667724609,"1"
"Drews","16",20261016,"TCGA-D8-A1XS","BRCA","1",0.982646882534027,"1"
"Drews","16",20261016,"TCGA-D8-A27V","BRCA","1",0.572312116622925,"1"
"Drews","16",20261016,"TCGA-E2-A109","BRCA","1",0.999991655349731,"1"
"Drews","16",20261016,"TCGA-E2-A14O","BRCA","2",0.698578178882599,"1"
"Drews","16",20261016,"TCGA-E2-A14R","BRCA","1",0.998636066913605,"1"
"Drews","16",20261016,"TCGA-E2-A14X","BRCA","1",0.99944657087326,"1"
"Drews","16",20261016,"TCGA-E2-A150","BRCA","1",0.9999760389328,"1"
"Drews","16",20261016,"TCGA-E2-A15I","BRCA","2",0.217625990509987,"2"
"Drews","16",20261016,"TCGA-E2-A1II","BRCA","1",0.998107552528381,"1"
"Drews","16",20261016,"TCGA-E2-A1L7","BRCA","1",0.999947667121887,"1"
"Drews","16",20261016,"TCGA-E2-A576","BRCA","1",0.995205163955688,"1"
"Drews","16",20261016,"TCGA-E9-A1NA","BRCA","1",0.99777740240097,"1"
"Drews","16",20261016,"TCGA-E9-A1R2","BRCA","1",0.999958038330078,"1"
"Drews","16",20261016,"TCGA-E9-A1R7","BRCA","1",0.999617218971252,"1"
"Drews","16",20261016,"TCGA-E9-A1RC","BRCA","1",0.725255310535431,"1"
"Drews","16",20261016,"TCGA-E9-A1RF","BRCA","1",0.9999840259552,"1"
"Drews","16",20261016,"TCGA-E9-A244","BRCA","1",0.999931693077087,"1"
"Drews","16",20261016,"TCGA-E9-A247","BRCA","1",0.993814468383789,"1"
"Drews","16",20261016,"TCGA-E9-A5UO","BRCA","1",0.99942809343338,"1"
"Drews","16",20261016,"TCGA-EW-A1J3","BRCA","1",0.965388834476471,"1"
"Drews","16",20261016,"TCGA-EW-A1P3","BRCA","2",0.952856004238129,"1"
"Drews","16",20261016,"TCGA-EW-A1PD","BRCA","1",0.998580098152161,"1"
"Drews","16",20261016,"TCGA-EW-A2FS","BRCA","1",0.999231576919556,"1"
"Drews","16",20261016,"TCGA-EW-A6SC","BRCA","1",0.99639880657196,"1"
"Drews","16",20261016,"TCGA-GM-A2DC","BRCA","1",0.889703989028931,"1"
"Drews","16",20261016,"TCGA-LL-A5YM","BRCA","1",0.99809056520462,"1"
"Drews","16",20261016,"TCGA-LL-A6FQ","BRCA","1",0.414129465818405,"2"
"Drews","16",20261016,"TCGA-OL-A5RV","BRCA","2",0.0271228589117527,"2"
"Drews","16",20261016,"TCGA-OL-A6VQ","BRCA","2",0.55877274274826,"1"
"Drews","16",20261016,"TCGA-UU-A93S","BRCA","1",0.999932885169983,"1"
"Drews","16",20261016,"TCGA-V7-A7HQ","BRCA","2",0.531359374523163,"1"
"Drews","16",20261016,"TCGA-WT-AB41","BRCA","1",0.896976232528687,"1"
"Drews","16",20261016,"TCGA-C5-A1M9","CESC","1",0.980735003948212,"1"
"Drews","16",20261016,"TCGA-C5-A1ME","CESC","1",0.979067444801331,"1"
"Drews","16",20261016,"TCGA-C5-A1MF","CESC","1",0.995894193649292,"1"
"Drews","16",20261016,"TCGA-C5-A8YQ","CESC","1",0.967993676662445,"1"
"Drews","16",20261016,"TCGA-C5-A907","CESC","1",0.997071385383606,"1"
"Drews","16",20261016,"TCGA-EK-A2RL","CESC","1",0.960221469402313,"1"
"Drews","16",20261016,"TCGA-IR-A3LB","CESC","1",0.995174586772919,"1"
"Drews","16",20261016,"TCGA-Q1-A5R1","CESC","2",0.8748619556427,"1"
"Drews","16",20261016,"TCGA-UC-A7PD","CESC","1",0.93042254447937,"1"
"Drews","16",20261016,"TCGA-VS-A8EH","CESC","1",0.980327904224396,"1"
"Drews","16",20261016,"TCGA-VS-A8QA","CESC","1",0.945575177669525,"1"
"Drews","16",20261016,"TCGA-VS-A8QF","CESC","1",0.999159693717957,"1"
"Drews","16",20261016,"TCGA-VS-A8QH","CESC","1",0.724540591239929,"1"
"Drews","16",20261016,"TCGA-VS-A9V0","CESC","1",0.999729812145233,"1"
"Drews","16",20261016,"TCGA-ZJ-A8QO","CESC","1",0.63575690984726,"1"
"Drews","16",20261016,"TCGA-ZJ-AAXB","CESC","1",0.999524116516113,"1"
"Drews","16",20261016,"TCGA-W5-AA38","CHOL","2",0.599046349525452,"1"
"Drews","16",20261016,"TCGA-A6-2675","COAD","1",0.742448091506958,"1"
"Drews","16",20261016,"TCGA-A6-5656","COAD","1",0.975377321243286,"1"
"Drews","16",20261016,"TCGA-A6-6648","COAD","1",0.969990491867065,"1"
"Drews","16",20261016,"TCGA-AA-3548","COAD","1",0.902451813220978,"1"
"Drews","16",20261016,"TCGA-AA-3679","COAD","1",0.993495047092438,"1"
"Drews","16",20261016,"TCGA-AA-3685","COAD","1",0.866277992725372,"1"
"Drews","16",20261016,"TCGA-AA-3867","COAD","1",0.992976725101471,"1"
"Drews","16",20261016,"TCGA-AA-A02O","COAD","1",0.388233304023743,"2"
"Drews","16",20261016,"TCGA-CK-5913","COAD","2",0.0290799308568239,"2"
"Drews","16",20261016,"TCGA-CM-5341","COAD","1",0.673586547374725,"1"
"Drews","16",20261016,"TCGA-CM-5862","COAD","1",0.992255210876465,"1"
"Drews","16",20261016,"TCGA-CM-6170","COAD","1",0.442823797464371,"2"
"Drews","16",20261016,"TCGA-CM-6675","COAD","1",0.997285723686218,"1"
"Drews","16",20261016,"TCGA-D5-5537","COAD","2",0.200388208031654,"2"
"Drews","16",20261016,"TCGA-D5-6928","COAD","2",0.713408470153809,"1"
"Drews","16",20261016,"TCGA-DM-A28M","COAD","2",0.114664688706398,"2"
"Drews","16",20261016,"TCGA-G4-6299","COAD","1",0.989598155021667,"1"
"Drews","16",20261016,"TCGA-G4-6303","COAD","1",0.805447220802307,"1"
"Drews","16",20261016,"TCGA-G4-6306","COAD","2",0.930251181125641,"1"
"Drews","16",20261016,"TCGA-G4-6314","COAD","1",0.991152822971344,"1"
"Drews","16",20261016,"TCGA-NH-A8F7","COAD","2",0.959945440292358,"1"
"Drews","16",20261016,"TCGA-FA-A82F","DLBC","1",0.994929552078247,"1"
"Drews","16",20261016,"TCGA-2H-A9GN","ESCA","1",0.999796807765961,"1"
"Drews","16",20261016,"TCGA-IC-A6RE","ESCA","1",0.99842643737793,"1"
"Drews","16",20261016,"TCGA-JY-A6F8","ESCA","1",0.896853685379028,"1"
"Drews","16",20261016,"TCGA-JY-A6FA","ESCA","1",0.99975174665451,"1"
"Drews","16",20261016,"TCGA-JY-A93F","ESCA","2",0.547333836555481,"1"
"Drews","16",20261016,"TCGA-L5-A4OF","ESCA","1",0.999755680561066,"1"
"Drews","16",20261016,"TCGA-L5-A4OH","ESCA","1",0.999790728092194,"1"
"Drews","16",20261016,"TCGA-L5-A8NE","ESCA","1",0.999079704284668,"1"
"Drews","16",20261016,"TCGA-L5-A8NS","ESCA","1",0.999849677085876,"1"
"Drews","16",20261016,"TCGA-LN-A49Y","ESCA","1",0.99992573261261,"1"
"Drews","16",20261016,"TCGA-LN-A4A3","ESCA","1",0.999688506126404,"1"
"Drews","16",20261016,"TCGA-LN-A4A4","ESCA","1",0.998418092727661,"1"
"Drews","16",20261016,"TCGA-Q9-A6FW","ESCA","1",0.916027724742889,"1"
"Drews","16",20261016,"TCGA-R6-A8W8","ESCA","1",0.998420238494873,"1"
"Drews","16",20261016,"TCGA-S8-A6BV","ESCA","1",0.996027112007141,"1"
"Drews","16",20261016,"TCGA-V5-AASW","ESCA","1",0.99965488910675,"1"
"Drews","16",20261016,"TCGA-VR-A8EY","ESCA","1",0.99873274564743,"1"
"Drews","16",20261016,"TCGA-VR-AA7D","ESCA","1",0.999326109886169,"1"
"Drews","16",20261016,"TCGA-06-0129","GBM","1",0.568834364414215,"1"
"Drews","16",20261016,"TCGA-19-5960","GBM","1",0.825699627399445,"1"
"Drews","16",20261016,"TCGA-26-5133","GBM","1",0.991464793682098,"1"
"Drews","16",20261016,"TCGA-27-2521","GBM","1",0.989872217178345,"1"
"Drews","16",20261016,"TCGA-28-5204","GBM","1",0.957660734653473,"1"
"Drews","16",20261016,"TCGA-32-1970","GBM","1",0.904070675373077,"1"
"Drews","16",20261016,"TCGA-BA-6873","HNSC","1",0.998606622219086,"1"
"Drews","16",20261016,"TCGA-BA-A8YP","HNSC","1",0.999943852424622,"1"
"Drews","16",20261016,"TCGA-CN-4730","HNSC","2",0.98915034532547,"1"
"Drews","16",20261016,"TCGA-CN-4741","HNSC","2",0.994695484638214,"1"
"Drews","16",20261016,"TCGA-CN-6011","HNSC","1",0.995960056781769,"1"
"Drews","16",20261016,"TCGA-CN-A642","HNSC","2",0.353033661842346,"2"
"Drews","16",20261016,"TCGA-CR-6478","HNSC","1",0.998410820960999,"1"
"Drews","16",20261016,"TCGA-CV-5430","HNSC","1",0.999944686889648,"1"
"Drews","16",20261016,"TCGA-CV-5441","HNSC","1",0.994478225708008,"1"
"Drews","16",20261016,"TCGA-CV-5978","HNSC","1",0.998053312301636,"1"
"Drews","16",20261016,"TCGA-CV-6941","HNSC","1",0.984167993068695,"1"
"Drews","16",20261016,"TCGA-CV-7097","HNSC","1",0.998695075511932,"1"
"Drews","16",20261016,"TCGA-CV-7243","HNSC","1",0.999440133571625,"1"
"Drews","16",20261016,"TCGA-CX-7086","HNSC","1",0.983155488967896,"1"
"Drews","16",20261016,"TCGA-D6-A6EN","HNSC","2",0.809030890464783,"1"
"Drews","16",20261016,"TCGA-D6-A6EO","HNSC","1",0.978216111660004,"1"
"Drews","16",20261016,"TCGA-F7-A61W","HNSC","1",0.999157428741455,"1"
"Drews","16",20261016,"TCGA-IQ-7630","HNSC","1",0.996968448162079,"1"
"Drews","16",20261016,"TCGA-P3-A6T2","HNSC","2",0.794391453266144,"1"
"Drews","16",20261016,"TCGA-QK-A6IG","HNSC","1",0.997772872447968,"1"
"Drews","16",20261016,"TCGA-T2-A6WX","HNSC","2",0.314508825540543,"2"
"Drews","16",20261016,"TCGA-UF-A71A","HNSC","1",0.999938011169434,"1"
"Drews","16",20261016,"TCGA-UF-A71D","HNSC","1",0.996640682220459,"1"
"Drews","16",20261016,"TCGA-KL-8341","KICH","1",0.116326615214348,"2"
"Drews","16",20261016,"TCGA-KN-8423","KICH","2",0.00219776318408549,"2"
"Drews","16",20261016,"TCGA-KN-8425","KICH","2",0.00155460683163255,"2"
"Drews","16",20261016,"TCGA-KN-8428","KICH","1",0.442159056663513,"2"
"Drews","16",20261016,"TCGA-KN-8432","KICH","2",0.00282697146758437,"2"
"Drews","16",20261016,"TCGA-KN-8435","KICH","1",0.0881937816739082,"2"
"Drews","16",20261016,"TCGA-KO-8408","KICH","2",0.0169480014592409,"2"
"Drews","16",20261016,"TCGA-A3-3347","KIRC","2",0.417567580938339,"2"
"Drews","16",20261016,"TCGA-A3-3358","KIRC","2",0.000467165926238522,"2"
"Drews","16",20261016,"TCGA-A3-3383","KIRC","2",0.00478627812117338,"2"
"Drews","16",20261016,"TCGA-A3-3387","KIRC","2",0.00639979634433985,"2"
"Drews","16",20261016,"TCGA-AS-3777","KIRC","2",0.642612278461456,"1"
"Drews","16",20261016,"TCGA-B0-5703","KIRC","2",0.000156023408635519,"2"
"Drews","16",20261016,"TCGA-BP-4977","KIRC","2",0.00134498532861471,"2"
"Drews","16",20261016,"TCGA-CJ-4903","KIRC","2",0.000229740981012583,"2"
"Drews","16",20261016,"TCGA-CJ-5679","KIRC","2",0.000490071950480342,"2"
"Drews","16",20261016,"TCGA-CJ-5682","KIRC","2",0.00537723349407315,"2"
"Drews","16",20261016,"TCGA-CW-5585","KIRC","2",0.00151145737618208,"2"
"Drews","16",20261016,"TCGA-CW-5591","KIRC","2",0.00821555033326149,"2"
"Drews","16",20261016,"TCGA-CW-6090","KIRC","2",0.00108822109177709,"2"
"Drews","16",20261016,"TCGA-CZ-5456","KIRC","2",0.0261026956140995,"2"
"Drews","16",20261016,"TCGA-CZ-5985","KIRC","2",0.00355890858918428,"2"
"Drews","16",20261016,"TCGA-2Z-A9JR","KIRP","2",0.00081898650387302,"2"
"Drews","16",20261016,"TCGA-5P-A9JZ","KIRP","1",0.00606531603261828,"2"
"Drews","16",20261016,"TCGA-A4-A5DU","KIRP","2",0.011819239705801,"2"
"Drews","16",20261016,"TCGA-B9-4117","KIRP","2",0.101417824625969,"2"
"Drews","16",20261016,"TCGA-B9-4617","KIRP","2",0.0101505573838949,"2"
"Drews","16",20261016,"TCGA-B9-A44B","KIRP","1",0.152312099933624,"2"
"Drews","16",20261016,"TCGA-BQ-5880","KIRP","2",0.00390506675466895,"2"
"Drews","16",20261016,"TCGA-BQ-5894","KIRP","2",0.308728575706482,"2"
"Drews","16",20261016,"TCGA-UZ-A9PZ","KIRP","2",0.00418033171445131,"2"
"Drews","16",20261016,"TCGA-CS-4943","LGG","1",0.980040669441223,"1"
"Drews","16",20261016,"TCGA-DB-5277","LGG","1",0.980764925479889,"1"
"Drews","16",20261016,"TCGA-DB-A4XE","LGG","2",0.0792264118790627,"2"
"Drews","16",20261016,"TCGA-DH-A669","LGG","1",0.0510457791388035,"2"
"Drews","16",20261016,"TCGA-DU-A5TW","LGG","2",0.0710839331150055,"2"
"Drews","16",20261016,"TCGA-DU-A7T6","LGG","1",0.143447920680046,"2"
"Drews","16",20261016,"TCGA-DU-A7T8","LGG","2",0.0270520783960819,"2"
"Drews","16",20261016,"TCGA-E1-5304","LGG","1",0.959508299827576,"1"
"Drews","16",20261016,"TCGA-FG-7634","LGG","2",0.0021737702190876,"2"
"Drews","16",20261016,"TCGA-FG-7641","LGG","2",0.00161960499826819,"2"
"Drews","16",20261016,"TCGA-FG-8191","LGG","2",0.144068017601967,"2"
"Drews","16",20261016,"TCGA-FG-A4MW","LGG","2",0.349058985710144,"2"
"Drews","16",20261016,"TCGA-FG-A6IZ","LGG","2",0.0382355116307735,"2"
"Drews","16",20261016,"TCGA-HT-7477","LGG","1",0.977352738380432,"1"
"Drews","16",20261016,"TCGA-HT-7693","LGG","2",0.248337551951408,"2"
"Drews","16",20261016,"TCGA-HT-7875","LGG","2",0.000483205658383667,"2"
"Drews","16",20261016,"TCGA-IK-7675","LGG","1",0.948488414287567,"1"
"Drews","16",20261016,"TCGA-P5-A5EZ","LGG","1",0.879638910293579,"1"
"Drews","16",20261016,"TCGA-P5-A5F4","LGG","2",0.0934394001960754,"2"
"Drews","16",20261016,"TCGA-P5-A780","LGG","1",0.15098811686039,"2"
"Drews","16",20261016,"TCGA-QH-A6X5","LGG","2",0.00890150107443333,"2"
"Drews","16",20261016,"TCGA-TM-A84J","LGG","1",0.85979175567627,"1"
"Drews","16",20261016,"TCGA-TQ-A7RM","LGG","1",0.97211354970932,"1"
"Drews","16",20261016,"TCGA-VM-A8CB","LGG","2",0.0171152520924807,"2"
"Drews","16",20261016,"TCGA-2Y-A9H5","LIHC","1",0.862895309925079,"1"
"Drews","16",20261016,"TCGA-2Y-A9HA","LIHC","1",0.964551866054535,"1"
"Drews","16",20261016,"TCGA-4R-AA8I","LIHC","1",0.892423212528229,"1"
"Drews","16",20261016,"TCGA-BC-4073","LIHC","1",0.866054773330688,"1"
"Drews","16",20261016,"TCGA-BC-A216","LIHC","1",0.993485748767853,"1"
"Drews","16",20261016,"TCGA-BC-A69H","LIHC","1",0.992176830768585,"1"
"Drews","16",20261016,"TCGA-CC-5260","LIHC","1",0.452422827482224,"2"
"Drews","16",20261016,"TCGA-CC-A3MA","LIHC","1",0.987809062004089,"1"
"Drews","16",20261016,"TCGA-CC-A7IJ","LIHC","1",0.999269425868988,"1"
"Drews","16",20261016,"TCGA-DD-A1EE","LIHC","2",0.368763625621796,"2"
"Drews","16",20261016,"TCGA-DD-A73F","LIHC","1",0.972944498062134,"1"
"Drews","16",20261016,"TCGA-DD-AACH","LIHC","1",0.998176693916321,"1"
"Drews","16",20261016,"TCGA-DD-AADC","LIHC","1",0.998970150947571,"1"
"Drews","16",20261016,"TCGA-DD-AAVW","LIHC","1",0.831216335296631,"1"
"Drews","16",20261016,"TCGA-EP-A2KB","LIHC","2",0.522146463394165,"1"
"Drews","16",20261016,"TCGA-G3-A6UC","LIHC","1",0.486137181520462,"2"
"Drews","16",20261016,"TCGA-G3-A7M7","LIHC","2",0.248811617493629,"2"
"Drews","16",20261016,"TCGA-LG-A6GG","LIHC","1",0.918197870254517,"1"
"Drews","16",20261016,"TCGA-RC-A6M3","LIHC","1",0.958342730998993,"1"
"Drews","16",20261016,"TCGA-RC-A7SK","LIHC","1",0.981493592262268,"1"
"Drews","16",20261016,"TCGA-WX-AA44","LIHC","1",0.989720642566681,"1"
"Drews","16",20261016,"TCGA-05-4433","LUAD","1",0.961066246032715,"1"
"Drews","16",20261016,"TCGA-05-5429","LUAD","2",0.941586256027222,"1"
"Drews","16",20261016,"TCGA-05-5715","LUAD","1",0.98148500919342,"1"
"Drews","16",20261016,"TCGA-44-5644","LUAD","1",0.999928116798401,"1"
"Drews","16",20261016,"TCGA-44-6779","LUAD","1",0.98107236623764,"1"
"Drews","16",20261016,"TCGA-44-A47A","LUAD","2",0.920973002910614,"1"
"Drews","16",20261016,"TCGA-49-4488","LUAD","1",0.999842524528503,"1"
"Drews","16",20261016,"TCGA-49-4501","LUAD","1",0.999774158000946,"1"
"Drews","16",20261016,"TCGA-49-AARE","LUAD","1",0.998997509479523,"1"
"Drews","16",20261016,"TCGA-50-8457","LUAD","2",0.73767763376236,"1"
"Drews","16",20261016,"TCGA-55-1594","LUAD","1",0.999991655349731,"1"
"Drews","16",20261016,"TCGA-55-7570","LUAD","1",0.998990952968597,"1"
"Drews","16",20261016,"TCGA-55-7903","LUAD","1",0.999691128730774,"1"
"Drews","16",20261016,"TCGA-55-7994","LUAD","1",0.999138355255127,"1"
"Drews","16",20261016,"TCGA-55-8620","LUAD","1",0.997813105583191,"1"
"Drews","16",20261016,"TCGA-64-1680","LUAD","2",0.723072648048401,"1"
"Drews","16",20261016,"TCGA-67-3771","LUAD","1",0.999968290328979,"1"
"Drews","16",20261016,"TCGA-67-3774","LUAD","1",0.984718859195709,"1"
"Drews","16",20261016,"TCGA-73-4670","LUAD","1",0.998639643192291,"1"
"Drews","16",20261016,"TCGA-78-8662","LUAD","1",0.999953150749207,"1"
"Drews","16",20261016,"TCGA-86-6851","LUAD","1",0.999908685684204,"1"
"Drews","16",20261016,"TCGA-86-7953","LUAD","1",0.999910354614258,"1"
"Drews","16",20261016,"TCGA-86-8279","LUAD","1",0.999990940093994,"1"
"Drews","16",20261016,"TCGA-86-8280","LUAD","1",0.997717142105103,"1"
"Drews","16",20261016,"TCGA-86-8669","LUAD","1",0.999863862991333,"1"
"Drews","16",20261016,"TCGA-L9-A7SV","LUAD","1",0.999855041503906,"1"
"Drews","16",20261016,"TCGA-MP-A4SW","LUAD","1",0.999315023422241,"1"
"Drews","16",20261016,"TCGA-18-3421","LUSC","1",0.994793117046356,"1"
"Drews","16",20261016,"TCGA-18-4083","LUSC","1",0.999139308929443,"1"
"Drews","16",20261016,"TCGA-21-1078","LUSC","2",0.735868155956268,"1"
"Drews","16",20261016,"TCGA-22-4593","LUSC","1",0.999480903148651,"1"
"Drews","16",20261016,"TCGA-22-5478","LUSC","1",0.99996817111969,"1"
"Drews","16",20261016,"TCGA-22-A5C4","LUSC","1",0.999904274940491,"1"
"Drews","16",20261016,"TCGA-33-4566","LUSC","1",0.996005952358246,"1"
"Drews","16",20261016,"TCGA-34-8456","LUSC","1",0.999288141727448,"1"
"Drews","16",20261016,"TCGA-37-3789","LUSC","1",0.99985682964325,"1"
"Drews","16",20261016,"TCGA-37-4132","LUSC","1",0.999693989753723,"1"
"Drews","16",20261016,"TCGA-37-4135","LUSC","1",0.999645471572876,"1"
"Drews","16",20261016,"TCGA-39-5016","LUSC","1",0.999502062797546,"1"
"Drews","16",20261016,"TCGA-39-5034","LUSC","1",0.998586773872375,"1"
"Drews","16",20261016,"TCGA-43-6770","LUSC","1",0.998644053936005,"1"
"Drews","16",20261016,"TCGA-43-8116","LUSC","1",0.999776184558868,"1"
"Drews","16",20261016,"TCGA-52-7809","LUSC","1",0.999991655349731,"1"
"Drews","16",20261016,"TCGA-56-8628","LUSC","1",0.999639272689819,"1"
"Drews","16",20261016,"TCGA-56-8629","LUSC","1",0.999981641769409,"1"
"Drews","16",20261016,"TCGA-60-2698","LUSC","1",0.999826371669769,"1"
"Drews","16",20261016,"TCGA-60-2711","LUSC","1",0.999955534934998,"1"
"Drews","16",20261016,"TCGA-60-2724","LUSC","1",0.999720633029938,"1"
"Drews","16",20261016,"TCGA-63-A5MB","LUSC","1",0.999893665313721,"1"
"Drews","16",20261016,"TCGA-63-A5ML","LUSC","1",0.999813973903656,"1"
"Drews","16",20261016,"TCGA-63-A5MW","LUSC","1",0.999595820903778,"1"
"Drews","16",20261016,"TCGA-66-2794","LUSC","1",0.941501319408417,"1"
"Drews","16",20261016,"TCGA-66-2795","LUSC","1",0.999649286270142,"1"
"Drews","16",20261016,"TCGA-77-7141","LUSC","1",0.999977707862854,"1"
"Drews","16",20261016,"TCGA-85-8071","LUSC","1",0.998555600643158,"1"
"Drews","16",20261016,"TCGA-85-8354","LUSC","1",0.99992561340332,"1"
"Drews","16",20261016,"TCGA-96-7544","LUSC","1",0.996627748012543,"1"
"Drews","16",20261016,"TCGA-98-8020","LUSC","1",0.999606311321259,"1"
"Drews","16",20261016,"TCGA-J1-A4AH","LUSC","1",0.999976992607117,"1"
"Drews","16",20261016,"TCGA-O2-A52N","LUSC","1",0.999707877635956,"1"
"Drews","16",20261016,"TCGA-O2-A52S","LUSC","1",0.999875903129578,"1"
"Drews","16",20261016,"TCGA-MQ-A4LP","MESO","1",0.997965455055237,"1"
"Drews","16",20261016,"TCGA-TS-A8AY","MESO","1",0.825778007507324,"1"
"Drews","16",20261016,"TCGA-UD-AAC7","MESO","1",0.999491930007935,"1"
"Drews","16",20261016,"TCGA-XT-AASU","MESO","1",0.995277047157288,"1"
"Drews","16",20261016,"TCGA-04-1362","OV","1",0.999920129776001,"1"
"Drews","16",20261016,"TCGA-09-2045","OV","1",0.999524116516113,"1"
"Drews","16",20261016,"TCGA-13-0890","OV","1",0.999926567077637,"1"
"Drews","16",20261016,"TCGA-13-1403","OV","1",0.99997889995575,"1"
"Drews","16",20261016,"TCGA-13-1498","OV","1",0.999782383441925,"1"
"Drews","16",20261016,"TCGA-13-1507","OV","1",0.99908447265625,"1"
"Drews","16",20261016,"TCGA-13-2060","OV","1",0.999994277954102,"1"
"Drews","16",20261016,"TCGA-13-A5FT","OV","1",0.999980568885803,"1"
"Drews","16",20261016,"TCGA-20-1683","OV","1",0.999931573867798,"1"
"Drews","16",20261016,"TCGA-23-1809","OV","1",0.999132096767426,"1"
"Drews","16",20261016,"TCGA-23-2078","OV","1",0.999933004379272,"1"
"Drews","16",20261016,"TCGA-23-2084","OV","1",0.999967217445374,"1"
"Drews","16",20261016,"TCGA-24-1425","OV","1",0.999856472015381,"1"
"Drews","16",20261016,"TCGA-24-1430","OV","1",0.997532486915588,"1"
"Drews","16",20261016,"TCGA-24-1469","OV","1",0.99998664855957,"1"
"Drews","16",20261016,"TCGA-24-1550","OV","1",0.999962329864502,"1"
"Drews","16",20261016,"TCGA-24-1552","OV","1",0.999982595443726,"1"
"Drews","16",20261016,"TCGA-24-1564","OV","1",0.99965512752533,"1"
"Drews","16",20261016,"TCGA-24-1844","OV","1",0.999948620796204,"1"
"Drews","16",20261016,"TCGA-24-1849","OV","1",0.997860372066498,"1"
"Drews","16",20261016,"TCGA-25-2391","OV","1",0.999650955200195,"1"
"Drews","16",20261016,"TCGA-25-2392","OV","1",0.999945163726807,"1"
"Drews","16",20261016,"TCGA-25-2400","OV","1",0.999956607818604,"1"
"Drews","16",20261016,"TCGA-25-2401","OV","1",0.999904751777649,"1"
"Drews","16",20261016,"TCGA-29-1696","OV","1",0.998172402381897,"1"
"Drews","16",20261016,"TCGA-29-1702","OV","1",0.999926567077637,"1"
"Drews","16",20261016,"TCGA-29-1703","OV","1",0.999921560287476,"1"
"Drews","16",20261016,"TCGA-29-1710","OV","1",0.999756872653961,"1"
"Drews","16",20261016,"TCGA-29-1763","OV","1",0.999618887901306,"1"
"Drews","16",20261016,"TCGA-29-1770","OV","1",0.999773442745209,"1"
"Drews","16",20261016,"TCGA-61-2000","OV","1",0.999966740608215,"1"
"Drews","16",20261016,"TCGA-OY-A56P","OV","1",0.998380899429321,"1"
"Drews","16",20261016,"TCGA-WR-A838","OV","1",0.99983274936676,"1"
"Drews","16",20261016,"TCGA-3A-A9IR","PAAD","1",0.946228623390198,"1"
"Drews","16",20261016,"TCGA-3A-A9IZ","PAAD","1",0.999349176883698,"1"
"Drews","16",20261016,"TCGA-3A-A9J0","PAAD","1",0.982547700405121,"1"
"Drews","16",20261016,"TCGA-IB-AAUO","PAAD","1",0.903375566005707,"1"
"Drews","16",20261016,"TCGA-PZ-A5RE","PAAD","1",0.97120189666748,"1"
"Drews","16",20261016,"TCGA-QR-A6GU","PCPG","2",0.154689401388168,"2"
"Drews","16",20261016,"TCGA-QR-A70T","PCPG","1",0.297706365585327,"2"
"Drews","16",20261016,"TCGA-QR-A70V","PCPG","1",0.242662400007248,"2"
"Drews","16",20261016,"TCGA-QT-A5XM","PCPG","2",0.0484553799033165,"2"
"Drews","16",20261016,"TCGA-QT-A69Q","PCPG","2",0.0898320227861404,"2"
"Drews","16",20261016,"TCGA-RW-A68A","PCPG","2",0.0442547053098679,"2"
"Drews","16",20261016,"TCGA-S7-A7WN","PCPG","2",0.234699323773384,"2"
"Drews","16",20261016,"TCGA-S7-A7WP","PCPG","2",0.0283676888793707,"2"
"Drews","16",20261016,"TCGA-SR-A6MZ","PCPG","2",0.0185051467269659,"2"
"Drews","16",20261016,"TCGA-WB-A81T","PCPG","2",0.0124689089134336,"2"
"Drews","16",20261016,"TCGA-2A-A8W1","PRAD","1",0.983456075191498,"1"
"Drews","16",20261016,"TCGA-EJ-5524","PRAD","1",0.907183885574341,"1"
"Drews","16",20261016,"TCGA-EJ-A46G","PRAD","1",0.989984512329102,"1"
"Drews","16",20261016,"TCGA-EJ-A65M","PRAD","1",0.820293605327606,"1"
"Drews","16",20261016,"TCGA-HC-A4ZV","PRAD","1",0.999849081039429,"1"
"Drews","16",20261016,"TCGA-HC-A9TE","PRAD","1",0.967136681079865,"1"
"Drews","16",20261016,"TCGA-J4-A83J","PRAD","1",0.98145467042923,"1"
"Drews","16",20261016,"TCGA-J9-A8CL","PRAD","1",0.974646031856537,"1"
"Drews","16",20261016,"TCGA-KK-A59X","PRAD","1",0.990583539009094,"1"
"Drews","16",20261016,"TCGA-KK-A6DY","PRAD","2",0.696648418903351,"1"
"Drews","16",20261016,"TCGA-KK-A6E0","PRAD","1",0.980268537998199,"1"
"Drews","16",20261016,"TCGA-KK-A6E2","PRAD","2",0.32136258482933,"2"
"Drews","16",20261016,"TCGA-KK-A8IB","PRAD","1",0.996254205703735,"1"
"Drews","16",20261016,"TCGA-KK-A8IK","PRAD","1",0.998986542224884,"1"
"Drews","16",20261016,"TCGA-TP-A8TT","PRAD","1",0.939901649951935,"1"
"Drews","16",20261016,"TCGA-VP-A87D","PRAD","1",0.969477891921997,"1"
"Drews","16",20261016,"TCGA-ZG-A8QY","PRAD","1",0.889727294445038,"1"
"Drews","16",20261016,"TCGA-ZG-A9N3","PRAD","1",0.99986457824707,"1"
"Drews","16",20261016,"TCGA-AF-2693","READ","1",0.909177303314209,"1"
"Drews","16",20261016,"TCGA-AG-3878","READ","2",0.944598078727722,"1"
"Drews","16",20261016,"TCGA-AG-3887","READ","2",0.287019699811935,"2"
"Drews","16",20261016,"TCGA-AG-3893","READ","1",0.990427017211914,"1"
"Drews","16",20261016,"TCGA-AG-A026","READ","1",0.991731345653534,"1"
"Drews","16",20261016,"TCGA-AG-A02N","READ","2",0.556053698062897,"1"
"Drews","16",20261016,"TCGA-AG-A02X","READ","1",0.998163044452667,"1"
"Drews","16",20261016,"TCGA-DT-5265","READ","1",0.993574321269989,"1"
"Drews","16",20261016,"TCGA-DY-A1DG","READ","1",0.996777236461639,"1"
"Drews","16",20261016,"TCGA-3B-A9I0","SARC","1",0.951512157917023,"1"
"Drews","16",20261016,"TCGA-DX-A2J0","SARC","1",0.997637867927551,"1"
"Drews","16",20261016,"TCGA-DX-A3LY","SARC","1",0.948652863502502,"1"
"Drews","16",20261016,"TCGA-DX-A6BF","SARC","1",0.995502412319183,"1"
"Drews","16",20261016,"TCGA-DX-A6YS","SARC","1",0.987889111042023,"1"
"Drews","16",20261016,"TCGA-DX-A7EL","SARC","1",0.676768183708191,"1"
"Drews","16",20261016,"TCGA-DX-AATS","SARC","1",0.99967896938324,"1"
"Drews","16",20261016,"TCGA-DX-AB2H","SARC","1",0.965408384799957,"1"
"Drews","16",20261016,"TCGA-DX-AB2V","SARC","1",0.748526632785797,"1"
"Drews","16",20261016,"TCGA-IE-A4EJ","SARC","1",0.997816801071167,"1"
"Drews","16",20261016,"TCGA-IS-A3KA","SARC","1",0.962607800960541,"1"
"Drews","16",20261016,"TCGA-JV-A5VE","SARC","1",0.998600661754608,"1"
"Drews","16",20261016,"TCGA-LI-A67I","SARC","1",0.998666048049927,"1"
"Drews","16",20261016,"TCGA-MB-A8JK","SARC","1",0.999377429485321,"1"
"Drews","16",20261016,"TCGA-N1-A6IA","SARC","1",0.995751857757568,"1"
"Drews","16",20261016,"TCGA-PC-A5DK","SARC","2",0.981767892837524,"1"
"Drews","16",20261016,"TCGA-QQ-A5VC","SARC","1",0.999922275543213,"1"
"Drews","16",20261016,"TCGA-QQ-A5VD","SARC","2",0.923902094364166,"1"
"Drews","16",20261016,"TCGA-SG-A6Z4","SARC","1",0.999791443347931,"1"
"Drews","16",20261016,"TCGA-VT-A80G","SARC","1",0.99986457824707,"1"
"Drews","16",20261016,"TCGA-WK-A8XS","SARC","1",0.988286077976227,"1"
"Drews","16",20261016,"TCGA-X6-A7W8","SARC","1",0.998346924781799,"1"
"Drews","16",20261016,"TCGA-X6-A8C3","SARC","1",0.999736487865448,"1"
"Drews","16",20261016,"TCGA-X9-A971","SARC","1",0.998545169830322,"1"
"Drews","16",20261016,"TCGA-BF-A3DJ","SKCM","2",0.944164931774139,"1"
"Drews","16",20261016,"TCGA-BF-A5EQ","SKCM","1",0.518629372119904,"1"
"Drews","16",20261016,"TCGA-BF-AAP2","SKCM","1",0.922806560993195,"1"
"Drews","16",20261016,"TCGA-EB-A3XB","SKCM","2",0.674058556556702,"1"
"Drews","16",20261016,"TCGA-EB-A4OY","SKCM","1",0.982116997241974,"1"
"Drews","16",20261016,"TCGA-EB-A5SF","SKCM","1",0.410376340150833,"2"
"Drews","16",20261016,"TCGA-EB-A82C","SKCM","1",0.973873674869537,"1"
"Drews","16",20261016,"TCGA-XV-A9W5","SKCM","1",0.970566809177399,"1"
"Drews","16",20261016,"TCGA-BR-4362","STAD","2",0.915163695812225,"1"
"Drews","16",20261016,"TCGA-BR-6458","STAD","1",0.999818503856659,"1"
"Drews","16",20261016,"TCGA-BR-7723","STAD","1",0.999713838100433,"1"
"Drews","16",20261016,"TCGA-BR-8483","STAD","1",0.999129712581635,"1"
"Drews","16",20261016,"TCGA-BR-A44U","STAD","1",0.992111682891846,"1"
"Drews","16",20261016,"TCGA-CD-5800","STAD","1",0.999985218048096,"1"
"Drews","16",20261016,"TCGA-CD-5804","STAD","1",0.999778568744659,"1"
"Drews","16",20261016,"TCGA-CG-4443","STAD","1",0.998374819755554,"1"
"Drews","16",20261016,"TCGA-CG-4469","STAD","1",0.570351541042328,"1"
"Drews","16",20261016,"TCGA-CG-5718","STAD","1",0.999866962432861,"1"
"Drews","16",20261016,"TCGA-D7-6526","STAD","1",0.999954700469971,"1"
"Drews","16",20261016,"TCGA-HU-8243","STAD","1",0.998984754085541,"1"
"Drews","16",20261016,"TCGA-HU-A4GP","STAD","1",0.979844987392426,"1"
"Drews","16",20261016,"TCGA-HU-A4HD","STAD","1",0.999937653541565,"1"
"Drews","16",20261016,"TCGA-IN-8663","STAD","1",0.999113738536835,"1"
"Drews","16",20261016,"TCGA-IN-A6RS","STAD","1",0.938615679740906,"1"
"Drews","16",20261016,"TCGA-IN-AB1X","STAD","1",0.926007688045502,"1"
"Drews","16",20261016,"TCGA-IP-7968","STAD","1",0.999952554702759,"1"
"Drews","16",20261016,"TCGA-R5-A805","STAD","1",0.994943082332611,"1"
"Drews","16",20261016,"TCGA-RD-A8NB","STAD","1",0.222082629799843,"2"
"Drews","16",20261016,"TCGA-VQ-A8E7","STAD","1",0.997756063938141,"1"
"Drews","16",20261016,"TCGA-VQ-A8P3","STAD","1",0.929096102714539,"1"
"Drews","16",20261016,"TCGA-VQ-A91N","STAD","1",0.999586880207062,"1"
"Drews","16",20261016,"TCGA-VQ-A91S","STAD","1",0.996963202953339,"1"
"Drews","16",20261016,"TCGA-VQ-AA68","STAD","1",0.99915337562561,"1"
"Drews","16",20261016,"TCGA-VQ-AA6I","STAD","1",0.998634994029999,"1"
"Drews","16",20261016,"TCGA-VQ-AA6K","STAD","1",0.997829496860504,"1"
"Drews","16",20261016,"TCGA-2G-AAEW","TGCT","2",0.141929656267166,"2"
"Drews","16",20261016,"TCGA-S6-A8JW","TGCT","2",0.362507373094559,"2"
"Drews","16",20261016,"TCGA-XY-A8S2","TGCT","1",0.997723639011383,"1"
"Drews","16",20261016,"TCGA-ZM-AA0B","TGCT","1",0.834089040756226,"1"
"Drews","16",20261016,"TCGA-DE-A3KN","THCA","2",0.0138839306309819,"2"
"Drews","16",20261016,"TCGA-EM-A1YE","THCA","2",0.0105493394657969,"2"
"Drews","16",20261016,"TCGA-XU-A931","THYM","2",0.0197256505489349,"2"
"Drews","16",20261016,"TCGA-A5-A0R7","UCEC","2",0.963053703308105,"1"
"Drews","16",20261016,"TCGA-A5-A2K4","UCEC","1",0.999797403812408,"1"
"Drews","16",20261016,"TCGA-A5-A3LP","UCEC","1",0.9930779337883,"1"
"Drews","16",20261016,"TCGA-AJ-A23M","UCEC","1",0.999985098838806,"1"
"Drews","16",20261016,"TCGA-AJ-A3IA","UCEC","1",0.999987602233887,"1"
"Drews","16",20261016,"TCGA-AJ-A3NG","UCEC","2",0.193698823451996,"2"
"Drews","16",20261016,"TCGA-AP-A05A","UCEC","1",0.999816000461578,"1"
"Drews","16",20261016,"TCGA-AX-A1C8","UCEC","1",0.999926328659058,"1"
"Drews","16",20261016,"TCGA-AX-A2H2","UCEC","1",0.99996817111969,"1"
"Drews","16",20261016,"TCGA-AX-A2IO","UCEC","1",0.945579349994659,"1"
"Drews","16",20261016,"TCGA-B5-A0K3","UCEC","1",0.998880088329315,"1"
"Drews","16",20261016,"TCGA-B5-A121","UCEC","2",0.152319326996803,"2"
"Drews","16",20261016,"TCGA-BS-A0TC","UCEC","2",0.0211689490824938,"2"
"Drews","16",20261016,"TCGA-BS-A0U5","UCEC","2",0.33856475353241,"2"
"Drews","16",20261016,"TCGA-D1-A0ZP","UCEC","1",0.999871850013733,"1"
"Drews","16",20261016,"TCGA-D1-A17K","UCEC","1",0.99862003326416,"1"
"Drews","16",20261016,"TCGA-D1-A17M","UCEC","2",0.0645781382918358,"2"
"Drews","16",20261016,"TCGA-D1-A17S","UCEC","2",0.0904935151338577,"2"
"Drews","16",20261016,"TCGA-D1-A2G7","UCEC","1",0.998308897018433,"1"
"Drews","16",20261016,"TCGA-DF-A2KR","UCEC","1",0.996586084365845,"1"
"Drews","16",20261016,"TCGA-DI-A2QU","UCEC","1",0.98624587059021,"1"
"Drews","16",20261016,"TCGA-DI-A2QY","UCEC","1",0.999531388282776,"1"
"Drews","16",20261016,"TCGA-EO-A3KU","UCEC","1",0.999801218509674,"1"
"Drews","16",20261016,"TCGA-EY-A1GR","UCEC","1",0.999195396900177,"1"
"Drews","16",20261016,"TCGA-EY-A210","UCEC","1",0.986499071121216,"1"
"Drews","16",20261016,"TCGA-EY-A212","UCEC","1",0.999726831912994,"1"
"Drews","16",20261016,"TCGA-EY-A2OO","UCEC","2",0.515572488307953,"1"
"Drews","16",20261016,"TCGA-EY-A4KR","UCEC","1",0.999980330467224,"1"
"Drews","16",20261016,"TCGA-FI-A2EW","UCEC","1",0.992029309272766,"1"
"Drews","16",20261016,"TCGA-FI-A2EY","UCEC","1",0.999305605888367,"1"
"Drews","16",20261016,"TCGA-FI-A3PV","UCEC","1",0.999866843223572,"1"
"Drews","16",20261016,"TCGA-FI-A3PX","UCEC","1",0.999696254730225,"1"
"Drews","16",20261016,"TCGA-KP-A3W3","UCEC","1",0.999348819255829,"1"
"Drews","16",20261016,"TCGA-PG-A5BC","UCEC","1",0.999650120735168,"1"
"Drews","16",20261016,"TCGA-N5-A4R8","UCS","1",0.999553024768829,"1"
"Drews","16",20261016,"TCGA-N5-A4RA","UCS","1",0.9985431432724,"1"
"Drews","16",20261016,"TCGA-N5-A59F","UCS","1",0.999758899211884,"1"
"Drews","16",20261016,"TCGA-N7-A4Y5","UCS","1",0.999953269958496,"1"
"Drews","16",20261016,"TCGA-N8-A4PO","UCS","1",0.999506115913391,"1"
"Drews","16",20261016,"TCGA-N8-A4PQ","UCS","1",0.999485373497009,"1"
"Drews","16",20261016,"TCGA-NA-A4QW","UCS","1",0.999213814735413,"1"
"Drews","16",20261016,"TCGA-V4-A9EX","UVM","2",0.686148345470428,"1"
"Drews","16",20261016,"TCGA-V4-A9EZ","UVM","2",0.26340588927269,"2"
"Drews","16",20261016,"TCGA-VD-A8KA","UVM","2",0.0169706586748362,"2"
"Drews","16",20261016,"TCGA-YZ-A984","UVM","2",0.0504672154784203,"2"
"Drews","17",20261017,"TCGA-OR-A5J6","ACC","2",0.0579015426337719,"2"
"Drews","17",20261017,"TCGA-OR-A5JI","ACC","2",0.0136641468852758,"2"
"Drews","17",20261017,"TCGA-OR-A5K4","ACC","2",0.818210780620575,"1"
"Drews","17",20261017,"TCGA-OR-A5K9","ACC","1",0.945073246955872,"1"
"Drews","17",20261017,"TCGA-OR-A5KV","ACC","2",0.739794433116913,"1"
"Drews","17",20261017,"TCGA-OR-A5LD","ACC","1",0.890655040740967,"1"
"Drews","17",20261017,"TCGA-OR-A5LK","ACC","2",0.464535713195801,"2"
"Drews","17",20261017,"TCGA-OR-A5LL","ACC","1",0.319435328245163,"2"
"Drews","17",20261017,"TCGA-BT-A0S7","BLCA","1",0.970183610916138,"1"
"Drews","17",20261017,"TCGA-BT-A20V","BLCA","1",0.998243927955627,"1"
"Drews","17",20261017,"TCGA-BT-A3PJ","BLCA","1",0.999035716056824,"1"
"Drews","17",20261017,"TCGA-BT-A42C","BLCA","1",0.999226689338684,"1"
"Drews","17",20261017,"TCGA-CU-A0YR","BLCA","1",0.994366705417633,"1"
"Drews","17",20261017,"TCGA-CU-A3KJ","BLCA","1",0.999295711517334,"1"
"Drews","17",20261017,"TCGA-CU-A3YL","BLCA","2",0.998833358287811,"1"
"Drews","17",20261017,"TCGA-DK-A3IK","BLCA","1",0.99945193529129,"1"
"Drews","17",20261017,"TCGA-DK-A3IL","BLCA","1",0.999510765075684,"1"
"Drews","17",20261017,"TCGA-DK-A3IM","BLCA","1",0.999840617179871,"1"
"Drews","17",20261017,"TCGA-DK-A3X2","BLCA","1",0.999293088912964,"1"
"Drews","17",20261017,"TCGA-DK-A6B1","BLCA","1",0.999755918979645,"1"
"Drews","17",20261017,"TCGA-DK-AA6U","BLCA","1",0.999948620796204,"1"
"Drews","17",20261017,"TCGA-E7-A3Y1","BLCA","2",0.0383058711886406,"2"
"Drews","17",20261017,"TCGA-E7-A5KE","BLCA","1",0.999977111816406,"1"
"Drews","17",20261017,"TCGA-E7-A6ME","BLCA","1",0.999929308891296,"1"
"Drews","17",20261017,"TCGA-FD-A6TA","BLCA","1",0.999755918979645,"1"
"Drews","17",20261017,"TCGA-FJ-A3Z7","BLCA","1",0.991234004497528,"1"
"Drews","17",20261017,"TCGA-G2-A2EF","BLCA","1",0.998926937580109,"1"
"Drews","17",20261017,"TCGA-GD-A3OS","BLCA","1",0.998129665851593,"1"
"Drews","17",20261017,"TCGA-KQ-A41Q","BLCA","1",0.999936580657959,"1"
"Drews","17",20261017,"TCGA-UY-A78L","BLCA","1",0.999377965927124,"1"
"Drews","17",20261017,"TCGA-UY-A8OD","BLCA","1",0.999910473823547,"1"
"Drews","17",20261017,"TCGA-UY-A9PD","BLCA","1",0.999947071075439,"1"
"Drews","17",20261017,"TCGA-XF-A8HG","BLCA","1",0.999404072761536,"1"
"Drews","17",20261017,"TCGA-XF-A9SJ","BLCA","1",0.998912692070007,"1"
"Drews","17",20261017,"TCGA-XF-A9SK","BLCA","1",0.994970500469208,"1"
"Drews","17",20261017,"TCGA-XF-A9T6","BLCA","1",0.996255278587341,"1"
"Drews","17",20261017,"TCGA-XF-AAMY","BLCA","1",0.999815404415131,"1"
"Drews","17",20261017,"TCGA-ZF-A9R1","BLCA","1",0.999614119529724,"1"
"Drews","17",20261017,"TCGA-ZF-A9RF","BLCA","1",0.996110141277313,"1"
"Drews","17",20261017,"TCGA-ZF-AA4R","BLCA","1",0.999993205070496,"1"
"Drews","17",20261017,"TCGA-ZF-AA51","BLCA","1",0.99991512298584,"1"
"Drews","17",20261017,"TCGA-3C-AALI","BRCA","1",0.999947547912598,"1"
"Drews","17",20261017,"TCGA-3C-AALJ","BRCA","1",0.999766767024994,"1"
"Drews","17",20261017,"TCGA-A1-A0SN","BRCA","1",0.999463617801666,"1"
"Drews","17",20261017,"TCGA-A2-A0T3","BRCA","1",0.999169826507568,"1"
"Drews","17",20261017,"TCGA-A2-A0T7","BRCA","1",0.997658133506775,"1"
"Drews","17",20261017,"TCGA-A2-A1FW","BRCA","1",0.999912619590759,"1"
"Drews","17",20261017,"TCGA-A7-A0DB","BRCA","2",0.0633945539593697,"2"
"Drews","17",20261017,"TCGA-A8-A06R","BRCA","1",0.999505639076233,"1"
"Drews","17",20261017,"TCGA-A8-A07L","BRCA","1",0.99994969367981,"1"
"Drews","17",20261017,"TCGA-A8-A07W","BRCA","1",0.999826490879059,"1"
"Drews","17",20261017,"TCGA-A8-A081","BRCA","1",0.999473392963409,"1"
"Drews","17",20261017,"TCGA-A8-A08G","BRCA","1",0.999626755714417,"1"
"Drews","17",20261017,"TCGA-A8-A08I","BRCA","1",0.971331119537354,"1"
"Drews","17",20261017,"TCGA-A8-A08J","BRCA","1",0.999964594841003,"1"
"Drews","17",20261017,"TCGA-A8-A094","BRCA","1",0.999698758125305,"1"
"Drews","17",20261017,"TCGA-A8-A096","BRCA","2",0.0159540753811598,"2"
"Drews","17",20261017,"TCGA-A8-A099","BRCA","1",0.0765848532319069,"2"
"Drews","17",20261017,"TCGA-A8-A09C","BRCA","1",0.961162269115448,"1"
"Drews","17",20261017,"TCGA-A8-A09M","BRCA","1",0.99998939037323,"1"
"Drews","17",20261017,"TCGA-A8-A0A6","BRCA","1",0.88155061006546,"1"
"Drews","17",20261017,"TCGA-AC-A2QH","BRCA","1",0.999854564666748,"1"
"Drews","17",20261017,"TCGA-AN-A03X","BRCA","1",0.857871949672699,"1"
"Drews","17",20261017,"TCGA-AN-A04C","BRCA","1",0.999984264373779,"1"
"Drews","17",20261017,"TCGA-AN-A0AR","BRCA","1",0.999681830406189,"1"
"Drews","17",20261017,"TCGA-AN-A0FW","BRCA","1",0.99785965681076,"1"
"Drews","17",20261017,"TCGA-AO-A03L","BRCA","1",0.999787032604218,"1"
"Drews","17",20261017,"TCGA-AO-A0J6","BRCA","1",0.999897837638855,"1"
"Drews","17",20261017,"TCGA-AO-A1KR","BRCA","1",0.999951601028442,"1"
"Drews","17",20261017,"TCGA-AO-A1KS","BRCA","1",0.997970044612885,"1"
"Drews","17",20261017,"TCGA-AR-A0TP","BRCA","1",0.999864339828491,"1"
"Drews","17",20261017,"TCGA-AR-A0TR","BRCA","2",0.141149282455444,"2"
"Drews","17",20261017,"TCGA-AR-A0TW","BRCA","1",0.999692678451538,"1"
"Drews","17",20261017,"TCGA-AR-A0U3","BRCA","1",0.999051988124847,"1"
"Drews","17",20261017,"TCGA-AR-A1AQ","BRCA","1",0.998390913009644,"1"
"Drews","17",20261017,"TCGA-AR-A24Z","BRCA","1",0.99976521730423,"1"
"Drews","17",20261017,"TCGA-AR-A254","BRCA","1",0.99302738904953,"1"
"Drews","17",20261017,"TCGA-AR-A256","BRCA","1",0.999824941158295,"1"
"Drews","17",20261017,"TCGA-B6-A0I9","BRCA","1",0.999928712844849,"1"
"Drews","17",20261017,"TCGA-B6-A0IE","BRCA","1",0.998218834400177,"1"
"Drews","17",20261017,"TCGA-B6-A0WS","BRCA","1",0.980657398700714,"1"
"Drews","17",20261017,"TCGA-B6-A0WW","BRCA","1",0.999818623065948,"1"
"Drews","17",20261017,"TCGA-B6-A1KN","BRCA","1",0.999794781208038,"1"
"Drews","17",20261017,"TCGA-B6-A40C","BRCA","2",0.997438192367554,"1"
"Drews","17",20261017,"TCGA-BH-A0B9","BRCA","1",0.998997151851654,"1"
"Drews","17",20261017,"TCGA-BH-A0BR","BRCA","1",0.99931001663208,"1"
"Drews","17",20261017,"TCGA-BH-A0C7","BRCA","1",0.996890604496002,"1"
"Drews","17",20261017,"TCGA-BH-A0DZ","BRCA","1",0.998589932918549,"1"
"Drews","17",20261017,"TCGA-BH-A0EA","BRCA","2",0.0243770387023687,"2"
"Drews","17",20261017,"TCGA-BH-A0EE","BRCA","1",0.999862790107727,"1"
"Drews","17",20261017,"TCGA-BH-A0HQ","BRCA","2",0.401884824037552,"2"
"Drews","17",20261017,"TCGA-BH-A0W7","BRCA","1",0.389275223016739,"2"
"Drews","17",20261017,"TCGA-BH-A18J","BRCA","1",0.999819338321686,"1"
"Drews","17",20261017,"TCGA-BH-A18N","BRCA","2",0.144411772489548,"2"
"Drews","17",20261017,"TCGA-BH-A18Q","BRCA","1",0.99924099445343,"1"
"Drews","17",20261017,"TCGA-BH-A18R","BRCA","1",0.998790800571442,"1"
"Drews","17",20261017,"TCGA-BH-A1FC","BRCA","1",0.999973058700562,"1"
"Drews","17",20261017,"TCGA-BH-A1FN","BRCA","1",0.999427199363708,"1"
"Drews","17",20261017,"TCGA-BH-A5IZ","BRCA","1",0.999933481216431,"1"
"Drews","17",20261017,"TCGA-C8-A12T","BRCA","1",0.935299634933472,"1"
"Drews","17",20261017,"TCGA-C8-A12U","BRCA","1",0.999758899211884,"1"
"Drews","17",20261017,"TCGA-C8-A130","BRCA","1",0.999979138374329,"1"
"Drews","17",20261017,"TCGA-C8-A132","BRCA","1",0.999621391296387,"1"
"Drews","17",20261017,"TCGA-C8-A134","BRCA","1",0.99988842010498,"1"
"Drews","17",20261017,"TCGA-C8-A1HG","BRCA","1",0.999986171722412,"1"
"Drews","17",20261017,"TCGA-C8-A27B","BRCA","1",0.999992966651917,"1"
"Drews","17",20261017,"TCGA-D8-A140","BRCA","1",0.997597277164459,"1"
"Drews","17",20261017,"TCGA-D8-A1JG","BRCA","1",0.998559296131134,"1"
"Drews","17",20261017,"TCGA-D8-A1XJ","BRCA","1",0.999879479408264,"1"
"Drews","17",20261017,"TCGA-D8-A1XS","BRCA","1",0.996032655239105,"1"
"Drews","17",20261017,"TCGA-D8-A1XW","BRCA","1",0.99406898021698,"1"
"Drews","17",20261017,"TCGA-D8-A1XY","BRCA","1",0.913779199123383,"1"
"Drews","17",20261017,"TCGA-D8-A27M","BRCA","1",0.999476730823517,"1"
"Drews","17",20261017,"TCGA-E2-A150","BRCA","1",0.999966144561768,"1"
"Drews","17",20261017,"TCGA-E2-A158","BRCA","1",0.999974370002747,"1"
"Drews","17",20261017,"TCGA-E2-A15T","BRCA","1",0.985582172870636,"1"
"Drews","17",20261017,"TCGA-E2-A1BD","BRCA","2",0.0620059557259083,"2"
"Drews","17",20261017,"TCGA-E2-A1IE","BRCA","1",0.999495506286621,"1"
"Drews","17",20261017,"TCGA-E2-A1IG","BRCA","1",0.998503088951111,"1"
"Drews","17",20261017,"TCGA-E2-A56Z","BRCA","1",0.999577224254608,"1"
"Drews","17",20261017,"TCGA-E9-A1NC","BRCA","1",0.998642146587372,"1"
"Drews","17",20261017,"TCGA-E9-A1R2","BRCA","1",0.99995231628418,"1"
"Drews","17",20261017,"TCGA-E9-A1R6","BRCA","1",0.889878988265991,"1"
"Drews","17",20261017,"TCGA-E9-A1RD","BRCA","2",0.0173686165362597,"2"
"Drews","17",20261017,"TCGA-E9-A1RE","BRCA","1",0.999745070934296,"1"
"Drews","17",20261017,"TCGA-E9-A1RF","BRCA","1",0.999952673912048,"1"
"Drews","17",20261017,"TCGA-E9-A226","BRCA","1",0.999666929244995,"1"
"Drews","17",20261017,"TCGA-EW-A1OY","BRCA","1",0.999985575675964,"1"
"Drews","17",20261017,"TCGA-EW-A1PD","BRCA","1",0.998946726322174,"1"
"Drews","17",20261017,"TCGA-EW-A6SA","BRCA","1",0.999898314476013,"1"
"Drews","17",20261017,"TCGA-GM-A3XL","BRCA","1",0.999840140342712,"1"
"Drews","17",20261017,"TCGA-LD-A7W5","BRCA","1",0.995338916778564,"1"
"Drews","17",20261017,"TCGA-LL-A5YM","BRCA","1",0.988241374492645,"1"
"Drews","17",20261017,"TCGA-LL-A73Y","BRCA","1",0.999718129634857,"1"
"Drews","17",20261017,"TCGA-OL-A6VO","BRCA","1",0.998935878276825,"1"
"Drews","17",20261017,"TCGA-Z7-A8R6","BRCA","1",0.993249773979187,"1"
"Drews","17",20261017,"TCGA-C5-A1BL","CESC","1",0.9823317527771,"1"
"Drews","17",20261017,"TCGA-C5-A1M6","CESC","1",0.999900937080383,"1"
"Drews","17",20261017,"TCGA-C5-A2LY","CESC","1",0.976715862751007,"1"
"Drews","17",20261017,"TCGA-C5-A7UE","CESC","2",0.902564704418182,"1"
"Drews","17",20261017,"TCGA-C5-A8YQ","CESC","1",0.986168801784515,"1"
"Drews","17",20261017,"TCGA-DR-A0ZM","CESC","2",0.625324666500092,"1"
"Drews","17",20261017,"TCGA-DS-A0VN","CESC","1",0.598224937915802,"1"
"Drews","17",20261017,"TCGA-EX-A69M","CESC","2",0.9759920835495,"1"
"Drews","17",20261017,"TCGA-IR-A3LB","CESC","1",0.989077568054199,"1"
"Drews","17",20261017,"TCGA-UC-A7PD","CESC","1",0.629571378231049,"1"
"Drews","17",20261017,"TCGA-VS-A8EG","CESC","1",0.408335268497467,"2"
"Drews","17",20261017,"TCGA-VS-A8Q8","CESC","2",0.392397940158844,"2"
"Drews","17",20261017,"TCGA-VS-A8QA","CESC","1",0.997089564800262,"1"
"Drews","17",20261017,"TCGA-VS-A8QF","CESC","1",0.998367249965668,"1"
"Drews","17",20261017,"TCGA-VS-A9UT","CESC","1",0.999725759029388,"1"
"Drews","17",20261017,"TCGA-VS-A9V0","CESC","1",0.999636650085449,"1"
"Drews","17",20261017,"TCGA-W5-AA2T","CHOL","1",0.960611164569855,"1"
"Drews","17",20261017,"TCGA-A6-2675","COAD","1",0.97219330072403,"1"
"Drews","17",20261017,"TCGA-AA-3514","COAD","1",0.0998627915978432,"2"
"Drews","17",20261017,"TCGA-AA-3517","COAD","1",0.898639857769012,"1"
"Drews","17",20261017,"TCGA-AA-3548","COAD","1",0.840620696544647,"1"
"Drews","17",20261017,"TCGA-AA-3660","COAD","1",0.995576739311218,"1"
"Drews","17",20261017,"TCGA-AA-3673","COAD","2",0.306524097919464,"2"
"Drews","17",20261017,"TCGA-AA-3854","COAD","1",0.765097737312317,"1"
"Drews","17",20261017,"TCGA-AA-A00Z","COAD","1",0.941261291503906,"1"
"Drews","17",20261017,"TCGA-AA-A01Z","COAD","1",0.994978725910187,"1"
"Drews","17",20261017,"TCGA-AZ-6603","COAD","2",0.978750467300415,"1"
"Drews","17",20261017,"TCGA-CK-5915","COAD","2",0.257141560316086,"2"
"Drews","17",20261017,"TCGA-CM-6675","COAD","1",0.997522532939911,"1"
"Drews","17",20261017,"TCGA-D5-6928","COAD","2",0.425757884979248,"2"
"Drews","17",20261017,"TCGA-DM-A28H","COAD","1",0.999083757400513,"1"
"Drews","17",20261017,"TCGA-G4-6294","COAD","1",0.720300614833832,"1"
"Drews","17",20261017,"TCGA-G4-6306","COAD","2",0.996351599693298,"1"
"Drews","17",20261017,"TCGA-G4-6311","COAD","1",0.998444378376007,"1"
"Drews","17",20261017,"TCGA-G4-6315","COAD","2",0.995487153530121,"1"
"Drews","17",20261017,"TCGA-G4-6322","COAD","1",0.616870105266571,"1"
"Drews","17",20261017,"TCGA-NH-A8F7","COAD","2",0.986679971218109,"1"
"Drews","17",20261017,"TCGA-QG-A5YX","COAD","2",0.529044330120087,"1"
"Drews","17",20261017,"TCGA-FA-A82F","DLBC","1",0.987478733062744,"1"
"Drews","17",20261017,"TCGA-2H-A9GF","ESCA","1",0.999971866607666,"1"
"Drews","17",20261017,"TCGA-2H-A9GQ","ESCA","1",0.99994432926178,"1"
"Drews","17",20261017,"TCGA-IG-A3I8","ESCA","1",0.998398005962372,"1"
"Drews","17",20261017,"TCGA-JY-A6FE","ESCA","1",0.999974370002747,"1"
"Drews","17",20261017,"TCGA-JY-A6FH","ESCA","1",0.999991178512573,"1"
"Drews","17",20261017,"TCGA-JY-A93E","ESCA","1",0.999844551086426,"1"
"Drews","17",20261017,"TCGA-L5-A43J","ESCA","1",0.999659657478333,"1"
"Drews","17",20261017,"TCGA-L5-A4OH","ESCA","1",0.99979704618454,"1"
"Drews","17",20261017,"TCGA-L5-A8NV","ESCA","1",0.999468266963959,"1"
"Drews","17",20261017,"TCGA-LN-A49M","ESCA","1",0.999935507774353,"1"
"Drews","17",20261017,"TCGA-LN-A4MQ","ESCA","1",0.999810993671417,"1"
"Drews","17",20261017,"TCGA-LN-A5U5","ESCA","1",0.999710619449615,"1"
"Drews","17",20261017,"TCGA-LN-A5U6","ESCA","1",0.999952673912048,"1"
"Drews","17",20261017,"TCGA-V5-A7RB","ESCA","1",0.999790966510773,"1"
"Drews","17",20261017,"TCGA-V5-A7RC","ESCA","1",0.999855279922485,"1"
"Drews","17",20261017,"TCGA-V5-AASW","ESCA","1",0.999931216239929,"1"
"Drews","17",20261017,"TCGA-VR-A8ER","ESCA","1",0.999979853630066,"1"
"Drews","17",20261017,"TCGA-VR-A8EW","ESCA","1",0.999258697032928,"1"
"Drews","17",20261017,"TCGA-06-0129","GBM","1",0.991367161273956,"1"
"Drews","17",20261017,"TCGA-06-5856","GBM","1",0.980579435825348,"1"
"Drews","17",20261017,"TCGA-26-1442","GBM","2",0.463370621204376,"2"
"Drews","17",20261017,"TCGA-27-1837","GBM","2",0.579862415790558,"1"
"Drews","17",20261017,"TCGA-27-2528","GBM","1",0.608134746551514,"1"
"Drews","17",20261017,"TCGA-76-4931","GBM","1",0.941185235977173,"1"
"Drews","17",20261017,"TCGA-BA-5149","HNSC","1",0.996948897838593,"1"
"Drews","17",20261017,"TCGA-BA-6872","HNSC","1",0.998567044734955,"1"
"Drews","17",20261017,"TCGA-CN-5363","HNSC","1",0.99960321187973,"1"
"Drews","17",20261017,"TCGA-CN-A49A","HNSC","1",0.999750196933746,"1"
"Drews","17",20261017,"TCGA-CR-7371","HNSC","1",0.993445634841919,"1"
"Drews","17",20261017,"TCGA-CR-7374","HNSC","1",0.999376356601715,"1"
"Drews","17",20261017,"TCGA-CV-5430","HNSC","1",0.999863147735596,"1"
"Drews","17",20261017,"TCGA-CV-6937","HNSC","1",0.998286545276642,"1"
"Drews","17",20261017,"TCGA-CV-6941","HNSC","1",0.921955466270447,"1"
"Drews","17",20261017,"TCGA-CV-7245","HNSC","1",0.995119690895081,"1"
"Drews","17",20261017,"TCGA-CV-7255","HNSC","1",0.998908519744873,"1"
"Drews","17",20261017,"TCGA-CV-7414","HNSC","1",0.997496664524078,"1"
"Drews","17",20261017,"TCGA-CV-7415","HNSC","1",0.999861121177673,"1"
"Drews","17",20261017,"TCGA-CV-7434","HNSC","1",0.981011390686035,"1"
"Drews","17",20261017,"TCGA-CV-7437","HNSC","1",0.999554812908173,"1"
"Drews","17",20261017,"TCGA-D6-6827","HNSC","1",0.942266464233398,"1"
"Drews","17",20261017,"TCGA-DQ-7591","HNSC","1",0.958288550376892,"1"
"Drews","17",20261017,"TCGA-F7-A624","HNSC","2",0.863491833209991,"1"
"Drews","17",20261017,"TCGA-MZ-A7D7","HNSC","1",0.997312188148499,"1"
"Drews","17",20261017,"TCGA-QK-A8Z9","HNSC","1",0.999907255172729,"1"
"Drews","17",20261017,"TCGA-QK-A8ZA","HNSC","1",0.999862670898438,"1"
"Drews","17",20261017,"TCGA-UF-A71A","HNSC","1",0.999525547027588,"1"
"Drews","17",20261017,"TCGA-UF-A71D","HNSC","1",0.973583221435547,"1"
"Drews","17",20261017,"TCGA-KL-8326","KICH","2",0.0111990114673972,"2"
"Drews","17",20261017,"TCGA-KL-8332","KICH","2",0.0303385350853205,"2"
"Drews","17",20261017,"TCGA-KL-8346","KICH","2",0.231678813695908,"2"
"Drews","17",20261017,"TCGA-KN-8429","KICH","2",0.0113052558153868,"2"
"Drews","17",20261017,"TCGA-KN-8434","KICH","2",0.00816714577376842,"2"
"Drews","17",20261017,"TCGA-KN-8436","KICH","2",0.0682505294680595,"2"
"Drews","17",20261017,"TCGA-KO-8408","KICH","2",0.268857032060623,"2"
"Drews","17",20261017,"TCGA-A3-3383","KIRC","2",0.000413325760746375,"2"
"Drews","17",20261017,"TCGA-AK-3453","KIRC","2",0.0199666973203421,"2"
"Drews","17",20261017,"TCGA-B0-4710","KIRC","2",0.000288442504825071,"2"
"Drews","17",20261017,"TCGA-B2-4099","KIRC","2",0.00107981055043638,"2"
"Drews","17",20261017,"TCGA-B8-5549","KIRC","2",0.00024527171626687,"2"
"Drews","17",20261017,"TCGA-BP-4161","KIRC","2",9.43822087720037e-05,"2"
"Drews","17",20261017,"TCGA-CJ-4640","KIRC","2",0.00101987970992923,"2"
"Drews","17",20261017,"TCGA-CJ-4903","KIRC","2",0.000243200862314552,"2"
"Drews","17",20261017,"TCGA-CJ-5677","KIRC","2",0.0778518617153168,"2"
"Drews","17",20261017,"TCGA-CJ-6027","KIRC","2",0.00407563475891948,"2"
"Drews","17",20261017,"TCGA-CW-5580","KIRC","2",0.000393128808354959,"2"
"Drews","17",20261017,"TCGA-CZ-4864","KIRC","2",0.000581531610805541,"2"
"Drews","17",20261017,"TCGA-CZ-5457","KIRC","2",5.06293108628597e-05,"2"
"Drews","17",20261017,"TCGA-CZ-5985","KIRC","2",0.000311208394123241,"2"
"Drews","17",20261017,"TCGA-EU-5907","KIRC","2",0.000803828181233257,"2"
"Drews","17",20261017,"TCGA-2Z-A9JJ","KIRP","1",0.00253449403680861,"2"
"Drews","17",20261017,"TCGA-2Z-A9JP","KIRP","2",0.0160515978932381,"2"
"Drews","17",20261017,"TCGA-A4-A4ZT","KIRP","2",0.0775710716843605,"2"
"Drews","17",20261017,"TCGA-B3-4104","KIRP","1",0.889464735984802,"1"
"Drews","17",20261017,"TCGA-B9-A69E","KIRP","1",0.021357886493206,"2"
"Drews","17",20261017,"TCGA-BQ-5876","KIRP","2",0.0183201245963573,"2"
"Drews","17",20261017,"TCGA-BQ-5885","KIRP","2",0.040059506893158,"2"
"Drews","17",20261017,"TCGA-P4-A5EB","KIRP","2",0.0074485382065177,"2"
"Drews","17",20261017,"TCGA-Q2-A5QZ","KIRP","1",0.563444793224335,"1"
"Drews","17",20261017,"TCGA-CS-5393","LGG","1",0.0965295806527138,"2"
"Drews","17",20261017,"TCGA-CS-6666","LGG","1",0.465397566556931,"2"
"Drews","17",20261017,"TCGA-DH-A7US","LGG","2",0.0211654994636774,"2"
"Drews","17",20261017,"TCGA-DU-5855","LGG","2",0.0618586055934429,"2"
"Drews","17",20261017,"TCGA-DU-6399","LGG","2",0.0550052635371685,"2"
"Drews","17",20261017,"TCGA-DU-6410","LGG","2",0.128341943025589,"2"
"Drews","17",20261017,"TCGA-E1-5304","LGG","1",0.980150580406189,"1"
"Drews","17",20261017,"TCGA-E1-A7Z3","LGG","2",0.0172450561076403,"2"
"Drews","17",20261017,"TCGA-FG-5962","LGG","2",0.00172421778552234,"2"
"Drews","17",20261017,"TCGA-FG-7634","LGG","2",0.0194219499826431,"2"
"Drews","17",20261017,"TCGA-FG-8191","LGG","2",0.132099971175194,"2"
"Drews","17",20261017,"TCGA-FG-A87Q","LGG","1",0.54795515537262,"1"
"Drews","17",20261017,"TCGA-HT-7693","LGG","2",0.113071911036968,"2"
"Drews","17",20261017,"TCGA-HT-7860","LGG","2",0.141729533672333,"2"
"Drews","17",20261017,"TCGA-HT-7875","LGG","2",0.000686139741446823,"2"
"Drews","17",20261017,"TCGA-IK-7675","LGG","1",0.781649827957153,"1"
"Drews","17",20261017,"TCGA-QH-A6CY","LGG","2",0.00721164513379335,"2"
"Drews","17",20261017,"TCGA-QH-A6X5","LGG","2",0.0131754716858268,"2"
"Drews","17",20261017,"TCGA-R8-A73M","LGG","2",0.00949548464268446,"2"
"Drews","17",20261017,"TCGA-S9-A6WO","LGG","2",0.0373338684439659,"2"
"Drews","17",20261017,"TCGA-S9-A7R8","LGG","1",0.221530348062515,"2"
"Drews","17",20261017,"TCGA-TM-A84B","LGG","1",0.401762098073959,"2"
"Drews","17",20261017,"TCGA-TQ-A7RJ","LGG","2",0.0593418926000595,"2"
"Drews","17",20261017,"TCGA-VM-A8CE","LGG","2",0.00323779718019068,"2"
"Drews","17",20261017,"TCGA-2Y-A9H0","LIHC","1",0.998578786849976,"1"
"Drews","17",20261017,"TCGA-2Y-A9H3","LIHC","1",0.963471472263336,"1"
"Drews","17",20261017,"TCGA-2Y-A9H7","LIHC","2",0.883657097816467,"1"
"Drews","17",20261017,"TCGA-2Y-A9HA","LIHC","1",0.947750389575958,"1"
"Drews","17",20261017,"TCGA-4R-AA8I","LIHC","1",0.943367183208466,"1"
"Drews","17",20261017,"TCGA-BC-A10Y","LIHC","1",0.995360910892487,"1"
"Drews","17",20261017,"TCGA-DD-A3A5","LIHC","1",0.921912252902985,"1"
"Drews","17",20261017,"TCGA-DD-A4NI","LIHC","2",0.0318492390215397,"2"
"Drews","17",20261017,"TCGA-DD-AACH","LIHC","1",0.993928194046021,"1"
"Drews","17",20261017,"TCGA-DD-AACX","LIHC","2",0.377866119146347,"2"
"Drews","17",20261017,"TCGA-DD-AADC","LIHC","1",0.998661160469055,"1"
"Drews","17",20261017,"TCGA-DD-AADF","LIHC","1",0.990067481994629,"1"
"Drews","17",20261017,"TCGA-DD-AADN","LIHC","1",0.988234162330627,"1"
"Drews","17",20261017,"TCGA-DD-AAVY","LIHC","2",0.191390991210938,"2"
"Drews","17",20261017,"TCGA-EP-A2KC","LIHC","2",0.486145287752151,"2"
"Drews","17",20261017,"TCGA-FV-A496","LIHC","1",0.960591495037079,"1"
"Drews","17",20261017,"TCGA-G3-A6UC","LIHC","1",0.0636100247502327,"2"
"Drews","17",20261017,"TCGA-G3-A7M7","LIHC","2",0.276448965072632,"2"
"Drews","17",20261017,"TCGA-LG-A9QD","LIHC","2",0.0513193272054195,"2"
"Drews","17",20261017,"TCGA-RC-A6M3","LIHC","1",0.997311234474182,"1"
"Drews","17",20261017,"TCGA-ZP-A9D1","LIHC","2",0.231468290090561,"2"
"Drews","17",20261017,"TCGA-49-AAR0","LUAD","1",0.999427855014801,"1"
"Drews","17",20261017,"TCGA-50-6591","LUAD","1",0.99997079372406,"1"
"Drews","17",20261017,"TCGA-50-6594","LUAD","1",0.998678982257843,"1"
"Drews","17",20261017,"TCGA-50-8457","LUAD","2",0.812443375587463,"1"
"Drews","17",20261017,"TCGA-53-7624","LUAD","1",0.999990820884705,"1"
"Drews","17",20261017,"TCGA-55-1595","LUAD","1",0.999972820281982,"1"
"Drews","17",20261017,"TCGA-55-5899","LUAD","1",0.999646902084351,"1"
"Drews","17",20261017,"TCGA-55-6975","LUAD","1",0.999866962432861,"1"
"Drews","17",20261017,"TCGA-55-7907","LUAD","1",0.99905389547348,"1"
"Drews","17",20261017,"TCGA-55-7994","LUAD","1",0.996462166309357,"1"
"Drews","17",20261017,"TCGA-55-8094","LUAD","1",0.999874591827393,"1"
"Drews","17",20261017,"TCGA-55-A48Z","LUAD","1",0.999946475028992,"1"
"Drews","17",20261017,"TCGA-55-A490","LUAD","1",0.999880433082581,"1"
"Drews","17",20261017,"TCGA-62-A46Y","LUAD","2",0.73657888174057,"1"
"Drews","17",20261017,"TCGA-64-5774","LUAD","1",0.999893665313721,"1"
"Drews","17",20261017,"TCGA-67-3772","LUAD","1",0.92911833524704,"1"
"Drews","17",20261017,"TCGA-69-7980","LUAD","1",0.999848365783691,"1"
"Drews","17",20261017,"TCGA-78-7146","LUAD","1",0.99979704618454,"1"
"Drews","17",20261017,"TCGA-78-8662","LUAD","1",0.999968767166138,"1"
"Drews","17",20261017,"TCGA-86-6851","LUAD","1",0.999890565872192,"1"
"Drews","17",20261017,"TCGA-86-8056","LUAD","1",0.982823073863983,"1"
"Drews","17",20261017,"TCGA-86-8280","LUAD","1",0.998710036277771,"1"
"Drews","17",20261017,"TCGA-91-6840","LUAD","1",0.999105274677277,"1"
"Drews","17",20261017,"TCGA-95-7039","LUAD","1",0.998772442340851,"1"
"Drews","17",20261017,"TCGA-97-7547","LUAD","1",0.769653141498566,"1"
"Drews","17",20261017,"TCGA-L9-A444","LUAD","1",0.999913573265076,"1"
"Drews","17",20261017,"TCGA-MP-A4SW","LUAD","1",0.998833000659943,"1"
"Drews","17",20261017,"TCGA-18-3411","LUSC","1",0.997428596019745,"1"
"Drews","17",20261017,"TCGA-21-1080","LUSC","1",0.999737322330475,"1"
"Drews","17",20261017,"TCGA-21-5783","LUSC","1",0.999637961387634,"1"
"Drews","17",20261017,"TCGA-33-4587","LUSC","1",0.998943388462067,"1"
"Drews","17",20261017,"TCGA-33-AAS8","LUSC","1",0.999640822410583,"1"
"Drews","17",20261017,"TCGA-37-4135","LUSC","1",0.999959468841553,"1"
"Drews","17",20261017,"TCGA-37-5819","LUSC","1",0.999924540519714,"1"
"Drews","17",20261017,"TCGA-39-5035","LUSC","1",0.99822872877121,"1"
"Drews","17",20261017,"TCGA-39-5037","LUSC","1",0.999902248382568,"1"
"Drews","17",20261017,"TCGA-43-A56V","LUSC","1",0.999921441078186,"1"
"Drews","17",20261017,"TCGA-46-6025","LUSC","1",0.999860763549805,"1"
"Drews","17",20261017,"TCGA-56-8626","LUSC","1",0.998576045036316,"1"
"Drews","17",20261017,"TCGA-56-8628","LUSC","1",0.998006522655487,"1"
"Drews","17",20261017,"TCGA-60-2698","LUSC","1",0.999775230884552,"1"
"Drews","17",20261017,"TCGA-60-2726","LUSC","1",0.999494194984436,"1"
"Drews","17",20261017,"TCGA-63-A5MB","LUSC","1",0.999920845031738,"1"
"Drews","17",20261017,"TCGA-63-A5MH","LUSC","1",0.999268591403961,"1"
"Drews","17",20261017,"TCGA-63-A5MW","LUSC","1",0.999957919120789,"1"
"Drews","17",20261017,"TCGA-63-A5MY","LUSC","1",0.999983191490173,"1"
"Drews","17",20261017,"TCGA-66-2768","LUSC","1",0.999892711639404,"1"
"Drews","17",20261017,"TCGA-66-2791","LUSC","1",0.998026311397552,"1"
"Drews","17",20261017,"TCGA-66-2800","LUSC","1",0.999656915664673,"1"
"Drews","17",20261017,"TCGA-77-6843","LUSC","1",0.999848961830139,"1"
"Drews","17",20261017,"TCGA-77-8009","LUSC","1",0.999933123588562,"1"
"Drews","17",20261017,"TCGA-85-7696","LUSC","1",0.999821364879608,"1"
"Drews","17",20261017,"TCGA-85-8070","LUSC","1",0.999849438667297,"1"
"Drews","17",20261017,"TCGA-85-8351","LUSC","1",0.991716921329498,"1"
"Drews","17",20261017,"TCGA-85-A4QR","LUSC","1",0.999975562095642,"1"
"Drews","17",20261017,"TCGA-85-A510","LUSC","1",0.999783098697662,"1"
"Drews","17",20261017,"TCGA-94-A4VJ","LUSC","1",0.999568164348602,"1"
"Drews","17",20261017,"TCGA-96-A4JK","LUSC","1",0.999525427818298,"1"
"Drews","17",20261017,"TCGA-98-8020","LUSC","1",0.997884452342987,"1"
"Drews","17",20261017,"TCGA-98-8022","LUSC","1",0.999280035495758,"1"
"Drews","17",20261017,"TCGA-L3-A524","LUSC","1",0.999990224838257,"1"
"Drews","17",20261017,"TCGA-MQ-A4LJ","MESO","1",0.67615008354187,"1"
"Drews","17",20261017,"TCGA-TS-A7OZ","MESO","1",0.999736487865448,"1"
"Drews","17",20261017,"TCGA-UD-AAC7","MESO","1",0.996706545352936,"1"
"Drews","17",20261017,"TCGA-ZN-A9VU","MESO","2",0.616779208183289,"1"
"Drews","17",20261017,"TCGA-09-1674","OV","1",0.999935507774353,"1"
"Drews","17",20261017,"TCGA-09-2056","OV","1",0.998546779155731,"1"
"Drews","17",20261017,"TCGA-10-0928","OV","1",0.999885559082031,"1"
"Drews","17",20261017,"TCGA-13-0920","OV","1",0.999933004379272,"1"
"Drews","17",20261017,"TCGA-13-2060","OV","1",0.999989032745361,"1"
"Drews","17",20261017,"TCGA-20-1683","OV","1",0.999853372573853,"1"
"Drews","17",20261017,"TCGA-20-1687","OV","1",0.977315306663513,"1"
"Drews","17",20261017,"TCGA-23-1809","OV","1",0.999814927577972,"1"
"Drews","17",20261017,"TCGA-24-1417","OV","1",0.999974250793457,"1"
"Drews","17",20261017,"TCGA-24-1430","OV","1",0.998253047466278,"1"
"Drews","17",20261017,"TCGA-24-1552","OV","1",0.999989628791809,"1"
"Drews","17",20261017,"TCGA-24-1564","OV","1",0.998888313770294,"1"
"Drews","17",20261017,"TCGA-24-2035","OV","1",0.999948501586914,"1"
"Drews","17",20261017,"TCGA-24-2254","OV","1",0.999429762363434,"1"
"Drews","17",20261017,"TCGA-24-2289","OV","1",0.999995589256287,"1"
"Drews","17",20261017,"TCGA-24-2290","OV","1",0.999866843223572,"1"
"Drews","17",20261017,"TCGA-24-2298","OV","1",0.999796092510223,"1"
"Drews","17",20261017,"TCGA-25-2391","OV","1",0.999108254909515,"1"
"Drews","17",20261017,"TCGA-25-2398","OV","1",0.999831795692444,"1"
"Drews","17",20261017,"TCGA-29-1696","OV","1",0.990744769573212,"1"
"Drews","17",20261017,"TCGA-29-1701","OV","1",0.99998939037323,"1"
"Drews","17",20261017,"TCGA-29-1705","OV","1",0.999994039535522,"1"
"Drews","17",20261017,"TCGA-29-1763","OV","1",0.999887228012085,"1"
"Drews","17",20261017,"TCGA-29-1781","OV","1",0.999825417995453,"1"
"Drews","17",20261017,"TCGA-29-1784","OV","1",0.999976873397827,"1"
"Drews","17",20261017,"TCGA-30-1862","OV","1",0.999858975410461,"1"
"Drews","17",20261017,"TCGA-59-2352","OV","1",0.999827742576599,"1"
"Drews","17",20261017,"TCGA-61-1725","OV","1",0.999865293502808,"1"
"Drews","17",20261017,"TCGA-61-1907","OV","1",0.999976277351379,"1"
"Drews","17",20261017,"TCGA-61-2002","OV","1",0.999683856964111,"1"
"Drews","17",20261017,"TCGA-61-2003","OV","1",0.999890923500061,"1"
"Drews","17",20261017,"TCGA-61-2008","OV","1",0.999852776527405,"1"
"Drews","17",20261017,"TCGA-61-2109","OV","1",0.999912619590759,"1"
"Drews","17",20261017,"TCGA-3A-A9IB","PAAD","1",0.988234877586365,"1"
"Drews","17",20261017,"TCGA-3A-A9IZ","PAAD","1",0.997443795204163,"1"
"Drews","17",20261017,"TCGA-IB-A6UF","PAAD","1",0.9924556016922,"1"
"Drews","17",20261017,"TCGA-IB-AAUO","PAAD","1",0.967807948589325,"1"
"Drews","17",20261017,"TCGA-PZ-A5RE","PAAD","1",0.996973395347595,"1"
"Drews","17",20261017,"TCGA-QR-A6GU","PCPG","2",0.119098275899887,"2"
"Drews","17",20261017,"TCGA-QR-A6GX","PCPG","2",0.339184612035751,"2"
"Drews","17",20261017,"TCGA-QR-A6ZZ","PCPG","1",0.0592702589929104,"2"
"Drews","17",20261017,"TCGA-QT-A69Q","PCPG","2",0.354372382164001,"2"
"Drews","17",20261017,"TCGA-S7-A7WN","PCPG","2",0.102068118751049,"2"
"Drews","17",20261017,"TCGA-SP-A6QD","PCPG","2",0.28950959444046,"2"
"Drews","17",20261017,"TCGA-SR-A6MR","PCPG","1",0.0315707325935364,"2"
"Drews","17",20261017,"TCGA-SR-A6MV","PCPG","2",0.0582098923623562,"2"
"Drews","17",20261017,"TCGA-W2-A7H7","PCPG","2",0.183862760663033,"2"
"Drews","17",20261017,"TCGA-WB-A81T","PCPG","2",0.0271820761263371,"2"
"Drews","17",20261017,"TCGA-CH-5737","PRAD","1",0.869450211524963,"1"
"Drews","17",20261017,"TCGA-CH-5765","PRAD","2",0.991719126701355,"1"
"Drews","17",20261017,"TCGA-EJ-5524","PRAD","1",0.938914120197296,"1"
"Drews","17",20261017,"TCGA-EJ-8469","PRAD","1",0.979983150959015,"1"
"Drews","17",20261017,"TCGA-EJ-A8FN","PRAD","1",0.460936069488525,"2"
"Drews","17",20261017,"TCGA-G9-6384","PRAD","2",0.393664360046387,"2"
"Drews","17",20261017,"TCGA-HC-7080","PRAD","1",0.920913577079773,"1"
"Drews","17",20261017,"TCGA-HC-A4ZV","PRAD","1",0.999541163444519,"1"
"Drews","17",20261017,"TCGA-HC-A76W","PRAD","2",0.820405602455139,"1"
"Drews","17",20261017,"TCGA-HI-7168","PRAD","1",0.998949110507965,"1"
"Drews","17",20261017,"TCGA-KC-A4BV","PRAD","1",0.9791379570961,"1"
"Drews","17",20261017,"TCGA-KK-A7AQ","PRAD","1",0.992232441902161,"1"
"Drews","17",20261017,"TCGA-V1-A8WW","PRAD","1",0.999675154685974,"1"
"Drews","17",20261017,"TCGA-V1-A9O5","PRAD","1",0.99971467256546,"1"
"Drews","17",20261017,"TCGA-V1-A9ZR","PRAD","1",0.906533241271973,"1"
"Drews","17",20261017,"TCGA-XJ-A83H","PRAD","2",0.957759320735931,"1"
"Drews","17",20261017,"TCGA-YJ-A8SW","PRAD","1",0.999641180038452,"1"
"Drews","17",20261017,"TCGA-ZG-A9ND","PRAD","1",0.998869001865387,"1"
"Drews","17",20261017,"TCGA-AF-3913","READ","1",0.984520494937897,"1"
"Drews","17",20261017,"TCGA-AG-3878","READ","2",0.913966655731201,"1"
"Drews","17",20261017,"TCGA-AG-3881","READ","1",0.991655707359314,"1"
"Drews","17",20261017,"TCGA-AG-3896","READ","1",0.957556188106537,"1"
"Drews","17",20261017,"TCGA-AG-4022","READ","2",0.763490498065948,"1"
"Drews","17",20261017,"TCGA-AG-A02N","READ","2",0.312451869249344,"2"
"Drews","17",20261017,"TCGA-AG-A02X","READ","1",0.983607828617096,"1"
"Drews","17",20261017,"TCGA-G5-6572","READ","2",0.122233338654041,"2"
"Drews","17",20261017,"TCGA-G5-6641","READ","1",0.956838846206665,"1"
"Drews","17",20261017,"TCGA-3B-A9HV","SARC","1",0.999711453914642,"1"
"Drews","17",20261017,"TCGA-3B-A9I1","SARC","1",0.997343480587006,"1"
"Drews","17",20261017,"TCGA-DX-A1KW","SARC","1",0.999800384044647,"1"
"Drews","17",20261017,"TCGA-DX-A23Y","SARC","1",0.998575806617737,"1"
"Drews","17",20261017,"TCGA-DX-A6BF","SARC","1",0.997434675693512,"1"
"Drews","17",20261017,"TCGA-DX-A7EF","SARC","1",0.999925255775452,"1"
"Drews","17",20261017,"TCGA-DX-AATS","SARC","1",0.999987840652466,"1"
"Drews","17",20261017,"TCGA-DX-AB2Q","SARC","1",0.999517560005188,"1"
"Drews","17",20261017,"TCGA-DX-AB35","SARC","1",0.998828113079071,"1"
"Drews","17",20261017,"TCGA-HB-A3YV","SARC","1",0.99926370382309,"1"
"Drews","17",20261017,"TCGA-HB-A43Z","SARC","1",0.9997838139534,"1"
"Drews","17",20261017,"TCGA-IS-A3KA","SARC","1",0.991156578063965,"1"
"Drews","17",20261017,"TCGA-JV-A5VF","SARC","1",0.999646902084351,"1"
"Drews","17",20261017,"TCGA-JV-A75J","SARC","1",0.999079942703247,"1"
"Drews","17",20261017,"TCGA-KD-A5QS","SARC","1",0.999657273292542,"1"
"Drews","17",20261017,"TCGA-PC-A5DK","SARC","2",0.989766061306,"1"
"Drews","17",20261017,"TCGA-PC-A5DM","SARC","1",0.999626159667969,"1"
"Drews","17",20261017,"TCGA-QC-A7B5","SARC","2",0.988418281078339,"1"
"Drews","17",20261017,"TCGA-QQ-A5VD","SARC","2",0.977058708667755,"1"
"Drews","17",20261017,"TCGA-QQ-A8VH","SARC","1",0.999941349029541,"1"
"Drews","17",20261017,"TCGA-SG-A6Z7","SARC","1",0.999885082244873,"1"
"Drews","17",20261017,"TCGA-SI-A71O","SARC","1",0.999607026576996,"1"
"Drews","17",20261017,"TCGA-WK-A8XO","SARC","1",0.995910286903381,"1"
"Drews","17",20261017,"TCGA-Z4-AAPF","SARC","2",0.985327124595642,"1"
"Drews","17",20261017,"TCGA-BF-A3DJ","SKCM","2",0.967644929885864,"1"
"Drews","17",20261017,"TCGA-BF-AAP2","SKCM","1",0.743893802165985,"1"
"Drews","17",20261017,"TCGA-EB-A3XB","SKCM","2",0.79814201593399,"1"
"Drews","17",20261017,"TCGA-EB-A4OY","SKCM","1",0.978741586208344,"1"
"Drews","17",20261017,"TCGA-EB-A57M","SKCM","1",0.977062821388245,"1"
"Drews","17",20261017,"TCGA-EB-A82B","SKCM","1",0.945054709911346,"1"
"Drews","17",20261017,"TCGA-FR-A2OS","SKCM","1",0.969362795352936,"1"
"Drews","17",20261017,"TCGA-XV-AAZW","SKCM","1",0.819714307785034,"1"
"Drews","17",20261017,"TCGA-BR-6455","STAD","2",0.822139978408813,"1"
"Drews","17",20261017,"TCGA-BR-6456","STAD","1",0.999831438064575,"1"
"Drews","17",20261017,"TCGA-BR-6458","STAD","1",0.999565780162811,"1"
"Drews","17",20261017,"TCGA-BR-8077","STAD","1",0.99857771396637,"1"
"Drews","17",20261017,"TCGA-BR-8485","STAD","1",0.99991762638092,"1"
"Drews","17",20261017,"TCGA-BR-8486","STAD","1",0.980385541915894,"1"
"Drews","17",20261017,"TCGA-BR-A4J1","STAD","1",0.999305248260498,"1"
"Drews","17",20261017,"TCGA-BR-A4J6","STAD","1",0.56419962644577,"1"
"Drews","17",20261017,"TCGA-CD-5800","STAD","1",0.999984383583069,"1"
"Drews","17",20261017,"TCGA-D7-A4YY","STAD","1",0.445474773645401,"2"
"Drews","17",20261017,"TCGA-D7-A6EX","STAD","1",0.990210890769958,"1"
"Drews","17",20261017,"TCGA-EQ-A4SO","STAD","1",0.988634705543518,"1"
"Drews","17",20261017,"TCGA-FP-7829","STAD","1",0.969766676425934,"1"
"Drews","17",20261017,"TCGA-FP-8211","STAD","1",0.999533414840698,"1"
"Drews","17",20261017,"TCGA-HU-8249","STAD","1",0.998349905014038,"1"
"Drews","17",20261017,"TCGA-HU-A4GF","STAD","1",0.999675989151001,"1"
"Drews","17",20261017,"TCGA-HU-A4H2","STAD","1",0.999916195869446,"1"
"Drews","17",20261017,"TCGA-HU-A4HD","STAD","1",0.999917984008789,"1"
"Drews","17",20261017,"TCGA-IN-A6RN","STAD","1",0.999244451522827,"1"
"Drews","17",20261017,"TCGA-MX-A666","STAD","1",0.99960869550705,"1"
"Drews","17",20261017,"TCGA-VQ-A8E7","STAD","1",0.999675869941711,"1"
"Drews","17",20261017,"TCGA-VQ-A8PK","STAD","1",0.99991512298584,"1"
"Drews","17",20261017,"TCGA-VQ-A91A","STAD","1",0.999777495861053,"1"
"Drews","17",20261017,"TCGA-VQ-A91N","STAD","1",0.999820649623871,"1"
"Drews","17",20261017,"TCGA-VQ-A94O","STAD","1",0.999701321125031,"1"
"Drews","17",20261017,"TCGA-VQ-A94R","STAD","1",0.99904853105545,"1"
"Drews","17",20261017,"TCGA-VQ-AA6D","STAD","1",0.999991893768311,"1"
"Drews","17",20261017,"TCGA-2G-AAGO","TGCT","1",0.996655344963074,"1"
"Drews","17",20261017,"TCGA-2G-AAH3","TGCT","2",0.345948785543442,"2"
"Drews","17",20261017,"TCGA-2G-AAHL","TGCT","2",0.419953733682632,"2"
"Drews","17",20261017,"TCGA-S6-A8JW","TGCT","2",0.382673352956772,"2"
"Drews","17",20261017,"TCGA-EL-A3CX","THCA","2",0.0853860750794411,"2"
"Drews","17",20261017,"TCGA-EM-A3SY","THCA","2",0.00477514741942286,"2"
"Drews","17",20261017,"TCGA-5U-AB0D","THYM","1",0.977594435214996,"1"
"Drews","17",20261017,"TCGA-5B-A90C","UCEC","1",0.999935746192932,"1"
"Drews","17",20261017,"TCGA-A5-A0GJ","UCEC","1",0.90396773815155,"1"
"Drews","17",20261017,"TCGA-A5-A2K2","UCEC","1",0.995387852191925,"1"
"Drews","17",20261017,"TCGA-AJ-A2QM","UCEC","1",0.997310876846313,"1"
"Drews","17",20261017,"TCGA-AJ-A3BF","UCEC","1",0.999829292297363,"1"
"Drews","17",20261017,"TCGA-AJ-A3QS","UCEC","1",0.999828338623047,"1"
"Drews","17",20261017,"TCGA-AP-A05A","UCEC","1",0.99941086769104,"1"
"Drews","17",20261017,"TCGA-AP-A05D","UCEC","1",0.997316181659698,"1"
"Drews","17",20261017,"TCGA-AP-A05H","UCEC","1",0.999652624130249,"1"
"Drews","17",20261017,"TCGA-AX-A1C7","UCEC","1",0.999083757400513,"1"
"Drews","17",20261017,"TCGA-AX-A1C8","UCEC","1",0.999958872795105,"1"
"Drews","17",20261017,"TCGA-AX-A2IN","UCEC","2",0.981852829456329,"1"
"Drews","17",20261017,"TCGA-AX-A3FS","UCEC","2",0.946850180625916,"1"
"Drews","17",20261017,"TCGA-AX-A3G4","UCEC","1",0.999710619449615,"1"
"Drews","17",20261017,"TCGA-B5-A1N2","UCEC","1",0.999976634979248,"1"
"Drews","17",20261017,"TCGA-BG-A222","UCEC","2",0.869891405105591,"1"
"Drews","17",20261017,"TCGA-BK-A0C9","UCEC","2",0.0285802502185106,"2"
"Drews","17",20261017,"TCGA-BK-A26L","UCEC","1",0.998906135559082,"1"
"Drews","17",20261017,"TCGA-BS-A0TI","UCEC","1",0.993350088596344,"1"
"Drews","17",20261017,"TCGA-D1-A0ZP","UCEC","1",0.999746859073639,"1"
"Drews","17",20261017,"TCGA-D1-A16N","UCEC","1",0.931975781917572,"1"
"Drews","17",20261017,"TCGA-D1-A1O0","UCEC","1",0.997621476650238,"1"
"Drews","17",20261017,"TCGA-D1-A3DH","UCEC","1",0.99989116191864,"1"
"Drews","17",20261017,"TCGA-DI-A2QU","UCEC","1",0.961481630802155,"1"
"Drews","17",20261017,"TCGA-DI-A2QY","UCEC","1",0.99958473443985,"1"
"Drews","17",20261017,"TCGA-EO-A3KW","UCEC","1",0.999979496002197,"1"
"Drews","17",20261017,"TCGA-EY-A1GO","UCEC","2",0.950477004051208,"1"
"Drews","17",20261017,"TCGA-EY-A212","UCEC","1",0.999948263168335,"1"
"Drews","17",20261017,"TCGA-EY-A2OO","UCEC","2",0.245052501559258,"2"
"Drews","17",20261017,"TCGA-EY-A3L3","UCEC","1",0.999827742576599,"1"
"Drews","17",20261017,"TCGA-EY-A547","UCEC","1",0.995547652244568,"1"
"Drews","17",20261017,"TCGA-FI-A2CY","UCEC","1",0.999854564666748,"1"
"Drews","17",20261017,"TCGA-H5-A2HR","UCEC","1",0.999905109405518,"1"
"Drews","17",20261017,"TCGA-SL-A6J9","UCEC","1",0.99991762638092,"1"
"Drews","17",20261017,"TCGA-N5-A4RT","UCS","1",0.999919772148132,"1"
"Drews","17",20261017,"TCGA-N8-A4PN","UCS","1",0.99997341632843,"1"
"Drews","17",20261017,"TCGA-N8-A4PO","UCS","1",0.999310731887817,"1"
"Drews","17",20261017,"TCGA-N9-A4PZ","UCS","1",0.999607741832733,"1"
"Drews","17",20261017,"TCGA-N9-A4Q1","UCS","1",0.999945998191833,"1"
"Drews","17",20261017,"TCGA-NA-A4QV","UCS","1",0.999967455863953,"1"
"Drews","17",20261017,"TCGA-NF-A5CP","UCS","1",0.999986290931702,"1"
"Drews","17",20261017,"TCGA-V4-A9EO","UVM","2",0.00623459089547396,"2"
"Drews","17",20261017,"TCGA-VD-A8K8","UVM","2",0.00553913181647658,"2"
"Drews","17",20261017,"TCGA-VD-A8KF","UVM","2",0.00183862843550742,"2"
"Drews","17",20261017,"TCGA-VD-A8KN","UVM","2",0.00847886689007282,"2"
"Drews","18",20261018,"TCGA-OR-A5J1","ACC","1",0.644182622432709,"1"
"Drews","18",20261018,"TCGA-OR-A5J5","ACC","2",0.753786146640778,"1"
"Drews","18",20261018,"TCGA-OR-A5K1","ACC","2",0.0354819148778915,"2"
"Drews","18",20261018,"TCGA-OR-A5K2","ACC","1",0.944116711616516,"1"
"Drews","18",20261018,"TCGA-OR-A5KU","ACC","2",0.448027163743973,"2"
"Drews","18",20261018,"TCGA-OR-A5LG","ACC","1",0.290692299604416,"2"
"Drews","18",20261018,"TCGA-OR-A5LK","ACC","2",0.22518065571785,"2"
"Drews","18",20261018,"TCGA-OR-A5LN","ACC","2",0.00970334280282259,"2"
"Drews","18",20261018,"TCGA-4Z-AA7R","BLCA","1",0.999983906745911,"1"
"Drews","18",20261018,"TCGA-BL-A13J","BLCA","1",0.999983310699463,"1"
"Drews","18",20261018,"TCGA-BT-A20P","BLCA","1",0.870055139064789,"1"
"Drews","18",20261018,"TCGA-BT-A20V","BLCA","1",0.999659538269043,"1"
"Drews","18",20261018,"TCGA-BT-A2LA","BLCA","1",0.999535202980042,"1"
"Drews","18",20261018,"TCGA-CF-A1HR","BLCA","1",0.6854487657547,"1"
"Drews","18",20261018,"TCGA-DK-A1A5","BLCA","1",0.996858596801758,"1"
"Drews","18",20261018,"TCGA-DK-A1A6","BLCA","1",0.998077511787415,"1"
"Drews","18",20261018,"TCGA-DK-A1A7","BLCA","1",0.999648332595825,"1"
"Drews","18",20261018,"TCGA-DK-A2HX","BLCA","1",0.999684929847717,"1"
"Drews","18",20261018,"TCGA-DK-A3IL","BLCA","1",0.999634742736816,"1"
"Drews","18",20261018,"TCGA-DK-A3X1","BLCA","1",0.9999098777771,"1"
"Drews","18",20261018,"TCGA-DK-A6AV","BLCA","1",0.999864816665649,"1"
"Drews","18",20261018,"TCGA-DK-AA76","BLCA","1",0.998568177223206,"1"
"Drews","18",20261018,"TCGA-E5-A4U1","BLCA","1",0.998537659645081,"1"
"Drews","18",20261018,"TCGA-FD-A3SR","BLCA","1",0.999971866607666,"1"
"Drews","18",20261018,"TCGA-FJ-A3ZF","BLCA","1",0.999971151351929,"1"
"Drews","18",20261018,"TCGA-G2-A3IE","BLCA","1",0.996678352355957,"1"
"Drews","18",20261018,"TCGA-GD-A2C5","BLCA","1",0.999595463275909,"1"
"Drews","18",20261018,"TCGA-GD-A6C6","BLCA","1",0.999291896820068,"1"
"Drews","18",20261018,"TCGA-GV-A3JW","BLCA","1",0.999960064888,"1"
"Drews","18",20261018,"TCGA-GV-A3JX","BLCA","1",0.999976873397827,"1"
"Drews","18",20261018,"TCGA-K4-A3WV","BLCA","1",0.999959230422974,"1"
"Drews","18",20261018,"TCGA-LT-A5Z6","BLCA","1",0.999725639820099,"1"
"Drews","18",20261018,"TCGA-UY-A78N","BLCA","1",0.955469250679016,"1"
"Drews","18",20261018,"TCGA-UY-A9PH","BLCA","1",0.999735295772552,"1"
"Drews","18",20261018,"TCGA-XF-A9SH","BLCA","1",0.405979692935944,"2"
"Drews","18",20261018,"TCGA-XF-A9SK","BLCA","1",0.99848085641861,"1"
"Drews","18",20261018,"TCGA-XF-A9ST","BLCA","1",0.997932910919189,"1"
"Drews","18",20261018,"TCGA-XF-A9T6","BLCA","1",0.998831927776337,"1"
"Drews","18",20261018,"TCGA-XF-AAMG","BLCA","1",0.999969840049744,"1"
"Drews","18",20261018,"TCGA-ZF-A9RM","BLCA","1",0.999123632907867,"1"
"Drews","18",20261018,"TCGA-ZF-AA5H","BLCA","1",0.999929547309875,"1"
"Drews","18",20261018,"TCGA-3C-AAAU","BRCA","1",0.976393342018127,"1"
"Drews","18",20261018,"TCGA-3C-AALK","BRCA","1",0.903469502925873,"1"
"Drews","18",20261018,"TCGA-A1-A0SI","BRCA","2",0.999196112155914,"1"
"Drews","18",20261018,"TCGA-A1-A0SK","BRCA","1",0.999818503856659,"1"
"Drews","18",20261018,"TCGA-A1-A0SM","BRCA","1",0.998901724815369,"1"
"Drews","18",20261018,"TCGA-A1-A0SO","BRCA","1",0.999950170516968,"1"
"Drews","18",20261018,"TCGA-A1-A0SP","BRCA","1",0.999289989471436,"1"
"Drews","18",20261018,"TCGA-A2-A0T2","BRCA","1",0.999809801578522,"1"
"Drews","18",20261018,"TCGA-A2-A0T5","BRCA","1",0.029860096052289,"2"
"Drews","18",20261018,"TCGA-A2-A0T7","BRCA","1",0.991887867450714,"1"
"Drews","18",20261018,"TCGA-A2-A1FX","BRCA","1",0.996981561183929,"1"
"Drews","18",20261018,"TCGA-A7-A2KD","BRCA","1",0.999307513237,"1"
"Drews","18",20261018,"TCGA-A8-A06N","BRCA","1",0.997624695301056,"1"
"Drews","18",20261018,"TCGA-A8-A06U","BRCA","1",0.999990701675415,"1"
"Drews","18",20261018,"TCGA-A8-A06Z","BRCA","1",0.998465180397034,"1"
"Drews","18",20261018,"TCGA-A8-A07G","BRCA","1",0.967088520526886,"1"
"Drews","18",20261018,"TCGA-A8-A095","BRCA","2",0.593519389629364,"1"
"Drews","18",20261018,"TCGA-A8-A09K","BRCA","1",0.999430358409882,"1"
"Drews","18",20261018,"TCGA-A8-A09W","BRCA","1",0.999921441078186,"1"
"Drews","18",20261018,"TCGA-AC-A3OD","BRCA","1",0.705655038356781,"1"
"Drews","18",20261018,"TCGA-AC-A5EH","BRCA","1",0.995965123176575,"1"
"Drews","18",20261018,"TCGA-AC-A7VB","BRCA","1",0.999923586845398,"1"
"Drews","18",20261018,"TCGA-AN-A04A","BRCA","1",0.999659299850464,"1"
"Drews","18",20261018,"TCGA-AN-A04C","BRCA","1",0.999960422515869,"1"
"Drews","18",20261018,"TCGA-AN-A0AR","BRCA","1",0.999824225902557,"1"
"Drews","18",20261018,"TCGA-AN-A0AS","BRCA","1",0.997551023960114,"1"
"Drews","18",20261018,"TCGA-AN-A0XN","BRCA","1",0.996027946472168,"1"
"Drews","18",20261018,"TCGA-AO-A03M","BRCA","1",0.995970487594604,"1"
"Drews","18",20261018,"TCGA-AO-A03N","BRCA","1",0.994678497314453,"1"
"Drews","18",20261018,"TCGA-AO-A03P","BRCA","1",0.996301174163818,"1"
"Drews","18",20261018,"TCGA-AO-A03T","BRCA","1",0.999555885791779,"1"
"Drews","18",20261018,"TCGA-AO-A0JE","BRCA","1",0.997909724712372,"1"
"Drews","18",20261018,"TCGA-AO-A124","BRCA","1",0.999975919723511,"1"
"Drews","18",20261018,"TCGA-AO-A12B","BRCA","2",0.137683987617493,"2"
"Drews","18",20261018,"TCGA-AQ-A54O","BRCA","1",0.982285916805267,"1"
"Drews","18",20261018,"TCGA-AR-A0TP","BRCA","1",0.999976396560669,"1"
"Drews","18",20261018,"TCGA-AR-A0U4","BRCA","1",0.999952793121338,"1"
"Drews","18",20261018,"TCGA-AR-A1AN","BRCA","1",0.948695421218872,"1"
"Drews","18",20261018,"TCGA-AR-A1AQ","BRCA","1",0.998209714889526,"1"
"Drews","18",20261018,"TCGA-AR-A24Q","BRCA","1",0.999492168426514,"1"
"Drews","18",20261018,"TCGA-AR-A255","BRCA","1",0.922956943511963,"1"
"Drews","18",20261018,"TCGA-B6-A0I9","BRCA","1",0.99996817111969,"1"
"Drews","18",20261018,"TCGA-B6-A0IN","BRCA","1",0.999362170696259,"1"
"Drews","18",20261018,"TCGA-BH-A0AU","BRCA","1",0.998637616634369,"1"
"Drews","18",20261018,"TCGA-BH-A0B4","BRCA","1",0.999890327453613,"1"
"Drews","18",20261018,"TCGA-BH-A0DD","BRCA","1",0.998423337936401,"1"
"Drews","18",20261018,"TCGA-BH-A0DG","BRCA","1",0.999358475208282,"1"
"Drews","18",20261018,"TCGA-BH-A0EA","BRCA","2",0.0134260002523661,"2"
"Drews","18",20261018,"TCGA-BH-A0GY","BRCA","1",0.999630689620972,"1"
"Drews","18",20261018,"TCGA-BH-A0HA","BRCA","2",0.908441781997681,"1"
"Drews","18",20261018,"TCGA-BH-A18J","BRCA","1",0.999509334564209,"1"
"Drews","18",20261018,"TCGA-BH-A18R","BRCA","1",0.997150003910065,"1"
"Drews","18",20261018,"TCGA-BH-A18U","BRCA","1",0.999661803245544,"1"
"Drews","18",20261018,"TCGA-BH-A1EO","BRCA","1",0.740396678447723,"1"
"Drews","18",20261018,"TCGA-BH-A1FC","BRCA","1",0.999897956848145,"1"
"Drews","18",20261018,"TCGA-BH-A1FD","BRCA","1",0.999187409877777,"1"
"Drews","18",20261018,"TCGA-BH-A1FE","BRCA","1",0.991924107074738,"1"
"Drews","18",20261018,"TCGA-BH-A202","BRCA","1",0.998843193054199,"1"
"Drews","18",20261018,"TCGA-BH-A5IZ","BRCA","1",0.999885320663452,"1"
"Drews","18",20261018,"TCGA-C8-A12T","BRCA","1",0.917775452136993,"1"
"Drews","18",20261018,"TCGA-D8-A140","BRCA","1",0.999675273895264,"1"
"Drews","18",20261018,"TCGA-D8-A1J8","BRCA","2",0.984870374202728,"1"
"Drews","18",20261018,"TCGA-D8-A1JA","BRCA","1",0.99860030412674,"1"
"Drews","18",20261018,"TCGA-D8-A1JD","BRCA","1",0.999742209911346,"1"
"Drews","18",20261018,"TCGA-D8-A1JJ","BRCA","1",0.999941468238831,"1"
"Drews","18",20261018,"TCGA-D8-A1JL","BRCA","1",0.999840617179871,"1"
"Drews","18",20261018,"TCGA-D8-A1JM","BRCA","1",0.999896168708801,"1"
"Drews","18",20261018,"TCGA-D8-A1XW","BRCA","1",0.985162556171417,"1"
"Drews","18",20261018,"TCGA-D8-A1Y1","BRCA","2",0.638763248920441,"1"
"Drews","18",20261018,"TCGA-D8-A1Y3","BRCA","1",0.999810993671417,"1"
"Drews","18",20261018,"TCGA-E2-A14P","BRCA","1",0.999917387962341,"1"
"Drews","18",20261018,"TCGA-E2-A14V","BRCA","1",0.999910831451416,"1"
"Drews","18",20261018,"TCGA-E2-A14X","BRCA","1",0.999816000461578,"1"
"Drews","18",20261018,"TCGA-E2-A150","BRCA","1",0.999950051307678,"1"
"Drews","18",20261018,"TCGA-E2-A156","BRCA","2",0.00728748366236687,"2"
"Drews","18",20261018,"TCGA-E2-A158","BRCA","1",0.999930381774902,"1"
"Drews","18",20261018,"TCGA-E2-A15H","BRCA","1",0.998506247997284,"1"
"Drews","18",20261018,"TCGA-E2-A15I","BRCA","2",0.391325861215591,"2"
"Drews","18",20261018,"TCGA-E2-A1IE","BRCA","1",0.999899625778198,"1"
"Drews","18",20261018,"TCGA-E2-A1II","BRCA","1",0.999336898326874,"1"
"Drews","18",20261018,"TCGA-E2-A1LG","BRCA","1",0.998298227787018,"1"
"Drews","18",20261018,"TCGA-E9-A1N9","BRCA","1",0.999890446662903,"1"
"Drews","18",20261018,"TCGA-E9-A1RF","BRCA","1",0.999879360198975,"1"
"Drews","18",20261018,"TCGA-E9-A1RG","BRCA","1",0.999586045742035,"1"
"Drews","18",20261018,"TCGA-E9-A229","BRCA","1",0.995544373989105,"1"
"Drews","18",20261018,"TCGA-E9-A5UO","BRCA","1",0.999502778053284,"1"
"Drews","18",20261018,"TCGA-EW-A1J3","BRCA","1",0.982801198959351,"1"
"Drews","18",20261018,"TCGA-EW-A1OZ","BRCA","1",0.999587714672089,"1"
"Drews","18",20261018,"TCGA-EW-A1P8","BRCA","1",0.999485731124878,"1"
"Drews","18",20261018,"TCGA-GM-A2DA","BRCA","1",0.95496541261673,"1"
"Drews","18",20261018,"TCGA-OL-A5D8","BRCA","1",0.940674841403961,"1"
"Drews","18",20261018,"TCGA-S3-AA14","BRCA","1",0.993744909763336,"1"
"Drews","18",20261018,"TCGA-UU-A93S","BRCA","1",0.999976992607117,"1"
"Drews","18",20261018,"TCGA-V7-A7HQ","BRCA","2",0.796158134937286,"1"
"Drews","18",20261018,"TCGA-Z7-A8R5","BRCA","2",0.0678302273154259,"2"
"Drews","18",20261018,"TCGA-4J-AA1J","CESC","1",0.978835582733154,"1"
"Drews","18",20261018,"TCGA-C5-A1BL","CESC","1",0.98659884929657,"1"
"Drews","18",20261018,"TCGA-C5-A2LY","CESC","1",0.983879864215851,"1"
"Drews","18",20261018,"TCGA-DS-A3LQ","CESC","1",0.98685222864151,"1"
"Drews","18",20261018,"TCGA-EA-A5FO","CESC","2",0.690751433372498,"1"
"Drews","18",20261018,"TCGA-EA-A5O9","CESC","1",0.995831906795502,"1"
"Drews","18",20261018,"TCGA-EK-A2RL","CESC","1",0.992982506752014,"1"
"Drews","18",20261018,"TCGA-IR-A3LA","CESC","1",0.997576057910919,"1"
"Drews","18",20261018,"TCGA-IR-A3LB","CESC","1",0.98682701587677,"1"
"Drews","18",20261018,"TCGA-JX-A3Q0","CESC","2",0.0489124618470669,"2"
"Drews","18",20261018,"TCGA-VS-A8QF","CESC","1",0.998246192932129,"1"
"Drews","18",20261018,"TCGA-VS-A9U5","CESC","1",0.993458330631256,"1"
"Drews","18",20261018,"TCGA-VS-A9UL","CESC","1",0.999960899353027,"1"
"Drews","18",20261018,"TCGA-VS-A9UQ","CESC","1",0.989232063293457,"1"
"Drews","18",20261018,"TCGA-VS-A9UR","CESC","1",0.996502161026001,"1"
"Drews","18",20261018,"TCGA-ZJ-A8QR","CESC","1",0.924698412418365,"1"
"Drews","18",20261018,"TCGA-W5-AA2X","CHOL","1",0.999868273735046,"1"
"Drews","18",20261018,"TCGA-A6-2677","COAD","1",0.881315171718597,"1"
"Drews","18",20261018,"TCGA-A6-5660","COAD","1",0.713529407978058,"1"
"Drews","18",20261018,"TCGA-AA-3517","COAD","1",0.789123177528381,"1"
"Drews","18",20261018,"TCGA-AA-3666","COAD","1",0.96417635679245,"1"
"Drews","18",20261018,"TCGA-AA-3679","COAD","1",0.996002614498138,"1"
"Drews","18",20261018,"TCGA-AA-3837","COAD","2",0.846503794193268,"1"
"Drews","18",20261018,"TCGA-AA-3867","COAD","1",0.996620059013367,"1"
"Drews","18",20261018,"TCGA-AA-A022","COAD","2",0.538667023181915,"1"
"Drews","18",20261018,"TCGA-AD-6965","COAD","1",0.991895258426666,"1"
"Drews","18",20261018,"TCGA-CM-4746","COAD","2",0.887772798538208,"1"
"Drews","18",20261018,"TCGA-CM-5341","COAD","1",0.749168992042542,"1"
"Drews","18",20261018,"TCGA-CM-6161","COAD","2",0.0279479920864105,"2"
"Drews","18",20261018,"TCGA-D5-5537","COAD","2",0.320207297801971,"2"
"Drews","18",20261018,"TCGA-D5-6535","COAD","1",0.972464799880981,"1"
"Drews","18",20261018,"TCGA-F4-6704","COAD","1",0.997536778450012,"1"
"Drews","18",20261018,"TCGA-F4-6806","COAD","2",0.0148850930854678,"2"
"Drews","18",20261018,"TCGA-F4-6854","COAD","1",0.942274808883667,"1"
"Drews","18",20261018,"TCGA-G4-6309","COAD","2",0.573396921157837,"1"
"Drews","18",20261018,"TCGA-G4-6310","COAD","1",0.80971372127533,"1"
"Drews","18",20261018,"TCGA-G4-6323","COAD","2",0.00168982718605548,"2"
"Drews","18",20261018,"TCGA-NH-A50V","COAD","2",0.844851553440094,"1"
"Drews","18",20261018,"TCGA-GS-A9TY","DLBC","1",0.998893439769745,"1"
"Drews","18",20261018,"TCGA-2H-A9GF","ESCA","1",0.999975681304932,"1"
"Drews","18",20261018,"TCGA-2H-A9GH","ESCA","1",0.999947547912598,"1"
"Drews","18",20261018,"TCGA-2H-A9GN","ESCA","1",0.999939560890198,"1"
"Drews","18",20261018,"TCGA-IG-A8O2","ESCA","1",0.998170852661133,"1"
"Drews","18",20261018,"TCGA-JY-A6FE","ESCA","1",0.999976277351379,"1"
"Drews","18",20261018,"TCGA-L5-A4ON","ESCA","1",0.988296568393707,"1"
"Drews","18",20261018,"TCGA-L5-A8NE","ESCA","1",0.998354971408844,"1"
"Drews","18",20261018,"TCGA-L5-A8NW","ESCA","1",0.996289849281311,"1"
"Drews","18",20261018,"TCGA-LN-A49L","ESCA","1",0.999987959861755,"1"
"Drews","18",20261018,"TCGA-LN-A49M","ESCA","1",0.999951124191284,"1"
"Drews","18",20261018,"TCGA-LN-A49U","ESCA","1",0.992023110389709,"1"
"Drews","18",20261018,"TCGA-LN-A49Y","ESCA","1",0.999930500984192,"1"
"Drews","18",20261018,"TCGA-LN-A5U6","ESCA","1",0.999935150146484,"1"
"Drews","18",20261018,"TCGA-LN-A5U7","ESCA","1",0.998391687870026,"1"
"Drews","18",20261018,"TCGA-LN-A7HZ","ESCA","1",0.996095240116119,"1"
"Drews","18",20261018,"TCGA-R6-A6DN","ESCA","1",0.999710619449615,"1"
"Drews","18",20261018,"TCGA-VR-A8EP","ESCA","1",0.999597609043121,"1"
"Drews","18",20261018,"TCGA-VR-AA4D","ESCA","1",0.998928606510162,"1"
"Drews","18",20261018,"TCGA-06-0129","GBM","1",0.945379018783569,"1"
"Drews","18",20261018,"TCGA-06-2558","GBM","1",0.977136552333832,"1"
"Drews","18",20261018,"TCGA-26-5139","GBM","2",0.354437112808228,"2"
"Drews","18",20261018,"TCGA-27-2528","GBM","1",0.522759258747101,"1"
"Drews","18",20261018,"TCGA-28-2514","GBM","1",0.452948600053787,"2"
"Drews","18",20261018,"TCGA-28-5218","GBM","2",0.981943547725677,"1"
"Drews","18",20261018,"TCGA-BA-5149","HNSC","1",0.992618143558502,"1"
"Drews","18",20261018,"TCGA-BA-5559","HNSC","1",0.423320204019547,"2"
"Drews","18",20261018,"TCGA-BA-A8YP","HNSC","1",0.999990463256836,"1"
"Drews","18",20261018,"TCGA-CN-4730","HNSC","2",0.980610251426697,"1"
"Drews","18",20261018,"TCGA-CN-6024","HNSC","1",0.999766051769257,"1"
"Drews","18",20261018,"TCGA-CN-6997","HNSC","1",0.999315500259399,"1"
"Drews","18",20261018,"TCGA-CN-6998","HNSC","2",0.516707181930542,"1"
"Drews","18",20261018,"TCGA-CQ-A4CI","HNSC","1",0.998130261898041,"1"
"Drews","18",20261018,"TCGA-CR-6478","HNSC","1",0.998093783855438,"1"
"Drews","18",20261018,"TCGA-CR-7390","HNSC","1",0.99867969751358,"1"
"Drews","18",20261018,"TCGA-CV-5444","HNSC","1",0.998307228088379,"1"
"Drews","18",20261018,"TCGA-CV-6936","HNSC","1",0.996819615364075,"1"
"Drews","18",20261018,"TCGA-CV-7255","HNSC","1",0.997891962528229,"1"
"Drews","18",20261018,"TCGA-CV-7263","HNSC","2",0.983308970928192,"1"
"Drews","18",20261018,"TCGA-D6-A6EO","HNSC","1",0.993370056152344,"1"
"Drews","18",20261018,"TCGA-DQ-7591","HNSC","1",0.93104350566864,"1"
"Drews","18",20261018,"TCGA-HD-7754","HNSC","2",0.772824227809906,"1"
"Drews","18",20261018,"TCGA-HD-7832","HNSC","1",0.732308328151703,"1"
"Drews","18",20261018,"TCGA-IQ-A61G","HNSC","1",0.99884569644928,"1"
"Drews","18",20261018,"TCGA-KU-A66T","HNSC","1",0.99991500377655,"1"
"Drews","18",20261018,"TCGA-MT-A51X","HNSC","1",0.825974702835083,"1"
"Drews","18",20261018,"TCGA-QK-A8Z9","HNSC","1",0.999591529369354,"1"
"Drews","18",20261018,"TCGA-UF-A7JH","HNSC","1",0.946833968162537,"1"
"Drews","18",20261018,"TCGA-KL-8327","KICH","2",0.0115185519680381,"2"
"Drews","18",20261018,"TCGA-KL-8346","KICH","2",0.0983864665031433,"2"
"Drews","18",20261018,"TCGA-KM-8443","KICH","1",0.00293598743155599,"2"
"Drews","18",20261018,"TCGA-KN-8418","KICH","2",0.00845620688050985,"2"
"Drews","18",20261018,"TCGA-KN-8428","KICH","1",0.427164733409882,"2"
"Drews","18",20261018,"TCGA-KN-8432","KICH","2",0.00173507584258914,"2"
"Drews","18",20261018,"TCGA-KO-8408","KICH","2",0.0270858779549599,"2"
"Drews","18",20261018,"TCGA-A3-3317","KIRC","2",0.00455052917823195,"2"
"Drews","18",20261018,"TCGA-A3-3358","KIRC","2",0.00124973198398948,"2"
"Drews","18",20261018,"TCGA-A3-3382","KIRC","2",0.0371097512543201,"2"
"Drews","18",20261018,"TCGA-AK-3458","KIRC","2",0.0174084324389696,"2"
"Drews","18",20261018,"TCGA-AS-3778","KIRC","2",0.00100510788615793,"2"
"Drews","18",20261018,"TCGA-B0-5713","KIRC","2",0.000635413452982903,"2"
"Drews","18",20261018,"TCGA-B2-4099","KIRC","2",0.00257122027687728,"2"
"Drews","18",20261018,"TCGA-B8-4143","KIRC","2",0.148114085197449,"2"
"Drews","18",20261018,"TCGA-B8-5549","KIRC","2",0.00206142663955688,"2"
"Drews","18",20261018,"TCGA-BP-4164","KIRC","2",0.000318546924972907,"2"
"Drews","18",20261018,"TCGA-BP-4963","KIRC","2",0.00083877780707553,"2"
"Drews","18",20261018,"TCGA-CJ-4640","KIRC","2",0.000966509804129601,"2"
"Drews","18",20261018,"TCGA-CJ-5683","KIRC","2",0.00126322358846664,"2"
"Drews","18",20261018,"TCGA-CJ-6033","KIRC","2",0.00365992286242545,"2"
"Drews","18",20261018,"TCGA-DV-5566","KIRC","2",0.00137972983065993,"2"
"Drews","18",20261018,"TCGA-A4-7287","KIRP","2",0.994146943092346,"1"
"Drews","18",20261018,"TCGA-A4-A5DU","KIRP","2",0.0273186434060335,"2"
"Drews","18",20261018,"TCGA-B3-4104","KIRP","1",0.879411637783051,"1"
"Drews","18",20261018,"TCGA-BQ-5876","KIRP","2",0.00967245455831289,"2"
"Drews","18",20261018,"TCGA-BQ-5878","KIRP","1",0.0971348211169243,"2"
"Drews","18",20261018,"TCGA-BQ-5892","KIRP","2",0.000208162149647251,"2"
"Drews","18",20261018,"TCGA-BQ-5894","KIRP","2",0.186409533023834,"2"
"Drews","18",20261018,"TCGA-G7-6793","KIRP","1",0.903643429279327,"1"
"Drews","18",20261018,"TCGA-Q2-A5QZ","KIRP","1",0.873157560825348,"1"
"Drews","18",20261018,"TCGA-DB-5277","LGG","1",0.990423977375031,"1"
"Drews","18",20261018,"TCGA-DH-5142","LGG","2",0.177052363753319,"2"
"Drews","18",20261018,"TCGA-DH-A7UT","LGG","2",0.0896007418632507,"2"
"Drews","18",20261018,"TCGA-DH-A7UV","LGG","2",0.0977102667093277,"2"
"Drews","18",20261018,"TCGA-DU-6410","LGG","2",0.03902742639184,"2"
"Drews","18",20261018,"TCGA-DU-A5TY","LGG","1",0.494576275348663,"2"
"Drews","18",20261018,"TCGA-DU-A7T8","LGG","2",0.0794027373194695,"2"
"Drews","18",20261018,"TCGA-DU-A7TA","LGG","1",0.0299886204302311,"2"
"Drews","18",20261018,"TCGA-E1-A7YW","LGG","2",0.105420649051666,"2"
"Drews","18",20261018,"TCGA-E1-A7Z3","LGG","2",0.0181492790579796,"2"
"Drews","18",20261018,"TCGA-FG-5962","LGG","2",0.00269831577315927,"2"
"Drews","18",20261018,"TCGA-FG-A6J3","LGG","1",0.85833603143692,"1"
"Drews","18",20261018,"TCGA-HT-7686","LGG","1",0.19865719974041,"2"
"Drews","18",20261018,"TCGA-HT-7692","LGG","2",0.0086470590904355,"2"
"Drews","18",20261018,"TCGA-HT-7875","LGG","2",0.000995504087768495,"2"
"Drews","18",20261018,"TCGA-HT-A61B","LGG","1",0.088358961045742,"2"
"Drews","18",20261018,"TCGA-HT-A61C","LGG","2",0.868966042995453,"1"
"Drews","18",20261018,"TCGA-IK-8125","LGG","2",0.00047914739116095,"2"
"Drews","18",20261018,"TCGA-P5-A5F4","LGG","2",0.0655341222882271,"2"
"Drews","18",20261018,"TCGA-P5-A733","LGG","2",0.0990776494145393,"2"
"Drews","18",20261018,"TCGA-R8-A73M","LGG","2",0.00134392501786351,"2"
"Drews","18",20261018,"TCGA-S9-A6U6","LGG","2",0.00867361947894096,"2"
"Drews","18",20261018,"TCGA-TM-A7CF","LGG","1",0.030871294438839,"2"
"Drews","18",20261018,"TCGA-VM-A8CE","LGG","2",0.0116561194881797,"2"
"Drews","18",20261018,"TCGA-2Y-A9H3","LIHC","1",0.889063954353333,"1"
"Drews","18",20261018,"TCGA-2Y-A9HA","LIHC","1",0.990409135818481,"1"
"Drews","18",20261018,"TCGA-BC-A10Q","LIHC","2",0.796991407871246,"1"
"Drews","18",20261018,"TCGA-BC-A10Z","LIHC","1",0.982209801673889,"1"
"Drews","18",20261018,"TCGA-CC-5263","LIHC","1",0.999716937541962,"1"
"Drews","18",20261018,"TCGA-DD-A11B","LIHC","2",0.830388426780701,"1"
"Drews","18",20261018,"TCGA-DD-A1EI","LIHC","1",0.728872954845428,"1"
"Drews","18",20261018,"TCGA-DD-A3A7","LIHC","1",0.980238199234009,"1"
"Drews","18",20261018,"TCGA-DD-AACI","LIHC","1",0.029562147334218,"2"
"Drews","18",20261018,"TCGA-DD-AADD","LIHC","1",0.986349523067474,"1"
"Drews","18",20261018,"TCGA-DD-AADO","LIHC","1",0.939772009849548,"1"
"Drews","18",20261018,"TCGA-DD-AAVY","LIHC","2",0.488804459571838,"2"
"Drews","18",20261018,"TCGA-EP-A2KB","LIHC","2",0.772285342216492,"1"
"Drews","18",20261018,"TCGA-FV-A23B","LIHC","1",0.958796977996826,"1"
"Drews","18",20261018,"TCGA-RC-A6M3","LIHC","1",0.994831800460815,"1"
"Drews","18",20261018,"TCGA-RC-A7SK","LIHC","1",0.987614989280701,"1"
"Drews","18",20261018,"TCGA-UB-A7MD","LIHC","2",0.797063231468201,"1"
"Drews","18",20261018,"TCGA-UB-A7ME","LIHC","1",0.99021589756012,"1"
"Drews","18",20261018,"TCGA-WJ-A86L","LIHC","1",0.99853515625,"1"
"Drews","18",20261018,"TCGA-WX-AA44","LIHC","1",0.989598751068115,"1"
"Drews","18",20261018,"TCGA-ZS-A9CF","LIHC","1",0.997546017169952,"1"
"Drews","18",20261018,"TCGA-05-4390","LUAD","1",0.999754726886749,"1"
"Drews","18",20261018,"TCGA-05-4415","LUAD","1",0.995196402072906,"1"
"Drews","18",20261018,"TCGA-05-5715","LUAD","1",0.944767773151398,"1"
"Drews","18",20261018,"TCGA-44-5644","LUAD","1",0.99996280670166,"1"
"Drews","18",20261018,"TCGA-44-6774","LUAD","1",0.998558104038239,"1"
"Drews","18",20261018,"TCGA-44-7660","LUAD","1",0.999972701072693,"1"
"Drews","18",20261018,"TCGA-44-A47A","LUAD","2",0.540075123310089,"1"
"Drews","18",20261018,"TCGA-50-7109","LUAD","1",0.999731600284576,"1"
"Drews","18",20261018,"TCGA-55-7903","LUAD","1",0.99951958656311,"1"
"Drews","18",20261018,"TCGA-55-7910","LUAD","1",0.999977707862854,"1"
"Drews","18",20261018,"TCGA-55-7994","LUAD","1",0.998171806335449,"1"
"Drews","18",20261018,"TCGA-55-7995","LUAD","1",0.99991238117218,"1"
"Drews","18",20261018,"TCGA-67-3772","LUAD","1",0.967540502548218,"1"
"Drews","18",20261018,"TCGA-67-3773","LUAD","1",0.435095936059952,"2"
"Drews","18",20261018,"TCGA-73-4668","LUAD","1",0.99975460767746,"1"
"Drews","18",20261018,"TCGA-73-4677","LUAD","2",0.73860102891922,"1"
"Drews","18",20261018,"TCGA-78-7146","LUAD","1",0.999919295310974,"1"
"Drews","18",20261018,"TCGA-78-7147","LUAD","1",0.992418766021729,"1"
"Drews","18",20261018,"TCGA-78-7220","LUAD","1",0.999650835990906,"1"
"Drews","18",20261018,"TCGA-78-7539","LUAD","1",0.992974996566772,"1"
"Drews","18",20261018,"TCGA-78-8662","LUAD","1",0.999964594841003,"1"
"Drews","18",20261018,"TCGA-86-8054","LUAD","1",0.99981278181076,"1"
"Drews","18",20261018,"TCGA-86-8279","LUAD","1",0.999834775924683,"1"
"Drews","18",20261018,"TCGA-86-8358","LUAD","1",0.999988555908203,"1"
"Drews","18",20261018,"TCGA-97-7546","LUAD","1",0.668241918087006,"1"
"Drews","18",20261018,"TCGA-97-8174","LUAD","1",0.773316264152527,"1"
"Drews","18",20261018,"TCGA-97-8547","LUAD","1",0.972702741622925,"1"
"Drews","18",20261018,"TCGA-18-3406","LUSC","1",0.994858860969543,"1"
"Drews","18",20261018,"TCGA-18-3421","LUSC","1",0.997758269309998,"1"
"Drews","18",20261018,"TCGA-18-4083","LUSC","1",0.999557435512543,"1"
"Drews","18",20261018,"TCGA-21-5787","LUSC","1",0.993285715579987,"1"
"Drews","18",20261018,"TCGA-22-4591","LUSC","1",0.999989986419678,"1"
"Drews","18",20261018,"TCGA-22-4595","LUSC","1",0.999978303909302,"1"
"Drews","18",20261018,"TCGA-22-4613","LUSC","1",0.999971866607666,"1"
"Drews","18",20261018,"TCGA-33-AASI","LUSC","1",0.999841928482056,"1"
"Drews","18",20261018,"TCGA-34-8456","LUSC","1",0.999637961387634,"1"
"Drews","18",20261018,"TCGA-37-4133","LUSC","1",0.999145984649658,"1"
"Drews","18",20261018,"TCGA-37-A5EN","LUSC","1",0.999926209449768,"1"
"Drews","18",20261018,"TCGA-43-6143","LUSC","1",0.999585330486298,"1"
"Drews","18",20261018,"TCGA-43-7658","LUSC","1",0.998844265937805,"1"
"Drews","18",20261018,"TCGA-56-7579","LUSC","1",0.999742209911346,"1"
"Drews","18",20261018,"TCGA-56-7730","LUSC","1",0.99943071603775,"1"
"Drews","18",20261018,"TCGA-56-8308","LUSC","1",0.999096393585205,"1"
"Drews","18",20261018,"TCGA-56-8622","LUSC","1",0.935474574565887,"1"
"Drews","18",20261018,"TCGA-60-2706","LUSC","1",0.999898791313171,"1"
"Drews","18",20261018,"TCGA-60-2711","LUSC","1",0.999932169914246,"1"
"Drews","18",20261018,"TCGA-60-2713","LUSC","1",0.999752819538116,"1"
"Drews","18",20261018,"TCGA-66-2795","LUSC","1",0.996516704559326,"1"
"Drews","18",20261018,"TCGA-68-8250","LUSC","1",0.999426364898682,"1"
"Drews","18",20261018,"TCGA-77-8133","LUSC","1",0.99924647808075,"1"
"Drews","18",20261018,"TCGA-77-8148","LUSC","1",0.999864220619202,"1"
"Drews","18",20261018,"TCGA-77-A5GF","LUSC","1",0.999147415161133,"1"
"Drews","18",20261018,"TCGA-92-8065","LUSC","1",0.983048915863037,"1"
"Drews","18",20261018,"TCGA-94-7033","LUSC","1",0.99910306930542,"1"
"Drews","18",20261018,"TCGA-94-7557","LUSC","1",0.999784409999847,"1"
"Drews","18",20261018,"TCGA-94-8491","LUSC","1",0.997812986373901,"1"
"Drews","18",20261018,"TCGA-94-A4VJ","LUSC","1",0.999514579772949,"1"
"Drews","18",20261018,"TCGA-98-8022","LUSC","1",0.999868750572205,"1"
"Drews","18",20261018,"TCGA-NC-A5HN","LUSC","1",0.995682120323181,"1"
"Drews","18",20261018,"TCGA-O2-A52N","LUSC","1",0.999623894691467,"1"
"Drews","18",20261018,"TCGA-O2-A52Q","LUSC","1",0.99857497215271,"1"
"Drews","18",20261018,"TCGA-TS-A8AY","MESO","1",0.898164331912994,"1"
"Drews","18",20261018,"TCGA-UD-AAC1","MESO","2",0.638802647590637,"1"
"Drews","18",20261018,"TCGA-UD-AAC7","MESO","1",0.998991668224335,"1"
"Drews","18",20261018,"TCGA-ZN-A9VU","MESO","2",0.344848036766052,"2"
"Drews","18",20261018,"TCGA-04-1357","OV","1",0.999818027019501,"1"
"Drews","18",20261018,"TCGA-09-2044","OV","1",0.999985933303833,"1"
"Drews","18",20261018,"TCGA-09-2056","OV","1",0.999919891357422,"1"
"Drews","18",20261018,"TCGA-13-0920","OV","1",0.999983787536621,"1"
"Drews","18",20261018,"TCGA-13-1481","OV","1",0.999998331069946,"1"
"Drews","18",20261018,"TCGA-13-1498","OV","1",0.999994397163391,"1"
"Drews","18",20261018,"TCGA-13-1506","OV","1",0.999939918518066,"1"
"Drews","18",20261018,"TCGA-20-1682","OV","1",0.999824583530426,"1"
"Drews","18",20261018,"TCGA-20-1683","OV","1",0.999982953071594,"1"
"Drews","18",20261018,"TCGA-23-1111","OV","1",0.954078912734985,"1"
"Drews","18",20261018,"TCGA-23-1114","OV","1",0.999968290328979,"1"
"Drews","18",20261018,"TCGA-23-1809","OV","1",0.999873757362366,"1"
"Drews","18",20261018,"TCGA-24-1434","OV","1",0.99974399805069,"1"
"Drews","18",20261018,"TCGA-24-1552","OV","1",0.999986290931702,"1"
"Drews","18",20261018,"TCGA-24-1846","OV","1",0.999886274337769,"1"
"Drews","18",20261018,"TCGA-24-2261","OV","1",0.999974250793457,"1"
"Drews","18",20261018,"TCGA-25-1315","OV","1",0.999927997589111,"1"
"Drews","18",20261018,"TCGA-25-1319","OV","1",0.999011635780334,"1"
"Drews","18",20261018,"TCGA-25-2397","OV","1",0.999983787536621,"1"
"Drews","18",20261018,"TCGA-29-1702","OV","1",0.999865889549255,"1"
"Drews","18",20261018,"TCGA-29-1763","OV","1",0.997743129730225,"1"
"Drews","18",20261018,"TCGA-29-1776","OV","1",0.999981045722961,"1"
"Drews","18",20261018,"TCGA-30-1718","OV","1",0.999992609024048,"1"
"Drews","18",20261018,"TCGA-30-1862","OV","1",0.999961376190186,"1"
"Drews","18",20261018,"TCGA-59-2363","OV","1",0.999804437160492,"1"
"Drews","18",20261018,"TCGA-5X-AA5U","OV","1",0.997876763343811,"1"
"Drews","18",20261018,"TCGA-61-1728","OV","1",0.999905228614807,"1"
"Drews","18",20261018,"TCGA-61-1740","OV","1",0.999940395355225,"1"
"Drews","18",20261018,"TCGA-61-2000","OV","1",0.999985337257385,"1"
"Drews","18",20261018,"TCGA-61-2008","OV","1",0.999935507774353,"1"
"Drews","18",20261018,"TCGA-61-2109","OV","1",0.99994969367981,"1"
"Drews","18",20261018,"TCGA-61-2111","OV","1",0.999904990196228,"1"
"Drews","18",20261018,"TCGA-WR-A838","OV","1",0.999563038349152,"1"
"Drews","18",20261018,"TCGA-2L-AAQE","PAAD","1",0.977737367153168,"1"
"Drews","18",20261018,"TCGA-3A-A9IS","PAAD","1",0.487643778324127,"2"
"Drews","18",20261018,"TCGA-FB-A78T","PAAD","1",0.524874866008759,"1"
"Drews","18",20261018,"TCGA-FB-AAPZ","PAAD","1",0.992232799530029,"1"
"Drews","18",20261018,"TCGA-HV-A5A6","PAAD","1",0.998227179050446,"1"
"Drews","18",20261018,"TCGA-P8-A6RX","PCPG","2",0.608648180961609,"1"
"Drews","18",20261018,"TCGA-QR-A70P","PCPG","2",0.285426110029221,"2"
"Drews","18",20261018,"TCGA-QT-A5XK","PCPG","2",0.0110682863742113,"2"
"Drews","18",20261018,"TCGA-RM-A68W","PCPG","2",0.489874571561813,"2"
"Drews","18",20261018,"TCGA-RW-A68A","PCPG","2",0.367322981357574,"2"
"Drews","18",20261018,"TCGA-RW-A68C","PCPG","2",0.0161705538630486,"2"
"Drews","18",20261018,"TCGA-S7-A7WN","PCPG","2",0.054775532335043,"2"
"Drews","18",20261018,"TCGA-S7-A7WQ","PCPG","2",0.0152408257126808,"2"
"Drews","18",20261018,"TCGA-W2-A7H5","PCPG","2",0.469466924667358,"2"
"Drews","18",20261018,"TCGA-WB-A80K","PCPG","2",0.0551333725452423,"2"
"Drews","18",20261018,"TCGA-CH-5769","PRAD","1",0.960364401340485,"1"
"Drews","18",20261018,"TCGA-EJ-5518","PRAD","1",0.981809854507446,"1"
"Drews","18",20261018,"TCGA-EJ-7789","PRAD","1",0.975524127483368,"1"
"Drews","18",20261018,"TCGA-EJ-8469","PRAD","1",0.947815179824829,"1"
"Drews","18",20261018,"TCGA-G9-6384","PRAD","2",0.636132776737213,"1"
"Drews","18",20261018,"TCGA-HC-7213","PRAD","1",0.999447166919708,"1"
"Drews","18",20261018,"TCGA-HC-A4ZV","PRAD","1",0.998236417770386,"1"
"Drews","18",20261018,"TCGA-J4-A67N","PRAD","1",0.706216752529144,"1"
"Drews","18",20261018,"TCGA-J9-A8CL","PRAD","1",0.995758354663849,"1"
"Drews","18",20261018,"TCGA-KC-A4BV","PRAD","1",0.886882722377777,"1"
"Drews","18",20261018,"TCGA-KK-A7AP","PRAD","1",0.999599993228912,"1"
"Drews","18",20261018,"TCGA-M7-A724","PRAD","1",0.966053664684296,"1"
"Drews","18",20261018,"TCGA-V1-A9O5","PRAD","1",0.985586225986481,"1"
"Drews","18",20261018,"TCGA-VN-A943","PRAD","1",0.597326457500458,"1"
"Drews","18",20261018,"TCGA-XJ-A83H","PRAD","2",0.990382254123688,"1"
"Drews","18",20261018,"TCGA-YL-A8HM","PRAD","1",0.999325394630432,"1"
"Drews","18",20261018,"TCGA-ZG-A8QY","PRAD","1",0.985795497894287,"1"
"Drews","18",20261018,"TCGA-ZG-A9KY","PRAD","1",0.991345405578613,"1"
"Drews","18",20261018,"TCGA-AF-2693","READ","1",0.916695594787598,"1"
"Drews","18",20261018,"TCGA-AG-3581","READ","2",0.985968351364136,"1"
"Drews","18",20261018,"TCGA-AG-3583","READ","2",0.847890436649323,"1"
"Drews","18",20261018,"TCGA-AG-3742","READ","1",0.860245227813721,"1"
"Drews","18",20261018,"TCGA-AG-3881","READ","1",0.994267582893372,"1"
"Drews","18",20261018,"TCGA-AG-3887","READ","2",0.765892088413239,"1"
"Drews","18",20261018,"TCGA-AG-A036","READ","2",0.998416543006897,"1"
"Drews","18",20261018,"TCGA-AH-6643","READ","1",0.238425821065903,"2"
"Drews","18",20261018,"TCGA-DT-5265","READ","1",0.979039251804352,"1"
"Drews","18",20261018,"TCGA-3B-A9HI","SARC","1",0.948180079460144,"1"
"Drews","18",20261018,"TCGA-3B-A9HS","SARC","1",0.999785125255585,"1"
"Drews","18",20261018,"TCGA-DX-A3M1","SARC","1",0.999740064144135,"1"
"Drews","18",20261018,"TCGA-DX-A3UA","SARC","1",0.990444242954254,"1"
"Drews","18",20261018,"TCGA-DX-A48N","SARC","1",0.999334752559662,"1"
"Drews","18",20261018,"TCGA-DX-A6Z0","SARC","1",0.999772489070892,"1"
"Drews","18",20261018,"TCGA-DX-A7EL","SARC","1",0.301913619041443,"2"
"Drews","18",20261018,"TCGA-DX-A8BH","SARC","1",0.998127639293671,"1"
"Drews","18",20261018,"TCGA-DX-A8BT","SARC","1",0.998410701751709,"1"
"Drews","18",20261018,"TCGA-DX-A8BV","SARC","1",0.998140454292297,"1"
"Drews","18",20261018,"TCGA-DX-AB2J","SARC","1",0.0680667012929916,"2"
"Drews","18",20261018,"TCGA-DX-AB2T","SARC","1",0.997955083847046,"1"
"Drews","18",20261018,"TCGA-DX-AB3B","SARC","1",0.746672213077545,"1"
"Drews","18",20261018,"TCGA-FX-A3NK","SARC","1",0.984128057956696,"1"
"Drews","18",20261018,"TCGA-IE-A4EJ","SARC","1",0.99982088804245,"1"
"Drews","18",20261018,"TCGA-JV-A5VF","SARC","1",0.998207211494446,"1"
"Drews","18",20261018,"TCGA-JV-A75J","SARC","1",0.999016523361206,"1"
"Drews","18",20261018,"TCGA-KD-A5QU","SARC","1",0.994739234447479,"1"
"Drews","18",20261018,"TCGA-LI-A67I","SARC","1",0.998963832855225,"1"
"Drews","18",20261018,"TCGA-MB-A8JL","SARC","1",0.999486565589905,"1"
"Drews","18",20261018,"TCGA-N1-A6IA","SARC","1",0.995420277118683,"1"
"Drews","18",20261018,"TCGA-SI-A71O","SARC","1",0.999825656414032,"1"
"Drews","18",20261018,"TCGA-WK-A8XO","SARC","1",0.97786021232605,"1"
"Drews","18",20261018,"TCGA-X6-A7WC","SARC","1",0.999677658081055,"1"
"Drews","18",20261018,"TCGA-BF-A5EO","SKCM","2",0.893109261989594,"1"
"Drews","18",20261018,"TCGA-EB-A42Z","SKCM","1",0.945142328739166,"1"
"Drews","18",20261018,"TCGA-EB-A4IS","SKCM","2",0.883275151252747,"1"
"Drews","18",20261018,"TCGA-EB-A553","SKCM","1",0.723788321018219,"1"
"Drews","18",20261018,"TCGA-EB-A57M","SKCM","1",0.996423900127411,"1"
"Drews","18",20261018,"TCGA-EB-A5SF","SKCM","1",0.647174835205078,"1"
"Drews","18",20261018,"TCGA-EB-A82B","SKCM","1",0.990256428718567,"1"
"Drews","18",20261018,"TCGA-EB-A85J","SKCM","2",0.942587018013,"1"
"Drews","18",20261018,"TCGA-BR-6456","STAD","1",0.999850153923035,"1"
"Drews","18",20261018,"TCGA-BR-7197","STAD","1",0.99992823600769,"1"
"Drews","18",20261018,"TCGA-BR-8078","STAD","2",0.270263105630875,"2"
"Drews","18",20261018,"TCGA-BR-A4J1","STAD","1",0.999903798103333,"1"
"Drews","18",20261018,"TCGA-CG-4438","STAD","1",0.999522566795349,"1"
"Drews","18",20261018,"TCGA-CG-4443","STAD","1",0.971690475940704,"1"
"Drews","18",20261018,"TCGA-CG-4444","STAD","1",0.994317471981049,"1"
"Drews","18",20261018,"TCGA-CG-5723","STAD","2",0.845357060432434,"1"
"Drews","18",20261018,"TCGA-CG-5724","STAD","1",0.999562680721283,"1"
"Drews","18",20261018,"TCGA-CG-5725","STAD","1",0.999980211257935,"1"
"Drews","18",20261018,"TCGA-D7-A6EZ","STAD","1",0.94706803560257,"1"
"Drews","18",20261018,"TCGA-FP-7829","STAD","1",0.997122704982758,"1"
"Drews","18",20261018,"TCGA-HU-8249","STAD","1",0.995225310325623,"1"
"Drews","18",20261018,"TCGA-HU-A4H5","STAD","1",0.999669313430786,"1"
"Drews","18",20261018,"TCGA-HU-A4HD","STAD","1",0.999955177307129,"1"
"Drews","18",20261018,"TCGA-R5-A805","STAD","1",0.998307108879089,"1"
"Drews","18",20261018,"TCGA-VQ-A8DZ","STAD","1",0.999723494052887,"1"
"Drews","18",20261018,"TCGA-VQ-A8E0","STAD","1",0.999941349029541,"1"
"Drews","18",20261018,"TCGA-VQ-A8E3","STAD","1",0.991618573665619,"1"
"Drews","18",20261018,"TCGA-VQ-A8PJ","STAD","1",0.999347269535065,"1"
"Drews","18",20261018,"TCGA-VQ-A8PU","STAD","1",0.997329473495483,"1"
"Drews","18",20261018,"TCGA-VQ-A91V","STAD","1",0.999062716960907,"1"
"Drews","18",20261018,"TCGA-VQ-A91Z","STAD","1",0.999624490737915,"1"
"Drews","18",20261018,"TCGA-VQ-A928","STAD","1",0.947046220302582,"1"
"Drews","18",20261018,"TCGA-VQ-A92D","STAD","1",0.99894767999649,"1"
"Drews","18",20261018,"TCGA-VQ-A94O","STAD","1",0.999855875968933,"1"
"Drews","18",20261018,"TCGA-VQ-A94R","STAD","1",0.999212384223938,"1"
"Drews","18",20261018,"TCGA-2G-AAEW","TGCT","2",0.506417214870453,"1"
"Drews","18",20261018,"TCGA-2G-AAGO","TGCT","1",0.995596349239349,"1"
"Drews","18",20261018,"TCGA-2G-AAHL","TGCT","2",0.950029313564301,"1"
"Drews","18",20261018,"TCGA-XE-AANR","TGCT","2",0.680180549621582,"1"
"Drews","18",20261018,"TCGA-EL-A4KI","THCA","2",0.326090931892395,"2"
"Drews","18",20261018,"TCGA-FY-A3I5","THCA","2",0.00208523985929787,"2"
"Drews","18",20261018,"TCGA-5K-AAAP","THYM","2",0.125976160168648,"2"
"Drews","18",20261018,"TCGA-A5-A1OG","UCEC","1",0.998262584209442,"1"
"Drews","18",20261018,"TCGA-A5-A3LP","UCEC","1",0.999822318553925,"1"
"Drews","18",20261018,"TCGA-AJ-A23N","UCEC","1",0.999948263168335,"1"
"Drews","18",20261018,"TCGA-AP-A052","UCEC","1",0.99973338842392,"1"
"Drews","18",20261018,"TCGA-AP-A0L9","UCEC","1",0.999822437763214,"1"
"Drews","18",20261018,"TCGA-AX-A1C7","UCEC","1",0.999785006046295,"1"
"Drews","18",20261018,"TCGA-AX-A2H4","UCEC","1",0.990146219730377,"1"
"Drews","18",20261018,"TCGA-AX-A2HF","UCEC","1",0.994573414325714,"1"
"Drews","18",20261018,"TCGA-AX-A2IN","UCEC","2",0.948622286319733,"1"
"Drews","18",20261018,"TCGA-AX-A3GI","UCEC","1",0.999974846839905,"1"
"Drews","18",20261018,"TCGA-B5-A11S","UCEC","2",0.0178809333592653,"2"
"Drews","18",20261018,"TCGA-BK-A4ZD","UCEC","1",0.987624287605286,"1"
"Drews","18",20261018,"TCGA-BS-A0TI","UCEC","1",0.943444848060608,"1"
"Drews","18",20261018,"TCGA-BS-A0U5","UCEC","2",0.0444922707974911,"2"
"Drews","18",20261018,"TCGA-D1-A0ZP","UCEC","1",0.997708678245544,"1"
"Drews","18",20261018,"TCGA-D1-A169","UCEC","2",0.792106032371521,"1"
"Drews","18",20261018,"TCGA-D1-A17R","UCEC","2",0.388577580451965,"2"
"Drews","18",20261018,"TCGA-D1-A1NU","UCEC","1",0.999991893768311,"1"
"Drews","18",20261018,"TCGA-D1-A1NX","UCEC","1",0.995251893997192,"1"
"Drews","18",20261018,"TCGA-D1-A3JP","UCEC","1",0.948832809925079,"1"
"Drews","18",20261018,"TCGA-DI-A1NN","UCEC","1",0.999619245529175,"1"
"Drews","18",20261018,"TCGA-EO-A22Y","UCEC","2",0.828279674053192,"1"
"Drews","18",20261018,"TCGA-EO-A3B1","UCEC","1",0.990150094032288,"1"
"Drews","18",20261018,"TCGA-EO-A3KU","UCEC","1",0.999832391738892,"1"
"Drews","18",20261018,"TCGA-EY-A1GC","UCEC","1",0.995616912841797,"1"
"Drews","18",20261018,"TCGA-EY-A1GM","UCEC","1",0.997102677822113,"1"
"Drews","18",20261018,"TCGA-EY-A214","UCEC","1",0.999860167503357,"1"
"Drews","18",20261018,"TCGA-EY-A2OQ","UCEC","1",0.998376131057739,"1"
"Drews","18",20261018,"TCGA-EY-A3L3","UCEC","1",0.999778211116791,"1"
"Drews","18",20261018,"TCGA-EY-A54A","UCEC","1",0.995293080806732,"1"
"Drews","18",20261018,"TCGA-FI-A2F9","UCEC","1",0.997868418693542,"1"
"Drews","18",20261018,"TCGA-FI-A3PV","UCEC","1",0.999857187271118,"1"
"Drews","18",20261018,"TCGA-KP-A3W0","UCEC","1",0.980254232883453,"1"
"Drews","18",20261018,"TCGA-SL-A6J9","UCEC","1",0.999866962432861,"1"
"Drews","18",20261018,"TCGA-N5-A4R8","UCS","1",0.999964475631714,"1"
"Drews","18",20261018,"TCGA-N5-A4RN","UCS","1",0.999927639961243,"1"
"Drews","18",20261018,"TCGA-N5-A4RT","UCS","1",0.999933004379272,"1"
"Drews","18",20261018,"TCGA-N7-A4Y8","UCS","1",0.99830037355423,"1"
"Drews","18",20261018,"TCGA-N8-A4PO","UCS","1",0.999953985214233,"1"
"Drews","18",20261018,"TCGA-NA-A5I1","UCS","1",0.999181807041168,"1"
"Drews","18",20261018,"TCGA-NG-A4VW","UCS","2",0.7940474152565,"1"
"Drews","18",20261018,"TCGA-V4-A9E7","UVM","2",0.122737035155296,"2"
"Drews","18",20261018,"TCGA-V4-A9EZ","UVM","2",0.29926735162735,"2"
"Drews","18",20261018,"TCGA-V4-A9F5","UVM","2",0.0145964669063687,"2"
"Drews","18",20261018,"TCGA-VD-A8KA","UVM","2",0.080522820353508,"2"
"Drews","19",20261019,"TCGA-OR-A5J2","ACC","1",0.786288797855377,"1"
"Drews","19",20261019,"TCGA-OR-A5J5","ACC","2",0.895311653614044,"1"
"Drews","19",20261019,"TCGA-OR-A5JG","ACC","2",0.903172969818115,"1"
"Drews","19",20261019,"TCGA-OR-A5JM","ACC","1",0.995641112327576,"1"
"Drews","19",20261019,"TCGA-OR-A5KV","ACC","2",0.861534833908081,"1"
"Drews","19",20261019,"TCGA-OR-A5LA","ACC","2",0.0192182138562202,"2"
"Drews","19",20261019,"TCGA-OR-A5LH","ACC","1",0.101564407348633,"2"
"Drews","19",20261019,"TCGA-OR-A5LK","ACC","2",0.340086579322815,"2"
"Drews","19",20261019,"TCGA-2F-A9KW","BLCA","1",0.99858021736145,"1"
"Drews","19",20261019,"TCGA-4Z-AA7M","BLCA","1",0.999724328517914,"1"
"Drews","19",20261019,"TCGA-4Z-AA81","BLCA","1",0.995825171470642,"1"
"Drews","19",20261019,"TCGA-4Z-AA82","BLCA","1",0.998081088066101,"1"
"Drews","19",20261019,"TCGA-4Z-AA87","BLCA","1",0.999918699264526,"1"
"Drews","19",20261019,"TCGA-BL-A13J","BLCA","1",0.999965667724609,"1"
"Drews","19",20261019,"TCGA-BT-A20W","BLCA","1",0.999725520610809,"1"
"Drews","19",20261019,"TCGA-BT-A3PJ","BLCA","1",0.997793078422546,"1"
"Drews","19",20261019,"TCGA-CF-A47S","BLCA","2",0.169562354683876,"2"
"Drews","19",20261019,"TCGA-CF-A5UA","BLCA","1",0.951408624649048,"1"
"Drews","19",20261019,"TCGA-DK-A1A3","BLCA","1",0.999322175979614,"1"
"Drews","19",20261019,"TCGA-DK-A3X2","BLCA","1",0.99015337228775,"1"
"Drews","19",20261019,"TCGA-DK-A6B6","BLCA","1",0.752642512321472,"1"
"Drews","19",20261019,"TCGA-DK-AA6W","BLCA","1",0.998247742652893,"1"
"Drews","19",20261019,"TCGA-DK-AA71","BLCA","1",0.981155097484589,"1"
"Drews","19",20261019,"TCGA-E7-A3Y1","BLCA","2",0.0869103595614433,"2"
"Drews","19",20261019,"TCGA-E7-A6ME","BLCA","1",0.999963402748108,"1"
"Drews","19",20261019,"TCGA-FJ-A3ZF","BLCA","1",0.999977350234985,"1"
"Drews","19",20261019,"TCGA-G2-A3VY","BLCA","1",0.999996304512024,"1"
"Drews","19",20261019,"TCGA-GC-A3RC","BLCA","1",0.997743964195251,"1"
"Drews","19",20261019,"TCGA-GC-A3YS","BLCA","1",0.999767363071442,"1"
"Drews","19",20261019,"TCGA-GU-AATO","BLCA","1",0.998647391796112,"1"
"Drews","19",20261019,"TCGA-GU-AATP","BLCA","1",0.999963521957397,"1"
"Drews","19",20261019,"TCGA-GV-A3JV","BLCA","1",0.446525722742081,"2"
"Drews","19",20261019,"TCGA-GV-A3JZ","BLCA","1",0.999934554100037,"1"
"Drews","19",20261019,"TCGA-K4-A3WV","BLCA","1",0.999893307685852,"1"
"Drews","19",20261019,"TCGA-K4-A6MB","BLCA","1",0.999992370605469,"1"
"Drews","19",20261019,"TCGA-LT-A5Z6","BLCA","1",0.999842047691345,"1"
"Drews","19",20261019,"TCGA-PQ-A6FI","BLCA","1",0.999610126018524,"1"
"Drews","19",20261019,"TCGA-UY-A78N","BLCA","1",0.994235217571259,"1"
"Drews","19",20261019,"TCGA-XF-A9SH","BLCA","1",0.951949894428253,"1"
"Drews","19",20261019,"TCGA-XF-AAML","BLCA","1",0.99998664855957,"1"
"Drews","19",20261019,"TCGA-YF-AA3L","BLCA","1",0.954745829105377,"1"
"Drews","19",20261019,"TCGA-A1-A0SF","BRCA","1",0.245085090398788,"2"
"Drews","19",20261019,"TCGA-A1-A0SO","BRCA","1",0.999987721443176,"1"
"Drews","19",20261019,"TCGA-A1-A0SP","BRCA","1",0.999799907207489,"1"
"Drews","19",20261019,"TCGA-A2-A0D0","BRCA","1",0.999922037124634,"1"
"Drews","19",20261019,"TCGA-A2-A0EY","BRCA","1",0.993930697441101,"1"
"Drews","19",20261019,"TCGA-A2-A0YE","BRCA","1",0.9999840259552,"1"
"Drews","19",20261019,"TCGA-A2-A1FX","BRCA","1",0.988787114620209,"1"
"Drews","19",20261019,"TCGA-A2-A1G4","BRCA","1",0.991206586360931,"1"
"Drews","19",20261019,"TCGA-A2-A259","BRCA","2",0.634658932685852,"1"
"Drews","19",20261019,"TCGA-A7-A0CE","BRCA","1",0.999529004096985,"1"
"Drews","19",20261019,"TCGA-A7-A0D9","BRCA","1",0.996995687484741,"1"
"Drews","19",20261019,"TCGA-A7-A13F","BRCA","1",0.810574114322662,"1"
"Drews","19",20261019,"TCGA-A7-A4SD","BRCA","1",0.999502539634705,"1"
"Drews","19",20261019,"TCGA-A7-A56D","BRCA","1",0.997956156730652,"1"
"Drews","19",20261019,"TCGA-A7-A5ZV","BRCA","1",0.999918460845947,"1"
"Drews","19",20261019,"TCGA-A7-A6VX","BRCA","1",0.998197138309479,"1"
"Drews","19",20261019,"TCGA-A7-A6VY","BRCA","1",0.999827325344086,"1"
"Drews","19",20261019,"TCGA-A8-A06N","BRCA","1",0.981656134128571,"1"
"Drews","19",20261019,"TCGA-A8-A06O","BRCA","1",0.999541878700256,"1"
"Drews","19",20261019,"TCGA-A8-A06X","BRCA","1",0.999964952468872,"1"
"Drews","19",20261019,"TCGA-A8-A07I","BRCA","1",0.999958992004395,"1"
"Drews","19",20261019,"TCGA-A8-A08R","BRCA","1",0.999992370605469,"1"
"Drews","19",20261019,"TCGA-A8-A097","BRCA","1",0.999864339828491,"1"
"Drews","19",20261019,"TCGA-A8-A09Q","BRCA","1",0.999637246131897,"1"
"Drews","19",20261019,"TCGA-A8-A0A1","BRCA","2",0.0604522675275803,"2"
"Drews","19",20261019,"TCGA-A8-A0A6","BRCA","1",0.755447804927826,"1"
"Drews","19",20261019,"TCGA-AC-A23E","BRCA","2",0.769434571266174,"1"
"Drews","19",20261019,"TCGA-AC-A2BM","BRCA","1",0.995680212974548,"1"
"Drews","19",20261019,"TCGA-AC-A3OD","BRCA","1",0.968520045280457,"1"
"Drews","19",20261019,"TCGA-AC-A62V","BRCA","1",0.996356904506683,"1"
"Drews","19",20261019,"TCGA-AN-A049","BRCA","1",0.999742805957794,"1"
"Drews","19",20261019,"TCGA-AN-A0AJ","BRCA","1",0.999981999397278,"1"
"Drews","19",20261019,"TCGA-AN-A0AL","BRCA","1",0.998601973056793,"1"
"Drews","19",20261019,"TCGA-AN-A0FL","BRCA","1",0.999621629714966,"1"
"Drews","19",20261019,"TCGA-AN-A0FW","BRCA","1",0.998056054115295,"1"
"Drews","19",20261019,"TCGA-AO-A03L","BRCA","1",0.999898791313171,"1"
"Drews","19",20261019,"TCGA-AO-A0JE","BRCA","1",0.996005117893219,"1"
"Drews","19",20261019,"TCGA-AO-A0JM","BRCA","1",0.999942064285278,"1"
"Drews","19",20261019,"TCGA-AQ-A04J","BRCA","1",0.999721944332123,"1"
"Drews","19",20261019,"TCGA-AR-A1AN","BRCA","1",0.922734320163727,"1"
"Drews","19",20261019,"TCGA-AR-A1AQ","BRCA","1",0.991921186447144,"1"
"Drews","19",20261019,"TCGA-AR-A24H","BRCA","1",0.999861240386963,"1"
"Drews","19",20261019,"TCGA-AR-A24X","BRCA","2",0.108503773808479,"2"
"Drews","19",20261019,"TCGA-AR-A2LR","BRCA","1",0.999935269355774,"1"
"Drews","19",20261019,"TCGA-B6-A0IJ","BRCA","1",0.999979972839355,"1"
"Drews","19",20261019,"TCGA-B6-A0IN","BRCA","1",0.99639880657196,"1"
"Drews","19",20261019,"TCGA-B6-A0RP","BRCA","2",0.00542879663407803,"2"
"Drews","19",20261019,"TCGA-BH-A0AZ","BRCA","1",0.982022404670715,"1"
"Drews","19",20261019,"TCGA-BH-A0B3","BRCA","1",0.999938130378723,"1"
"Drews","19",20261019,"TCGA-BH-A0B4","BRCA","1",0.999059855937958,"1"
"Drews","19",20261019,"TCGA-BH-A0B9","BRCA","1",0.999586164951324,"1"
"Drews","19",20261019,"TCGA-BH-A0BW","BRCA","1",0.999628186225891,"1"
"Drews","19",20261019,"TCGA-BH-A0C7","BRCA","1",0.999794185161591,"1"
"Drews","19",20261019,"TCGA-BH-A0GY","BRCA","1",0.999371707439423,"1"
"Drews","19",20261019,"TCGA-BH-A0HQ","BRCA","2",0.0400131866335869,"2"
"Drews","19",20261019,"TCGA-BH-A0HX","BRCA","1",0.99971216917038,"1"
"Drews","19",20261019,"TCGA-BH-A0W7","BRCA","1",0.83629035949707,"1"
"Drews","19",20261019,"TCGA-BH-A1EY","BRCA","1",0.996575891971588,"1"
"Drews","19",20261019,"TCGA-BH-A1F6","BRCA","1",0.999947786331177,"1"
"Drews","19",20261019,"TCGA-C8-A12K","BRCA","1",0.999551951885223,"1"
"Drews","19",20261019,"TCGA-C8-A12M","BRCA","1",0.997755825519562,"1"
"Drews","19",20261019,"TCGA-C8-A12Z","BRCA","1",0.999884963035583,"1"
"Drews","19",20261019,"TCGA-C8-A132","BRCA","1",0.999721586704254,"1"
"Drews","19",20261019,"TCGA-C8-A134","BRCA","1",0.999939560890198,"1"
"Drews","19",20261019,"TCGA-C8-A1HK","BRCA","1",0.999820530414581,"1"
"Drews","19",20261019,"TCGA-C8-A1HO","BRCA","1",0.999691724777222,"1"
"Drews","19",20261019,"TCGA-C8-A26Z","BRCA","1",0.978919267654419,"1"
"Drews","19",20261019,"TCGA-D8-A147","BRCA","1",0.999684453010559,"1"
"Drews","19",20261019,"TCGA-D8-A1X9","BRCA","1",0.999208629131317,"1"
"Drews","19",20261019,"TCGA-D8-A1XJ","BRCA","1",0.999981045722961,"1"
"Drews","19",20261019,"TCGA-D8-A1XW","BRCA","1",0.996602416038513,"1"
"Drews","19",20261019,"TCGA-D8-A1Y3","BRCA","1",0.999220132827759,"1"
"Drews","19",20261019,"TCGA-E2-A109","BRCA","1",0.999975085258484,"1"
"Drews","19",20261019,"TCGA-E2-A14T","BRCA","1",0.999879002571106,"1"
"Drews","19",20261019,"TCGA-E2-A150","BRCA","1",0.999963283538818,"1"
"Drews","19",20261019,"TCGA-E2-A15K","BRCA","1",0.61866694688797,"1"
"Drews","19",20261019,"TCGA-E2-A15T","BRCA","1",0.99856561422348,"1"
"Drews","19",20261019,"TCGA-E2-A1IG","BRCA","1",0.999194085597992,"1"
"Drews","19",20261019,"TCGA-E2-A1L7","BRCA","1",0.999897718429565,"1"
"Drews","19",20261019,"TCGA-E9-A1NC","BRCA","1",0.998246192932129,"1"
"Drews","19",20261019,"TCGA-E9-A1NF","BRCA","1",0.975183129310608,"1"
"Drews","19",20261019,"TCGA-E9-A1R7","BRCA","1",0.99977833032608,"1"
"Drews","19",20261019,"TCGA-E9-A1RF","BRCA","1",0.999879240989685,"1"
"Drews","19",20261019,"TCGA-E9-A1RG","BRCA","1",0.998873651027679,"1"
"Drews","19",20261019,"TCGA-E9-A228","BRCA","1",0.999987602233887,"1"
"Drews","19",20261019,"TCGA-EW-A1P8","BRCA","1",0.999813854694366,"1"
"Drews","19",20261019,"TCGA-EW-A6S9","BRCA","1",0.999897837638855,"1"
"Drews","19",20261019,"TCGA-EW-A6SC","BRCA","1",0.962315380573273,"1"
"Drews","19",20261019,"TCGA-EW-A6SD","BRCA","1",0.999835968017578,"1"
"Drews","19",20261019,"TCGA-LL-A6FQ","BRCA","1",0.299037843942642,"2"
"Drews","19",20261019,"TCGA-OL-A5RV","BRCA","2",0.0606327429413795,"2"
"Drews","19",20261019,"TCGA-OL-A5S0","BRCA","1",0.999966144561768,"1"
"Drews","19",20261019,"TCGA-S3-AA12","BRCA","1",0.979395091533661,"1"
"Drews","19",20261019,"TCGA-WT-AB41","BRCA","1",0.935770809650421,"1"
"Drews","19",20261019,"TCGA-WT-AB44","BRCA","2",0.165220513939857,"2"
"Drews","19",20261019,"TCGA-C5-A1BM","CESC","2",0.735419988632202,"1"
"Drews","19",20261019,"TCGA-C5-A1M8","CESC","1",0.994777321815491,"1"
"Drews","19",20261019,"TCGA-C5-A1M9","CESC","1",0.972241878509521,"1"
"Drews","19",20261019,"TCGA-C5-A1ME","CESC","1",0.936015784740448,"1"
"Drews","19",20261019,"TCGA-C5-A2LY","CESC","1",0.989188551902771,"1"
"Drews","19",20261019,"TCGA-C5-A7UH","CESC","1",0.997159838676453,"1"
"Drews","19",20261019,"TCGA-C5-A7X5","CESC","1",0.999923348426819,"1"
"Drews","19",20261019,"TCGA-C5-A8YQ","CESC","1",0.875174522399902,"1"
"Drews","19",20261019,"TCGA-C5-A901","CESC","2",0.998238086700439,"1"
"Drews","19",20261019,"TCGA-DS-A3LQ","CESC","1",0.998499393463135,"1"
"Drews","19",20261019,"TCGA-EK-A2RN","CESC","2",0.637624740600586,"1"
"Drews","19",20261019,"TCGA-VS-A8EG","CESC","1",0.87013566493988,"1"
"Drews","19",20261019,"TCGA-VS-A9U6","CESC","1",0.997885406017303,"1"
"Drews","19",20261019,"TCGA-VS-A9UD","CESC","1",0.949678421020508,"1"
"Drews","19",20261019,"TCGA-ZJ-A8QO","CESC","1",0.812934637069702,"1"
"Drews","19",20261019,"TCGA-ZJ-AAXB","CESC","1",0.999894022941589,"1"
"Drews","19",20261019,"TCGA-W5-AA2T","CHOL","1",0.988302767276764,"1"
"Drews","19",20261019,"TCGA-5M-AAT4","COAD","1",0.987935423851013,"1"
"Drews","19",20261019,"TCGA-A6-3807","COAD","1",0.986367523670197,"1"
"Drews","19",20261019,"TCGA-A6-5660","COAD","1",0.977678298950195,"1"
"Drews","19",20261019,"TCGA-AA-3517","COAD","1",0.912763118743896,"1"
"Drews","19",20261019,"TCGA-AA-3524","COAD","1",0.455277979373932,"2"
"Drews","19",20261019,"TCGA-AA-3660","COAD","1",0.964415907859802,"1"
"Drews","19",20261019,"TCGA-AA-3666","COAD","1",0.96915203332901,"1"
"Drews","19",20261019,"TCGA-AA-3685","COAD","1",0.942014396190643,"1"
"Drews","19",20261019,"TCGA-AA-3814","COAD","2",0.0477010309696198,"2"
"Drews","19",20261019,"TCGA-AA-3819","COAD","2",0.596570014953613,"1"
"Drews","19",20261019,"TCGA-AA-3852","COAD","2",0.042406365275383,"2"
"Drews","19",20261019,"TCGA-AA-A022","COAD","2",0.29454317688942,"2"
"Drews","19",20261019,"TCGA-AZ-6603","COAD","2",0.987784743309021,"1"
"Drews","19",20261019,"TCGA-CA-6719","COAD","1",0.999365150928497,"1"
"Drews","19",20261019,"TCGA-CK-6751","COAD","2",0.0109284538775682,"2"
"Drews","19",20261019,"TCGA-CM-6169","COAD","2",0.957606852054596,"1"
"Drews","19",20261019,"TCGA-CM-6675","COAD","1",0.989416182041168,"1"
"Drews","19",20261019,"TCGA-CM-6678","COAD","2",0.00587738724425435,"2"
"Drews","19",20261019,"TCGA-F4-6806","COAD","2",0.00400253944098949,"2"
"Drews","19",20261019,"TCGA-G4-6309","COAD","2",0.344054639339447,"2"
"Drews","19",20261019,"TCGA-G4-6626","COAD","1",0.996845126152039,"1"
"Drews","19",20261019,"TCGA-FF-8043","DLBC","1",0.961259186267853,"1"
"Drews","19",20261019,"TCGA-2H-A9GL","ESCA","1",0.99976772069931,"1"
"Drews","19",20261019,"TCGA-IG-A3I8","ESCA","1",0.994184195995331,"1"
"Drews","19",20261019,"TCGA-JY-A6FE","ESCA","1",0.999976277351379,"1"
"Drews","19",20261019,"TCGA-JY-A938","ESCA","1",0.997796416282654,"1"
"Drews","19",20261019,"TCGA-JY-A93F","ESCA","2",0.491745293140411,"2"
"Drews","19",20261019,"TCGA-L5-A43I","ESCA","1",0.999648332595825,"1"
"Drews","19",20261019,"TCGA-L5-A4OF","ESCA","1",0.999425530433655,"1"
"Drews","19",20261019,"TCGA-L5-A4OP","ESCA","1",0.99838387966156,"1"
"Drews","19",20261019,"TCGA-L5-A88V","ESCA","1",0.999976277351379,"1"
"Drews","19",20261019,"TCGA-L5-A88Z","ESCA","2",0.998849749565125,"1"
"Drews","19",20261019,"TCGA-L5-A8NR","ESCA","1",0.999973058700562,"1"
"Drews","19",20261019,"TCGA-LN-A49M","ESCA","1",0.999985575675964,"1"
"Drews","19",20261019,"TCGA-LN-A49V","ESCA","1",0.998736798763275,"1"
"Drews","19",20261019,"TCGA-LN-A5U6","ESCA","1",0.999977469444275,"1"
"Drews","19",20261019,"TCGA-R6-A8W8","ESCA","1",0.997343838214874,"1"
"Drews","19",20261019,"TCGA-VR-A8EU","ESCA","1",0.999931931495667,"1"
"Drews","19",20261019,"TCGA-VR-A8EW","ESCA","1",0.999895215034485,"1"
"Drews","19",20261019,"TCGA-Z6-A9VB","ESCA","1",0.999964237213135,"1"
"Drews","19",20261019,"TCGA-06-0882","GBM","1",0.14372555911541,"2"
"Drews","19",20261019,"TCGA-06-5856","GBM","1",0.861715853214264,"1"
"Drews","19",20261019,"TCGA-19-5960","GBM","1",0.680008709430695,"1"
"Drews","19",20261019,"TCGA-27-1834","GBM","2",0.662372469902039,"1"
"Drews","19",20261019,"TCGA-27-2528","GBM","1",0.568529009819031,"1"
"Drews","19",20261019,"TCGA-32-2616","GBM","2",0.950454533100128,"1"
"Drews","19",20261019,"TCGA-BA-6871","HNSC","1",0.995903670787811,"1"
"Drews","19",20261019,"TCGA-BB-4224","HNSC","1",0.998695313930511,"1"
"Drews","19",20261019,"TCGA-CN-4741","HNSC","2",0.995750904083252,"1"
"Drews","19",20261019,"TCGA-CN-6011","HNSC","1",0.999387860298157,"1"
"Drews","19",20261019,"TCGA-CQ-6228","HNSC","1",0.999701201915741,"1"
"Drews","19",20261019,"TCGA-CR-6472","HNSC","1",0.981396675109863,"1"
"Drews","19",20261019,"TCGA-CR-7390","HNSC","1",0.99994421005249,"1"
"Drews","19",20261019,"TCGA-CV-5432","HNSC","1",0.997261762619019,"1"
"Drews","19",20261019,"TCGA-CV-5441","HNSC","1",0.996828138828278,"1"
"Drews","19",20261019,"TCGA-CV-5973","HNSC","1",0.967310130596161,"1"
"Drews","19",20261019,"TCGA-CV-6933","HNSC","1",0.999921441078186,"1"
"Drews","19",20261019,"TCGA-CV-6936","HNSC","1",0.999612271785736,"1"
"Drews","19",20261019,"TCGA-CV-6948","HNSC","1",0.999907851219177,"1"
"Drews","19",20261019,"TCGA-CV-7414","HNSC","1",0.999585330486298,"1"
"Drews","19",20261019,"TCGA-CV-A6K2","HNSC","2",0.805548548698425,"1"
"Drews","19",20261019,"TCGA-CX-A4AQ","HNSC","2",0.995281398296356,"1"
"Drews","19",20261019,"TCGA-F7-A61W","HNSC","1",0.998775541782379,"1"
"Drews","19",20261019,"TCGA-HD-7831","HNSC","1",0.99793016910553,"1"
"Drews","19",20261019,"TCGA-KU-A66T","HNSC","1",0.999831557273865,"1"
"Drews","19",20261019,"TCGA-MT-A51X","HNSC","1",0.989466845989227,"1"
"Drews","19",20261019,"TCGA-P3-A6T6","HNSC","1",0.93563449382782,"1"
"Drews","19",20261019,"TCGA-QK-A6IJ","HNSC","1",0.86139851808548,"1"
"Drews","19",20261019,"TCGA-T2-A6WZ","HNSC","1",0.99702924489975,"1"
"Drews","19",20261019,"TCGA-KL-8326","KICH","2",0.00106065103318542,"2"
"Drews","19",20261019,"TCGA-KL-8331","KICH","2",0.00561116449534893,"2"
"Drews","19",20261019,"TCGA-KL-8341","KICH","1",0.591300845146179,"1"
"Drews","19",20261019,"TCGA-KL-8342","KICH","2",0.00829828251153231,"2"
"Drews","19",20261019,"TCGA-KN-8423","KICH","2",0.0018695741891861,"2"
"Drews","19",20261019,"TCGA-KN-8424","KICH","2",0.00134457799140364,"2"
"Drews","19",20261019,"TCGA-KO-8413","KICH","2",0.0671327188611031,"2"
"Drews","19",20261019,"TCGA-A3-3313","KIRC","1",0.0074036275036633,"2"
"Drews","19",20261019,"TCGA-A3-3317","KIRC","2",0.00260065961629152,"2"
"Drews","19",20261019,"TCGA-A3-3358","KIRC","2",0.000954423390794545,"2"
"Drews","19",20261019,"TCGA-A3-3382","KIRC","2",0.0021252422593534,"2"
"Drews","19",20261019,"TCGA-AK-3453","KIRC","2",0.0174725018441677,"2"
"Drews","19",20261019,"TCGA-B0-4810","KIRC","2",0.00013762824528385,"2"
"Drews","19",20261019,"TCGA-B0-5107","KIRC","2",0.0138808814808726,"2"
"Drews","19",20261019,"TCGA-B2-4099","KIRC","2",0.00176044879481196,"2"
"Drews","19",20261019,"TCGA-BP-4963","KIRC","2",0.00320750288665295,"2"
"Drews","19",20261019,"TCGA-BP-5175","KIRC","1",0.00388907548040152,"2"
"Drews","19",20261019,"TCGA-CJ-4640","KIRC","2",0.00328127341344953,"2"
"Drews","19",20261019,"TCGA-CJ-5679","KIRC","2",0.000562695146072656,"2"
"Drews","19",20261019,"TCGA-CZ-5456","KIRC","2",0.00282374978996813,"2"
"Drews","19",20261019,"TCGA-CZ-5462","KIRC","2",0.006418377161026,"2"
"Drews","19",20261019,"TCGA-CZ-5989","KIRC","2",0.127617284655571,"2"
"Drews","19",20261019,"TCGA-2Z-A9JJ","KIRP","1",0.00744111090898514,"2"
"Drews","19",20261019,"TCGA-A4-7287","KIRP","2",0.998536944389343,"1"
"Drews","19",20261019,"TCGA-A4-A5DU","KIRP","2",0.0991041213274002,"2"
"Drews","19",20261019,"TCGA-AL-3466","KIRP","1",0.999674439430237,"1"
"Drews","19",20261019,"TCGA-B9-A69E","KIRP","1",0.0268981289118528,"2"
"Drews","19",20261019,"TCGA-DZ-6134","KIRP","2",0.00141106185037643,"2"
"Drews","19",20261019,"TCGA-EV-5902","KIRP","2",0.00618150550872087,"2"
"Drews","19",20261019,"TCGA-P4-A5ED","KIRP","2",0.0224143844097853,"2"
"Drews","19",20261019,"TCGA-UZ-A9PZ","KIRP","2",0.0396030135452747,"2"
"Drews","19",20261019,"TCGA-CS-6670","LGG","2",0.00450670905411243,"2"
"Drews","19",20261019,"TCGA-DB-5275","LGG","1",0.0473390705883503,"2"
"Drews","19",20261019,"TCGA-DB-A4XE","LGG","2",0.0128528531640768,"2"
"Drews","19",20261019,"TCGA-DB-A4XG","LGG","2",0.00317390915006399,"2"
"Drews","19",20261019,"TCGA-DU-7013","LGG","2",0.479354172945023,"2"
"Drews","19",20261019,"TCGA-DU-7301","LGG","2",0.189039662480354,"2"
"Drews","19",20261019,"TCGA-DU-A5TW","LGG","2",0.186400607228279,"2"
"Drews","19",20261019,"TCGA-DU-A5TY","LGG","1",0.80400013923645,"1"
"Drews","19",20261019,"TCGA-DU-A7TA","LGG","1",0.397878438234329,"2"
"Drews","19",20261019,"TCGA-FG-6689","LGG","2",0.050393246114254,"2"
"Drews","19",20261019,"TCGA-FG-7634","LGG","2",0.0281973872333765,"2"
"Drews","19",20261019,"TCGA-FG-A4MX","LGG","2",0.678376376628876,"1"
"Drews","19",20261019,"TCGA-FG-A6IZ","LGG","2",0.0637176930904388,"2"
"Drews","19",20261019,"TCGA-FG-A6J1","LGG","2",0.0726365596055984,"2"
"Drews","19",20261019,"TCGA-HT-7471","LGG","2",0.00237410422414541,"2"
"Drews","19",20261019,"TCGA-HT-7693","LGG","2",0.334717005491257,"2"
"Drews","19",20261019,"TCGA-HT-7875","LGG","2",0.00069692765828222,"2"
"Drews","19",20261019,"TCGA-R8-A73M","LGG","2",0.0697224140167236,"2"
"Drews","19",20261019,"TCGA-S9-A6UB","LGG","2",0.00809914898127317,"2"
"Drews","19",20261019,"TCGA-S9-A7R8","LGG","1",0.366548508405685,"2"
"Drews","19",20261019,"TCGA-TM-A84B","LGG","1",0.329164624214172,"2"
"Drews","19",20261019,"TCGA-TM-A84F","LGG","2",0.0382354855537415,"2"
"Drews","19",20261019,"TCGA-TQ-A7RS","LGG","2",0.0118938824161887,"2"
"Drews","19",20261019,"TCGA-VV-A86M","LGG","2",0.422600567340851,"2"
"Drews","19",20261019,"TCGA-2Y-A9GY","LIHC","1",0.993537962436676,"1"
"Drews","19",20261019,"TCGA-2Y-A9H7","LIHC","2",0.957669794559479,"1"
"Drews","19",20261019,"TCGA-2Y-A9H9","LIHC","1",0.981008291244507,"1"
"Drews","19",20261019,"TCGA-BC-A10R","LIHC","1",0.977517127990723,"1"
"Drews","19",20261019,"TCGA-BC-A10T","LIHC","1",0.990873575210571,"1"
"Drews","19",20261019,"TCGA-BC-A10Z","LIHC","1",0.958072423934937,"1"
"Drews","19",20261019,"TCGA-BC-A5W4","LIHC","1",0.956459164619446,"1"
"Drews","19",20261019,"TCGA-BW-A5NP","LIHC","1",0.887333869934082,"1"
"Drews","19",20261019,"TCGA-DD-A11A","LIHC","1",0.964801669120789,"1"
"Drews","19",20261019,"TCGA-DD-A73F","LIHC","1",0.949214041233063,"1"
"Drews","19",20261019,"TCGA-DD-A73G","LIHC","1",0.805832028388977,"1"
"Drews","19",20261019,"TCGA-DD-AACD","LIHC","1",0.452449440956116,"2"
"Drews","19",20261019,"TCGA-DD-AADN","LIHC","1",0.95847350358963,"1"
"Drews","19",20261019,"TCGA-DD-AADO","LIHC","1",0.935465276241302,"1"
"Drews","19",20261019,"TCGA-DD-AAVX","LIHC","2",0.0331513695418835,"2"
"Drews","19",20261019,"TCGA-G3-A7M7","LIHC","2",0.474361658096313,"2"
"Drews","19",20261019,"TCGA-LG-A6GG","LIHC","1",0.855497479438782,"1"
"Drews","19",20261019,"TCGA-PD-A5DF","LIHC","1",0.990152537822723,"1"
"Drews","19",20261019,"TCGA-UB-A7MB","LIHC","1",0.99985682964325,"1"
"Drews","19",20261019,"TCGA-UB-A7MD","LIHC","2",0.977287650108337,"1"
"Drews","19",20261019,"TCGA-ZS-A9CG","LIHC","2",0.503958106040955,"1"
"Drews","19",20261019,"TCGA-05-4396","LUAD","1",0.998639404773712,"1"
"Drews","19",20261019,"TCGA-05-4415","LUAD","1",0.993821203708649,"1"
"Drews","19",20261019,"TCGA-05-5715","LUAD","1",0.739265382289886,"1"
"Drews","19",20261019,"TCGA-38-4628","LUAD","1",0.999764025211334,"1"
"Drews","19",20261019,"TCGA-44-7670","LUAD","1",0.999907374382019,"1"
"Drews","19",20261019,"TCGA-44-8117","LUAD","1",0.99980753660202,"1"
"Drews","19",20261019,"TCGA-44-A4SU","LUAD","1",0.994471907615662,"1"
"Drews","19",20261019,"TCGA-49-AARQ","LUAD","1",0.997706890106201,"1"
"Drews","19",20261019,"TCGA-4B-A93V","LUAD","1",0.998653531074524,"1"
"Drews","19",20261019,"TCGA-50-5935","LUAD","1",0.985524475574493,"1"
"Drews","19",20261019,"TCGA-55-1594","LUAD","1",0.999988555908203,"1"
"Drews","19",20261019,"TCGA-55-6975","LUAD","1",0.99940025806427,"1"
"Drews","19",20261019,"TCGA-55-7903","LUAD","1",0.999830603599548,"1"
"Drews","19",20261019,"TCGA-55-7994","LUAD","1",0.996694803237915,"1"
"Drews","19",20261019,"TCGA-55-8615","LUAD","1",0.997796773910522,"1"
"Drews","19",20261019,"TCGA-55-A490","LUAD","1",0.999814569950104,"1"
"Drews","19",20261019,"TCGA-67-6217","LUAD","1",0.993581295013428,"1"
"Drews","19",20261019,"TCGA-73-4662","LUAD","1",0.98273891210556,"1"
"Drews","19",20261019,"TCGA-78-7150","LUAD","1",0.999606668949127,"1"
"Drews","19",20261019,"TCGA-78-7158","LUAD","2",0.914091825485229,"1"
"Drews","19",20261019,"TCGA-78-7161","LUAD","1",0.999398469924927,"1"
"Drews","19",20261019,"TCGA-78-8662","LUAD","1",0.999949932098389,"1"
"Drews","19",20261019,"TCGA-86-8056","LUAD","1",0.894915640354156,"1"
"Drews","19",20261019,"TCGA-91-6831","LUAD","1",0.999988794326782,"1"
"Drews","19",20261019,"TCGA-97-7547","LUAD","1",0.657536625862122,"1"
"Drews","19",20261019,"TCGA-97-A4M3","LUAD","1",0.958063960075378,"1"
"Drews","19",20261019,"TCGA-MP-A4T6","LUAD","1",0.987789869308472,"1"
"Drews","19",20261019,"TCGA-18-4721","LUSC","1",0.998323976993561,"1"
"Drews","19",20261019,"TCGA-21-5787","LUSC","1",0.968194007873535,"1"
"Drews","19",20261019,"TCGA-22-4601","LUSC","1",0.999926209449768,"1"
"Drews","19",20261019,"TCGA-22-5473","LUSC","1",0.999318599700928,"1"
"Drews","19",20261019,"TCGA-33-4547","LUSC","1",0.998815417289734,"1"
"Drews","19",20261019,"TCGA-33-4582","LUSC","1",0.999971508979797,"1"
"Drews","19",20261019,"TCGA-33-6737","LUSC","1",0.998998820781708,"1"
"Drews","19",20261019,"TCGA-33-AASB","LUSC","1",0.999994993209839,"1"
"Drews","19",20261019,"TCGA-39-5035","LUSC","1",0.997888624668121,"1"
"Drews","19",20261019,"TCGA-43-2581","LUSC","1",0.998809337615967,"1"
"Drews","19",20261019,"TCGA-43-A474","LUSC","1",0.998863458633423,"1"
"Drews","19",20261019,"TCGA-56-1622","LUSC","1",0.999266684055328,"1"
"Drews","19",20261019,"TCGA-56-7730","LUSC","1",0.999669313430786,"1"
"Drews","19",20261019,"TCGA-56-8083","LUSC","1",0.999931573867798,"1"
"Drews","19",20261019,"TCGA-56-8628","LUSC","1",0.996687591075897,"1"
"Drews","19",20261019,"TCGA-56-8629","LUSC","1",0.999916791915894,"1"
"Drews","19",20261019,"TCGA-58-8387","LUSC","1",0.999990582466125,"1"
"Drews","19",20261019,"TCGA-60-2711","LUSC","1",0.999926328659058,"1"
"Drews","19",20261019,"TCGA-60-2722","LUSC","1",0.997700870037079,"1"
"Drews","19",20261019,"TCGA-63-A5MH","LUSC","1",0.999251067638397,"1"
"Drews","19",20261019,"TCGA-66-2794","LUSC","1",0.952212572097778,"1"
"Drews","19",20261019,"TCGA-68-7755","LUSC","1",0.999829053878784,"1"
"Drews","19",20261019,"TCGA-77-7142","LUSC","1",0.998318672180176,"1"
"Drews","19",20261019,"TCGA-77-7337","LUSC","1",0.999947428703308,"1"
"Drews","19",20261019,"TCGA-77-8009","LUSC","1",0.999958992004395,"1"
"Drews","19",20261019,"TCGA-85-8351","LUSC","1",0.997406303882599,"1"
"Drews","19",20261019,"TCGA-85-A4QR","LUSC","1",0.999945402145386,"1"
"Drews","19",20261019,"TCGA-85-A5B5","LUSC","1",0.998678982257843,"1"
"Drews","19",20261019,"TCGA-90-7769","LUSC","1",0.999063670635223,"1"
"Drews","19",20261019,"TCGA-98-8022","LUSC","1",0.999700546264648,"1"
"Drews","19",20261019,"TCGA-LA-A446","LUSC","1",0.999818623065948,"1"
"Drews","19",20261019,"TCGA-NC-A5HD","LUSC","1",0.999945282936096,"1"
"Drews","19",20261019,"TCGA-NC-A5HN","LUSC","1",0.94623339176178,"1"
"Drews","19",20261019,"TCGA-NC-A5HR","LUSC","1",0.999972105026245,"1"
"Drews","19",20261019,"TCGA-MQ-A4LJ","MESO","1",0.312438458204269,"2"
"Drews","19",20261019,"TCGA-MQ-A4LP","MESO","1",0.9974724650383,"1"
"Drews","19",20261019,"TCGA-MQ-A6BS","MESO","1",0.863395750522614,"1"
"Drews","19",20261019,"TCGA-ZN-A9VU","MESO","2",0.111529365181923,"2"
"Drews","19",20261019,"TCGA-04-1357","OV","1",0.998569846153259,"1"
"Drews","19",20261019,"TCGA-09-2044","OV","1",0.999876737594604,"1"
"Drews","19",20261019,"TCGA-10-0928","OV","1",0.999937653541565,"1"
"Drews","19",20261019,"TCGA-13-0897","OV","1",0.999908685684204,"1"
"Drews","19",20261019,"TCGA-13-1481","OV","1",0.999992728233337,"1"
"Drews","19",20261019,"TCGA-13-1505","OV","1",0.99997889995575,"1"
"Drews","19",20261019,"TCGA-13-1511","OV","1",0.998930275440216,"1"
"Drews","19",20261019,"TCGA-13-1512","OV","1",0.99999463558197,"1"
"Drews","19",20261019,"TCGA-23-1027","OV","1",0.999942302703857,"1"
"Drews","19",20261019,"TCGA-23-2084","OV","1",0.999983310699463,"1"
"Drews","19",20261019,"TCGA-24-1424","OV","1",0.999983787536621,"1"
"Drews","19",20261019,"TCGA-24-1469","OV","1",0.999991774559021,"1"
"Drews","19",20261019,"TCGA-24-1552","OV","1",0.999897360801697,"1"
"Drews","19",20261019,"TCGA-24-1564","OV","1",0.999680995941162,"1"
"Drews","19",20261019,"TCGA-24-1616","OV","1",0.999716579914093,"1"
"Drews","19",20261019,"TCGA-24-1843","OV","1",0.999991774559021,"1"
"Drews","19",20261019,"TCGA-24-1847","OV","1",0.999633073806763,"1"
"Drews","19",20261019,"TCGA-24-1850","OV","1",0.999933958053589,"1"
"Drews","19",20261019,"TCGA-24-2271","OV","1",0.999806344509125,"1"
"Drews","19",20261019,"TCGA-24-2288","OV","1",0.999950766563416,"1"
"Drews","19",20261019,"TCGA-24-2298","OV","1",0.999453246593475,"1"
"Drews","19",20261019,"TCGA-25-1313","OV","1",0.999959349632263,"1"
"Drews","19",20261019,"TCGA-25-1315","OV","1",0.999980330467224,"1"
"Drews","19",20261019,"TCGA-29-1761","OV","1",0.999905586242676,"1"
"Drews","19",20261019,"TCGA-29-1781","OV","1",0.999929785728455,"1"
"Drews","19",20261019,"TCGA-29-1783","OV","1",0.999967694282532,"1"
"Drews","19",20261019,"TCGA-30-1718","OV","1",0.999903678894043,"1"
"Drews","19",20261019,"TCGA-30-1855","OV","1",0.999990105628967,"1"
"Drews","19",20261019,"TCGA-59-A5PD","OV","1",0.999999046325684,"1"
"Drews","19",20261019,"TCGA-5X-AA5U","OV","1",0.999749720096588,"1"
"Drews","19",20261019,"TCGA-61-1728","OV","1",0.999492764472961,"1"
"Drews","19",20261019,"TCGA-OY-A56P","OV","1",0.997804582118988,"1"
"Drews","19",20261019,"TCGA-WR-A838","OV","1",0.999865174293518,"1"
"Drews","19",20261019,"TCGA-FB-AAQ2","PAAD","1",0.997648298740387,"1"
"Drews","19",20261019,"TCGA-HV-A5A6","PAAD","1",0.997862756252289,"1"
"Drews","19",20261019,"TCGA-IB-7646","PAAD","1",0.956200897693634,"1"
"Drews","19",20261019,"TCGA-PZ-A5RE","PAAD","1",0.983447194099426,"1"
"Drews","19",20261019,"TCGA-S4-A8RO","PAAD","1",0.667734503746033,"1"
"Drews","19",20261019,"TCGA-QR-A6H6","PCPG","2",0.0157369691878557,"2"
"Drews","19",20261019,"TCGA-QR-A6ZZ","PCPG","1",0.0370143838226795,"2"
"Drews","19",20261019,"TCGA-QR-A70P","PCPG","2",0.0513162724673748,"2"
"Drews","19",20261019,"TCGA-RM-A68W","PCPG","2",0.0965464040637016,"2"
"Drews","19",20261019,"TCGA-S7-A7WP","PCPG","2",0.0273560415953398,"2"
"Drews","19",20261019,"TCGA-SP-A6QK","PCPG","2",0.298299908638,"2"
"Drews","19",20261019,"TCGA-SR-A6MP","PCPG","1",0.05544788017869,"2"
"Drews","19",20261019,"TCGA-W2-A7H7","PCPG","2",0.261978685855865,"2"
"Drews","19",20261019,"TCGA-WB-A819","PCPG","2",0.00515880109742284,"2"
"Drews","19",20261019,"TCGA-WB-A821","PCPG","2",0.0170293133705854,"2"
"Drews","19",20261019,"TCGA-2A-A8VX","PRAD","1",0.99935907125473,"1"
"Drews","19",20261019,"TCGA-CH-5765","PRAD","2",0.968620836734772,"1"
"Drews","19",20261019,"TCGA-CH-5769","PRAD","1",0.993647992610931,"1"
"Drews","19",20261019,"TCGA-EJ-5518","PRAD","1",0.87757009267807,"1"
"Drews","19",20261019,"TCGA-EJ-7331","PRAD","2",0.92115992307663,"1"
"Drews","19",20261019,"TCGA-EJ-A46F","PRAD","1",0.985053718090057,"1"
"Drews","19",20261019,"TCGA-HC-7213","PRAD","1",0.997446656227112,"1"
"Drews","19",20261019,"TCGA-HC-7748","PRAD","1",0.612673044204712,"1"
"Drews","19",20261019,"TCGA-HI-7168","PRAD","1",0.984404623508453,"1"
"Drews","19",20261019,"TCGA-KK-A59X","PRAD","1",0.929291784763336,"1"
"Drews","19",20261019,"TCGA-KK-A8IB","PRAD","1",0.994757175445557,"1"
"Drews","19",20261019,"TCGA-TP-A8TV","PRAD","1",0.999923586845398,"1"
"Drews","19",20261019,"TCGA-V1-A8WW","PRAD","1",0.999659776687622,"1"
"Drews","19",20261019,"TCGA-V1-A9ZR","PRAD","1",0.688826978206635,"1"
"Drews","19",20261019,"TCGA-XJ-A83H","PRAD","2",0.988017082214355,"1"
"Drews","19",20261019,"TCGA-YL-A8HM","PRAD","1",0.99994683265686,"1"
"Drews","19",20261019,"TCGA-YL-A8SO","PRAD","1",0.998442828655243,"1"
"Drews","19",20261019,"TCGA-ZG-A9N3","PRAD","1",0.999925851821899,"1"
"Drews","19",20261019,"TCGA-AG-3581","READ","2",0.692103981971741,"1"
"Drews","19",20261019,"TCGA-AG-3591","READ","1",0.994210243225098,"1"
"Drews","19",20261019,"TCGA-AG-3890","READ","1",0.925044000148773,"1"
"Drews","19",20261019,"TCGA-AG-3896","READ","1",0.828287482261658,"1"
"Drews","19",20261019,"TCGA-AG-A02X","READ","1",0.956226646900177,"1"
"Drews","19",20261019,"TCGA-CL-4957","READ","1",0.998203039169312,"1"
"Drews","19",20261019,"TCGA-DC-5869","READ","2",0.844479620456696,"1"
"Drews","19",20261019,"TCGA-DY-A1DG","READ","1",0.99594634771347,"1"
"Drews","19",20261019,"TCGA-F5-6813","READ","1",0.952321648597717,"1"
"Drews","19",20261019,"TCGA-3B-A9I1","SARC","1",0.998332798480988,"1"
"Drews","19",20261019,"TCGA-DX-A3LY","SARC","1",0.989562928676605,"1"
"Drews","19",20261019,"TCGA-DX-A3U5","SARC","1",0.997832477092743,"1"
"Drews","19",20261019,"TCGA-DX-A3UA","SARC","1",0.983931362628937,"1"
"Drews","19",20261019,"TCGA-DX-A6BF","SARC","1",0.97636753320694,"1"
"Drews","19",20261019,"TCGA-DX-A8BH","SARC","1",0.999423980712891,"1"
"Drews","19",20261019,"TCGA-DX-A8BR","SARC","1",0.99549400806427,"1"
"Drews","19",20261019,"TCGA-DX-A8BT","SARC","1",0.996778070926666,"1"
"Drews","19",20261019,"TCGA-DX-A8BU","SARC","1",0.999891400337219,"1"
"Drews","19",20261019,"TCGA-DX-AB2H","SARC","1",0.967002987861633,"1"
"Drews","19",20261019,"TCGA-DX-AB35","SARC","1",0.999601423740387,"1"
"Drews","19",20261019,"TCGA-DX-AB3A","SARC","1",0.998706459999084,"1"
"Drews","19",20261019,"TCGA-FX-A3TO","SARC","1",0.999565899372101,"1"
"Drews","19",20261019,"TCGA-HB-A43Z","SARC","1",0.998850464820862,"1"
"Drews","19",20261019,"TCGA-IE-A4EH","SARC","1",0.999483466148376,"1"
"Drews","19",20261019,"TCGA-IE-A4EJ","SARC","1",0.99974924325943,"1"
"Drews","19",20261019,"TCGA-JV-A5VE","SARC","1",0.995854258537292,"1"
"Drews","19",20261019,"TCGA-JV-A5VF","SARC","1",0.999418258666992,"1"
"Drews","19",20261019,"TCGA-LI-A9QH","SARC","1",0.999910235404968,"1"
"Drews","19",20261019,"TCGA-QC-A7B5","SARC","2",0.989366352558136,"1"
"Drews","19",20261019,"TCGA-SG-A6Z4","SARC","1",0.999630928039551,"1"
"Drews","19",20261019,"TCGA-SI-AA8C","SARC","1",0.972595155239105,"1"
"Drews","19",20261019,"TCGA-X6-A7W8","SARC","1",0.999210119247437,"1"
"Drews","19",20261019,"TCGA-X6-A8C4","SARC","1",0.999836444854736,"1"
"Drews","19",20261019,"TCGA-BF-A3DN","SKCM","2",0.812768936157227,"1"
"Drews","19",20261019,"TCGA-BF-AAP2","SKCM","1",0.730880379676819,"1"
"Drews","19",20261019,"TCGA-EB-A41B","SKCM","1",0.992909073829651,"1"
"Drews","19",20261019,"TCGA-EB-A430","SKCM","2",0.550214409828186,"1"
"Drews","19",20261019,"TCGA-EB-A5SF","SKCM","1",0.29605495929718,"2"
"Drews","19",20261019,"TCGA-ER-A19T","SKCM","1",0.999738395214081,"1"
"Drews","19",20261019,"TCGA-FR-A726","SKCM","1",0.989147186279297,"1"
"Drews","19",20261019,"TCGA-XV-A9W5","SKCM","1",0.997241616249084,"1"
"Drews","19",20261019,"TCGA-BR-4257","STAD","2",0.500480890274048,"1"
"Drews","19",20261019,"TCGA-BR-4357","STAD","1",0.998629093170166,"1"
"Drews","19",20261019,"TCGA-BR-6456","STAD","1",0.998660326004028,"1"
"Drews","19",20261019,"TCGA-BR-7197","STAD","1",0.999914407730103,"1"
"Drews","19",20261019,"TCGA-BR-8361","STAD","1",0.801631689071655,"1"
"Drews","19",20261019,"TCGA-BR-8485","STAD","1",0.999918103218079,"1"
"Drews","19",20261019,"TCGA-BR-8487","STAD","2",0.652027249336243,"1"
"Drews","19",20261019,"TCGA-BR-8687","STAD","1",0.999756038188934,"1"
"Drews","19",20261019,"TCGA-BR-A44U","STAD","1",0.998529076576233,"1"
"Drews","19",20261019,"TCGA-CD-8527","STAD","1",0.999716579914093,"1"
"Drews","19",20261019,"TCGA-CD-8535","STAD","1",0.999795377254486,"1"
"Drews","19",20261019,"TCGA-CG-4440","STAD","1",0.995628476142883,"1"
"Drews","19",20261019,"TCGA-CG-4449","STAD","1",0.999754965305328,"1"
"Drews","19",20261019,"TCGA-CG-5732","STAD","1",0.997962713241577,"1"
"Drews","19",20261019,"TCGA-D7-A4YY","STAD","1",0.584150612354279,"1"
"Drews","19",20261019,"TCGA-EQ-A4SO","STAD","1",0.990831017494202,"1"
"Drews","19",20261019,"TCGA-FP-8211","STAD","1",0.999576389789581,"1"
"Drews","19",20261019,"TCGA-HU-8243","STAD","1",0.999278128147125,"1"
"Drews","19",20261019,"TCGA-HU-A4HB","STAD","2",0.971498727798462,"1"
"Drews","19",20261019,"TCGA-IN-A6RI","STAD","1",0.999888896942139,"1"
"Drews","19",20261019,"TCGA-R5-A805","STAD","1",0.999483704566956,"1"
"Drews","19",20261019,"TCGA-VQ-A8DU","STAD","1",0.999925255775452,"1"
"Drews","19",20261019,"TCGA-VQ-A928","STAD","1",0.975067019462585,"1"
"Drews","19",20261019,"TCGA-VQ-A94O","STAD","1",0.999953389167786,"1"
"Drews","19",20261019,"TCGA-VQ-A94R","STAD","1",0.998304605484009,"1"
"Drews","19",20261019,"TCGA-VQ-A94U","STAD","1",0.974510490894318,"1"
"Drews","19",20261019,"TCGA-VQ-AA64","STAD","1",0.999989748001099,"1"
"Drews","19",20261019,"TCGA-2G-AAGV","TGCT","2",0.111565947532654,"2"
"Drews","19",20261019,"TCGA-2G-AAHL","TGCT","2",0.32704570889473,"2"
"Drews","19",20261019,"TCGA-YU-A90Y","TGCT","1",0.996549487113953,"1"
"Drews","19",20261019,"TCGA-ZM-AA0B","TGCT","1",0.986975431442261,"1"
"Drews","19",20261019,"TCGA-EL-A3CX","THCA","2",0.100144773721695,"2"
"Drews","19",20261019,"TCGA-EL-A3GP","THCA","2",0.295056134462357,"2"
"Drews","19",20261019,"TCGA-X7-A8M3","THYM","2",0.04227614402771,"2"
"Drews","19",20261019,"TCGA-A5-A0GE","UCEC","2",0.0126082096248865,"2"
"Drews","19",20261019,"TCGA-A5-A1OG","UCEC","1",0.998226821422577,"1"
"Drews","19",20261019,"TCGA-AJ-A2QM","UCEC","1",0.986536979675293,"1"
"Drews","19",20261019,"TCGA-AJ-A3NF","UCEC","1",0.947404444217682,"1"
"Drews","19",20261019,"TCGA-AJ-A8CV","UCEC","2",0.0164935570210218,"2"
"Drews","19",20261019,"TCGA-AP-A052","UCEC","1",0.999816119670868,"1"
"Drews","19",20261019,"TCGA-AP-A0L9","UCEC","1",0.99992823600769,"1"
"Drews","19",20261019,"TCGA-AP-A0LI","UCEC","1",0.999115884304047,"1"
"Drews","19",20261019,"TCGA-AX-A1C7","UCEC","1",0.999885201454163,"1"
"Drews","19",20261019,"TCGA-AX-A2H4","UCEC","1",0.994544267654419,"1"
"Drews","19",20261019,"TCGA-AX-A2HD","UCEC","2",0.96608293056488,"1"
"Drews","19",20261019,"TCGA-AX-A3FX","UCEC","1",0.957005083560944,"1"
"Drews","19",20261019,"TCGA-AX-A3G7","UCEC","1",0.991352200508118,"1"
"Drews","19",20261019,"TCGA-AX-A3GI","UCEC","1",0.999994874000549,"1"
"Drews","19",20261019,"TCGA-B5-A0JS","UCEC","1",0.01467499230057,"2"
"Drews","19",20261019,"TCGA-B5-A11S","UCEC","2",0.155851036310196,"2"
"Drews","19",20261019,"TCGA-BS-A0TI","UCEC","1",0.925546050071716,"1"
"Drews","19",20261019,"TCGA-BS-A0V8","UCEC","1",0.906037092208862,"1"
"Drews","19",20261019,"TCGA-D1-A17R","UCEC","2",0.178767189383507,"2"
"Drews","19",20261019,"TCGA-D1-A1NX","UCEC","1",0.997579753398895,"1"
"Drews","19",20261019,"TCGA-D1-A3JQ","UCEC","1",0.991641998291016,"1"
"Drews","19",20261019,"TCGA-DI-A1C3","UCEC","2",0.00544441631063819,"2"
"Drews","19",20261019,"TCGA-DI-A2QU","UCEC","1",0.972040116786957,"1"
"Drews","19",20261019,"TCGA-EO-A22T","UCEC","2",0.307698845863342,"2"
"Drews","19",20261019,"TCGA-EO-A22Y","UCEC","2",0.500972926616669,"1"
"Drews","19",20261019,"TCGA-EY-A1GR","UCEC","1",0.999935865402222,"1"
"Drews","19",20261019,"TCGA-EY-A210","UCEC","1",0.974334418773651,"1"
"Drews","19",20261019,"TCGA-EY-A214","UCEC","1",0.998171448707581,"1"
"Drews","19",20261019,"TCGA-EY-A2OO","UCEC","2",0.207798629999161,"2"
"Drews","19",20261019,"TCGA-EY-A3QX","UCEC","1",0.999578535556793,"1"
"Drews","19",20261019,"TCGA-H5-A2HR","UCEC","1",0.999647617340088,"1"
"Drews","19",20261019,"TCGA-KP-A3W4","UCEC","1",0.986622750759125,"1"
"Drews","19",20261019,"TCGA-PG-A914","UCEC","1",0.999894142150879,"1"
"Drews","19",20261019,"TCGA-PG-A915","UCEC","1",0.999902248382568,"1"
"Drews","19",20261019,"TCGA-N5-A4R8","UCS","1",0.999956488609314,"1"
"Drews","19",20261019,"TCGA-N5-A4RU","UCS","1",0.999947667121887,"1"
"Drews","19",20261019,"TCGA-N8-A4PP","UCS","1",0.999983787536621,"1"
"Drews","19",20261019,"TCGA-N9-A4Q1","UCS","1",0.999886989593506,"1"
"Drews","19",20261019,"TCGA-N9-A4Q4","UCS","1",0.99987530708313,"1"
"Drews","19",20261019,"TCGA-NA-A5I1","UCS","1",0.999891042709351,"1"
"Drews","19",20261019,"TCGA-ND-A4WF","UCS","1",0.999923706054688,"1"
"Drews","19",20261019,"TCGA-V4-A9E5","UVM","2",0.0312442202121019,"2"
"Drews","19",20261019,"TCGA-V4-A9EO","UVM","2",0.0169450379908085,"2"
"Drews","19",20261019,"TCGA-V4-A9EX","UVM","2",0.34616693854332,"2"
"Drews","19",20261019,"TCGA-VD-A8KF","UVM","2",0.0163232833147049,"2"
"Drews","20",20261020,"TCGA-OR-A5JA","ACC","1",0.87499737739563,"1"
"Drews","20",20261020,"TCGA-OR-A5JC","ACC","1",0.133676290512085,"2"
"Drews","20",20261020,"TCGA-OR-A5JI","ACC","2",0.00189576658885926,"2"
"Drews","20",20261020,"TCGA-OR-A5K0","ACC","1",0.933555006980896,"1"
"Drews","20",20261020,"TCGA-OR-A5K6","ACC","1",0.0398552864789963,"2"
"Drews","20",20261020,"TCGA-OR-A5K9","ACC","1",0.873144268989563,"1"
"Drews","20",20261020,"TCGA-OR-A5LA","ACC","2",0.0407681651413441,"2"
"Drews","20",20261020,"TCGA-OR-A5LN","ACC","2",0.00897318311035633,"2"
"Drews","20",20261020,"TCGA-4Z-AA7M","BLCA","1",0.999937653541565,"1"
"Drews","20",20261020,"TCGA-4Z-AA7S","BLCA","1",0.986479580402374,"1"
"Drews","20",20261020,"TCGA-4Z-AA87","BLCA","1",0.999607264995575,"1"
"Drews","20",20261020,"TCGA-CF-A3MF","BLCA","2",0.514865398406982,"1"
"Drews","20",20261020,"TCGA-CU-A3YL","BLCA","2",0.997431814670563,"1"
"Drews","20",20261020,"TCGA-DK-A1AG","BLCA","1",0.334732174873352,"2"
"Drews","20",20261020,"TCGA-DK-A3IT","BLCA","1",0.999651193618774,"1"
"Drews","20",20261020,"TCGA-DK-A6B1","BLCA","1",0.99228435754776,"1"
"Drews","20",20261020,"TCGA-DK-AA6L","BLCA","1",0.999850869178772,"1"
"Drews","20",20261020,"TCGA-DK-AA6R","BLCA","1",0.999905705451965,"1"
"Drews","20",20261020,"TCGA-DK-AA6W","BLCA","1",0.998851656913757,"1"
"Drews","20",20261020,"TCGA-E5-A4U1","BLCA","1",0.997392535209656,"1"
"Drews","20",20261020,"TCGA-E7-A5KE","BLCA","1",0.999885201454163,"1"
"Drews","20",20261020,"TCGA-FD-A3SJ","BLCA","1",0.999997138977051,"1"
"Drews","20",20261020,"TCGA-FD-A6TA","BLCA","1",0.999837279319763,"1"
"Drews","20",20261020,"TCGA-FD-A6TD","BLCA","1",0.992074012756348,"1"
"Drews","20",20261020,"TCGA-GV-A3JV","BLCA","1",0.944929003715515,"1"
"Drews","20",20261020,"TCGA-GV-A3JZ","BLCA","1",0.999998211860657,"1"
"Drews","20",20261020,"TCGA-GV-A3QI","BLCA","1",0.998079538345337,"1"
"Drews","20",20261020,"TCGA-GV-A40E","BLCA","1",0.999802529811859,"1"
"Drews","20",20261020,"TCGA-K4-A3WV","BLCA","1",0.999927401542664,"1"
"Drews","20",20261020,"TCGA-KQ-A41N","BLCA","1",0.999845266342163,"1"
"Drews","20",20261020,"TCGA-UY-A9PH","BLCA","1",0.999447286128998,"1"
"Drews","20",20261020,"TCGA-XF-A9SV","BLCA","1",0.993042707443237,"1"
"Drews","20",20261020,"TCGA-XF-A9SZ","BLCA","1",0.999896764755249,"1"
"Drews","20",20261020,"TCGA-XF-AAML","BLCA","1",0.999960422515869,"1"
"Drews","20",20261020,"TCGA-XF-AAMY","BLCA","1",0.999638676643372,"1"
"Drews","20",20261020,"TCGA-XF-AAN2","BLCA","1",0.998470723628998,"1"
"Drews","20",20261020,"TCGA-XF-AAN7","BLCA","1",0.999750912189484,"1"
"Drews","20",20261020,"TCGA-YF-AA3L","BLCA","1",0.979138791561127,"1"
"Drews","20",20261020,"TCGA-YF-AA3M","BLCA","1",0.999025940895081,"1"
"Drews","20",20261020,"TCGA-ZF-A9RL","BLCA","1",0.997433006763458,"1"
"Drews","20",20261020,"TCGA-ZF-A9RM","BLCA","1",0.999826967716217,"1"
"Drews","20",20261020,"TCGA-A1-A0SF","BRCA","1",0.876329064369202,"1"
"Drews","20",20261020,"TCGA-A1-A0SN","BRCA","1",0.999232649803162,"1"
"Drews","20",20261020,"TCGA-A2-A04P","BRCA","1",0.999971747398376,"1"
"Drews","20",20261020,"TCGA-A2-A04X","BRCA","1",0.999031186103821,"1"
"Drews","20",20261020,"TCGA-A2-A0D0","BRCA","1",0.999945402145386,"1"
"Drews","20",20261020,"TCGA-A2-A0EP","BRCA","1",0.0672979950904846,"2"
"Drews","20",20261020,"TCGA-A2-A0YM","BRCA","1",0.999952673912048,"1"
"Drews","20",20261020,"TCGA-A2-A1FV","BRCA","1",0.938088834285736,"1"
"Drews","20",20261020,"TCGA-A7-A13F","BRCA","1",0.978268444538116,"1"
"Drews","20",20261020,"TCGA-A7-A26E","BRCA","2",0.404749512672424,"2"
"Drews","20",20261020,"TCGA-A7-A56D","BRCA","1",0.996931910514832,"1"
"Drews","20",20261020,"TCGA-A8-A06X","BRCA","1",0.999944090843201,"1"
"Drews","20",20261020,"TCGA-A8-A079","BRCA","1",0.999882102012634,"1"
"Drews","20",20261020,"TCGA-A8-A07C","BRCA","1",0.999570190906525,"1"
"Drews","20",20261020,"TCGA-A8-A07O","BRCA","1",0.999958753585815,"1"
"Drews","20",20261020,"TCGA-A8-A08I","BRCA","1",0.957638323307037,"1"
"Drews","20",20261020,"TCGA-A8-A08O","BRCA","1",0.99473249912262,"1"
"Drews","20",20261020,"TCGA-A8-A090","BRCA","1",0.920813858509064,"1"
"Drews","20",20261020,"TCGA-A8-A094","BRCA","1",0.998773276805878,"1"
"Drews","20",20261020,"TCGA-A8-A096","BRCA","2",0.0401461720466614,"2"
"Drews","20",20261020,"TCGA-A8-A09C","BRCA","1",0.990117609500885,"1"
"Drews","20",20261020,"TCGA-A8-A09Q","BRCA","1",0.998997986316681,"1"
"Drews","20",20261020,"TCGA-AC-A23C","BRCA","1",0.994787573814392,"1"
"Drews","20",20261020,"TCGA-AC-A2QH","BRCA","1",0.999782741069794,"1"
"Drews","20",20261020,"TCGA-AC-A62V","BRCA","1",0.990964770317078,"1"
"Drews","20",20261020,"TCGA-AC-A7VB","BRCA","1",0.999442279338837,"1"
"Drews","20",20261020,"TCGA-AN-A03Y","BRCA","1",0.98078590631485,"1"
"Drews","20",20261020,"TCGA-AN-A04A","BRCA","1",0.999841928482056,"1"
"Drews","20",20261020,"TCGA-AN-A04D","BRCA","1",0.999446928501129,"1"
"Drews","20",20261020,"TCGA-AN-A0AJ","BRCA","1",0.999686360359192,"1"
"Drews","20",20261020,"TCGA-AN-A0FV","BRCA","1",0.999864220619202,"1"
"Drews","20",20261020,"TCGA-AN-A0XS","BRCA","2",0.376832723617554,"2"
"Drews","20",20261020,"TCGA-AO-A03N","BRCA","1",0.982357144355774,"1"
"Drews","20",20261020,"TCGA-AO-A03O","BRCA","1",0.999133288860321,"1"
"Drews","20",20261020,"TCGA-AO-A03P","BRCA","1",0.979618787765503,"1"
"Drews","20",20261020,"TCGA-AO-A03T","BRCA","1",0.996702253818512,"1"
"Drews","20",20261020,"TCGA-AO-A124","BRCA","1",0.999745309352875,"1"
"Drews","20",20261020,"TCGA-AO-A1KS","BRCA","1",0.99545019865036,"1"
"Drews","20",20261020,"TCGA-AQ-A54O","BRCA","1",0.97385048866272,"1"
"Drews","20",20261020,"TCGA-AR-A0TW","BRCA","1",0.99826967716217,"1"
"Drews","20",20261020,"TCGA-AR-A0U3","BRCA","1",0.998705625534058,"1"
"Drews","20",20261020,"TCGA-AR-A24X","BRCA","2",0.141010776162148,"2"
"Drews","20",20261020,"TCGA-AR-A255","BRCA","1",0.995439112186432,"1"
"Drews","20",20261020,"TCGA-B6-A0I1","BRCA","1",0.999951601028442,"1"
"Drews","20",20261020,"TCGA-B6-A0IA","BRCA","1",0.872896909713745,"1"
"Drews","20",20261020,"TCGA-BH-A0B9","BRCA","1",0.998753786087036,"1"
"Drews","20",20261020,"TCGA-BH-A0BP","BRCA","1",0.999343812465668,"1"
"Drews","20",20261020,"TCGA-BH-A0BS","BRCA","2",0.321971148252487,"2"
"Drews","20",20261020,"TCGA-BH-A0BW","BRCA","1",0.999874711036682,"1"
"Drews","20",20261020,"TCGA-BH-A0E2","BRCA","1",0.998149275779724,"1"
"Drews","20",20261020,"TCGA-BH-A0H7","BRCA","1",0.99849545955658,"1"
"Drews","20",20261020,"TCGA-BH-A0HB","BRCA","1",0.999306082725525,"1"
"Drews","20",20261020,"TCGA-BH-A0W7","BRCA","1",0.642456769943237,"1"
"Drews","20",20261020,"TCGA-BH-A1EN","BRCA","1",0.998307347297668,"1"
"Drews","20",20261020,"TCGA-BH-A1EO","BRCA","1",0.712349772453308,"1"
"Drews","20",20261020,"TCGA-BH-A1FE","BRCA","1",0.976635575294495,"1"
"Drews","20",20261020,"TCGA-BH-A1FL","BRCA","2",0.294732600450516,"2"
"Drews","20",20261020,"TCGA-C8-A12T","BRCA","1",0.978139340877533,"1"
"Drews","20",20261020,"TCGA-C8-A12U","BRCA","1",0.999760329723358,"1"
"Drews","20",20261020,"TCGA-C8-A12W","BRCA","1",0.999958872795105,"1"
"Drews","20",20261020,"TCGA-C8-A130","BRCA","1",0.999974370002747,"1"
"Drews","20",20261020,"TCGA-C8-A132","BRCA","1",0.999877452850342,"1"
"Drews","20",20261020,"TCGA-C8-A137","BRCA","1",0.999330878257751,"1"
"Drews","20",20261020,"TCGA-C8-A1HK","BRCA","1",0.999811232089996,"1"
"Drews","20",20261020,"TCGA-C8-A1HL","BRCA","1",0.999736487865448,"1"
"Drews","20",20261020,"TCGA-C8-A1HN","BRCA","1",0.999657988548279,"1"
"Drews","20",20261020,"TCGA-D8-A145","BRCA","2",0.867210268974304,"1"
"Drews","20",20261020,"TCGA-D8-A1X9","BRCA","1",0.999924778938293,"1"
"Drews","20",20261020,"TCGA-D8-A1XZ","BRCA","1",0.998946368694305,"1"
"Drews","20",20261020,"TCGA-D8-A1Y1","BRCA","2",0.740161180496216,"1"
"Drews","20",20261020,"TCGA-E2-A14T","BRCA","1",0.999232769012451,"1"
"Drews","20",20261020,"TCGA-E2-A14Z","BRCA","1",0.985143721103668,"1"
"Drews","20",20261020,"TCGA-E2-A1LL","BRCA","1",0.999699115753174,"1"
"Drews","20",20261020,"TCGA-E2-A2P6","BRCA","1",0.863724231719971,"1"
"Drews","20",20261020,"TCGA-E2-A56Z","BRCA","1",0.99922239780426,"1"
"Drews","20",20261020,"TCGA-E9-A1NC","BRCA","1",0.999375760555267,"1"
"Drews","20",20261020,"TCGA-E9-A1NF","BRCA","1",0.94816392660141,"1"
"Drews","20",20261020,"TCGA-E9-A1R5","BRCA","1",0.939314484596252,"1"
"Drews","20",20261020,"TCGA-E9-A1RE","BRCA","1",0.999617218971252,"1"
"Drews","20",20261020,"TCGA-E9-A1RF","BRCA","1",0.99984884262085,"1"
"Drews","20",20261020,"TCGA-E9-A22A","BRCA","1",0.999513149261475,"1"
"Drews","20",20261020,"TCGA-E9-A244","BRCA","1",0.999967813491821,"1"
"Drews","20",20261020,"TCGA-E9-A247","BRCA","1",0.998077392578125,"1"
"Drews","20",20261020,"TCGA-E9-A249","BRCA","2",0.0380448624491692,"2"
"Drews","20",20261020,"TCGA-E9-A24A","BRCA","2",0.45500111579895,"2"
"Drews","20",20261020,"TCGA-E9-A5UO","BRCA","1",0.999643087387085,"1"
"Drews","20",20261020,"TCGA-EW-A1P0","BRCA","1",0.972854614257812,"1"
"Drews","20",20261020,"TCGA-EW-A1P3","BRCA","2",0.629825711250305,"1"
"Drews","20",20261020,"TCGA-EW-A1P8","BRCA","1",0.999910235404968,"1"
"Drews","20",20261020,"TCGA-GM-A2DF","BRCA","1",0.999990344047546,"1"
"Drews","20",20261020,"TCGA-GM-A2DL","BRCA","1",0.977835476398468,"1"
"Drews","20",20261020,"TCGA-OL-A66K","BRCA","2",0.0277398563921452,"2"
"Drews","20",20261020,"TCGA-OL-A6VO","BRCA","1",0.999836444854736,"1"
"Drews","20",20261020,"TCGA-S3-AA12","BRCA","1",0.948998510837555,"1"
"Drews","20",20261020,"TCGA-V7-A7HQ","BRCA","2",0.684661567211151,"1"
"Drews","20",20261020,"TCGA-C5-A1BL","CESC","1",0.970895051956177,"1"
"Drews","20",20261020,"TCGA-C5-A1M6","CESC","1",0.999953985214233,"1"
"Drews","20",20261020,"TCGA-C5-A7UH","CESC","1",0.991505444049835,"1"
"Drews","20",20261020,"TCGA-C5-A7X5","CESC","1",0.999897956848145,"1"
"Drews","20",20261020,"TCGA-C5-A901","CESC","2",0.998632848262787,"1"
"Drews","20",20261020,"TCGA-DS-A0VN","CESC","1",0.761197328567505,"1"
"Drews","20",20261020,"TCGA-EK-A2RO","CESC","1",0.976128458976746,"1"
"Drews","20",20261020,"TCGA-HM-A6W2","CESC","1",0.976658880710602,"1"
"Drews","20",20261020,"TCGA-IR-A3LK","CESC","1",0.990421295166016,"1"
"Drews","20",20261020,"TCGA-Q1-A6DT","CESC","1",0.999822437763214,"1"
"Drews","20",20261020,"TCGA-VS-A8EH","CESC","1",0.990964770317078,"1"
"Drews","20",20261020,"TCGA-VS-A8EJ","CESC","1",0.999938011169434,"1"
"Drews","20",20261020,"TCGA-VS-A8QF","CESC","1",0.999798715114594,"1"
"Drews","20",20261020,"TCGA-VS-A9U7","CESC","1",0.805014431476593,"1"
"Drews","20",20261020,"TCGA-VS-A9UL","CESC","1",0.999192178249359,"1"
"Drews","20",20261020,"TCGA-VS-A9UO","CESC","1",0.999890685081482,"1"
"Drews","20",20261020,"TCGA-W5-AA38","CHOL","2",0.90916234254837,"1"
"Drews","20",20261020,"TCGA-A6-5660","COAD","1",0.949196100234985,"1"
"Drews","20",20261020,"TCGA-A6-6648","COAD","1",0.971029698848724,"1"
"Drews","20",20261020,"TCGA-AA-3679","COAD","1",0.995015203952789,"1"
"Drews","20",20261020,"TCGA-AA-3685","COAD","1",0.983867764472961,"1"
"Drews","20",20261020,"TCGA-AA-3819","COAD","2",0.116105824708939,"2"
"Drews","20",20261020,"TCGA-AA-3952","COAD","1",0.999703705310822,"1"
"Drews","20",20261020,"TCGA-AA-A00Z","COAD","1",0.973034024238586,"1"
"Drews","20",20261020,"TCGA-AZ-4308","COAD","1",0.996878862380981,"1"
"Drews","20",20261020,"TCGA-AZ-4615","COAD","2",0.0185656175017357,"2"
"Drews","20",20261020,"TCGA-CA-5797","COAD","1",0.399221122264862,"2"
"Drews","20",20261020,"TCGA-CA-6719","COAD","1",0.997082650661469,"1"
"Drews","20",20261020,"TCGA-CM-4746","COAD","2",0.918950974941254,"1"
"Drews","20",20261020,"TCGA-CM-6170","COAD","1",0.284144759178162,"2"
"Drews","20",20261020,"TCGA-D5-5537","COAD","2",0.127439349889755,"2"
"Drews","20",20261020,"TCGA-G4-6294","COAD","1",0.347588270902634,"2"
"Drews","20",20261020,"TCGA-G4-6299","COAD","1",0.981919944286346,"1"
"Drews","20",20261020,"TCGA-G4-6322","COAD","1",0.946008563041687,"1"
"Drews","20",20261020,"TCGA-G4-6323","COAD","2",0.000670189852826297,"2"
"Drews","20",20261020,"TCGA-NH-A6GB","COAD","1",0.994657337665558,"1"
"Drews","20",20261020,"TCGA-NH-A8F7","COAD","2",0.882889270782471,"1"
"Drews","20",20261020,"TCGA-QG-A5YX","COAD","2",0.647761225700378,"1"
"Drews","20",20261020,"TCGA-VB-A8QN","DLBC","1",0.987168908119202,"1"
"Drews","20",20261020,"TCGA-2H-A9GH","ESCA","1",0.99952495098114,"1"
"Drews","20",20261020,"TCGA-2H-A9GI","ESCA","1",0.99782133102417,"1"
"Drews","20",20261020,"TCGA-2H-A9GQ","ESCA","1",0.999932765960693,"1"
"Drews","20",20261020,"TCGA-IG-A3I8","ESCA","1",0.99616277217865,"1"
"Drews","20",20261020,"TCGA-JY-A938","ESCA","1",0.999539256095886,"1"
"Drews","20",20261020,"TCGA-L5-A43J","ESCA","1",0.99982738494873,"1"
"Drews","20",20261020,"TCGA-L5-A4OW","ESCA","1",0.999548375606537,"1"
"Drews","20",20261020,"TCGA-L5-A88V","ESCA","1",0.999945640563965,"1"
"Drews","20",20261020,"TCGA-LN-A49O","ESCA","1",0.987343668937683,"1"
"Drews","20",20261020,"TCGA-LN-A4A2","ESCA","1",0.999798476696014,"1"
"Drews","20",20261020,"TCGA-LN-A4MQ","ESCA","1",0.999785482883453,"1"
"Drews","20",20261020,"TCGA-R6-A6XG","ESCA","1",0.999635100364685,"1"
"Drews","20",20261020,"TCGA-V5-A7RB","ESCA","1",0.999855279922485,"1"
"Drews","20",20261020,"TCGA-V5-AASW","ESCA","1",0.999878644943237,"1"
"Drews","20",20261020,"TCGA-VR-A8EW","ESCA","1",0.999898791313171,"1"
"Drews","20",20261020,"TCGA-VR-A8EZ","ESCA","1",0.998444736003876,"1"
"Drews","20",20261020,"TCGA-VR-AA7B","ESCA","1",0.999995112419128,"1"
"Drews","20",20261020,"TCGA-XP-A8T6","ESCA","1",0.999899387359619,"1"
"Drews","20",20261020,"TCGA-06-0129","GBM","1",0.980563282966614,"1"
"Drews","20",20261020,"TCGA-06-5856","GBM","1",0.883530259132385,"1"
"Drews","20",20261020,"TCGA-26-1442","GBM","2",0.188078045845032,"2"
"Drews","20",20261020,"TCGA-28-5204","GBM","1",0.995094776153564,"1"
"Drews","20",20261020,"TCGA-28-5215","GBM","2",0.972345650196075,"1"
"Drews","20",20261020,"TCGA-76-4931","GBM","1",0.862407922744751,"1"
"Drews","20",20261020,"TCGA-BA-4075","HNSC","1",0.962523281574249,"1"
"Drews","20",20261020,"TCGA-BA-7269","HNSC","1",0.998271107673645,"1"
"Drews","20",20261020,"TCGA-BA-A8YP","HNSC","1",0.999947309494019,"1"
"Drews","20",20261020,"TCGA-CN-6988","HNSC","1",0.995215535163879,"1"
"Drews","20",20261020,"TCGA-CN-6997","HNSC","1",0.995412528514862,"1"
"Drews","20",20261020,"TCGA-CN-A642","HNSC","2",0.0377163738012314,"2"
"Drews","20",20261020,"TCGA-CQ-A4CI","HNSC","1",0.998591601848602,"1"
"Drews","20",20261020,"TCGA-CV-6937","HNSC","1",0.993624567985535,"1"
"Drews","20",20261020,"TCGA-CV-7178","HNSC","1",0.99874359369278,"1"
"Drews","20",20261020,"TCGA-CV-7255","HNSC","1",0.988375425338745,"1"
"Drews","20",20261020,"TCGA-CX-A4AQ","HNSC","2",0.992422997951508,"1"
"Drews","20",20261020,"TCGA-D6-A4Z9","HNSC","1",0.998846530914307,"1"
"Drews","20",20261020,"TCGA-D6-A4ZB","HNSC","1",0.998824536800385,"1"
"Drews","20",20261020,"TCGA-D6-A6EN","HNSC","2",0.773374617099762,"1"
"Drews","20",20261020,"TCGA-D6-A6EQ","HNSC","1",0.973982453346252,"1"
"Drews","20",20261020,"TCGA-D6-A6ES","HNSC","1",0.988641917705536,"1"
"Drews","20",20261020,"TCGA-F7-A61W","HNSC","1",0.999366819858551,"1"
"Drews","20",20261020,"TCGA-MT-A51X","HNSC","1",0.92975640296936,"1"
"Drews","20",20261020,"TCGA-MT-A7BN","HNSC","1",0.995735287666321,"1"
"Drews","20",20261020,"TCGA-MZ-A7D7","HNSC","1",0.998137950897217,"1"
"Drews","20",20261020,"TCGA-P3-A6T2","HNSC","2",0.647003769874573,"1"
"Drews","20",20261020,"TCGA-QK-A8ZA","HNSC","1",0.99983811378479,"1"
"Drews","20",20261020,"TCGA-UF-A71A","HNSC","1",0.999286353588104,"1"
"Drews","20",20261020,"TCGA-KL-8341","KICH","1",0.187894821166992,"2"
"Drews","20",20261020,"TCGA-KL-8343","KICH","2",0.00140654377173632,"2"
"Drews","20",20261020,"TCGA-KL-8346","KICH","2",0.0375291518867016,"2"
"Drews","20",20261020,"TCGA-KM-8443","KICH","1",0.00138658739160746,"2"
"Drews","20",20261020,"TCGA-KN-8421","KICH","2",0.179176792502403,"2"
"Drews","20",20261020,"TCGA-KN-8429","KICH","2",0.00652925437316298,"2"
"Drews","20",20261020,"TCGA-KO-8413","KICH","2",0.028898861259222,"2"
"Drews","20",20261020,"TCGA-A3-3317","KIRC","2",0.0183319207280874,"2"
"Drews","20",20261020,"TCGA-A3-3383","KIRC","2",0.00428912835195661,"2"
"Drews","20",20261020,"TCGA-AK-3453","KIRC","2",0.00269758072681725,"2"
"Drews","20",20261020,"TCGA-B0-5696","KIRC","2",0.000334678450599313,"2"
"Drews","20",20261020,"TCGA-B0-5703","KIRC","2",0.00117075245361775,"2"
"Drews","20",20261020,"TCGA-B8-5549","KIRC","2",0.000819484936073422,"2"
"Drews","20",20261020,"TCGA-BP-4963","KIRC","2",0.0113893374800682,"2"
"Drews","20",20261020,"TCGA-BP-4977","KIRC","2",0.000299487815937027,"2"
"Drews","20",20261020,"TCGA-BP-5178","KIRC","2",0.000115081202238798,"2"
"Drews","20",20261020,"TCGA-BP-5199","KIRC","2",0.00113467255141586,"2"
"Drews","20",20261020,"TCGA-BP-5200","KIRC","2",0.000324844702845439,"2"
"Drews","20",20261020,"TCGA-CZ-5457","KIRC","2",0.000159851246280596,"2"
"Drews","20",20261020,"TCGA-DV-5566","KIRC","2",0.000352239439962432,"2"
"Drews","20",20261020,"TCGA-DV-A4VX","KIRC","2",0.0107011301442981,"2"
"Drews","20",20261020,"TCGA-G6-A8L6","KIRC","2",0.0044758846051991,"2"
"Drews","20",20261020,"TCGA-4A-A93X","KIRP","2",0.00463985465466976,"2"
"Drews","20",20261020,"TCGA-A4-7287","KIRP","2",0.993505477905273,"1"
"Drews","20",20261020,"TCGA-A4-A5DU","KIRP","2",0.0454495251178741,"2"
"Drews","20",20261020,"TCGA-B3-4104","KIRP","1",0.987206876277924,"1"
"Drews","20",20261020,"TCGA-BQ-7056","KIRP","2",0.193480685353279,"2"
"Drews","20",20261020,"TCGA-F9-A7VF","KIRP","2",0.0120682055130601,"2"
"Drews","20",20261020,"TCGA-G7-A8LC","KIRP","2",0.0353211313486099,"2"
"Drews","20",20261020,"TCGA-G7-A8LD","KIRP","1",0.993254899978638,"1"
"Drews","20",20261020,"TCGA-MH-A856","KIRP","1",0.00249827932566404,"2"
"Drews","20",20261020,"TCGA-DB-A4XG","LGG","2",0.000491542858071625,"2"
"Drews","20",20261020,"TCGA-DH-5142","LGG","2",0.66437441110611,"1"
"Drews","20",20261020,"TCGA-DU-6399","LGG","2",0.795834183692932,"1"
"Drews","20",20261020,"TCGA-DU-6410","LGG","2",0.0428200252354145,"2"
"Drews","20",20261020,"TCGA-DU-7019","LGG","1",0.184851780533791,"2"
"Drews","20",20261020,"TCGA-DU-A7T6","LGG","1",0.121676333248615,"2"
"Drews","20",20261020,"TCGA-DU-A7T8","LGG","2",0.0860381945967674,"2"
"Drews","20",20261020,"TCGA-E1-A7YD","LGG","1",0.992101013660431,"1"
"Drews","20",20261020,"TCGA-FG-6690","LGG","2",0.0139345703646541,"2"
"Drews","20",20261020,"TCGA-FG-7641","LGG","2",0.00187121832277626,"2"
"Drews","20",20261020,"TCGA-HT-7471","LGG","2",0.0901551693677902,"2"
"Drews","20",20261020,"TCGA-HT-7480","LGG","2",0.000834166130516678,"2"
"Drews","20",20261020,"TCGA-HT-7875","LGG","2",0.000426458806032315,"2"
"Drews","20",20261020,"TCGA-HT-8011","LGG","2",0.872693836688995,"1"
"Drews","20",20261020,"TCGA-HT-A614","LGG","1",0.107067935168743,"2"
"Drews","20",20261020,"TCGA-HW-8320","LGG","2",0.0884622409939766,"2"
"Drews","20",20261020,"TCGA-P5-A5EZ","LGG","1",0.828669190406799,"1"
"Drews","20",20261020,"TCGA-P5-A730","LGG","2",0.0201266352087259,"2"
"Drews","20",20261020,"TCGA-QH-A6CW","LGG","2",0.232986599206924,"2"
"Drews","20",20261020,"TCGA-QH-A6CY","LGG","2",0.002717463998124,"2"
"Drews","20",20261020,"TCGA-QH-A6X5","LGG","2",0.00316076749004424,"2"
"Drews","20",20261020,"TCGA-S9-A7R7","LGG","2",0.535598337650299,"1"
"Drews","20",20261020,"TCGA-TM-A7C5","LGG","2",0.000550231547094882,"2"
"Drews","20",20261020,"TCGA-VM-A8CA","LGG","2",0.048674076795578,"2"
"Drews","20",20261020,"TCGA-2Y-A9H1","LIHC","1",0.430774062871933,"2"
"Drews","20",20261020,"TCGA-2Y-A9H3","LIHC","1",0.791793942451477,"1"
"Drews","20",20261020,"TCGA-2Y-A9H5","LIHC","1",0.826868295669556,"1"
"Drews","20",20261020,"TCGA-2Y-A9HA","LIHC","1",0.958877980709076,"1"
"Drews","20",20261020,"TCGA-2Y-A9HB","LIHC","1",0.132901206612587,"2"
"Drews","20",20261020,"TCGA-BC-A8YO","LIHC","1",0.999310255050659,"1"
"Drews","20",20261020,"TCGA-BD-A2L6","LIHC","2",0.845292627811432,"1"
"Drews","20",20261020,"TCGA-BW-A5NQ","LIHC","2",0.547254264354706,"1"
"Drews","20",20261020,"TCGA-DD-A11D","LIHC","1",0.134507745504379,"2"
"Drews","20",20261020,"TCGA-DD-A1EB","LIHC","1",0.353841662406921,"2"
"Drews","20",20261020,"TCGA-DD-AACE","LIHC","2",0.928201913833618,"1"
"Drews","20",20261020,"TCGA-DD-AADC","LIHC","1",0.999037623405457,"1"
"Drews","20",20261020,"TCGA-DD-AADD","LIHC","1",0.985247015953064,"1"
"Drews","20",20261020,"TCGA-DD-AADL","LIHC","1",0.996572613716125,"1"
"Drews","20",20261020,"TCGA-DD-AADP","LIHC","1",0.842577576637268,"1"
"Drews","20",20261020,"TCGA-DD-AAVW","LIHC","1",0.708707630634308,"1"
"Drews","20",20261020,"TCGA-ES-A2HT","LIHC","2",0.179836601018906,"2"
"Drews","20",20261020,"TCGA-FV-A23B","LIHC","1",0.320395857095718,"2"
"Drews","20",20261020,"TCGA-G3-A25Y","LIHC","1",0.960574090480804,"1"
"Drews","20",20261020,"TCGA-G3-AAUZ","LIHC","1",0.867295444011688,"1"
"Drews","20",20261020,"TCGA-WQ-AB4B","LIHC","2",0.185467675328255,"2"
"Drews","20",20261020,"TCGA-05-4422","LUAD","1",0.991419911384583,"1"
"Drews","20",20261020,"TCGA-05-4425","LUAD","2",0.890004277229309,"1"
"Drews","20",20261020,"TCGA-38-4629","LUAD","1",0.999679565429688,"1"
"Drews","20",20261020,"TCGA-44-7662","LUAD","1",0.999978184700012,"1"
"Drews","20",20261020,"TCGA-44-7669","LUAD","1",0.999177277088165,"1"
"Drews","20",20261020,"TCGA-50-5944","LUAD","1",0.967138469219208,"1"
"Drews","20",20261020,"TCGA-50-6591","LUAD","1",0.999994516372681,"1"
"Drews","20",20261020,"TCGA-50-7109","LUAD","1",0.999728262424469,"1"
"Drews","20",20261020,"TCGA-55-7576","LUAD","1",0.999938368797302,"1"
"Drews","20",20261020,"TCGA-55-7903","LUAD","1",0.99978119134903,"1"
"Drews","20",20261020,"TCGA-64-5779","LUAD","1",0.999800980091095,"1"
"Drews","20",20261020,"TCGA-67-3773","LUAD","1",0.805494487285614,"1"
"Drews","20",20261020,"TCGA-73-4677","LUAD","2",0.875047981739044,"1"
"Drews","20",20261020,"TCGA-78-7145","LUAD","1",0.99984884262085,"1"
"Drews","20",20261020,"TCGA-78-7147","LUAD","1",0.998304843902588,"1"
"Drews","20",20261020,"TCGA-78-7155","LUAD","1",0.999779880046844,"1"
"Drews","20",20261020,"TCGA-78-7161","LUAD","1",0.999947190284729,"1"
"Drews","20",20261020,"TCGA-78-7220","LUAD","1",0.999950885772705,"1"
"Drews","20",20261020,"TCGA-78-8662","LUAD","1",0.999943137168884,"1"
"Drews","20",20261020,"TCGA-91-6840","LUAD","1",0.999723136425018,"1"
"Drews","20",20261020,"TCGA-91-8499","LUAD","1",0.999985218048096,"1"
"Drews","20",20261020,"TCGA-95-7039","LUAD","1",0.999490261077881,"1"
"Drews","20",20261020,"TCGA-97-7546","LUAD","1",0.750381648540497,"1"
"Drews","20",20261020,"TCGA-97-8171","LUAD","1",0.722761392593384,"1"
"Drews","20",20261020,"TCGA-J2-A4AE","LUAD","1",0.556663930416107,"1"
"Drews","20",20261020,"TCGA-MP-A4T8","LUAD","1",0.999724447727203,"1"
"Drews","20",20261020,"TCGA-NJ-A4YP","LUAD","2",0.962821125984192,"1"
"Drews","20",20261020,"TCGA-21-1080","LUSC","1",0.999611556529999,"1"
"Drews","20",20261020,"TCGA-21-5783","LUSC","1",0.999939203262329,"1"
"Drews","20",20261020,"TCGA-21-5787","LUSC","1",0.991457283496857,"1"
"Drews","20",20261020,"TCGA-21-A5DI","LUSC","1",0.946234464645386,"1"
"Drews","20",20261020,"TCGA-22-4591","LUSC","1",0.99998950958252,"1"
"Drews","20",20261020,"TCGA-22-4593","LUSC","1",0.999530911445618,"1"
"Drews","20",20261020,"TCGA-22-5473","LUSC","1",0.998959302902222,"1"
"Drews","20",20261020,"TCGA-22-5491","LUSC","1",0.997631430625916,"1"
"Drews","20",20261020,"TCGA-33-AAS8","LUSC","1",0.999726116657257,"1"
"Drews","20",20261020,"TCGA-33-AASJ","LUSC","1",0.999624133110046,"1"
"Drews","20",20261020,"TCGA-34-8456","LUSC","1",0.999508023262024,"1"
"Drews","20",20261020,"TCGA-37-3789","LUSC","1",0.999705135822296,"1"
"Drews","20",20261020,"TCGA-39-5016","LUSC","1",0.996985018253326,"1"
"Drews","20",20261020,"TCGA-43-2581","LUSC","1",0.998250067234039,"1"
"Drews","20",20261020,"TCGA-43-6143","LUSC","1",0.999390840530396,"1"
"Drews","20",20261020,"TCGA-43-8118","LUSC","1",0.988816022872925,"1"
"Drews","20",20261020,"TCGA-56-7579","LUSC","1",0.999861598014832,"1"
"Drews","20",20261020,"TCGA-56-8628","LUSC","1",0.995084464550018,"1"
"Drews","20",20261020,"TCGA-56-A49D","LUSC","1",0.998519361019135,"1"
"Drews","20",20261020,"TCGA-58-A46L","LUSC","1",0.999916791915894,"1"
"Drews","20",20261020,"TCGA-60-2713","LUSC","1",0.999813497066498,"1"
"Drews","20",20261020,"TCGA-66-2756","LUSC","1",0.999859690666199,"1"
"Drews","20",20261020,"TCGA-66-2766","LUSC","1",0.999415040016174,"1"
"Drews","20",20261020,"TCGA-66-2768","LUSC","1",0.999930620193481,"1"
"Drews","20",20261020,"TCGA-66-2783","LUSC","1",0.996192574501038,"1"
"Drews","20",20261020,"TCGA-66-2793","LUSC","1",0.999812424182892,"1"
"Drews","20",20261020,"TCGA-66-2795","LUSC","1",0.998211026191711,"1"
"Drews","20",20261020,"TCGA-77-8148","LUSC","1",0.99988853931427,"1"
"Drews","20",20261020,"TCGA-85-A4QQ","LUSC","1",0.998148679733276,"1"
"Drews","20",20261020,"TCGA-90-A4EE","LUSC","1",0.926297545433044,"1"
"Drews","20",20261020,"TCGA-92-8065","LUSC","1",0.98428475856781,"1"
"Drews","20",20261020,"TCGA-98-A53A","LUSC","1",0.999889492988586,"1"
"Drews","20",20261020,"TCGA-LA-A7SW","LUSC","1",0.999722540378571,"1"
"Drews","20",20261020,"TCGA-NC-A5HT","LUSC","1",0.99910295009613,"1"
"Drews","20",20261020,"TCGA-MQ-A4LJ","MESO","1",0.447279721498489,"2"
"Drews","20",20261020,"TCGA-MQ-A6BS","MESO","1",0.798421680927277,"1"
"Drews","20",20261020,"TCGA-SC-A6LM","MESO","1",0.995863556861877,"1"
"Drews","20",20261020,"TCGA-TS-A8AY","MESO","1",0.46548131108284,"2"
"Drews","20",20261020,"TCGA-09-0364","OV","1",0.999731123447418,"1"
"Drews","20",20261020,"TCGA-09-1673","OV","1",0.9986851811409,"1"
"Drews","20",20261020,"TCGA-09-1674","OV","1",0.999884963035583,"1"
"Drews","20",20261020,"TCGA-10-0928","OV","1",0.999613463878632,"1"
"Drews","20",20261020,"TCGA-13-0800","OV","1",0.997586369514465,"1"
"Drews","20",20261020,"TCGA-13-0899","OV","1",0.999546706676483,"1"
"Drews","20",20261020,"TCGA-13-1498","OV","1",0.999939441680908,"1"
"Drews","20",20261020,"TCGA-13-1505","OV","1",0.999890446662903,"1"
"Drews","20",20261020,"TCGA-20-1682","OV","1",0.99994158744812,"1"
"Drews","20",20261020,"TCGA-20-1685","OV","1",0.999993085861206,"1"
"Drews","20",20261020,"TCGA-23-1027","OV","1",0.999964356422424,"1"
"Drews","20",20261020,"TCGA-23-1029","OV","1",0.999964714050293,"1"
"Drews","20",20261020,"TCGA-23-1123","OV","1",0.999964118003845,"1"
"Drews","20",20261020,"TCGA-24-1430","OV","1",0.996364891529083,"1"
"Drews","20",20261020,"TCGA-24-1551","OV","1",0.997531890869141,"1"
"Drews","20",20261020,"TCGA-24-2289","OV","1",0.999994874000549,"1"
"Drews","20",20261020,"TCGA-25-1315","OV","1",0.99999463558197,"1"
"Drews","20",20261020,"TCGA-25-2392","OV","1",0.999991655349731,"1"
"Drews","20",20261020,"TCGA-25-2397","OV","1",0.99992299079895,"1"
"Drews","20",20261020,"TCGA-29-1695","OV","1",0.999963283538818,"1"
"Drews","20",20261020,"TCGA-29-1696","OV","1",0.996109426021576,"1"
"Drews","20",20261020,"TCGA-29-1699","OV","1",0.999957323074341,"1"
"Drews","20",20261020,"TCGA-29-1702","OV","1",0.999784886837006,"1"
"Drews","20",20261020,"TCGA-29-1783","OV","1",0.999964952468872,"1"
"Drews","20",20261020,"TCGA-30-1718","OV","1",0.999995827674866,"1"
"Drews","20",20261020,"TCGA-30-1855","OV","1",0.99998664855957,"1"
"Drews","20",20261020,"TCGA-30-1857","OV","1",0.999983549118042,"1"
"Drews","20",20261020,"TCGA-59-2352","OV","1",0.9998859167099,"1"
"Drews","20",20261020,"TCGA-5X-AA5U","OV","1",0.998607337474823,"1"
"Drews","20",20261020,"TCGA-61-1738","OV","1",0.998456358909607,"1"
"Drews","20",20261020,"TCGA-61-2008","OV","1",0.999906897544861,"1"
"Drews","20",20261020,"TCGA-61-2095","OV","2",0.65587967634201,"1"
"Drews","20",20261020,"TCGA-WR-A838","OV","1",0.999835252761841,"1"
"Drews","20",20261020,"TCGA-3A-A9IC","PAAD","1",0.998404562473297,"1"
"Drews","20",20261020,"TCGA-FB-A78T","PAAD","1",0.302656143903732,"2"
"Drews","20",20261020,"TCGA-FB-AAPZ","PAAD","1",0.99088329076767,"1"
"Drews","20",20261020,"TCGA-HZ-A9TJ","PAAD","1",0.939425528049469,"1"
"Drews","20",20261020,"TCGA-IB-7646","PAAD","1",0.983726322650909,"1"
"Drews","20",20261020,"TCGA-QR-A7IN","PCPG","2",0.179848626255989,"2"
"Drews","20",20261020,"TCGA-S7-A7WP","PCPG","2",0.302431255578995,"2"
"Drews","20",20261020,"TCGA-SQ-A6I6","PCPG","2",0.0532896965742111,"2"
"Drews","20",20261020,"TCGA-SR-A6MP","PCPG","1",0.0544841028749943,"2"
"Drews","20",20261020,"TCGA-SR-A6MZ","PCPG","2",0.00837774388492107,"2"
"Drews","20",20261020,"TCGA-TT-A6YK","PCPG","2",0.0568715482950211,"2"
"Drews","20",20261020,"TCGA-TT-A6YP","PCPG","2",0.11553431302309,"2"
"Drews","20",20261020,"TCGA-W2-A7HB","PCPG","2",0.0285241920500994,"2"
"Drews","20",20261020,"TCGA-WB-A814","PCPG","2",0.109043821692467,"2"
"Drews","20",20261020,"TCGA-WB-A821","PCPG","2",0.00933454185724258,"2"
"Drews","20",20261020,"TCGA-2A-A8W1","PRAD","1",0.988315105438232,"1"
"Drews","20",20261020,"TCGA-CH-5737","PRAD","1",0.942624866962433,"1"
"Drews","20",20261020,"TCGA-EJ-7782","PRAD","1",0.957301080226898,"1"
"Drews","20",20261020,"TCGA-G9-6496","PRAD","1",0.997766256332397,"1"
"Drews","20",20261020,"TCGA-HC-8265","PRAD","1",0.942219853401184,"1"
"Drews","20",20261020,"TCGA-HC-A631","PRAD","1",0.993565142154694,"1"
"Drews","20",20261020,"TCGA-HI-7171","PRAD","1",0.973168253898621,"1"
"Drews","20",20261020,"TCGA-KK-A7AQ","PRAD","1",0.997584223747253,"1"
"Drews","20",20261020,"TCGA-TP-A8TV","PRAD","1",0.996424853801727,"1"
"Drews","20",20261020,"TCGA-V1-A8WW","PRAD","1",0.999406218528748,"1"
"Drews","20",20261020,"TCGA-V1-A9OL","PRAD","1",0.999307870864868,"1"
"Drews","20",20261020,"TCGA-XJ-A83H","PRAD","2",0.941968142986298,"1"
"Drews","20",20261020,"TCGA-XK-AAJP","PRAD","1",0.99819141626358,"1"
"Drews","20",20261020,"TCGA-YL-A8S8","PRAD","1",0.998267889022827,"1"
"Drews","20",20261020,"TCGA-YL-A8SO","PRAD","1",0.995525062084198,"1"
"Drews","20",20261020,"TCGA-YL-A9WI","PRAD","1",0.989320039749146,"1"
"Drews","20",20261020,"TCGA-ZG-A8QY","PRAD","1",0.915260910987854,"1"
"Drews","20",20261020,"TCGA-ZG-A9N3","PRAD","1",0.999975800514221,"1"
"Drews","20",20261020,"TCGA-AG-3592","READ","1",0.98322057723999,"1"
"Drews","20",20261020,"TCGA-AG-3594","READ","1",0.988530874252319,"1"
"Drews","20",20261020,"TCGA-AG-3890","READ","1",0.877345442771912,"1"
"Drews","20",20261020,"TCGA-AG-A01J","READ","1",0.998336791992188,"1"
"Drews","20",20261020,"TCGA-AH-6643","READ","1",0.486510753631592,"2"
"Drews","20",20261020,"TCGA-DC-5869","READ","2",0.820842266082764,"1"
"Drews","20",20261020,"TCGA-DC-6682","READ","1",0.996293723583221,"1"
"Drews","20",20261020,"TCGA-DY-A1DG","READ","1",0.997399568557739,"1"
"Drews","20",20261020,"TCGA-DY-A1H8","READ","1",0.745212495326996,"1"
"Drews","20",20261020,"TCGA-3B-A9HI","SARC","1",0.975204765796661,"1"
"Drews","20",20261020,"TCGA-3B-A9HS","SARC","1",0.999609768390656,"1"
"Drews","20",20261020,"TCGA-3B-A9HV","SARC","1",0.999347746372223,"1"
"Drews","20",20261020,"TCGA-DX-A23Y","SARC","1",0.999620795249939,"1"
"Drews","20",20261020,"TCGA-DX-A2J0","SARC","1",0.999246835708618,"1"
"Drews","20",20261020,"TCGA-DX-A3U7","SARC","1",0.999959588050842,"1"
"Drews","20",20261020,"TCGA-DX-A48N","SARC","1",0.999201714992523,"1"
"Drews","20",20261020,"TCGA-DX-A6B8","SARC","1",0.999811232089996,"1"
"Drews","20",20261020,"TCGA-DX-A6BF","SARC","1",0.995192289352417,"1"
"Drews","20",20261020,"TCGA-DX-A6YV","SARC","1",0.999776542186737,"1"
"Drews","20",20261020,"TCGA-DX-A7EL","SARC","1",0.844414830207825,"1"
"Drews","20",20261020,"TCGA-DX-A8BJ","SARC","1",0.993992626667023,"1"
"Drews","20",20261020,"TCGA-DX-A8BK","SARC","1",0.98953104019165,"1"
"Drews","20",20261020,"TCGA-DX-A8BT","SARC","1",0.990377604961395,"1"
"Drews","20",20261020,"TCGA-DX-A8BV","SARC","1",0.996789991855621,"1"
"Drews","20",20261020,"TCGA-DX-AB2Q","SARC","1",0.999498009681702,"1"
"Drews","20",20261020,"TCGA-DX-AB2W","SARC","1",0.999430477619171,"1"
"Drews","20",20261020,"TCGA-DX-AB2X","SARC","1",0.998663067817688,"1"
"Drews","20",20261020,"TCGA-DX-AB3B","SARC","1",0.42120698094368,"2"
"Drews","20",20261020,"TCGA-FX-A3NK","SARC","1",0.992776155471802,"1"
"Drews","20",20261020,"TCGA-FX-A3RE","SARC","1",0.993071615695953,"1"
"Drews","20",20261020,"TCGA-JV-A5VF","SARC","1",0.999372065067291,"1"
"Drews","20",20261020,"TCGA-KF-A41W","SARC","1",0.999616742134094,"1"
"Drews","20",20261020,"TCGA-SI-AA8C","SARC","1",0.950324773788452,"1"
"Drews","20",20261020,"TCGA-BF-A3DJ","SKCM","2",0.989662289619446,"1"
"Drews","20",20261020,"TCGA-EB-A430","SKCM","2",0.515975534915924,"1"
"Drews","20",20261020,"TCGA-EB-A553","SKCM","1",0.666354358196259,"1"
"Drews","20",20261020,"TCGA-EB-A57M","SKCM","1",0.989413619041443,"1"
"Drews","20",20261020,"TCGA-EB-A5VU","SKCM","1",0.976792752742767,"1"
"Drews","20",20261020,"TCGA-XV-A9W5","SKCM","1",0.98977929353714,"1"
"Drews","20",20261020,"TCGA-XV-AAZW","SKCM","1",0.574437916278839,"1"
"Drews","20",20261020,"TCGA-XV-AAZY","SKCM","1",0.150088772177696,"2"
"Drews","20",20261020,"TCGA-BR-4362","STAD","2",0.949569463729858,"1"
"Drews","20",20261020,"TCGA-BR-4371","STAD","2",0.347410053014755,"2"
"Drews","20",20261020,"TCGA-BR-6456","STAD","1",0.999091506004333,"1"
"Drews","20",20261020,"TCGA-BR-7703","STAD","1",0.0967120826244354,"2"
"Drews","20",20261020,"TCGA-BR-8487","STAD","2",0.612097442150116,"1"
"Drews","20",20261020,"TCGA-BR-A4CS","STAD","1",0.999426126480103,"1"
"Drews","20",20261020,"TCGA-BR-A4J1","STAD","1",0.999898076057434,"1"
"Drews","20",20261020,"TCGA-BR-A4PE","STAD","1",0.994189381599426,"1"
"Drews","20",20261020,"TCGA-CD-A4MJ","STAD","2",0.0651511549949646,"2"
"Drews","20",20261020,"TCGA-CG-4301","STAD","1",0.9821497797966,"1"
"Drews","20",20261020,"TCGA-CG-4304","STAD","1",0.986786842346191,"1"
"Drews","20",20261020,"TCGA-CG-4475","STAD","1",0.999939680099487,"1"
"Drews","20",20261020,"TCGA-CG-5724","STAD","1",0.999935150146484,"1"
"Drews","20",20261020,"TCGA-CG-5725","STAD","1",0.999969959259033,"1"
"Drews","20",20261020,"TCGA-EQ-A4SO","STAD","1",0.993288338184357,"1"
"Drews","20",20261020,"TCGA-FP-8099","STAD","1",0.999659061431885,"1"
"Drews","20",20261020,"TCGA-HU-A4GH","STAD","1",0.999985575675964,"1"
"Drews","20",20261020,"TCGA-HU-A4HD","STAD","1",0.999915719032288,"1"
"Drews","20",20261020,"TCGA-IN-A6RS","STAD","1",0.997152328491211,"1"
"Drews","20",20261020,"TCGA-IN-AB1X","STAD","1",0.853400468826294,"1"
"Drews","20",20261020,"TCGA-IP-7968","STAD","1",0.999924421310425,"1"
"Drews","20",20261020,"TCGA-RD-A8N6","STAD","1",0.999914407730103,"1"
"Drews","20",20261020,"TCGA-VQ-A8PU","STAD","1",0.999707639217377,"1"
"Drews","20",20261020,"TCGA-VQ-A91V","STAD","1",0.999866604804993,"1"
"Drews","20",20261020,"TCGA-VQ-A925","STAD","1",0.999984979629517,"1"
"Drews","20",20261020,"TCGA-VQ-A92D","STAD","1",0.999275147914886,"1"
"Drews","20",20261020,"TCGA-VQ-AA64","STAD","1",0.999985337257385,"1"
"Drews","20",20261020,"TCGA-2G-AAFN","TGCT","1",0.995280921459198,"1"
"Drews","20",20261020,"TCGA-2G-AAHL","TGCT","2",0.860610067844391,"1"
"Drews","20",20261020,"TCGA-S6-A8JW","TGCT","2",0.303231447935104,"2"
"Drews","20",20261020,"TCGA-XE-AAOF","TGCT","2",0.131131112575531,"2"
"Drews","20",20261020,"TCGA-EL-A3CX","THCA","2",0.0505892373621464,"2"
"Drews","20",20261020,"TCGA-EM-A3AI","THCA","2",0.0010055365273729,"2"
"Drews","20",20261020,"TCGA-5U-AB0D","THYM","1",0.808406352996826,"1"
"Drews","20",20261020,"TCGA-A5-A1OG","UCEC","1",0.999427318572998,"1"
"Drews","20",20261020,"TCGA-A5-A2K4","UCEC","1",0.999408006668091,"1"
"Drews","20",20261020,"TCGA-AJ-A3EM","UCEC","1",0.997477233409882,"1"
"Drews","20",20261020,"TCGA-AJ-A3NG","UCEC","2",0.374735802412033,"2"
"Drews","20",20261020,"TCGA-AP-A05D","UCEC","1",0.999843120574951,"1"
"Drews","20",20261020,"TCGA-AX-A0IW","UCEC","1",0.999925851821899,"1"
"Drews","20",20261020,"TCGA-AX-A2HK","UCEC","1",0.998895764350891,"1"
"Drews","20",20261020,"TCGA-AX-A3FW","UCEC","1",0.88172459602356,"1"
"Drews","20",20261020,"TCGA-B5-A0JN","UCEC","1",0.999899387359619,"1"
"Drews","20",20261020,"TCGA-B5-A0JS","UCEC","1",0.00615588249638677,"2"
"Drews","20",20261020,"TCGA-B5-A0JV","UCEC","1",0.0376815162599087,"2"
"Drews","20",20261020,"TCGA-B5-A0K3","UCEC","1",0.988995671272278,"1"
"Drews","20",20261020,"TCGA-B5-A0KB","UCEC","1",0.994510650634766,"1"
"Drews","20",20261020,"TCGA-B5-A11I","UCEC","1",0.999875426292419,"1"
"Drews","20",20261020,"TCGA-B5-A3S1","UCEC","1",0.999150633811951,"1"
"Drews","20",20261020,"TCGA-BG-A0M6","UCEC","1",0.999894022941589,"1"
"Drews","20",20261020,"TCGA-D1-A169","UCEC","2",0.919545769691467,"1"
"Drews","20",20261020,"TCGA-D1-A16I","UCEC","1",0.993771374225616,"1"
"Drews","20",20261020,"TCGA-D1-A17R","UCEC","2",0.451374739408493,"2"
"Drews","20",20261020,"TCGA-D1-A1O0","UCEC","1",0.994517266750336,"1"
"Drews","20",20261020,"TCGA-D1-A3JQ","UCEC","1",0.990197062492371,"1"
"Drews","20",20261020,"TCGA-DI-A2QY","UCEC","1",0.999028325080872,"1"
"Drews","20",20261020,"TCGA-EY-A1GC","UCEC","1",0.996048033237457,"1"
"Drews","20",20261020,"TCGA-EY-A1GR","UCEC","1",0.998751163482666,"1"
"Drews","20",20261020,"TCGA-EY-A2OQ","UCEC","1",0.992275536060333,"1"
"Drews","20",20261020,"TCGA-EY-A547","UCEC","1",0.99874073266983,"1"
"Drews","20",20261020,"TCGA-EY-A72D","UCEC","1",0.999539732933044,"1"
"Drews","20",20261020,"TCGA-FI-A2CY","UCEC","1",0.999611914157867,"1"
"Drews","20",20261020,"TCGA-FI-A2EW","UCEC","1",0.994873464107513,"1"
"Drews","20",20261020,"TCGA-KP-A3VZ","UCEC","1",0.999990582466125,"1"
"Drews","20",20261020,"TCGA-KP-A3W0","UCEC","1",0.987902164459229,"1"
"Drews","20",20261020,"TCGA-KP-A3W4","UCEC","1",0.99277251958847,"1"
"Drews","20",20261020,"TCGA-PG-A914","UCEC","1",0.999966859817505,"1"
"Drews","20",20261020,"TCGA-PG-A915","UCEC","1",0.999769151210785,"1"
"Drews","20",20261020,"TCGA-N5-A4RN","UCS","1",0.999837517738342,"1"
"Drews","20",20261020,"TCGA-N5-A59F","UCS","1",0.999479591846466,"1"
"Drews","20",20261020,"TCGA-N6-A4VC","UCS","1",0.999947309494019,"1"
"Drews","20",20261020,"TCGA-N8-A4PQ","UCS","1",0.998878657817841,"1"
"Drews","20",20261020,"TCGA-N9-A4PZ","UCS","1",0.999806940555573,"1"
"Drews","20",20261020,"TCGA-N9-A4Q3","UCS","1",0.999736487865448,"1"
"Drews","20",20261020,"TCGA-ND-A4W6","UCS","1",0.999705016613007,"1"
"Drews","20",20261020,"TCGA-V4-A9E5","UVM","2",0.0130262086167932,"2"
"Drews","20",20261020,"TCGA-V4-A9EK","UVM","1",0.00923479255288839,"2"
"Drews","20",20261020,"TCGA-V4-A9F5","UVM","2",0.00628955336287618,"2"
"Drews","20",20261020,"TCGA-VD-A8KN","UVM","2",0.00347161595709622,"2"
