"framework","split_id","split_seed","patient_id","cancer_type","truth","probability_cluster1","predicted"
"Drews","0",1234,"TCGA-OR-A5J1","ACC","1",0.90167498588562,"1"
"Drews","0",1234,"TCGA-OR-A5JC","ACC","1",0.225481539964676,"2"
"Drews","0",1234,"TCGA-OR-A5JD","ACC","2",0.00721988407894969,"2"
"Drews","0",1234,"TCGA-OR-A5K5","ACC","1",0.993621289730072,"1"
"Drews","0",1234,"TCGA-OR-A5KU","ACC","2",0.459562927484512,"2"
"Drews","0",1234,"TCGA-OR-A5LE","ACC","1",0.992572665214539,"1"
"Drews","0",1234,"TCGA-OR-A5LG","ACC","1",0.0697565004229546,"2"
"Drews","0",1234,"TCGA-OR-A5LN","ACC","2",0.00932299625128508,"2"
"Drews","0",1234,"TCGA-2F-A9KP","BLCA","1",0.997874617576599,"1"
"Drews","0",1234,"TCGA-BT-A20W","BLCA","1",0.998901605606079,"1"
"Drews","0",1234,"TCGA-CU-A0YR","BLCA","1",0.996323823928833,"1"
"Drews","0",1234,"TCGA-CU-A3KJ","BLCA","1",0.999859571456909,"1"
"Drews","0",1234,"TCGA-DK-A1A7","BLCA","1",0.999783575534821,"1"
"Drews","0",1234,"TCGA-DK-A1AC","BLCA","1",0.998878180980682,"1"
"Drews","0",1234,"TCGA-DK-A2I6","BLCA","1",0.9999098777771,"1"
"Drews","0",1234,"TCGA-DK-A3IK","BLCA","1",0.999666213989258,"1"
"Drews","0",1234,"TCGA-E7-A3Y1","BLCA","2",0.0129283750429749,"2"
"Drews","0",1234,"TCGA-E7-A97Q","BLCA","1",0.999367296695709,"1"
"Drews","0",1234,"TCGA-FD-A3B5","BLCA","1",0.999967455863953,"1"
"Drews","0",1234,"TCGA-FD-A3NA","BLCA","1",0.999136388301849,"1"
"Drews","0",1234,"TCGA-FD-A3SJ","BLCA","1",0.999744594097137,"1"
"Drews","0",1234,"TCGA-FD-A3SR","BLCA","1",0.999973297119141,"1"
"Drews","0",1234,"TCGA-FJ-A3Z7","BLCA","1",0.984993696212769,"1"
"Drews","0",1234,"TCGA-FJ-A3ZE","BLCA","1",0.998828828334808,"1"
"Drews","0",1234,"TCGA-G2-A2EF","BLCA","1",0.99987781047821,"1"
"Drews","0",1234,"TCGA-G2-AA3B","BLCA","1",0.998357474803925,"1"
"Drews","0",1234,"TCGA-GU-AATO","BLCA","1",0.99808406829834,"1"
"Drews","0",1234,"TCGA-GV-A3JX","BLCA","1",0.999981760978699,"1"
"Drews","0",1234,"TCGA-KQ-A41O","BLCA","1",0.998898029327393,"1"
"Drews","0",1234,"TCGA-MV-A51V","BLCA","1",0.999798953533173,"1"
"Drews","0",1234,"TCGA-PQ-A6FI","BLCA","1",0.99889612197876,"1"
"Drews","0",1234,"TCGA-UY-A78O","BLCA","1",0.999565899372101,"1"
"Drews","0",1234,"TCGA-UY-A9PH","BLCA","1",0.998663783073425,"1"
"Drews","0",1234,"TCGA-XF-A9T6","BLCA","1",0.999019980430603,"1"
"Drews","0",1234,"TCGA-XF-AAMX","BLCA","1",0.99993371963501,"1"
"Drews","0",1234,"TCGA-XF-AAN3","BLCA","2",0.925323307514191,"1"
"Drews","0",1234,"TCGA-ZF-A9RN","BLCA","1",0.999796569347382,"1"
"Drews","0",1234,"TCGA-ZF-AA4R","BLCA","1",0.999935388565063,"1"
"Drews","0",1234,"TCGA-A1-A0SF","BRCA","1",0.337542623281479,"2"
"Drews","0",1234,"TCGA-A1-A0SK","BRCA","1",0.99997353553772,"1"
"Drews","0",1234,"TCGA-A1-A0SO","BRCA","1",0.999967813491821,"1"
"Drews","0",1234,"TCGA-A2-A04P","BRCA","1",0.999952912330627,"1"
"Drews","0",1234,"TCGA-A2-A0T2","BRCA","1",0.999113023281097,"1"
"Drews","0",1234,"TCGA-A2-A0T3","BRCA","1",0.999320507049561,"1"
"Drews","0",1234,"TCGA-A2-A0T7","BRCA","1",0.997758388519287,"1"
"Drews","0",1234,"TCGA-A2-A3Y0","BRCA","1",0.99984085559845,"1"
"Drews","0",1234,"TCGA-A7-A0CD","BRCA","2",0.929538905620575,"1"
"Drews","0",1234,"TCGA-A7-A0DA","BRCA","1",0.9999760389328,"1"
"Drews","0",1234,"TCGA-A7-A2KD","BRCA","1",0.999858856201172,"1"
"Drews","0",1234,"TCGA-A7-A56D","BRCA","1",0.995652914047241,"1"
"Drews","0",1234,"TCGA-A7-A5ZV","BRCA","1",0.999931812286377,"1"
"Drews","0",1234,"TCGA-A8-A06N","BRCA","1",0.995272099971771,"1"
"Drews","0",1234,"TCGA-A8-A06O","BRCA","1",0.999432981014252,"1"
"Drews","0",1234,"TCGA-A8-A06Q","BRCA","1",0.999371349811554,"1"
"Drews","0",1234,"TCGA-A8-A06R","BRCA","1",0.999173104763031,"1"
"Drews","0",1234,"TCGA-A8-A06U","BRCA","1",0.999752104282379,"1"
"Drews","0",1234,"TCGA-A8-A075","BRCA","1",0.998567819595337,"1"
"Drews","0",1234,"TCGA-A8-A07B","BRCA","1",0.999852061271667,"1"
"Drews","0",1234,"TCGA-A8-A07I","BRCA","1",0.999657273292542,"1"
"Drews","0",1234,"TCGA-A8-A08B","BRCA","1",0.953891217708588,"1"
"Drews","0",1234,"TCGA-A8-A08F","BRCA","1",0.999989032745361,"1"
"Drews","0",1234,"TCGA-A8-A094","BRCA","1",0.999347031116486,"1"
"Drews","0",1234,"TCGA-A8-A096","BRCA","2",0.191557690501213,"2"
"Drews","0",1234,"TCGA-A8-A099","BRCA","1",0.237607032060623,"2"
"Drews","0",1234,"TCGA-A8-A09D","BRCA","1",0.99957674741745,"1"
"Drews","0",1234,"TCGA-A8-A09Q","BRCA","1",0.999867677688599,"1"
"Drews","0",1234,"TCGA-AC-A3OD","BRCA","1",0.959994554519653,"1"
"Drews","0",1234,"TCGA-AC-A3W5","BRCA","1",0.999445378780365,"1"
"Drews","0",1234,"TCGA-AC-A62V","BRCA","1",0.996967256069183,"1"
"Drews","0",1234,"TCGA-AN-A04A","BRCA","1",0.999695658683777,"1"
"Drews","0",1234,"TCGA-AN-A04C","BRCA","1",0.999627113342285,"1"
"Drews","0",1234,"TCGA-AN-A04D","BRCA","1",0.999995827674866,"1"
"Drews","0",1234,"TCGA-AN-A0AS","BRCA","1",0.999669313430786,"1"
"Drews","0",1234,"TCGA-AN-A0FY","BRCA","1",0.999950885772705,"1"
"Drews","0",1234,"TCGA-AN-A0XR","BRCA","1",0.645680665969849,"1"
"Drews","0",1234,"TCGA-AN-A0XS","BRCA","2",0.275685966014862,"2"
"Drews","0",1234,"TCGA-AO-A03P","BRCA","1",0.995685935020447,"1"
"Drews","0",1234,"TCGA-AO-A03T","BRCA","1",0.9907386302948,"1"
"Drews","0",1234,"TCGA-AO-A0J3","BRCA","1",0.999568164348602,"1"
"Drews","0",1234,"TCGA-AO-A0J7","BRCA","2",0.841734647750854,"1"
"Drews","0",1234,"TCGA-AO-A0JD","BRCA","1",0.997488260269165,"1"
"Drews","0",1234,"TCGA-AO-A12B","BRCA","2",0.0998642295598984,"2"
"Drews","0",1234,"TCGA-AO-A12G","BRCA","1",0.981969058513641,"1"
"Drews","0",1234,"TCGA-AQ-A0Y5","BRCA","1",0.998803734779358,"1"
"Drews","0",1234,"TCGA-AQ-A1H2","BRCA","1",0.997197151184082,"1"
"Drews","0",1234,"TCGA-AQ-A54O","BRCA","1",0.69155478477478,"1"
"Drews","0",1234,"TCGA-AR-A0TP","BRCA","1",0.999925255775452,"1"
"Drews","0",1234,"TCGA-AR-A0TV","BRCA","1",0.999349176883698,"1"
"Drews","0",1234,"TCGA-AR-A0TZ","BRCA","1",0.998526334762573,"1"
"Drews","0",1234,"TCGA-AR-A24X","BRCA","2",0.0515402518212795,"2"
"Drews","0",1234,"TCGA-AR-A256","BRCA","1",0.999955534934998,"1"
"Drews","0",1234,"TCGA-B6-A0IN","BRCA","1",0.972607016563416,"1"
"Drews","0",1234,"TCGA-B6-A0IQ","BRCA","1",0.999951958656311,"1"
"Drews","0",1234,"TCGA-B6-A0RN","BRCA","2",0.103359006345272,"2"
"Drews","0",1234,"TCGA-B6-A0RV","BRCA","1",0.851580798625946,"1"
"Drews","0",1234,"TCGA-BH-A0AW","BRCA","1",0.999517917633057,"1"
"Drews","0",1234,"TCGA-BH-A0B3","BRCA","1",0.999929547309875,"1"
"Drews","0",1234,"TCGA-BH-A0BW","BRCA","1",0.999921798706055,"1"
"Drews","0",1234,"TCGA-BH-A0DG","BRCA","1",0.999528765678406,"1"
"Drews","0",1234,"TCGA-BH-A0DP","BRCA","2",0.0171513631939888,"2"
"Drews","0",1234,"TCGA-BH-A0GY","BRCA","1",0.999061286449432,"1"
"Drews","0",1234,"TCGA-BH-A0H0","BRCA","2",0.998323500156403,"1"
"Drews","0",1234,"TCGA-BH-A0HL","BRCA","1",0.999719679355621,"1"
"Drews","0",1234,"TCGA-BH-A18U","BRCA","1",0.99876594543457,"1"
"Drews","0",1234,"TCGA-BH-A1EO","BRCA","1",0.976677775382996,"1"
"Drews","0",1234,"TCGA-BH-A5J0","BRCA","1",0.995813548564911,"1"
"Drews","0",1234,"TCGA-C8-A12W","BRCA","1",0.999872446060181,"1"
"Drews","0",1234,"TCGA-C8-A27A","BRCA","1",0.999961972236633,"1"
"Drews","0",1234,"TCGA-D8-A1JD","BRCA","1",0.999954342842102,"1"
"Drews","0",1234,"TCGA-D8-A1XQ","BRCA","1",0.999729335308075,"1"
"Drews","0",1234,"TCGA-D8-A1XW","BRCA","1",0.994004547595978,"1"
"Drews","0",1234,"TCGA-D8-A27H","BRCA","1",0.999992251396179,"1"
"Drews","0",1234,"TCGA-D8-A27V","BRCA","1",0.140904873609543,"2"
"Drews","0",1234,"TCGA-E2-A105","BRCA","1",0.999009132385254,"1"
"Drews","0",1234,"TCGA-E2-A10C","BRCA","1",0.989944994449615,"1"
"Drews","0",1234,"TCGA-E2-A10F","BRCA","2",0.897881627082825,"1"
"Drews","0",1234,"TCGA-E2-A158","BRCA","1",0.999900102615356,"1"
"Drews","0",1234,"TCGA-E2-A15F","BRCA","1",0.991068601608276,"1"
"Drews","0",1234,"TCGA-E2-A15H","BRCA","1",0.993607640266418,"1"
"Drews","0",1234,"TCGA-E2-A15K","BRCA","1",0.945797264575958,"1"
"Drews","0",1234,"TCGA-E2-A1IG","BRCA","1",0.998020887374878,"1"
"Drews","0",1234,"TCGA-E2-A1LL","BRCA","1",0.998315691947937,"1"
"Drews","0",1234,"TCGA-E9-A1NA","BRCA","1",0.999836444854736,"1"
"Drews","0",1234,"TCGA-EW-A1P6","BRCA","2",0.855350911617279,"1"
"Drews","0",1234,"TCGA-EW-A1PD","BRCA","1",0.999310255050659,"1"
"Drews","0",1234,"TCGA-GM-A2DA","BRCA","1",0.635040700435638,"1"
"Drews","0",1234,"TCGA-GM-A3XL","BRCA","1",0.999831318855286,"1"
"Drews","0",1234,"TCGA-LD-A66U","BRCA","2",0.313109457492828,"2"
"Drews","0",1234,"TCGA-OL-A5D8","BRCA","1",0.684022009372711,"1"
"Drews","0",1234,"TCGA-OL-A5RV","BRCA","2",0.0359947197139263,"2"
"Drews","0",1234,"TCGA-OL-A5RW","BRCA","1",0.999909162521362,"1"
"Drews","0",1234,"TCGA-OL-A5RZ","BRCA","1",0.999948620796204,"1"
"Drews","0",1234,"TCGA-OL-A6VQ","BRCA","2",0.539817690849304,"1"
"Drews","0",1234,"TCGA-PE-A5DE","BRCA","1",0.653385579586029,"1"
"Drews","0",1234,"TCGA-S3-A6ZF","BRCA","1",0.999817311763763,"1"
"Drews","0",1234,"TCGA-S3-AA0Z","BRCA","1",0.99887877702713,"1"
"Drews","0",1234,"TCGA-UU-A93S","BRCA","1",0.999972224235535,"1"
"Drews","0",1234,"TCGA-WT-AB44","BRCA","2",0.279276937246323,"2"
"Drews","0",1234,"TCGA-C5-A1ME","CESC","1",0.937219321727753,"1"
"Drews","0",1234,"TCGA-C5-A7UC","CESC","2",0.997569501399994,"1"
"Drews","0",1234,"TCGA-DS-A3LQ","CESC","1",0.996585607528687,"1"
"Drews","0",1234,"TCGA-EA-A5FO","CESC","2",0.769778907299042,"1"
"Drews","0",1234,"TCGA-EK-A2H1","CESC","2",0.755624890327454,"1"
"Drews","0",1234,"TCGA-EK-A2PG","CESC","1",0.993526816368103,"1"
"Drews","0",1234,"TCGA-HM-A3JK","CESC","2",0.607326567173004,"1"
"Drews","0",1234,"TCGA-IR-A3LB","CESC","1",0.996969997882843,"1"
"Drews","0",1234,"TCGA-IR-A3LK","CESC","1",0.982214629650116,"1"
"Drews","0",1234,"TCGA-JW-A5VI","CESC","1",0.956602394580841,"1"
"Drews","0",1234,"TCGA-VS-A8Q9","CESC","1",0.834972739219666,"1"
"Drews","0",1234,"TCGA-VS-A8QC","CESC","1",0.997218489646912,"1"
"Drews","0",1234,"TCGA-VS-A9U5","CESC","1",0.986028850078583,"1"
"Drews","0",1234,"TCGA-VS-A9U6","CESC","1",0.998538732528687,"1"
"Drews","0",1234,"TCGA-VS-A9UT","CESC","1",0.999516129493713,"1"
"Drews","0",1234,"TCGA-ZJ-AB0I","CESC","1",0.998825013637543,"1"
"Drews","0",1234,"TCGA-W5-AA2T","CHOL","1",0.972345650196075,"1"
"Drews","0",1234,"TCGA-W5-AA2Z","CHOL","2",0.308484494686127,"2"
"Drews","0",1234,"TCGA-4T-AA8H","COAD","2",0.024821650236845,"2"
"Drews","0",1234,"TCGA-A6-5660","COAD","1",0.826986253261566,"1"
"Drews","0",1234,"TCGA-AA-3549","COAD","1",0.98121565580368,"1"
"Drews","0",1234,"TCGA-AA-3660","COAD","1",0.993649065494537,"1"
"Drews","0",1234,"TCGA-AA-3685","COAD","1",0.996272206306458,"1"
"Drews","0",1234,"TCGA-AA-3697","COAD","1",0.992469608783722,"1"
"Drews","0",1234,"TCGA-AA-3837","COAD","2",0.295187056064606,"2"
"Drews","0",1234,"TCGA-AA-3850","COAD","1",0.0161069091409445,"2"
"Drews","0",1234,"TCGA-AA-3854","COAD","1",0.590150475502014,"1"
"Drews","0",1234,"TCGA-AA-3867","COAD","1",0.992552936077118,"1"
"Drews","0",1234,"TCGA-AA-3949","COAD","2",0.144951418042183,"2"
"Drews","0",1234,"TCGA-AA-A01Z","COAD","1",0.992472052574158,"1"
"Drews","0",1234,"TCGA-AZ-4615","COAD","2",0.0767730474472046,"2"
"Drews","0",1234,"TCGA-AZ-6603","COAD","2",0.961769580841064,"1"
"Drews","0",1234,"TCGA-CA-6718","COAD","2",0.668696343898773,"1"
"Drews","0",1234,"TCGA-CM-4746","COAD","2",0.575922846794128,"1"
"Drews","0",1234,"TCGA-CM-4752","COAD","1",0.974192976951599,"1"
"Drews","0",1234,"TCGA-CM-6675","COAD","1",0.997519016265869,"1"
"Drews","0",1234,"TCGA-D5-5537","COAD","2",0.522322773933411,"1"
"Drews","0",1234,"TCGA-DM-A1HA","COAD","1",0.997466325759888,"1"
"Drews","0",1234,"TCGA-F4-6854","COAD","1",0.81672328710556,"1"
"Drews","0",1234,"TCGA-G4-6303","COAD","1",0.988449811935425,"1"
"Drews","0",1234,"TCGA-G4-6310","COAD","1",0.728731036186218,"1"
"Drews","0",1234,"TCGA-G4-6586","COAD","2",0.104885548353195,"2"
"Drews","0",1234,"TCGA-G4-6626","COAD","1",0.995513498783112,"1"
"Drews","0",1234,"TCGA-FA-A7DS","DLBC","1",0.980443954467773,"1"
"Drews","0",1234,"TCGA-2H-A9GF","ESCA","1",0.999949812889099,"1"
"Drews","0",1234,"TCGA-IG-A3YB","ESCA","1",0.876682996749878,"1"
"Drews","0",1234,"TCGA-IG-A4QS","ESCA","1",0.999737083911896,"1"
"Drews","0",1234,"TCGA-L5-A43J","ESCA","1",0.999007642269135,"1"
"Drews","0",1234,"TCGA-L5-A4ON","ESCA","1",0.990306854248047,"1"
"Drews","0",1234,"TCGA-L5-A4OO","ESCA","1",0.997280240058899,"1"
"Drews","0",1234,"TCGA-L5-A4OQ","ESCA","1",0.998883664608002,"1"
"Drews","0",1234,"TCGA-L5-A4OW","ESCA","1",0.998969197273254,"1"
"Drews","0",1234,"TCGA-L5-A891","ESCA","1",0.999986171722412,"1"
"Drews","0",1234,"TCGA-L5-A8NJ","ESCA","1",0.998131811618805,"1"
"Drews","0",1234,"TCGA-L5-A8NV","ESCA","1",0.998693764209747,"1"
"Drews","0",1234,"TCGA-LN-A49L","ESCA","1",0.999946594238281,"1"
"Drews","0",1234,"TCGA-LN-A4A2","ESCA","1",0.998863816261292,"1"
"Drews","0",1234,"TCGA-LN-A4A9","ESCA","1",0.999151587486267,"1"
"Drews","0",1234,"TCGA-LN-A4MQ","ESCA","1",0.999453127384186,"1"
"Drews","0",1234,"TCGA-Q9-A6FU","ESCA","1",0.999862909317017,"1"
"Drews","0",1234,"TCGA-R6-A8W8","ESCA","1",0.998932063579559,"1"
"Drews","0",1234,"TCGA-S8-A6BV","ESCA","1",0.992825865745544,"1"
"Drews","0",1234,"TCGA-VR-AA4G","ESCA","1",0.999839186668396,"1"
"Drews","0",1234,"TCGA-Z6-A8JE","ESCA","1",0.999787628650665,"1"
"Drews","0",1234,"TCGA-06-0129","GBM","1",0.996050536632538,"1"
"Drews","0",1234,"TCGA-06-0882","GBM","1",0.221044480800629,"2"
"Drews","0",1234,"TCGA-06-2558","GBM","1",0.962540090084076,"1"
"Drews","0",1234,"TCGA-26-5133","GBM","1",0.997412025928497,"1"
"Drews","0",1234,"TCGA-28-5215","GBM","2",0.973770797252655,"1"
"Drews","0",1234,"TCGA-32-2616","GBM","2",0.912521958351135,"1"
"Drews","0",1234,"TCGA-32-2632","GBM","1",0.831129372119904,"1"
"Drews","0",1234,"TCGA-BA-4076","HNSC","1",0.994462668895721,"1"
"Drews","0",1234,"TCGA-BA-6870","HNSC","1",0.999523282051086,"1"
"Drews","0",1234,"TCGA-CN-4730","HNSC","2",0.95034784078598,"1"
"Drews","0",1234,"TCGA-CN-4741","HNSC","2",0.889640510082245,"1"
"Drews","0",1234,"TCGA-CN-6010","HNSC","1",0.862254977226257,"1"
"Drews","0",1234,"TCGA-CN-A63W","HNSC","1",0.997228562831879,"1"
"Drews","0",1234,"TCGA-CQ-6228","HNSC","1",0.999646782875061,"1"
"Drews","0",1234,"TCGA-CR-6472","HNSC","1",0.989114880561829,"1"
"Drews","0",1234,"TCGA-CV-5432","HNSC","1",0.99891996383667,"1"
"Drews","0",1234,"TCGA-CV-6935","HNSC","1",0.988299965858459,"1"
"Drews","0",1234,"TCGA-CV-7178","HNSC","1",0.997029542922974,"1"
"Drews","0",1234,"TCGA-CV-7424","HNSC","1",0.996948063373566,"1"
"Drews","0",1234,"TCGA-CV-7430","HNSC","1",0.995141506195068,"1"
"Drews","0",1234,"TCGA-D6-A4ZB","HNSC","1",0.997990727424622,"1"
"Drews","0",1234,"TCGA-D6-A6EQ","HNSC","1",0.983753859996796,"1"
"Drews","0",1234,"TCGA-HD-7831","HNSC","1",0.994094908237457,"1"
"Drews","0",1234,"TCGA-IQ-7630","HNSC","1",0.990447044372559,"1"
"Drews","0",1234,"TCGA-QK-A6V9","HNSC","2",0.949496865272522,"1"
"Drews","0",1234,"TCGA-QK-A8ZA","HNSC","1",0.999934077262878,"1"
"Drews","0",1234,"TCGA-KL-8340","KICH","2",0.000701502256561071,"2"
"Drews","0",1234,"TCGA-KM-8443","KICH","1",0.00605218438431621,"2"
"Drews","0",1234,"TCGA-KN-8422","KICH","2",0.00417183293029666,"2"
"Drews","0",1234,"TCGA-KN-8423","KICH","2",0.00150031829252839,"2"
"Drews","0",1234,"TCGA-KN-8434","KICH","2",0.00830247066915035,"2"
"Drews","0",1234,"TCGA-KO-8404","KICH","1",0.999464333057404,"1"
"Drews","0",1234,"TCGA-KO-8410","KICH","2",0.00233290088362992,"2"
"Drews","0",1234,"TCGA-A3-3347","KIRC","2",0.183744162321091,"2"
"Drews","0",1234,"TCGA-B0-4710","KIRC","2",0.00579952076077461,"2"
"Drews","0",1234,"TCGA-B0-5107","KIRC","2",0.0197054911404848,"2"
"Drews","0",1234,"TCGA-B0-5116","KIRC","2",0.0112780146300793,"2"
"Drews","0",1234,"TCGA-B0-5696","KIRC","2",0.000682616082485765,"2"
"Drews","0",1234,"TCGA-B2-4099","KIRC","2",0.00274810940027237,"2"
"Drews","0",1234,"TCGA-B8-4620","KIRC","2",0.0457568317651749,"2"
"Drews","0",1234,"TCGA-BP-4977","KIRC","2",0.0023166520986706,"2"
"Drews","0",1234,"TCGA-BP-4992","KIRC","2",0.0837189108133316,"2"
"Drews","0",1234,"TCGA-CJ-4903","KIRC","2",0.000363585742888972,"2"
"Drews","0",1234,"TCGA-CJ-5675","KIRC","2",0.00255186762660742,"2"
"Drews","0",1234,"TCGA-CW-5580","KIRC","2",0.00156332191545516,"2"
"Drews","0",1234,"TCGA-CZ-4864","KIRC","2",0.000191426937817596,"2"
"Drews","0",1234,"TCGA-CZ-5462","KIRC","2",0.00428400980308652,"2"
"Drews","0",1234,"TCGA-2Z-A9JE","KIRP","2",0.0667238608002663,"2"
"Drews","0",1234,"TCGA-4A-A93X","KIRP","2",0.0365109741687775,"2"
"Drews","0",1234,"TCGA-B9-4114","KIRP","2",0.0567198917269707,"2"
"Drews","0",1234,"TCGA-B9-4117","KIRP","2",0.49554842710495,"2"
"Drews","0",1234,"TCGA-B9-4617","KIRP","2",0.215878203511238,"2"
"Drews","0",1234,"TCGA-B9-A44B","KIRP","1",0.268658339977264,"2"
"Drews","0",1234,"TCGA-BQ-7056","KIRP","2",0.242516756057739,"2"
"Drews","0",1234,"TCGA-DZ-6134","KIRP","2",0.000855107849929482,"2"
"Drews","0",1234,"TCGA-F9-A4JJ","KIRP","2",0.833372294902802,"1"
"Drews","0",1234,"TCGA-G7-A8LD","KIRP","1",0.994984030723572,"1"
"Drews","0",1234,"TCGA-P4-A5E8","KIRP","2",0.127424716949463,"2"
"Drews","0",1234,"TCGA-CS-5393","LGG","1",0.124981641769409,"2"
"Drews","0",1234,"TCGA-DB-5275","LGG","1",0.0963157713413239,"2"
"Drews","0",1234,"TCGA-DB-A4XG","LGG","2",0.00575288059189916,"2"
"Drews","0",1234,"TCGA-DH-A7US","LGG","2",0.0320604480803013,"2"
"Drews","0",1234,"TCGA-DU-6399","LGG","2",0.182838320732117,"2"
"Drews","0",1234,"TCGA-DU-7294","LGG","2",0.00757751753553748,"2"
"Drews","0",1234,"TCGA-DU-A5TW","LGG","2",0.29623481631279,"2"
"Drews","0",1234,"TCGA-E1-5307","LGG","1",0.0189982075244188,"2"
"Drews","0",1234,"TCGA-E1-A7YD","LGG","1",0.988018751144409,"1"
"Drews","0",1234,"TCGA-E1-A7YS","LGG","2",0.0343550406396389,"2"
"Drews","0",1234,"TCGA-E1-A7YW","LGG","2",0.0151365343481302,"2"
"Drews","0",1234,"TCGA-E1-A7Z3","LGG","2",0.0723802298307419,"2"
"Drews","0",1234,"TCGA-FG-A6J1","LGG","2",0.0445555672049522,"2"
"Drews","0",1234,"TCGA-FN-7833","LGG","2",0.281558334827423,"2"
"Drews","0",1234,"TCGA-HT-7480","LGG","2",0.000366100430255756,"2"
"Drews","0",1234,"TCGA-HT-7611","LGG","1",0.00263197324238718,"2"
"Drews","0",1234,"TCGA-HW-8319","LGG","2",0.0475274175405502,"2"
"Drews","0",1234,"TCGA-IK-7675","LGG","1",0.852085828781128,"1"
"Drews","0",1234,"TCGA-IK-8125","LGG","2",0.000227217475185171,"2"
"Drews","0",1234,"TCGA-P5-A5EZ","LGG","1",0.3709736764431,"2"
"Drews","0",1234,"TCGA-P5-A733","LGG","2",0.1222033649683,"2"
"Drews","0",1234,"TCGA-QH-A6CW","LGG","2",0.1838139295578,"2"
"Drews","0",1234,"TCGA-QH-A6CY","LGG","2",0.00270951562561095,"2"
"Drews","0",1234,"TCGA-QH-A86X","LGG","2",0.00324195646680892,"2"
"Drews","0",1234,"TCGA-R8-A73M","LGG","2",0.0241198316216469,"2"
"Drews","0",1234,"TCGA-S9-A6WH","LGG","2",0.0275320969521999,"2"
"Drews","0",1234,"TCGA-TM-A7C5","LGG","2",0.00655890628695488,"2"
"Drews","0",1234,"TCGA-TM-A84B","LGG","1",0.096298024058342,"2"
"Drews","0",1234,"TCGA-TQ-A7RJ","LGG","2",0.0191198699176311,"2"
"Drews","0",1234,"TCGA-TQ-A7RM","LGG","1",0.995617985725403,"1"
"Drews","0",1234,"TCGA-TQ-A7RO","LGG","2",0.00192477426026016,"2"
"Drews","0",1234,"TCGA-VM-A8CB","LGG","2",0.0183677598834038,"2"
"Drews","0",1234,"TCGA-VM-A8CF","LGG","1",0.0352388545870781,"2"
"Drews","0",1234,"TCGA-2Y-A9H3","LIHC","1",0.53740394115448,"1"
"Drews","0",1234,"TCGA-2Y-A9H5","LIHC","1",0.934760689735413,"1"
"Drews","0",1234,"TCGA-2Y-A9H7","LIHC","2",0.994226157665253,"1"
"Drews","0",1234,"TCGA-2Y-A9HA","LIHC","1",0.992138206958771,"1"
"Drews","0",1234,"TCGA-BC-4073","LIHC","1",0.992637395858765,"1"
"Drews","0",1234,"TCGA-BC-A10Q","LIHC","2",0.598745882511139,"1"
"Drews","0",1234,"TCGA-BC-A216","LIHC","1",0.998938143253326,"1"
"Drews","0",1234,"TCGA-BC-A3KF","LIHC","1",0.974767446517944,"1"
"Drews","0",1234,"TCGA-BW-A5NQ","LIHC","2",0.78867769241333,"1"
"Drews","0",1234,"TCGA-DD-A11D","LIHC","1",0.156611755490303,"2"
"Drews","0",1234,"TCGA-DD-AACH","LIHC","1",0.999769866466522,"1"
"Drews","0",1234,"TCGA-G3-A5SL","LIHC","1",0.41134250164032,"2"
"Drews","0",1234,"TCGA-G3-A7M7","LIHC","2",0.380243420600891,"2"
"Drews","0",1234,"TCGA-NI-A8LF","LIHC","1",0.713449478149414,"1"
"Drews","0",1234,"TCGA-T1-A6J8","LIHC","1",0.845629572868347,"1"
"Drews","0",1234,"TCGA-UB-A7ME","LIHC","1",0.984513223171234,"1"
"Drews","0",1234,"TCGA-ZS-A9CF","LIHC","1",0.995224058628082,"1"
"Drews","0",1234,"TCGA-ZS-A9CG","LIHC","2",0.0819695293903351,"2"
"Drews","0",1234,"TCGA-05-4389","LUAD","1",0.999948143959045,"1"
"Drews","0",1234,"TCGA-05-4395","LUAD","1",0.999256432056427,"1"
"Drews","0",1234,"TCGA-05-4415","LUAD","1",0.990554869174957,"1"
"Drews","0",1234,"TCGA-05-4425","LUAD","2",0.962075412273407,"1"
"Drews","0",1234,"TCGA-38-4625","LUAD","1",0.999840378761292,"1"
"Drews","0",1234,"TCGA-44-7660","LUAD","1",0.99977320432663,"1"
"Drews","0",1234,"TCGA-44-A4SU","LUAD","1",0.995534896850586,"1"
"Drews","0",1234,"TCGA-49-4501","LUAD","1",0.997783362865448,"1"
"Drews","0",1234,"TCGA-49-AARQ","LUAD","1",0.994471430778503,"1"
"Drews","0",1234,"TCGA-4B-A93V","LUAD","1",0.998136878013611,"1"
"Drews","0",1234,"TCGA-50-6591","LUAD","1",0.999995708465576,"1"
"Drews","0",1234,"TCGA-55-5899","LUAD","1",0.999017000198364,"1"
"Drews","0",1234,"TCGA-55-7570","LUAD","1",0.999775588512421,"1"
"Drews","0",1234,"TCGA-55-7576","LUAD","1",0.99969744682312,"1"
"Drews","0",1234,"TCGA-55-7907","LUAD","1",0.9958615899086,"1"
"Drews","0",1234,"TCGA-55-7910","LUAD","1",0.999087810516357,"1"
"Drews","0",1234,"TCGA-55-A48Z","LUAD","1",0.99943345785141,"1"
"Drews","0",1234,"TCGA-64-5775","LUAD","1",0.999759376049042,"1"
"Drews","0",1234,"TCGA-64-5779","LUAD","1",0.999583303928375,"1"
"Drews","0",1234,"TCGA-67-3773","LUAD","1",0.208872690796852,"2"
"Drews","0",1234,"TCGA-67-6217","LUAD","1",0.997929692268372,"1"
"Drews","0",1234,"TCGA-69-7980","LUAD","1",0.999480783939362,"1"
"Drews","0",1234,"TCGA-73-4677","LUAD","2",0.922328293323517,"1"
"Drews","0",1234,"TCGA-78-7161","LUAD","1",0.999788820743561,"1"
"Drews","0",1234,"TCGA-78-7539","LUAD","1",0.985266029834747,"1"
"Drews","0",1234,"TCGA-86-6851","LUAD","1",0.999886631965637,"1"
"Drews","0",1234,"TCGA-86-8280","LUAD","1",0.996184885501862,"1"
"Drews","0",1234,"TCGA-86-8358","LUAD","1",0.999968647956848,"1"
"Drews","0",1234,"TCGA-91-6831","LUAD","1",0.999926447868347,"1"
"Drews","0",1234,"TCGA-91-6847","LUAD","1",0.999927282333374,"1"
"Drews","0",1234,"TCGA-21-5782","LUSC","1",0.999916553497314,"1"
"Drews","0",1234,"TCGA-22-4613","LUSC","1",0.999916672706604,"1"
"Drews","0",1234,"TCGA-22-5471","LUSC","1",0.999830842018127,"1"
"Drews","0",1234,"TCGA-33-AAS8","LUSC","1",0.999963998794556,"1"
"Drews","0",1234,"TCGA-33-AASJ","LUSC","1",0.997841119766235,"1"
"Drews","0",1234,"TCGA-37-3789","LUSC","1",0.999622702598572,"1"
"Drews","0",1234,"TCGA-37-4133","LUSC","1",0.999508380889893,"1"
"Drews","0",1234,"TCGA-37-4135","LUSC","1",0.999899387359619,"1"
"Drews","0",1234,"TCGA-37-A5EN","LUSC","1",0.999039709568024,"1"
"Drews","0",1234,"TCGA-39-5034","LUSC","1",0.999300599098206,"1"
"Drews","0",1234,"TCGA-39-5035","LUSC","1",0.992324709892273,"1"
"Drews","0",1234,"TCGA-43-6770","LUSC","1",0.999916195869446,"1"
"Drews","0",1234,"TCGA-43-7657","LUSC","1",0.999906301498413,"1"
"Drews","0",1234,"TCGA-43-7658","LUSC","1",0.999689817428589,"1"
"Drews","0",1234,"TCGA-43-A474","LUSC","1",0.999619007110596,"1"
"Drews","0",1234,"TCGA-52-7809","LUSC","1",0.999979853630066,"1"
"Drews","0",1234,"TCGA-56-8626","LUSC","1",0.995079874992371,"1"
"Drews","0",1234,"TCGA-56-8628","LUSC","1",0.982632398605347,"1"
"Drews","0",1234,"TCGA-58-A46L","LUSC","1",0.999138951301575,"1"
"Drews","0",1234,"TCGA-60-2722","LUSC","1",0.99959009885788,"1"
"Drews","0",1234,"TCGA-63-A5ML","LUSC","1",0.999915957450867,"1"
"Drews","0",1234,"TCGA-77-6843","LUSC","1",0.998773276805878,"1"
"Drews","0",1234,"TCGA-77-7465","LUSC","1",0.997778594493866,"1"
"Drews","0",1234,"TCGA-77-8009","LUSC","1",0.999737560749054,"1"
"Drews","0",1234,"TCGA-77-A5G3","LUSC","1",0.999480187892914,"1"
"Drews","0",1234,"TCGA-77-A5GF","LUSC","1",0.995207130908966,"1"
"Drews","0",1234,"TCGA-77-A5GH","LUSC","1",0.999223470687866,"1"
"Drews","0",1234,"TCGA-85-8352","LUSC","1",0.999943256378174,"1"
"Drews","0",1234,"TCGA-85-8584","LUSC","1",0.999281227588654,"1"
"Drews","0",1234,"TCGA-85-A5B5","LUSC","1",0.995014727115631,"1"
"Drews","0",1234,"TCGA-90-A4EE","LUSC","1",0.993460297584534,"1"
"Drews","0",1234,"TCGA-92-8065","LUSC","1",0.991190671920776,"1"
"Drews","0",1234,"TCGA-96-7544","LUSC","1",0.999599397182465,"1"
"Drews","0",1234,"TCGA-98-8022","LUSC","1",0.999810993671417,"1"
"Drews","0",1234,"TCGA-98-A538","LUSC","1",0.999931335449219,"1"
"Drews","0",1234,"TCGA-O2-A52S","LUSC","1",0.99987518787384,"1"
"Drews","0",1234,"TCGA-O2-A5IB","LUSC","1",0.999159455299377,"1"
"Drews","0",1234,"TCGA-MQ-A4LV","MESO","1",0.974444270133972,"1"
"Drews","0",1234,"TCGA-MQ-A6BS","MESO","1",0.965789258480072,"1"
"Drews","0",1234,"TCGA-SC-A6LP","MESO","2",0.95042610168457,"1"
"Drews","0",1234,"TCGA-TS-A8AY","MESO","1",0.877279698848724,"1"
"Drews","0",1234,"TCGA-04-1348","OV","1",0.999899506568909,"1"
"Drews","0",1234,"TCGA-04-1357","OV","1",0.997320353984833,"1"
"Drews","0",1234,"TCGA-09-1673","OV","1",0.999411225318909,"1"
"Drews","0",1234,"TCGA-13-0893","OV","1",0.999984383583069,"1"
"Drews","0",1234,"TCGA-13-0916","OV","1",0.999890565872192,"1"
"Drews","0",1234,"TCGA-13-1405","OV","1",0.998578190803528,"1"
"Drews","0",1234,"TCGA-13-2060","OV","1",0.99993622303009,"1"
"Drews","0",1234,"TCGA-20-1684","OV","1",0.999812424182892,"1"
"Drews","0",1234,"TCGA-23-1114","OV","1",0.999979734420776,"1"
"Drews","0",1234,"TCGA-24-1417","OV","1",0.999996066093445,"1"
"Drews","0",1234,"TCGA-24-1463","OV","1",0.999942541122437,"1"
"Drews","0",1234,"TCGA-24-1551","OV","1",0.998821079730988,"1"
"Drews","0",1234,"TCGA-24-1616","OV","1",0.999732673168182,"1"
"Drews","0",1234,"TCGA-24-2033","OV","1",0.999572813510895,"1"
"Drews","0",1234,"TCGA-24-2036","OV","1",0.998241066932678,"1"
"Drews","0",1234,"TCGA-24-2281","OV","1",0.99998950958252,"1"
"Drews","0",1234,"TCGA-25-1313","OV","1",0.999902725219727,"1"
"Drews","0",1234,"TCGA-25-1314","OV","1",0.999567329883575,"1"
"Drews","0",1234,"TCGA-25-1319","OV","1",0.999562799930573,"1"
"Drews","0",1234,"TCGA-25-2393","OV","1",0.999955534934998,"1"
"Drews","0",1234,"TCGA-25-2396","OV","1",0.999123990535736,"1"
"Drews","0",1234,"TCGA-29-1699","OV","1",0.99978119134903,"1"
"Drews","0",1234,"TCGA-29-1701","OV","1",0.999987483024597,"1"
"Drews","0",1234,"TCGA-29-1711","OV","1",0.999781429767609,"1"
"Drews","0",1234,"TCGA-30-1855","OV","1",0.999992370605469,"1"
"Drews","0",1234,"TCGA-57-1993","OV","1",0.999912858009338,"1"
"Drews","0",1234,"TCGA-59-2354","OV","1",0.999680161476135,"1"
"Drews","0",1234,"TCGA-59-2363","OV","1",0.999570071697235,"1"
"Drews","0",1234,"TCGA-61-1725","OV","1",0.999493598937988,"1"
"Drews","0",1234,"TCGA-61-1738","OV","1",0.999635815620422,"1"
"Drews","0",1234,"TCGA-61-1740","OV","1",0.999972581863403,"1"
"Drews","0",1234,"TCGA-61-1907","OV","1",0.999895572662354,"1"
"Drews","0",1234,"TCGA-61-2094","OV","1",0.998769581317902,"1"
"Drews","0",1234,"TCGA-2J-AABE","PAAD","2",0.882429361343384,"1"
"Drews","0",1234,"TCGA-3A-A9IZ","PAAD","1",0.999847292900085,"1"
"Drews","0",1234,"TCGA-FB-AAPZ","PAAD","1",0.993251502513885,"1"
"Drews","0",1234,"TCGA-IB-A6UF","PAAD","1",0.99828052520752,"1"
"Drews","0",1234,"TCGA-IB-AAUO","PAAD","1",0.996209383010864,"1"
"Drews","0",1234,"TCGA-YY-A8LH","PAAD","2",0.947886168956757,"1"
"Drews","0",1234,"TCGA-PR-A5PH","PCPG","2",0.0311028659343719,"2"
"Drews","0",1234,"TCGA-QR-A708","PCPG","1",0.687747001647949,"1"
"Drews","0",1234,"TCGA-QR-A70P","PCPG","2",0.124525330960751,"2"
"Drews","0",1234,"TCGA-RW-A68C","PCPG","2",0.0348141454160213,"2"
"Drews","0",1234,"TCGA-RW-A7CZ","PCPG","1",0.0129866525530815,"2"
"Drews","0",1234,"TCGA-S7-A7WQ","PCPG","2",0.0140046607702971,"2"
"Drews","0",1234,"TCGA-SP-A6QD","PCPG","2",0.0315634645521641,"2"
"Drews","0",1234,"TCGA-SR-A6MU","PCPG","2",0.109073057770729,"2"
"Drews","0",1234,"TCGA-SR-A6MZ","PCPG","2",0.0299141015857458,"2"
"Drews","0",1234,"TCGA-TT-A6YK","PCPG","2",0.0159378834068775,"2"
"Drews","0",1234,"TCGA-W2-A7H5","PCPG","2",0.0973848029971123,"2"
"Drews","0",1234,"TCGA-W2-A7HB","PCPG","2",0.108846306800842,"2"
"Drews","0",1234,"TCGA-CH-5766","PRAD","1",0.792035937309265,"1"
"Drews","0",1234,"TCGA-CH-5767","PRAD","1",0.989239931106567,"1"
"Drews","0",1234,"TCGA-EJ-7783","PRAD","2",0.184875726699829,"2"
"Drews","0",1234,"TCGA-KK-A8I5","PRAD","1",0.970848202705383,"1"
"Drews","0",1234,"TCGA-KK-A8IB","PRAD","1",0.996685206890106,"1"
"Drews","0",1234,"TCGA-M7-A722","PRAD","2",0.952710330486298,"1"
"Drews","0",1234,"TCGA-V1-A9Z7","PRAD","1",0.996974468231201,"1"
"Drews","0",1234,"TCGA-VN-A943","PRAD","1",0.714972734451294,"1"
"Drews","0",1234,"TCGA-YL-A9WI","PRAD","1",0.994817197322845,"1"
"Drews","0",1234,"TCGA-ZG-A9LN","PRAD","1",0.931119084358215,"1"
"Drews","0",1234,"TCGA-ZG-A9M4","PRAD","1",0.984819412231445,"1"
"Drews","0",1234,"TCGA-AG-3581","READ","2",0.947102785110474,"1"
"Drews","0",1234,"TCGA-AG-3742","READ","1",0.977775156497955,"1"
"Drews","0",1234,"TCGA-AG-3887","READ","2",0.405791342258453,"2"
"Drews","0",1234,"TCGA-AG-A01J","READ","1",0.982011437416077,"1"
"Drews","0",1234,"TCGA-AG-A026","READ","1",0.997094631195068,"1"
"Drews","0",1234,"TCGA-AH-6643","READ","1",0.816697597503662,"1"
"Drews","0",1234,"TCGA-DT-5265","READ","1",0.984812676906586,"1"
"Drews","0",1234,"TCGA-G5-6641","READ","1",0.957060754299164,"1"
"Drews","0",1234,"TCGA-DX-A3U5","SARC","1",0.996766686439514,"1"
"Drews","0",1234,"TCGA-DX-A3U9","SARC","1",0.999607980251312,"1"
"Drews","0",1234,"TCGA-DX-A6YR","SARC","1",0.992971360683441,"1"
"Drews","0",1234,"TCGA-DX-A6Z0","SARC","1",0.999573290348053,"1"
"Drews","0",1234,"TCGA-DX-A7EF","SARC","1",0.999990105628967,"1"
"Drews","0",1234,"TCGA-DX-A7EI","SARC","1",0.999544084072113,"1"
"Drews","0",1234,"TCGA-DX-A8BJ","SARC","1",0.998089611530304,"1"
"Drews","0",1234,"TCGA-DX-A8BK","SARC","1",0.994868755340576,"1"
"Drews","0",1234,"TCGA-DX-A8BL","SARC","1",0.997744560241699,"1"
"Drews","0",1234,"TCGA-DX-A8BT","SARC","1",0.995706140995026,"1"
"Drews","0",1234,"TCGA-DX-AATS","SARC","1",0.999890327453613,"1"
"Drews","0",1234,"TCGA-DX-AB35","SARC","1",0.9953972697258,"1"
"Drews","0",1234,"TCGA-FX-A3TO","SARC","1",0.998304128646851,"1"
"Drews","0",1234,"TCGA-IE-A4EJ","SARC","1",0.995731174945831,"1"
"Drews","0",1234,"TCGA-IE-A6BZ","SARC","1",0.999695777893066,"1"
"Drews","0",1234,"TCGA-IS-A3KA","SARC","1",0.983100533485413,"1"
"Drews","0",1234,"TCGA-KD-A5QU","SARC","1",0.99820613861084,"1"
"Drews","0",1234,"TCGA-LI-A9QH","SARC","1",0.999811351299286,"1"
"Drews","0",1234,"TCGA-QQ-A5V9","SARC","1",0.934608161449432,"1"
"Drews","0",1234,"TCGA-QQ-A5VB","SARC","1",0.999963283538818,"1"
"Drews","0",1234,"TCGA-SG-A6Z4","SARC","1",0.999852061271667,"1"
"Drews","0",1234,"TCGA-SI-AA8B","SARC","1",0.999642610549927,"1"
"Drews","0",1234,"TCGA-X6-A7W8","SARC","1",0.999350368976593,"1"
"Drews","0",1234,"TCGA-X9-A971","SARC","1",0.998734176158905,"1"
"Drews","0",1234,"TCGA-BF-A3DJ","SKCM","2",0.985552608966827,"1"
"Drews","0",1234,"TCGA-BF-A3DN","SKCM","2",0.858128607273102,"1"
"Drews","0",1234,"TCGA-BF-A5EQ","SKCM","1",0.583203196525574,"1"
"Drews","0",1234,"TCGA-EB-A3Y7","SKCM","2",0.820155262947083,"1"
"Drews","0",1234,"TCGA-FR-A2OS","SKCM","1",0.993286788463593,"1"
"Drews","0",1234,"TCGA-GN-A8LN","SKCM","1",0.980413377285004,"1"
"Drews","0",1234,"TCGA-XV-AAZY","SKCM","1",0.80511736869812,"1"
"Drews","0",1234,"TCGA-3M-AB46","STAD","1",0.999937772750854,"1"
"Drews","0",1234,"TCGA-BR-4191","STAD","1",0.994465291500092,"1"
"Drews","0",1234,"TCGA-BR-4366","STAD","1",0.998543977737427,"1"
"Drews","0",1234,"TCGA-BR-4371","STAD","2",0.738913178443909,"1"
"Drews","0",1234,"TCGA-BR-8060","STAD","1",0.99997091293335,"1"
"Drews","0",1234,"TCGA-BR-8078","STAD","2",0.16427980363369,"2"
"Drews","0",1234,"TCGA-BR-8373","STAD","1",0.997777760028839,"1"
"Drews","0",1234,"TCGA-CD-5804","STAD","1",0.999070763587952,"1"
"Drews","0",1234,"TCGA-CD-8533","STAD","1",0.999669551849365,"1"
"Drews","0",1234,"TCGA-CD-A486","STAD","1",0.999719679355621,"1"
"Drews","0",1234,"TCGA-CG-4436","STAD","1",0.999216437339783,"1"
"Drews","0",1234,"TCGA-CG-4444","STAD","1",0.968501269817352,"1"
"Drews","0",1234,"TCGA-CG-4466","STAD","1",0.999127924442291,"1"
"Drews","0",1234,"TCGA-CG-5723","STAD","2",0.922257602214813,"1"
"Drews","0",1234,"TCGA-CG-5724","STAD","1",0.99975711107254,"1"
"Drews","0",1234,"TCGA-D7-6822","STAD","1",0.998755216598511,"1"
"Drews","0",1234,"TCGA-D7-A4YT","STAD","1",0.99745911359787,"1"
"Drews","0",1234,"TCGA-D7-A74A","STAD","1",0.848443567752838,"1"
"Drews","0",1234,"TCGA-HJ-7597","STAD","2",0.988847970962524,"1"
"Drews","0",1234,"TCGA-HU-8249","STAD","1",0.991472482681274,"1"
"Drews","0",1234,"TCGA-HU-A4GF","STAD","1",0.999112546443939,"1"
"Drews","0",1234,"TCGA-HU-A4GH","STAD","1",0.999578058719635,"1"
"Drews","0",1234,"TCGA-HU-A4H5","STAD","1",0.999824821949005,"1"
"Drews","0",1234,"TCGA-IN-8663","STAD","1",0.999691009521484,"1"
"Drews","0",1234,"TCGA-IN-A6RS","STAD","1",0.980760335922241,"1"
"Drews","0",1234,"TCGA-VQ-A8DU","STAD","1",0.999482274055481,"1"
"Drews","0",1234,"TCGA-VQ-A8DZ","STAD","1",0.999871373176575,"1"
"Drews","0",1234,"TCGA-VQ-A8E0","STAD","1",0.999805271625519,"1"
"Drews","0",1234,"TCGA-VQ-A8P5","STAD","1",0.999830365180969,"1"
"Drews","0",1234,"TCGA-VQ-A8PK","STAD","1",0.999956965446472,"1"
"Drews","0",1234,"TCGA-VQ-A8PU","STAD","1",0.999805510044098,"1"
"Drews","0",1234,"TCGA-VQ-A91A","STAD","1",0.999934673309326,"1"
"Drews","0",1234,"TCGA-VQ-A91N","STAD","1",0.999600350856781,"1"
"Drews","0",1234,"TCGA-VQ-A91V","STAD","1",0.999464094638824,"1"
"Drews","0",1234,"TCGA-2G-AAGV","TGCT","2",0.651809751987457,"1"
"Drews","0",1234,"TCGA-2G-AAHL","TGCT","2",0.352270692586899,"2"
"Drews","0",1234,"TCGA-2G-AAKL","TGCT","1",0.971559286117554,"1"
"Drews","0",1234,"TCGA-YU-A90W","TGCT","1",0.907508850097656,"1"
"Drews","0",1234,"TCGA-4C-A93U","THCA","2",0.854397594928741,"1"
"Drews","0",1234,"TCGA-EL-A4KI","THCA","2",0.0736894309520721,"2"
"Drews","0",1234,"TCGA-FY-A3I5","THCA","2",0.00315593485720456,"2"
"Drews","0",1234,"TCGA-A5-A0RA","UCEC","1",0.151600450277328,"2"
"Drews","0",1234,"TCGA-A5-A0VQ","UCEC","2",0.0220917891710997,"2"
"Drews","0",1234,"TCGA-AJ-A3EM","UCEC","1",0.99806946516037,"1"
"Drews","0",1234,"TCGA-AJ-A3NF","UCEC","1",0.918446481227875,"1"
"Drews","0",1234,"TCGA-AJ-A3TW","UCEC","1",0.999938726425171,"1"
"Drews","0",1234,"TCGA-AP-A052","UCEC","1",0.999709784984589,"1"
"Drews","0",1234,"TCGA-AW-A1PO","UCEC","1",0.99988842010498,"1"
"Drews","0",1234,"TCGA-AX-A1C7","UCEC","1",0.998907446861267,"1"
"Drews","0",1234,"TCGA-AX-A2H2","UCEC","1",0.999895572662354,"1"
"Drews","0",1234,"TCGA-AX-A2H4","UCEC","1",0.998268723487854,"1"
"Drews","0",1234,"TCGA-AX-A2HF","UCEC","1",0.999456346035004,"1"
"Drews","0",1234,"TCGA-AX-A3FS","UCEC","2",0.979750037193298,"1"
"Drews","0",1234,"TCGA-B5-A0JS","UCEC","1",0.0269793067127466,"2"
"Drews","0",1234,"TCGA-B5-A0KB","UCEC","1",0.995264291763306,"1"
"Drews","0",1234,"TCGA-B5-A1MY","UCEC","1",0.999416828155518,"1"
"Drews","0",1234,"TCGA-BG-A18B","UCEC","2",0.0219640582799911,"2"
"Drews","0",1234,"TCGA-BS-A0TC","UCEC","2",0.208309754729271,"2"
"Drews","0",1234,"TCGA-D1-A169","UCEC","2",0.942660748958588,"1"
"Drews","0",1234,"TCGA-D1-A16O","UCEC","2",0.126140564680099,"2"
"Drews","0",1234,"TCGA-D1-A1NU","UCEC","1",0.999991416931152,"1"
"Drews","0",1234,"TCGA-D1-A1NX","UCEC","1",0.996114015579224,"1"
"Drews","0",1234,"TCGA-D1-A1O0","UCEC","1",0.994982957839966,"1"
"Drews","0",1234,"TCGA-EO-A3B1","UCEC","1",0.992062509059906,"1"
"Drews","0",1234,"TCGA-EO-A3KU","UCEC","1",0.999953508377075,"1"
"Drews","0",1234,"TCGA-EY-A1GR","UCEC","1",0.999188244342804,"1"
"Drews","0",1234,"TCGA-EY-A214","UCEC","1",0.999737799167633,"1"
"Drews","0",1234,"TCGA-EY-A547","UCEC","1",0.981760203838348,"1"
"Drews","0",1234,"TCGA-FI-A2F9","UCEC","1",0.909560561180115,"1"
"Drews","0",1234,"TCGA-JU-AAVI","UCEC","1",0.999678492546082,"1"
"Drews","0",1234,"TCGA-PG-A7D5","UCEC","1",0.999724209308624,"1"
"Drews","0",1234,"TCGA-N5-A4RA","UCS","1",0.99107950925827,"1"
"Drews","0",1234,"TCGA-N5-A4RJ","UCS","1",0.99970942735672,"1"
"Drews","0",1234,"TCGA-N6-A4VC","UCS","1",0.999953985214233,"1"
"Drews","0",1234,"TCGA-N6-A4VF","UCS","2",0.546838402748108,"1"
"Drews","0",1234,"TCGA-N7-A4Y8","UCS","1",0.989956021308899,"1"
"Drews","0",1234,"TCGA-N9-A4Q4","UCS","1",0.999968767166138,"1"
"Drews","0",1234,"TCGA-ND-A4WF","UCS","1",0.999971389770508,"1"
"Drews","0",1234,"TCGA-NF-A5CP","UCS","1",0.999801099300385,"1"
"Drews","0",1234,"TCGA-NG-A4VU","UCS","1",0.999977707862854,"1"
"Drews","0",1234,"TCGA-V4-A9EO","UVM","2",0.00413075182586908,"2"
"Drews","0",1234,"TCGA-V4-A9EX","UVM","2",0.534102439880371,"1"
"Drews","0",1234,"TCGA-V4-A9F5","UVM","2",0.0219035428017378,"2"
"Drews","0",1234,"TCGA-VD-A8KA","UVM","2",0.0483574829995632,"2"
"Drews","1",20261001,"TCGA-OR-A5J2","ACC","1",0.355705350637436,"2"
"Drews","1",20261001,"TCGA-OR-A5JD","ACC","2",0.00473594199866056,"2"
"Drews","1",20261001,"TCGA-OR-A5JG","ACC","2",0.896175146102905,"1"
"Drews","1",20261001,"TCGA-OR-A5JI","ACC","2",0.119187757372856,"2"
"Drews","1",20261001,"TCGA-OR-A5JM","ACC","1",0.997870326042175,"1"
"Drews","1",20261001,"TCGA-OR-A5K0","ACC","1",0.979291260242462,"1"
"Drews","1",20261001,"TCGA-OR-A5LK","ACC","2",0.200023800134659,"2"
"Drews","1",20261001,"TCGA-OR-A5LL","ACC","1",0.60634458065033,"1"
"Drews","1",20261001,"TCGA-4Z-AA80","BLCA","1",0.99974662065506,"1"
"Drews","1",20261001,"TCGA-BL-A0C8","BLCA","1",0.998732626438141,"1"
"Drews","1",20261001,"TCGA-BL-A13J","BLCA","1",0.999932765960693,"1"
"Drews","1",20261001,"TCGA-BL-A3JM","BLCA","2",0.999741852283478,"1"
"Drews","1",20261001,"TCGA-BT-A42E","BLCA","1",0.999798119068146,"1"
"Drews","1",20261001,"TCGA-CF-A1HS","BLCA","1",0.999950170516968,"1"
"Drews","1",20261001,"TCGA-CF-A3MF","BLCA","2",0.899588704109192,"1"
"Drews","1",20261001,"TCGA-CF-A47S","BLCA","2",0.0990903899073601,"2"
"Drews","1",20261001,"TCGA-DK-A6B6","BLCA","1",0.950141549110413,"1"
"Drews","1",20261001,"TCGA-DK-AA6L","BLCA","1",0.999885082244873,"1"
"Drews","1",20261001,"TCGA-DK-AA6U","BLCA","1",0.999974727630615,"1"
"Drews","1",20261001,"TCGA-E7-A541","BLCA","1",0.999898672103882,"1"
"Drews","1",20261001,"TCGA-E7-A6MD","BLCA","1",0.999596655368805,"1"
"Drews","1",20261001,"TCGA-FD-A6TA","BLCA","1",0.999460995197296,"1"
"Drews","1",20261001,"TCGA-FJ-A3Z7","BLCA","1",0.993063151836395,"1"
"Drews","1",20261001,"TCGA-G2-A2EL","BLCA","1",0.999188721179962,"1"
"Drews","1",20261001,"TCGA-GD-A2C5","BLCA","1",0.999927639961243,"1"
"Drews","1",20261001,"TCGA-KQ-A41N","BLCA","1",0.999861478805542,"1"
"Drews","1",20261001,"TCGA-KQ-A41O","BLCA","1",0.99949848651886,"1"
"Drews","1",20261001,"TCGA-PQ-A6FI","BLCA","1",0.999562919139862,"1"
"Drews","1",20261001,"TCGA-UY-A78N","BLCA","1",0.996939897537231,"1"
"Drews","1",20261001,"TCGA-UY-A9PH","BLCA","1",0.999417424201965,"1"
"Drews","1",20261001,"TCGA-XF-A9SV","BLCA","1",0.993793606758118,"1"
"Drews","1",20261001,"TCGA-XF-A9T8","BLCA","1",0.916973054409027,"1"
"Drews","1",20261001,"TCGA-XF-AAN2","BLCA","1",0.998808741569519,"1"
"Drews","1",20261001,"TCGA-XF-AAN3","BLCA","2",0.99386602640152,"1"
"Drews","1",20261001,"TCGA-XF-AAN7","BLCA","1",0.999805152416229,"1"
"Drews","1",20261001,"TCGA-YF-AA3M","BLCA","1",0.999606072902679,"1"
"Drews","1",20261001,"TCGA-ZF-A9R1","BLCA","1",0.997450053691864,"1"
"Drews","1",20261001,"TCGA-ZF-A9R9","BLCA","1",0.884947180747986,"1"
"Drews","1",20261001,"TCGA-ZF-A9RE","BLCA","1",0.999601304531097,"1"
"Drews","1",20261001,"TCGA-ZF-AA4R","BLCA","1",0.999993085861206,"1"
"Drews","1",20261001,"TCGA-ZF-AA5H","BLCA","1",0.999961733818054,"1"
"Drews","1",20261001,"TCGA-3C-AALI","BRCA","1",0.999629378318787,"1"
"Drews","1",20261001,"TCGA-A1-A0SK","BRCA","1",0.999967575073242,"1"
"Drews","1",20261001,"TCGA-A1-A0SM","BRCA","1",0.999324083328247,"1"
"Drews","1",20261001,"TCGA-A2-A04X","BRCA","1",0.9969722032547,"1"
"Drews","1",20261001,"TCGA-A2-A0D0","BRCA","1",0.999995946884155,"1"
"Drews","1",20261001,"TCGA-A2-A0EO","BRCA","2",0.12533637881279,"2"
"Drews","1",20261001,"TCGA-A2-A0EX","BRCA","1",0.109419837594032,"2"
"Drews","1",20261001,"TCGA-A2-A0EY","BRCA","1",0.993240237236023,"1"
"Drews","1",20261001,"TCGA-A2-A1FV","BRCA","1",0.975284695625305,"1"
"Drews","1",20261001,"TCGA-A2-A25D","BRCA","1",0.997333168983459,"1"
"Drews","1",20261001,"TCGA-A7-A13F","BRCA","1",0.867881119251251,"1"
"Drews","1",20261001,"TCGA-A7-A13G","BRCA","1",0.113081432878971,"2"
"Drews","1",20261001,"TCGA-A7-A4SD","BRCA","1",0.999254882335663,"1"
"Drews","1",20261001,"TCGA-A7-A56D","BRCA","1",0.993253529071808,"1"
"Drews","1",20261001,"TCGA-A7-A6VW","BRCA","1",0.999543070793152,"1"
"Drews","1",20261001,"TCGA-A7-A6VY","BRCA","1",0.999891996383667,"1"
"Drews","1",20261001,"TCGA-A8-A06O","BRCA","1",0.999285519123077,"1"
"Drews","1",20261001,"TCGA-A8-A06X","BRCA","1",0.999913930892944,"1"
"Drews","1",20261001,"TCGA-A8-A075","BRCA","1",0.999806106090546,"1"
"Drews","1",20261001,"TCGA-A8-A079","BRCA","1",0.999629974365234,"1"
"Drews","1",20261001,"TCGA-A8-A07I","BRCA","1",0.999753773212433,"1"
"Drews","1",20261001,"TCGA-A8-A08R","BRCA","1",0.999989032745361,"1"
"Drews","1",20261001,"TCGA-A8-A094","BRCA","1",0.999757707118988,"1"
"Drews","1",20261001,"TCGA-A8-A099","BRCA","1",0.203583344817162,"2"
"Drews","1",20261001,"TCGA-A8-A09C","BRCA","1",0.990728497505188,"1"
"Drews","1",20261001,"TCGA-A8-A09M","BRCA","1",0.999956846237183,"1"
"Drews","1",20261001,"TCGA-AN-A03X","BRCA","1",0.940211236476898,"1"
"Drews","1",20261001,"TCGA-AN-A049","BRCA","1",0.999494194984436,"1"
"Drews","1",20261001,"TCGA-AN-A04C","BRCA","1",0.999875545501709,"1"
"Drews","1",20261001,"TCGA-AN-A0AL","BRCA","1",0.99994695186615,"1"
"Drews","1",20261001,"TCGA-AN-A0G0","BRCA","1",0.999195396900177,"1"
"Drews","1",20261001,"TCGA-AN-A0XP","BRCA","2",0.173041358590126,"2"
"Drews","1",20261001,"TCGA-AN-A0XU","BRCA","1",0.999982953071594,"1"
"Drews","1",20261001,"TCGA-AO-A03N","BRCA","1",0.996900677680969,"1"
"Drews","1",20261001,"TCGA-AO-A03O","BRCA","1",0.999962687492371,"1"
"Drews","1",20261001,"TCGA-AO-A0J6","BRCA","1",0.999971389770508,"1"
"Drews","1",20261001,"TCGA-AO-A12B","BRCA","2",0.127598106861115,"2"
"Drews","1",20261001,"TCGA-AQ-A0Y5","BRCA","1",0.991210579872131,"1"
"Drews","1",20261001,"TCGA-AR-A0TP","BRCA","1",0.999818742275238,"1"
"Drews","1",20261001,"TCGA-AR-A0TR","BRCA","2",0.619697034358978,"1"
"Drews","1",20261001,"TCGA-AR-A0TV","BRCA","1",0.999491214752197,"1"
"Drews","1",20261001,"TCGA-AR-A0TY","BRCA","1",0.999710500240326,"1"
"Drews","1",20261001,"TCGA-AR-A0TZ","BRCA","1",0.996566653251648,"1"
"Drews","1",20261001,"TCGA-AR-A1AH","BRCA","1",0.999814450740814,"1"
"Drews","1",20261001,"TCGA-AR-A2LM","BRCA","1",0.0329764261841774,"2"
"Drews","1",20261001,"TCGA-B6-A0IG","BRCA","1",0.999027967453003,"1"
"Drews","1",20261001,"TCGA-B6-A0RP","BRCA","2",0.0309922005981207,"2"
"Drews","1",20261001,"TCGA-B6-A1KI","BRCA","2",0.10538113117218,"2"
"Drews","1",20261001,"TCGA-BH-A0BP","BRCA","1",0.99169510602951,"1"
"Drews","1",20261001,"TCGA-BH-A0DD","BRCA","1",0.999752700328827,"1"
"Drews","1",20261001,"TCGA-BH-A0E0","BRCA","1",0.999926328659058,"1"
"Drews","1",20261001,"TCGA-BH-A0E2","BRCA","1",0.999150276184082,"1"
"Drews","1",20261001,"TCGA-BH-A0HA","BRCA","2",0.887146234512329,"1"
"Drews","1",20261001,"TCGA-BH-A0HY","BRCA","1",0.999796211719513,"1"
"Drews","1",20261001,"TCGA-BH-A0WA","BRCA","1",0.999989628791809,"1"
"Drews","1",20261001,"TCGA-BH-A18Q","BRCA","1",0.99992847442627,"1"
"Drews","1",20261001,"TCGA-BH-A18U","BRCA","1",0.999646544456482,"1"
"Drews","1",20261001,"TCGA-BH-A1EY","BRCA","1",0.973455786705017,"1"
"Drews","1",20261001,"TCGA-BH-A1FL","BRCA","2",0.0841690599918365,"2"
"Drews","1",20261001,"TCGA-BH-A1FM","BRCA","1",0.999807178974152,"1"
"Drews","1",20261001,"TCGA-BH-A202","BRCA","1",0.999092578887939,"1"
"Drews","1",20261001,"TCGA-BH-A8FY","BRCA","2",0.597817778587341,"1"
"Drews","1",20261001,"TCGA-C8-A12Q","BRCA","1",0.999911189079285,"1"
"Drews","1",20261001,"TCGA-C8-A138","BRCA","1",0.999556005001068,"1"
"Drews","1",20261001,"TCGA-C8-A1HG","BRCA","1",0.999839782714844,"1"
"Drews","1",20261001,"TCGA-C8-A26Z","BRCA","1",0.998134434223175,"1"
"Drews","1",20261001,"TCGA-C8-A273","BRCA","1",0.985379636287689,"1"
"Drews","1",20261001,"TCGA-D8-A13Y","BRCA","1",0.999985814094543,"1"
"Drews","1",20261001,"TCGA-D8-A140","BRCA","1",0.998969435691833,"1"
"Drews","1",20261001,"TCGA-D8-A147","BRCA","1",0.999774992465973,"1"
"Drews","1",20261001,"TCGA-D8-A1J9","BRCA","1",0.999650120735168,"1"
"Drews","1",20261001,"TCGA-D8-A1JL","BRCA","1",0.999756872653961,"1"
"Drews","1",20261001,"TCGA-D8-A1JM","BRCA","1",0.998292624950409,"1"
"Drews","1",20261001,"TCGA-D8-A1JU","BRCA","2",0.0130927078425884,"2"
"Drews","1",20261001,"TCGA-D8-A1XS","BRCA","1",0.991106688976288,"1"
"Drews","1",20261001,"TCGA-E2-A105","BRCA","1",0.999808251857758,"1"
"Drews","1",20261001,"TCGA-E2-A15I","BRCA","2",0.15880298614502,"2"
"Drews","1",20261001,"TCGA-E2-A1L7","BRCA","1",0.999732911586761,"1"
"Drews","1",20261001,"TCGA-E2-A1LL","BRCA","1",0.999789893627167,"1"
"Drews","1",20261001,"TCGA-E2-A2P6","BRCA","1",0.984268426895142,"1"
"Drews","1",20261001,"TCGA-E2-A574","BRCA","1",0.99990177154541,"1"
"Drews","1",20261001,"TCGA-E2-A576","BRCA","1",0.999311327934265,"1"
"Drews","1",20261001,"TCGA-E9-A22A","BRCA","1",0.996268332004547,"1"
"Drews","1",20261001,"TCGA-E9-A244","BRCA","1",0.99948114156723,"1"
"Drews","1",20261001,"TCGA-EW-A1P8","BRCA","1",0.998478949069977,"1"
"Drews","1",20261001,"TCGA-EW-A6S9","BRCA","1",0.99969220161438,"1"
"Drews","1",20261001,"TCGA-LL-A6FR","BRCA","1",0.999708592891693,"1"
"Drews","1",20261001,"TCGA-LL-A8F5","BRCA","1",0.999737203121185,"1"
"Drews","1",20261001,"TCGA-OL-A5RW","BRCA","1",0.999601542949677,"1"
"Drews","1",20261001,"TCGA-S3-A6ZF","BRCA","1",0.999918580055237,"1"
"Drews","1",20261001,"TCGA-S3-AA0Z","BRCA","1",0.999005854129791,"1"
"Drews","1",20261001,"TCGA-UL-AAZ6","BRCA","1",0.999907493591309,"1"
"Drews","1",20261001,"TCGA-V7-A7HQ","BRCA","2",0.649207413196564,"1"
"Drews","1",20261001,"TCGA-W8-A86G","BRCA","2",0.0408226028084755,"2"
"Drews","1",20261001,"TCGA-WT-AB44","BRCA","2",0.382045060396194,"2"
"Drews","1",20261001,"TCGA-4J-AA1J","CESC","1",0.952394068241119,"1"
"Drews","1",20261001,"TCGA-C5-A1BN","CESC","1",0.986332058906555,"1"
"Drews","1",20261001,"TCGA-C5-A1M8","CESC","1",0.994193494319916,"1"
"Drews","1",20261001,"TCGA-C5-A7UC","CESC","2",0.998199462890625,"1"
"Drews","1",20261001,"TCGA-C5-A8XH","CESC","1",0.998690068721771,"1"
"Drews","1",20261001,"TCGA-C5-A902","CESC","1",0.702630698680878,"1"
"Drews","1",20261001,"TCGA-DR-A0ZM","CESC","2",0.591103911399841,"1"
"Drews","1",20261001,"TCGA-EK-A2RN","CESC","2",0.63398540019989,"1"
"Drews","1",20261001,"TCGA-EX-A1H5","CESC","2",0.580285310745239,"1"
"Drews","1",20261001,"TCGA-FU-A5XV","CESC","2",0.508984863758087,"1"
"Drews","1",20261001,"TCGA-HM-A3JK","CESC","2",0.711580634117126,"1"
"Drews","1",20261001,"TCGA-HM-A6W2","CESC","1",0.982256710529327,"1"
"Drews","1",20261001,"TCGA-VS-A8QF","CESC","1",0.998139977455139,"1"
"Drews","1",20261001,"TCGA-VS-A94Z","CESC","1",0.960808217525482,"1"
"Drews","1",20261001,"TCGA-ZJ-A8QR","CESC","1",0.997738242149353,"1"
"Drews","1",20261001,"TCGA-ZJ-AAXB","CESC","1",0.999652981758118,"1"
"Drews","1",20261001,"TCGA-3X-AAVC","CHOL","1",0.864240765571594,"1"
"Drews","1",20261001,"TCGA-A6-2677","COAD","1",0.782545506954193,"1"
"Drews","1",20261001,"TCGA-A6-5656","COAD","1",0.97489333152771,"1"
"Drews","1",20261001,"TCGA-AA-3549","COAD","1",0.980783045291901,"1"
"Drews","1",20261001,"TCGA-AA-3685","COAD","1",0.941282391548157,"1"
"Drews","1",20261001,"TCGA-AA-3837","COAD","2",0.354553043842316,"2"
"Drews","1",20261001,"TCGA-AA-3850","COAD","1",0.0319211259484291,"2"
"Drews","1",20261001,"TCGA-AA-3852","COAD","2",0.594963312149048,"1"
"Drews","1",20261001,"TCGA-AA-A00Z","COAD","1",0.957113206386566,"1"
"Drews","1",20261001,"TCGA-CA-5797","COAD","1",0.953481137752533,"1"
"Drews","1",20261001,"TCGA-CK-5914","COAD","1",0.17526376247406,"2"
"Drews","1",20261001,"TCGA-CM-6161","COAD","2",0.0110774878412485,"2"
"Drews","1",20261001,"TCGA-CM-6171","COAD","2",0.352439314126968,"2"
"Drews","1",20261001,"TCGA-CM-6675","COAD","1",0.992955923080444,"1"
"Drews","1",20261001,"TCGA-D5-6533","COAD","1",0.986912608146667,"1"
"Drews","1",20261001,"TCGA-F4-6460","COAD","1",0.738950729370117,"1"
"Drews","1",20261001,"TCGA-F4-6854","COAD","1",0.287082433700562,"2"
"Drews","1",20261001,"TCGA-G4-6299","COAD","1",0.997734665870667,"1"
"Drews","1",20261001,"TCGA-G4-6309","COAD","2",0.580567836761475,"1"
"Drews","1",20261001,"TCGA-G4-6310","COAD","1",0.873257696628571,"1"
"Drews","1",20261001,"TCGA-NH-A50U","COAD","1",0.98734587430954,"1"
"Drews","1",20261001,"TCGA-NH-A50V","COAD","2",0.859986782073975,"1"
"Drews","1",20261001,"TCGA-FA-A7DS","DLBC","1",0.900390684604645,"1"
"Drews","1",20261001,"TCGA-2H-A9GH","ESCA","1",0.999944686889648,"1"
"Drews","1",20261001,"TCGA-IC-A6RE","ESCA","1",0.999025940895081,"1"
"Drews","1",20261001,"TCGA-IG-A4QS","ESCA","1",0.999752581119537,"1"
"Drews","1",20261001,"TCGA-L5-A4OW","ESCA","1",0.99533599615097,"1"
"Drews","1",20261001,"TCGA-L5-A88V","ESCA","1",0.999838948249817,"1"
"Drews","1",20261001,"TCGA-L5-A8NE","ESCA","1",0.99781858921051,"1"
"Drews","1",20261001,"TCGA-L5-A8NJ","ESCA","1",0.999556958675385,"1"
"Drews","1",20261001,"TCGA-L5-A8NR","ESCA","1",0.999801456928253,"1"
"Drews","1",20261001,"TCGA-LN-A49M","ESCA","1",0.999715387821198,"1"
"Drews","1",20261001,"TCGA-LN-A5U5","ESCA","1",0.998906254768372,"1"
"Drews","1",20261001,"TCGA-LN-A5U6","ESCA","1",0.999662518501282,"1"
"Drews","1",20261001,"TCGA-R6-A6XQ","ESCA","1",0.999945402145386,"1"
"Drews","1",20261001,"TCGA-S8-A6BV","ESCA","1",0.999285638332367,"1"
"Drews","1",20261001,"TCGA-V5-A7RB","ESCA","1",0.998395144939423,"1"
"Drews","1",20261001,"TCGA-VR-A8EP","ESCA","1",0.999829888343811,"1"
"Drews","1",20261001,"TCGA-VR-A8ER","ESCA","1",0.999931573867798,"1"
"Drews","1",20261001,"TCGA-VR-A8EY","ESCA","1",0.998461365699768,"1"
"Drews","1",20261001,"TCGA-VR-AA7B","ESCA","1",0.999972581863403,"1"
"Drews","1",20261001,"TCGA-06-0882","GBM","1",0.10667634755373,"2"
"Drews","1",20261001,"TCGA-27-2521","GBM","1",0.979302108287811,"1"
"Drews","1",20261001,"TCGA-27-2528","GBM","1",0.716917634010315,"1"
"Drews","1",20261001,"TCGA-32-1970","GBM","1",0.975208163261414,"1"
"Drews","1",20261001,"TCGA-32-2616","GBM","2",0.934077143669128,"1"
"Drews","1",20261001,"TCGA-41-3915","GBM","1",0.910466015338898,"1"
"Drews","1",20261001,"TCGA-BA-7269","HNSC","1",0.999621987342834,"1"
"Drews","1",20261001,"TCGA-CN-4727","HNSC","1",0.996656894683838,"1"
"Drews","1",20261001,"TCGA-CN-5363","HNSC","1",0.998751044273376,"1"
"Drews","1",20261001,"TCGA-CR-7371","HNSC","1",0.99189430475235,"1"
"Drews","1",20261001,"TCGA-CR-7390","HNSC","1",0.998878180980682,"1"
"Drews","1",20261001,"TCGA-CV-5430","HNSC","1",0.99989902973175,"1"
"Drews","1",20261001,"TCGA-CV-7255","HNSC","1",0.998490929603577,"1"
"Drews","1",20261001,"TCGA-CV-7263","HNSC","2",0.890957117080688,"1"
"Drews","1",20261001,"TCGA-CV-7414","HNSC","1",0.999738991260529,"1"
"Drews","1",20261001,"TCGA-CV-7430","HNSC","1",0.956934809684753,"1"
"Drews","1",20261001,"TCGA-CV-7434","HNSC","1",0.968407571315765,"1"
"Drews","1",20261001,"TCGA-CV-A6JE","HNSC","1",0.992334008216858,"1"
"Drews","1",20261001,"TCGA-CV-A6K2","HNSC","2",0.276066839694977,"2"
"Drews","1",20261001,"TCGA-CX-A4AQ","HNSC","2",0.990134656429291,"1"
"Drews","1",20261001,"TCGA-D6-A6EN","HNSC","2",0.930931091308594,"1"
"Drews","1",20261001,"TCGA-F7-A624","HNSC","2",0.619408190250397,"1"
"Drews","1",20261001,"TCGA-HD-7831","HNSC","1",0.99751615524292,"1"
"Drews","1",20261001,"TCGA-HD-8224","HNSC","1",0.995705664157867,"1"
"Drews","1",20261001,"TCGA-KU-A66T","HNSC","1",0.999797642230988,"1"
"Drews","1",20261001,"TCGA-MZ-A7D7","HNSC","1",0.990638494491577,"1"
"Drews","1",20261001,"TCGA-P3-A6T6","HNSC","1",0.997418522834778,"1"
"Drews","1",20261001,"TCGA-QK-A6IG","HNSC","1",0.990217983722687,"1"
"Drews","1",20261001,"TCGA-UF-A719","HNSC","1",0.996504545211792,"1"
"Drews","1",20261001,"TCGA-KL-8327","KICH","2",0.0323236547410488,"2"
"Drews","1",20261001,"TCGA-KL-8343","KICH","2",0.00414092326536775,"2"
"Drews","1",20261001,"TCGA-KN-8421","KICH","2",0.103531658649445,"2"
"Drews","1",20261001,"TCGA-KN-8422","KICH","2",0.00740779191255569,"2"
"Drews","1",20261001,"TCGA-KN-8428","KICH","1",0.412736803293228,"2"
"Drews","1",20261001,"TCGA-KN-8434","KICH","2",0.00934550072997808,"2"
"Drews","1",20261001,"TCGA-KO-8413","KICH","2",0.0225803703069687,"2"
"Drews","1",20261001,"TCGA-A3-3363","KIRC","1",0.0999849736690521,"2"
"Drews","1",20261001,"TCGA-A3-3387","KIRC","2",0.000849679112434387,"2"
"Drews","1",20261001,"TCGA-A3-A6NI","KIRC","2",0.00132335070520639,"2"
"Drews","1",20261001,"TCGA-AK-3458","KIRC","2",0.00609837425872684,"2"
"Drews","1",20261001,"TCGA-AS-3777","KIRC","2",0.553799033164978,"1"
"Drews","1",20261001,"TCGA-B0-4710","KIRC","2",0.0053990283049643,"2"
"Drews","1",20261001,"TCGA-B0-5116","KIRC","2",0.00277108699083328,"2"
"Drews","1",20261001,"TCGA-B0-5713","KIRC","2",0.000184512013220228,"2"
"Drews","1",20261001,"TCGA-BP-5168","KIRC","2",0.000303324864944443,"2"
"Drews","1",20261001,"TCGA-BP-5199","KIRC","2",0.0152207789942622,"2"
"Drews","1",20261001,"TCGA-BP-5200","KIRC","2",0.00428156973794103,"2"
"Drews","1",20261001,"TCGA-CJ-6027","KIRC","2",0.00377598754130304,"2"
"Drews","1",20261001,"TCGA-CW-5580","KIRC","2",0.000286599301034585,"2"
"Drews","1",20261001,"TCGA-CW-6090","KIRC","2",0.00121484394185245,"2"
"Drews","1",20261001,"TCGA-CZ-5456","KIRC","2",0.00942161493003368,"2"
"Drews","1",20261001,"TCGA-2Z-A9JE","KIRP","2",0.00377407786436379,"2"
"Drews","1",20261001,"TCGA-2Z-A9JJ","KIRP","1",0.0538374334573746,"2"
"Drews","1",20261001,"TCGA-A4-A4ZT","KIRP","2",0.0667959451675415,"2"
"Drews","1",20261001,"TCGA-BQ-5876","KIRP","2",0.00233024545013905,"2"
"Drews","1",20261001,"TCGA-BQ-5878","KIRP","1",0.0238290503621101,"2"
"Drews","1",20261001,"TCGA-BQ-7056","KIRP","2",0.143540397286415,"2"
"Drews","1",20261001,"TCGA-F9-A7VF","KIRP","2",0.0323489308357239,"2"
"Drews","1",20261001,"TCGA-GL-7773","KIRP","2",0.0978551506996155,"2"
"Drews","1",20261001,"TCGA-GL-A59T","KIRP","2",0.0056676366366446,"2"
"Drews","1",20261001,"TCGA-DB-5275","LGG","1",0.0873936712741852,"2"
"Drews","1",20261001,"TCGA-DB-A4XH","LGG","2",0.0137890530750155,"2"
"Drews","1",20261001,"TCGA-DU-7010","LGG","1",0.977271437644958,"1"
"Drews","1",20261001,"TCGA-DU-7019","LGG","1",0.0193078014999628,"2"
"Drews","1",20261001,"TCGA-DU-7294","LGG","2",0.00376986479386687,"2"
"Drews","1",20261001,"TCGA-DU-A7T8","LGG","2",0.0259827580302954,"2"
"Drews","1",20261001,"TCGA-E1-A7YQ","LGG","1",0.806474804878235,"1"
"Drews","1",20261001,"TCGA-E1-A7Z3","LGG","2",0.0038589364849031,"2"
"Drews","1",20261001,"TCGA-FG-A4MU","LGG","2",0.793370127677917,"1"
"Drews","1",20261001,"TCGA-FG-A4MX","LGG","2",0.547371804714203,"1"
"Drews","1",20261001,"TCGA-HT-7471","LGG","2",0.0589732900261879,"2"
"Drews","1",20261001,"TCGA-HT-7693","LGG","2",0.466466039419174,"2"
"Drews","1",20261001,"TCGA-HT-7855","LGG","2",0.176175177097321,"2"
"Drews","1",20261001,"TCGA-HT-8011","LGG","2",0.835779786109924,"1"
"Drews","1",20261001,"TCGA-HT-A614","LGG","1",0.0478001348674297,"2"
"Drews","1",20261001,"TCGA-HT-A61B","LGG","1",0.321842700242996,"2"
"Drews","1",20261001,"TCGA-QH-A6X5","LGG","2",0.00394586008042097,"2"
"Drews","1",20261001,"TCGA-QH-A6XC","LGG","2",0.063868373632431,"2"
"Drews","1",20261001,"TCGA-S9-A6U5","LGG","2",0.0023529005702585,"2"
"Drews","1",20261001,"TCGA-S9-A6U6","LGG","2",0.0278485026210546,"2"
"Drews","1",20261001,"TCGA-S9-A6WO","LGG","2",0.0339702293276787,"2"
"Drews","1",20261001,"TCGA-TM-A84L","LGG","2",0.0305809527635574,"2"
"Drews","1",20261001,"TCGA-TQ-A7RM","LGG","1",0.993488073348999,"1"
"Drews","1",20261001,"TCGA-VM-A8CA","LGG","2",0.00628265785053372,"2"
"Drews","1",20261001,"TCGA-2Y-A9H0","LIHC","1",0.999684929847717,"1"
"Drews","1",20261001,"TCGA-2Y-A9H1","LIHC","1",0.780681610107422,"1"
"Drews","1",20261001,"TCGA-2Y-A9H2","LIHC","1",0.80431854724884,"1"
"Drews","1",20261001,"TCGA-2Y-A9H6","LIHC","1",0.427960902452469,"2"
"Drews","1",20261001,"TCGA-3K-AAZ8","LIHC","2",0.318284839391708,"2"
"Drews","1",20261001,"TCGA-BC-A10Z","LIHC","1",0.993882775306702,"1"
"Drews","1",20261001,"TCGA-CC-5260","LIHC","1",0.186034113168716,"2"
"Drews","1",20261001,"TCGA-CC-A3MA","LIHC","1",0.979224741458893,"1"
"Drews","1",20261001,"TCGA-DD-A11D","LIHC","1",0.161036610603333,"2"
"Drews","1",20261001,"TCGA-DD-A1EB","LIHC","1",0.27130389213562,"2"
"Drews","1",20261001,"TCGA-DD-A39Z","LIHC","2",0.352214395999908,"2"
"Drews","1",20261001,"TCGA-DD-A3A5","LIHC","1",0.991659104824066,"1"
"Drews","1",20261001,"TCGA-DD-A73G","LIHC","1",0.9583939909935,"1"
"Drews","1",20261001,"TCGA-DD-AACI","LIHC","1",0.498960942029953,"2"
"Drews","1",20261001,"TCGA-DD-AADD","LIHC","1",0.950432002544403,"1"
"Drews","1",20261001,"TCGA-DD-AADO","LIHC","1",0.944703280925751,"1"
"Drews","1",20261001,"TCGA-DD-AADP","LIHC","1",0.924001336097717,"1"
"Drews","1",20261001,"TCGA-FV-A23B","LIHC","1",0.622818052768707,"1"
"Drews","1",20261001,"TCGA-G3-A25Y","LIHC","1",0.950472295284271,"1"
"Drews","1",20261001,"TCGA-RC-A6M6","LIHC","1",0.999536991119385,"1"
"Drews","1",20261001,"TCGA-ZS-A9CF","LIHC","1",0.994670331478119,"1"
"Drews","1",20261001,"TCGA-05-4395","LUAD","1",0.99751341342926,"1"
"Drews","1",20261001,"TCGA-05-4422","LUAD","1",0.982398331165314,"1"
"Drews","1",20261001,"TCGA-05-4426","LUAD","1",0.518517434597015,"1"
"Drews","1",20261001,"TCGA-05-5715","LUAD","1",0.974627017974854,"1"
"Drews","1",20261001,"TCGA-44-5644","LUAD","1",0.999907493591309,"1"
"Drews","1",20261001,"TCGA-44-6779","LUAD","1",0.95803827047348,"1"
"Drews","1",20261001,"TCGA-44-A47B","LUAD","1",0.986474812030792,"1"
"Drews","1",20261001,"TCGA-44-A4SU","LUAD","1",0.999412536621094,"1"
"Drews","1",20261001,"TCGA-49-4501","LUAD","1",0.995465099811554,"1"
"Drews","1",20261001,"TCGA-49-AARE","LUAD","1",0.998601615428925,"1"
"Drews","1",20261001,"TCGA-4B-A93V","LUAD","1",0.998670220375061,"1"
"Drews","1",20261001,"TCGA-55-5899","LUAD","1",0.999824345111847,"1"
"Drews","1",20261001,"TCGA-55-7576","LUAD","1",0.998972058296204,"1"
"Drews","1",20261001,"TCGA-55-8507","LUAD","1",0.99986469745636,"1"
"Drews","1",20261001,"TCGA-62-A46Y","LUAD","2",0.768205881118774,"1"
"Drews","1",20261001,"TCGA-69-7980","LUAD","1",0.999762952327728,"1"
"Drews","1",20261001,"TCGA-73-4668","LUAD","1",0.999932050704956,"1"
"Drews","1",20261001,"TCGA-78-7536","LUAD","1",0.999952673912048,"1"
"Drews","1",20261001,"TCGA-86-7953","LUAD","1",0.999925136566162,"1"
"Drews","1",20261001,"TCGA-86-7955","LUAD","1",0.999853849411011,"1"
"Drews","1",20261001,"TCGA-86-8056","LUAD","1",0.943525612354279,"1"
"Drews","1",20261001,"TCGA-86-8279","LUAD","1",0.999909281730652,"1"
"Drews","1",20261001,"TCGA-95-7039","LUAD","1",0.992923974990845,"1"
"Drews","1",20261001,"TCGA-97-A4M3","LUAD","1",0.996683537960052,"1"
"Drews","1",20261001,"TCGA-L9-A5IP","LUAD","1",0.997426569461823,"1"
"Drews","1",20261001,"TCGA-L9-A7SV","LUAD","1",0.99948126077652,"1"
"Drews","1",20261001,"TCGA-NJ-A4YF","LUAD","1",0.99993884563446,"1"
"Drews","1",20261001,"TCGA-18-3406","LUSC","1",0.987552642822266,"1"
"Drews","1",20261001,"TCGA-21-1078","LUSC","2",0.569584548473358,"1"
"Drews","1",20261001,"TCGA-21-5782","LUSC","1",0.999561369419098,"1"
"Drews","1",20261001,"TCGA-21-5787","LUSC","1",0.965204834938049,"1"
"Drews","1",20261001,"TCGA-22-4591","LUSC","1",0.999984264373779,"1"
"Drews","1",20261001,"TCGA-22-4593","LUSC","1",0.999106824398041,"1"
"Drews","1",20261001,"TCGA-22-4595","LUSC","1",0.999985575675964,"1"
"Drews","1",20261001,"TCGA-22-4613","LUSC","1",0.999970078468323,"1"
"Drews","1",20261001,"TCGA-22-5473","LUSC","1",0.999831676483154,"1"
"Drews","1",20261001,"TCGA-33-6737","LUSC","1",0.998076677322388,"1"
"Drews","1",20261001,"TCGA-33-AASB","LUSC","1",0.999992489814758,"1"
"Drews","1",20261001,"TCGA-37-3789","LUSC","1",0.999894380569458,"1"
"Drews","1",20261001,"TCGA-37-5819","LUSC","1",0.999574840068817,"1"
"Drews","1",20261001,"TCGA-39-5016","LUSC","1",0.998656511306763,"1"
"Drews","1",20261001,"TCGA-43-6143","LUSC","1",0.999483227729797,"1"
"Drews","1",20261001,"TCGA-43-7657","LUSC","1",0.999728262424469,"1"
"Drews","1",20261001,"TCGA-46-6025","LUSC","1",0.999734580516815,"1"
"Drews","1",20261001,"TCGA-56-7223","LUSC","1",0.999621152877808,"1"
"Drews","1",20261001,"TCGA-56-7579","LUSC","1",0.999773561954498,"1"
"Drews","1",20261001,"TCGA-56-A49D","LUSC","1",0.999945521354675,"1"
"Drews","1",20261001,"TCGA-58-8387","LUSC","1",0.999782383441925,"1"
"Drews","1",20261001,"TCGA-60-2713","LUSC","1",0.999917507171631,"1"
"Drews","1",20261001,"TCGA-63-A5MW","LUSC","1",0.999925255775452,"1"
"Drews","1",20261001,"TCGA-66-2757","LUSC","1",0.999983191490173,"1"
"Drews","1",20261001,"TCGA-66-2768","LUSC","1",0.999976277351379,"1"
"Drews","1",20261001,"TCGA-77-6845","LUSC","1",0.999983787536621,"1"
"Drews","1",20261001,"TCGA-77-7337","LUSC","1",0.999790251255035,"1"
"Drews","1",20261001,"TCGA-77-8133","LUSC","1",0.997787952423096,"1"
"Drews","1",20261001,"TCGA-77-8148","LUSC","1",0.999932646751404,"1"
"Drews","1",20261001,"TCGA-77-A5GF","LUSC","1",0.999034643173218,"1"
"Drews","1",20261001,"TCGA-85-8352","LUSC","1",0.999894022941589,"1"
"Drews","1",20261001,"TCGA-90-A4EE","LUSC","1",0.998874366283417,"1"
"Drews","1",20261001,"TCGA-NC-A5HN","LUSC","1",0.993241190910339,"1"
"Drews","1",20261001,"TCGA-O2-A52S","LUSC","1",0.999927520751953,"1"
"Drews","1",20261001,"TCGA-3U-A98D","MESO","1",0.971716642379761,"1"
"Drews","1",20261001,"TCGA-3U-A98I","MESO","1",0.974721908569336,"1"
"Drews","1",20261001,"TCGA-MQ-A6BS","MESO","1",0.898543953895569,"1"
"Drews","1",20261001,"TCGA-SC-A6LM","MESO","1",0.963274121284485,"1"
"Drews","1",20261001,"TCGA-04-1362","OV","1",0.999860167503357,"1"
"Drews","1",20261001,"TCGA-09-2045","OV","1",0.993156015872955,"1"
"Drews","1",20261001,"TCGA-09-2056","OV","1",0.99970954656601,"1"
"Drews","1",20261001,"TCGA-13-0890","OV","1",0.999943017959595,"1"
"Drews","1",20261001,"TCGA-13-2060","OV","1",0.999982833862305,"1"
"Drews","1",20261001,"TCGA-20-1683","OV","1",0.999930858612061,"1"
"Drews","1",20261001,"TCGA-20-1684","OV","1",0.99994432926178,"1"
"Drews","1",20261001,"TCGA-20-1687","OV","1",0.821459889411926,"1"
"Drews","1",20261001,"TCGA-24-1425","OV","1",0.999621391296387,"1"
"Drews","1",20261001,"TCGA-24-1427","OV","1",0.999925374984741,"1"
"Drews","1",20261001,"TCGA-24-1436","OV","1",0.999918818473816,"1"
"Drews","1",20261001,"TCGA-24-1552","OV","1",0.999961137771606,"1"
"Drews","1",20261001,"TCGA-24-1616","OV","1",0.996412694454193,"1"
"Drews","1",20261001,"TCGA-24-1842","OV","1",0.999950766563416,"1"
"Drews","1",20261001,"TCGA-24-1843","OV","1",0.999951839447021,"1"
"Drews","1",20261001,"TCGA-24-1847","OV","1",0.999704778194427,"1"
"Drews","1",20261001,"TCGA-24-2033","OV","1",0.999785721302032,"1"
"Drews","1",20261001,"TCGA-24-2281","OV","1",0.99997079372406,"1"
"Drews","1",20261001,"TCGA-24-2298","OV","1",0.999913930892944,"1"
"Drews","1",20261001,"TCGA-25-1313","OV","1",0.999433934688568,"1"
"Drews","1",20261001,"TCGA-25-1315","OV","1",0.999975204467773,"1"
"Drews","1",20261001,"TCGA-29-1696","OV","1",0.997458636760712,"1"
"Drews","1",20261001,"TCGA-29-1710","OV","1",0.99616664648056,"1"
"Drews","1",20261001,"TCGA-30-1891","OV","1",0.999660015106201,"1"
"Drews","1",20261001,"TCGA-31-1959","OV","1",0.999974727630615,"1"
"Drews","1",20261001,"TCGA-59-2351","OV","1",0.999859094619751,"1"
"Drews","1",20261001,"TCGA-59-2363","OV","1",0.999944090843201,"1"
"Drews","1",20261001,"TCGA-61-1728","OV","1",0.999930858612061,"1"
"Drews","1",20261001,"TCGA-61-1736","OV","1",0.998626828193665,"1"
"Drews","1",20261001,"TCGA-61-2000","OV","1",0.999934554100037,"1"
"Drews","1",20261001,"TCGA-61-2003","OV","1",0.999920248985291,"1"
"Drews","1",20261001,"TCGA-61-2095","OV","2",0.915168166160583,"1"
"Drews","1",20261001,"TCGA-OY-A56P","OV","1",0.996228098869324,"1"
"Drews","1",20261001,"TCGA-2J-AABE","PAAD","2",0.923991680145264,"1"
"Drews","1",20261001,"TCGA-2L-AAQE","PAAD","1",0.994546055793762,"1"
"Drews","1",20261001,"TCGA-3A-A9IB","PAAD","1",0.995171725749969,"1"
"Drews","1",20261001,"TCGA-3A-A9IS","PAAD","1",0.349706292152405,"2"
"Drews","1",20261001,"TCGA-HZ-A9TJ","PAAD","1",0.874192357063293,"1"
"Drews","1",20261001,"TCGA-PR-A5PH","PCPG","2",0.0441463142633438,"2"
"Drews","1",20261001,"TCGA-QR-A708","PCPG","1",0.872792065143585,"1"
"Drews","1",20261001,"TCGA-QR-A70T","PCPG","1",0.485936313867569,"2"
"Drews","1",20261001,"TCGA-QT-A5XK","PCPG","2",0.0126081630587578,"2"
"Drews","1",20261001,"TCGA-RW-A68C","PCPG","2",0.00711265066638589,"2"
"Drews","1",20261001,"TCGA-RW-A7CZ","PCPG","1",0.00637083780020475,"2"
"Drews","1",20261001,"TCGA-S7-A7WQ","PCPG","2",0.00318526662886143,"2"
"Drews","1",20261001,"TCGA-SQ-A6I6","PCPG","2",0.200981810688972,"2"
"Drews","1",20261001,"TCGA-SR-A6MP","PCPG","1",0.0130973784253001,"2"
"Drews","1",20261001,"TCGA-WB-A819","PCPG","2",0.0539323538541794,"2"
"Drews","1",20261001,"TCGA-CH-5766","PRAD","1",0.983464300632477,"1"
"Drews","1",20261001,"TCGA-CH-5769","PRAD","1",0.944202661514282,"1"
"Drews","1",20261001,"TCGA-EJ-7781","PRAD","2",0.858474731445312,"1"
"Drews","1",20261001,"TCGA-G9-6384","PRAD","2",0.568713963031769,"1"
"Drews","1",20261001,"TCGA-HC-7213","PRAD","1",0.997729241847992,"1"
"Drews","1",20261001,"TCGA-HC-7232","PRAD","2",0.982545495033264,"1"
"Drews","1",20261001,"TCGA-HC-A9TE","PRAD","1",0.997529804706573,"1"
"Drews","1",20261001,"TCGA-HI-7171","PRAD","1",0.988344073295593,"1"
"Drews","1",20261001,"TCGA-J4-A67N","PRAD","1",0.662616670131683,"1"
"Drews","1",20261001,"TCGA-KK-A6DY","PRAD","2",0.813063383102417,"1"
"Drews","1",20261001,"TCGA-KK-A6E5","PRAD","1",0.972085535526276,"1"
"Drews","1",20261001,"TCGA-KK-A6E8","PRAD","1",0.997764348983765,"1"
"Drews","1",20261001,"TCGA-KK-A7AP","PRAD","1",0.998467981815338,"1"
"Drews","1",20261001,"TCGA-KK-A8IK","PRAD","1",0.999647378921509,"1"
"Drews","1",20261001,"TCGA-TP-A8TT","PRAD","1",0.95646345615387,"1"
"Drews","1",20261001,"TCGA-XJ-A83H","PRAD","2",0.992182672023773,"1"
"Drews","1",20261001,"TCGA-XJ-A9DX","PRAD","1",0.980188250541687,"1"
"Drews","1",20261001,"TCGA-YJ-A8SW","PRAD","1",0.99867969751358,"1"
"Drews","1",20261001,"TCGA-AG-3901","READ","2",0.0367961265146732,"2"
"Drews","1",20261001,"TCGA-AG-4015","READ","1",0.999719440937042,"1"
"Drews","1",20261001,"TCGA-AG-A01J","READ","1",0.98699551820755,"1"
"Drews","1",20261001,"TCGA-AG-A01W","READ","1",0.935918152332306,"1"
"Drews","1",20261001,"TCGA-AG-A026","READ","1",0.983690977096558,"1"
"Drews","1",20261001,"TCGA-AG-A02N","READ","2",0.81475293636322,"1"
"Drews","1",20261001,"TCGA-DC-4745","READ","1",0.981425404548645,"1"
"Drews","1",20261001,"TCGA-F5-6813","READ","1",0.960533380508423,"1"
"Drews","1",20261001,"TCGA-F5-6863","READ","1",0.955817937850952,"1"
"Drews","1",20261001,"TCGA-3R-A8YX","SARC","1",0.999458491802216,"1"
"Drews","1",20261001,"TCGA-DX-A1KW","SARC","1",0.999293088912964,"1"
"Drews","1",20261001,"TCGA-DX-A1L2","SARC","1",0.876676499843597,"1"
"Drews","1",20261001,"TCGA-DX-A48L","SARC","1",0.997729361057281,"1"
"Drews","1",20261001,"TCGA-DX-A6YS","SARC","1",0.976755857467651,"1"
"Drews","1",20261001,"TCGA-DX-A6Z0","SARC","1",0.998447120189667,"1"
"Drews","1",20261001,"TCGA-DX-A7EF","SARC","1",0.999948978424072,"1"
"Drews","1",20261001,"TCGA-DX-A8BJ","SARC","1",0.998358428478241,"1"
"Drews","1",20261001,"TCGA-DX-A8BK","SARC","1",0.993810713291168,"1"
"Drews","1",20261001,"TCGA-DX-A8BU","SARC","1",0.999551475048065,"1"
"Drews","1",20261001,"TCGA-DX-AB2H","SARC","1",0.968925356864929,"1"
"Drews","1",20261001,"TCGA-DX-AB2J","SARC","1",0.645300149917603,"1"
"Drews","1",20261001,"TCGA-DX-AB2W","SARC","1",0.997090339660645,"1"
"Drews","1",20261001,"TCGA-DX-AB2X","SARC","1",0.999487996101379,"1"
"Drews","1",20261001,"TCGA-IS-A3KA","SARC","1",0.990471243858337,"1"
"Drews","1",20261001,"TCGA-QQ-A8VH","SARC","1",0.99990451335907,"1"
"Drews","1",20261001,"TCGA-SI-A71Q","SARC","1",0.999871134757996,"1"
"Drews","1",20261001,"TCGA-SI-AA8B","SARC","1",0.999394655227661,"1"
"Drews","1",20261001,"TCGA-WK-A8XS","SARC","1",0.997447848320007,"1"
"Drews","1",20261001,"TCGA-WK-A8XX","SARC","1",0.98020601272583,"1"
"Drews","1",20261001,"TCGA-WP-A9GB","SARC","1",0.980327546596527,"1"
"Drews","1",20261001,"TCGA-X6-A7WB","SARC","1",0.981110215187073,"1"
"Drews","1",20261001,"TCGA-X6-A8C2","SARC","1",0.999569356441498,"1"
"Drews","1",20261001,"TCGA-Z4-AAPG","SARC","1",0.999070703983307,"1"
"Drews","1",20261001,"TCGA-BF-A3DJ","SKCM","2",0.991496741771698,"1"
"Drews","1",20261001,"TCGA-BF-AAP2","SKCM","1",0.922608435153961,"1"
"Drews","1",20261001,"TCGA-BF-AAP4","SKCM","1",0.981054186820984,"1"
"Drews","1",20261001,"TCGA-EB-A41B","SKCM","1",0.93379133939743,"1"
"Drews","1",20261001,"TCGA-EB-A4IS","SKCM","2",0.867640137672424,"1"
"Drews","1",20261001,"TCGA-EB-A5SF","SKCM","1",0.530701458454132,"1"
"Drews","1",20261001,"TCGA-EB-A5UM","SKCM","1",0.565131604671478,"1"
"Drews","1",20261001,"TCGA-GN-A8LN","SKCM","1",0.97907155752182,"1"
"Drews","1",20261001,"TCGA-3M-AB46","STAD","1",0.999812543392181,"1"
"Drews","1",20261001,"TCGA-BR-4267","STAD","1",0.981919825077057,"1"
"Drews","1",20261001,"TCGA-BR-6456","STAD","1",0.998664021492004,"1"
"Drews","1",20261001,"TCGA-BR-7723","STAD","1",0.999906539916992,"1"
"Drews","1",20261001,"TCGA-BR-8373","STAD","1",0.995926022529602,"1"
"Drews","1",20261001,"TCGA-BR-8483","STAD","1",0.999330401420593,"1"
"Drews","1",20261001,"TCGA-BR-A44U","STAD","1",0.969247996807098,"1"
"Drews","1",20261001,"TCGA-BR-A4PE","STAD","1",0.99729460477829,"1"
"Drews","1",20261001,"TCGA-CD-5800","STAD","1",0.999982476234436,"1"
"Drews","1",20261001,"TCGA-CD-8527","STAD","1",0.999543190002441,"1"
"Drews","1",20261001,"TCGA-CG-4443","STAD","1",0.994518339633942,"1"
"Drews","1",20261001,"TCGA-CG-5732","STAD","1",0.998216688632965,"1"
"Drews","1",20261001,"TCGA-D7-5578","STAD","1",0.991589248180389,"1"
"Drews","1",20261001,"TCGA-D7-A6EZ","STAD","1",0.923643589019775,"1"
"Drews","1",20261001,"TCGA-F1-6875","STAD","1",0.999861121177673,"1"
"Drews","1",20261001,"TCGA-HU-A4HB","STAD","2",0.992670893669128,"1"
"Drews","1",20261001,"TCGA-IN-A6RI","STAD","1",0.99963641166687,"1"
"Drews","1",20261001,"TCGA-IN-A6RL","STAD","1",0.999898791313171,"1"
"Drews","1",20261001,"TCGA-MX-A666","STAD","1",0.999532699584961,"1"
"Drews","1",20261001,"TCGA-R5-A7ZE","STAD","1",0.999946594238281,"1"
"Drews","1",20261001,"TCGA-RD-A8N6","STAD","1",0.999775469303131,"1"
"Drews","1",20261001,"TCGA-VQ-A8P3","STAD","1",0.921642541885376,"1"
"Drews","1",20261001,"TCGA-VQ-A91Z","STAD","1",0.999916672706604,"1"
"Drews","1",20261001,"TCGA-VQ-A925","STAD","1",0.999805510044098,"1"
"Drews","1",20261001,"TCGA-VQ-A92D","STAD","1",0.977709650993347,"1"
"Drews","1",20261001,"TCGA-VQ-A94R","STAD","1",0.99953305721283,"1"
"Drews","1",20261001,"TCGA-VQ-AA6K","STAD","1",0.999391436576843,"1"
"Drews","1",20261001,"TCGA-2G-AAH3","TGCT","2",0.757476687431335,"1"
"Drews","1",20261001,"TCGA-2G-AAHL","TGCT","2",0.295168310403824,"2"
"Drews","1",20261001,"TCGA-XY-A8S2","TGCT","1",0.995034098625183,"1"
"Drews","1",20261001,"TCGA-YU-A90Y","TGCT","1",0.986348509788513,"1"
"Drews","1",20261001,"TCGA-EL-A3CX","THCA","2",0.0129144787788391,"2"
"Drews","1",20261001,"TCGA-EM-A2OY","THCA","2",0.00320771476253867,"2"
"Drews","1",20261001,"TCGA-5U-AB0D","THYM","1",0.959459245204926,"1"
"Drews","1",20261001,"TCGA-A5-A0R7","UCEC","2",0.921592533588409,"1"
"Drews","1",20261001,"TCGA-A5-A1OG","UCEC","1",0.999525308609009,"1"
"Drews","1",20261001,"TCGA-AJ-A2QN","UCEC","2",0.88384747505188,"1"
"Drews","1",20261001,"TCGA-AJ-A3I9","UCEC","1",0.952542245388031,"1"
"Drews","1",20261001,"TCGA-AJ-A3IA","UCEC","1",0.999703586101532,"1"
"Drews","1",20261001,"TCGA-AJ-A3NG","UCEC","2",0.949223160743713,"1"
"Drews","1",20261001,"TCGA-AJ-A8CV","UCEC","2",0.176017671823502,"2"
"Drews","1",20261001,"TCGA-AP-A0LI","UCEC","1",0.999539494514465,"1"
"Drews","1",20261001,"TCGA-AW-A1PO","UCEC","1",0.999701201915741,"1"
"Drews","1",20261001,"TCGA-AX-A0IW","UCEC","1",0.999937891960144,"1"
"Drews","1",20261001,"TCGA-AX-A1C7","UCEC","1",0.997094631195068,"1"
"Drews","1",20261001,"TCGA-AX-A3G4","UCEC","1",0.998959302902222,"1"
"Drews","1",20261001,"TCGA-AX-A3GI","UCEC","1",0.999975562095642,"1"
"Drews","1",20261001,"TCGA-B5-A0JS","UCEC","1",0.00778744881972671,"2"
"Drews","1",20261001,"TCGA-B5-A11I","UCEC","1",0.999541044235229,"1"
"Drews","1",20261001,"TCGA-B5-A5OD","UCEC","1",0.999873161315918,"1"
"Drews","1",20261001,"TCGA-BG-A0YV","UCEC","1",0.996847808361053,"1"
"Drews","1",20261001,"TCGA-BG-A18B","UCEC","2",0.013038843870163,"2"
"Drews","1",20261001,"TCGA-BS-A0TI","UCEC","1",0.996797502040863,"1"
"Drews","1",20261001,"TCGA-D1-A1NW","UCEC","1",0.996717631816864,"1"
"Drews","1",20261001,"TCGA-DI-A1NN","UCEC","1",0.999350249767303,"1"
"Drews","1",20261001,"TCGA-DI-A1NO","UCEC","1",0.999765574932098,"1"
"Drews","1",20261001,"TCGA-DI-A2QU","UCEC","1",0.989147543907166,"1"
"Drews","1",20261001,"TCGA-EO-A3B1","UCEC","1",0.992056667804718,"1"
"Drews","1",20261001,"TCGA-EY-A1GC","UCEC","1",0.932849287986755,"1"
"Drews","1",20261001,"TCGA-EY-A1GO","UCEC","2",0.78386515378952,"1"
"Drews","1",20261001,"TCGA-EY-A214","UCEC","1",0.999276578426361,"1"
"Drews","1",20261001,"TCGA-EY-A3L3","UCEC","1",0.999179780483246,"1"
"Drews","1",20261001,"TCGA-EY-A3QX","UCEC","1",0.999201476573944,"1"
"Drews","1",20261001,"TCGA-FI-A2EW","UCEC","1",0.998476564884186,"1"
"Drews","1",20261001,"TCGA-FI-A3PV","UCEC","1",0.999697089195251,"1"
"Drews","1",20261001,"TCGA-H5-A2HR","UCEC","1",0.9991694688797,"1"
"Drews","1",20261001,"TCGA-JU-AAVI","UCEC","1",0.99955540895462,"1"
"Drews","1",20261001,"TCGA-KP-A3W4","UCEC","1",0.993103504180908,"1"
"Drews","1",20261001,"TCGA-N5-A4RA","UCS","1",0.996041893959045,"1"
"Drews","1",20261001,"TCGA-N6-A4V9","UCS","1",0.999203026294708,"1"
"Drews","1",20261001,"TCGA-N8-A4PN","UCS","1",0.999640345573425,"1"
"Drews","1",20261001,"TCGA-NA-A4QW","UCS","1",0.999613225460052,"1"
"Drews","1",20261001,"TCGA-NA-A4QY","UCS","1",0.999203383922577,"1"
"Drews","1",20261001,"TCGA-NF-A4X2","UCS","1",0.99947327375412,"1"
"Drews","1",20261001,"TCGA-NG-A4VU","UCS","1",0.999758541584015,"1"
"Drews","1",20261001,"TCGA-V4-A9EZ","UVM","2",0.612244129180908,"1"
"Drews","1",20261001,"TCGA-VD-A8KA","UVM","2",0.183270037174225,"2"
"Drews","1",20261001,"TCGA-VD-A8KM","UVM","2",0.0241519007831812,"2"
"Drews","1",20261001,"TCGA-WC-A87W","UVM","2",0.117972269654274,"2"
"Drews","2",20261002,"TCGA-OR-A5J1","ACC","1",0.822799444198608,"1"
"Drews","2",20261002,"TCGA-OR-A5J2","ACC","1",0.472377598285675,"2"
"Drews","2",20261002,"TCGA-OR-A5J6","ACC","2",0.053764384239912,"2"
"Drews","2",20261002,"TCGA-OR-A5JC","ACC","1",0.111976072192192,"2"
"Drews","2",20261002,"TCGA-OR-A5JI","ACC","2",0.0319649055600166,"2"
"Drews","2",20261002,"TCGA-OR-A5K9","ACC","1",0.858918726444244,"1"
"Drews","2",20261002,"TCGA-OR-A5KU","ACC","2",0.54037481546402,"1"
"Drews","2",20261002,"TCGA-OR-A5LH","ACC","1",0.143521904945374,"2"
"Drews","2",20261002,"TCGA-4Z-AA7R","BLCA","1",0.999971508979797,"1"
"Drews","2",20261002,"TCGA-BT-A20T","BLCA","1",0.99672794342041,"1"
"Drews","2",20261002,"TCGA-BT-A42C","BLCA","1",0.999888777732849,"1"
"Drews","2",20261002,"TCGA-CF-A1HS","BLCA","1",0.999920248985291,"1"
"Drews","2",20261002,"TCGA-CF-A8HY","BLCA","1",0.997349143028259,"1"
"Drews","2",20261002,"TCGA-CU-A3YL","BLCA","2",0.990538358688354,"1"
"Drews","2",20261002,"TCGA-DK-A1A3","BLCA","1",0.999589264392853,"1"
"Drews","2",20261002,"TCGA-DK-A2I6","BLCA","1",0.999910473823547,"1"
"Drews","2",20261002,"TCGA-DK-A3IK","BLCA","1",0.997223496437073,"1"
"Drews","2",20261002,"TCGA-DK-A3IL","BLCA","1",0.999663591384888,"1"
"Drews","2",20261002,"TCGA-DK-AA6M","BLCA","1",0.999760806560516,"1"
"Drews","2",20261002,"TCGA-E5-A4U1","BLCA","1",0.997430741786957,"1"
"Drews","2",20261002,"TCGA-E7-A6MD","BLCA","1",0.999165177345276,"1"
"Drews","2",20261002,"TCGA-E7-A6ME","BLCA","1",0.999231815338135,"1"
"Drews","2",20261002,"TCGA-E7-A7PW","BLCA","1",0.999914884567261,"1"
"Drews","2",20261002,"TCGA-E7-A85H","BLCA","1",0.99981564283371,"1"
"Drews","2",20261002,"TCGA-E7-A97Q","BLCA","1",0.999870777130127,"1"
"Drews","2",20261002,"TCGA-FD-A6TA","BLCA","1",0.997505366802216,"1"
"Drews","2",20261002,"TCGA-G2-A2EF","BLCA","1",0.998713493347168,"1"
"Drews","2",20261002,"TCGA-G2-AA3B","BLCA","1",0.996647536754608,"1"
"Drews","2",20261002,"TCGA-G2-AA3D","BLCA","1",0.999174654483795,"1"
"Drews","2",20261002,"TCGA-G2-AA3F","BLCA","1",0.99995493888855,"1"
"Drews","2",20261002,"TCGA-GC-A3RB","BLCA","1",0.9999760389328,"1"
"Drews","2",20261002,"TCGA-GC-A3RD","BLCA","1",0.999971866607666,"1"
"Drews","2",20261002,"TCGA-GU-AATO","BLCA","1",0.998301863670349,"1"
"Drews","2",20261002,"TCGA-GV-A3QI","BLCA","1",0.999422430992126,"1"
"Drews","2",20261002,"TCGA-GV-A40E","BLCA","1",0.999718010425568,"1"
"Drews","2",20261002,"TCGA-KQ-A41Q","BLCA","1",0.999826610088348,"1"
"Drews","2",20261002,"TCGA-PQ-A6FI","BLCA","1",0.996733546257019,"1"
"Drews","2",20261002,"TCGA-UY-A78O","BLCA","1",0.999091744422913,"1"
"Drews","2",20261002,"TCGA-XF-A9SZ","BLCA","1",0.998644173145294,"1"
"Drews","2",20261002,"TCGA-XF-AAMQ","BLCA","1",0.99982362985611,"1"
"Drews","2",20261002,"TCGA-ZF-A9R9","BLCA","1",0.966136634349823,"1"
"Drews","2",20261002,"TCGA-3C-AALI","BRCA","1",0.999983191490173,"1"
"Drews","2",20261002,"TCGA-A2-A04T","BRCA","1",0.999993205070496,"1"
"Drews","2",20261002,"TCGA-A2-A0SX","BRCA","1",0.999382972717285,"1"
"Drews","2",20261002,"TCGA-A2-A0YJ","BRCA","1",0.999994993209839,"1"
"Drews","2",20261002,"TCGA-A2-A1FV","BRCA","1",0.943312227725983,"1"
"Drews","2",20261002,"TCGA-A2-A25B","BRCA","1",0.999347627162933,"1"
"Drews","2",20261002,"TCGA-A2-A25D","BRCA","1",0.988844931125641,"1"
"Drews","2",20261002,"TCGA-A2-A25E","BRCA","1",0.999821960926056,"1"
"Drews","2",20261002,"TCGA-A7-A0CD","BRCA","2",0.779998242855072,"1"
"Drews","2",20261002,"TCGA-A7-A0CH","BRCA","2",0.361998021602631,"2"
"Drews","2",20261002,"TCGA-A7-A26I","BRCA","1",0.999716699123383,"1"
"Drews","2",20261002,"TCGA-A7-A56D","BRCA","1",0.986730217933655,"1"
"Drews","2",20261002,"TCGA-A7-A6VX","BRCA","1",0.996952414512634,"1"
"Drews","2",20261002,"TCGA-A7-A6VY","BRCA","1",0.999744236469269,"1"
"Drews","2",20261002,"TCGA-A8-A06Q","BRCA","1",0.999717772006989,"1"
"Drews","2",20261002,"TCGA-A8-A06R","BRCA","1",0.999820172786713,"1"
"Drews","2",20261002,"TCGA-A8-A079","BRCA","1",0.999875783920288,"1"
"Drews","2",20261002,"TCGA-A8-A07L","BRCA","1",0.999997019767761,"1"
"Drews","2",20261002,"TCGA-A8-A08B","BRCA","1",0.959273517131805,"1"
"Drews","2",20261002,"TCGA-AC-A6IX","BRCA","1",0.928257763385773,"1"
"Drews","2",20261002,"TCGA-AN-A04D","BRCA","1",0.999984860420227,"1"
"Drews","2",20261002,"TCGA-AN-A0FJ","BRCA","1",0.998974442481995,"1"
"Drews","2",20261002,"TCGA-AN-A0XN","BRCA","1",0.999679327011108,"1"
"Drews","2",20261002,"TCGA-AN-A0XU","BRCA","1",0.999968528747559,"1"
"Drews","2",20261002,"TCGA-AN-A0XV","BRCA","1",0.947966933250427,"1"
"Drews","2",20261002,"TCGA-AO-A03T","BRCA","1",0.999548375606537,"1"
"Drews","2",20261002,"TCGA-AO-A0JD","BRCA","1",0.998411297798157,"1"
"Drews","2",20261002,"TCGA-AO-A0JG","BRCA","1",0.993455588817596,"1"
"Drews","2",20261002,"TCGA-AR-A0TP","BRCA","1",0.999986290931702,"1"
"Drews","2",20261002,"TCGA-AR-A0TQ","BRCA","1",0.999901175498962,"1"
"Drews","2",20261002,"TCGA-AR-A0U2","BRCA","1",0.999979972839355,"1"
"Drews","2",20261002,"TCGA-AR-A1AH","BRCA","1",0.999761402606964,"1"
"Drews","2",20261002,"TCGA-AR-A1AN","BRCA","1",0.727959394454956,"1"
"Drews","2",20261002,"TCGA-AR-A1AY","BRCA","1",0.999821841716766,"1"
"Drews","2",20261002,"TCGA-AR-A24V","BRCA","1",0.999479830265045,"1"
"Drews","2",20261002,"TCGA-AR-A24X","BRCA","2",0.0575788095593452,"2"
"Drews","2",20261002,"TCGA-AR-A24Z","BRCA","1",0.999406576156616,"1"
"Drews","2",20261002,"TCGA-AR-A254","BRCA","1",0.999136626720428,"1"
"Drews","2",20261002,"TCGA-AR-A256","BRCA","1",0.999105155467987,"1"
"Drews","2",20261002,"TCGA-AR-A2LR","BRCA","1",0.999972224235535,"1"
"Drews","2",20261002,"TCGA-B6-A0I1","BRCA","1",0.999917030334473,"1"
"Drews","2",20261002,"TCGA-B6-A0IG","BRCA","1",0.991264641284943,"1"
"Drews","2",20261002,"TCGA-B6-A0RS","BRCA","1",0.999946594238281,"1"
"Drews","2",20261002,"TCGA-BH-A0AZ","BRCA","1",0.990603506565094,"1"
"Drews","2",20261002,"TCGA-BH-A0B9","BRCA","1",0.996082544326782,"1"
"Drews","2",20261002,"TCGA-BH-A0C1","BRCA","1",0.507927596569061,"1"
"Drews","2",20261002,"TCGA-BH-A0DP","BRCA","2",0.0155521724373102,"2"
"Drews","2",20261002,"TCGA-BH-A0E2","BRCA","1",0.999917149543762,"1"
"Drews","2",20261002,"TCGA-BH-A0GY","BRCA","1",0.999050915241241,"1"
"Drews","2",20261002,"TCGA-BH-A0H0","BRCA","2",0.997825384140015,"1"
"Drews","2",20261002,"TCGA-BH-A0H6","BRCA","2",0.706827998161316,"1"
"Drews","2",20261002,"TCGA-BH-A0HB","BRCA","1",0.999422788619995,"1"
"Drews","2",20261002,"TCGA-BH-A0HQ","BRCA","2",0.517824351787567,"1"
"Drews","2",20261002,"TCGA-BH-A1EU","BRCA","1",0.0613216906785965,"2"
"Drews","2",20261002,"TCGA-BH-A1F6","BRCA","1",0.999598681926727,"1"
"Drews","2",20261002,"TCGA-BH-A1FE","BRCA","1",0.981823742389679,"1"
"Drews","2",20261002,"TCGA-BH-A1FG","BRCA","2",0.653453767299652,"1"
"Drews","2",20261002,"TCGA-C8-A12K","BRCA","1",0.9997598528862,"1"
"Drews","2",20261002,"TCGA-C8-A137","BRCA","1",0.998556196689606,"1"
"Drews","2",20261002,"TCGA-D8-A1JU","BRCA","2",0.0152739258483052,"2"
"Drews","2",20261002,"TCGA-D8-A1X5","BRCA","1",0.998637735843658,"1"
"Drews","2",20261002,"TCGA-D8-A1XJ","BRCA","1",0.999963521957397,"1"
"Drews","2",20261002,"TCGA-D8-A1XQ","BRCA","1",0.999902725219727,"1"
"Drews","2",20261002,"TCGA-D8-A27M","BRCA","1",0.999850869178772,"1"
"Drews","2",20261002,"TCGA-E2-A14V","BRCA","1",0.999851226806641,"1"
"Drews","2",20261002,"TCGA-E2-A14Z","BRCA","1",0.933216631412506,"1"
"Drews","2",20261002,"TCGA-E2-A150","BRCA","1",0.999969840049744,"1"
"Drews","2",20261002,"TCGA-E2-A155","BRCA","1",0.999513387680054,"1"
"Drews","2",20261002,"TCGA-E2-A156","BRCA","2",0.0706117749214172,"2"
"Drews","2",20261002,"TCGA-E2-A15F","BRCA","1",0.972630143165588,"1"
"Drews","2",20261002,"TCGA-E2-A15I","BRCA","2",0.10790192335844,"2"
"Drews","2",20261002,"TCGA-E2-A15T","BRCA","1",0.997522056102753,"1"
"Drews","2",20261002,"TCGA-E2-A1IE","BRCA","1",0.999663591384888,"1"
"Drews","2",20261002,"TCGA-E2-A1LG","BRCA","1",0.999090671539307,"1"
"Drews","2",20261002,"TCGA-E2-A1LK","BRCA","1",0.999891638755798,"1"
"Drews","2",20261002,"TCGA-E2-A574","BRCA","1",0.99995219707489,"1"
"Drews","2",20261002,"TCGA-E2-A576","BRCA","1",0.973758816719055,"1"
"Drews","2",20261002,"TCGA-E9-A1NC","BRCA","1",0.999521732330322,"1"
"Drews","2",20261002,"TCGA-E9-A1RG","BRCA","1",0.999247074127197,"1"
"Drews","2",20261002,"TCGA-E9-A22A","BRCA","1",0.998508632183075,"1"
"Drews","2",20261002,"TCGA-E9-A54Y","BRCA","1",0.99442321062088,"1"
"Drews","2",20261002,"TCGA-EW-A1IY","BRCA","2",0.404511213302612,"2"
"Drews","2",20261002,"TCGA-EW-A1J3","BRCA","1",0.96558952331543,"1"
"Drews","2",20261002,"TCGA-EW-A6SC","BRCA","1",0.9737748503685,"1"
"Drews","2",20261002,"TCGA-GI-A2C8","BRCA","1",0.8753781914711,"1"
"Drews","2",20261002,"TCGA-GM-A2DF","BRCA","1",0.999837636947632,"1"
"Drews","2",20261002,"TCGA-LL-A6FR","BRCA","1",0.999597370624542,"1"
"Drews","2",20261002,"TCGA-LL-A8F5","BRCA","1",0.999847173690796,"1"
"Drews","2",20261002,"TCGA-OL-A5D7","BRCA","1",0.999971508979797,"1"
"Drews","2",20261002,"TCGA-OL-A5RU","BRCA","2",0.379248827695847,"2"
"Drews","2",20261002,"TCGA-OL-A5RW","BRCA","1",0.999954342842102,"1"
"Drews","2",20261002,"TCGA-OL-A6VO","BRCA","1",0.999562919139862,"1"
"Drews","2",20261002,"TCGA-OL-A6VQ","BRCA","2",0.311919540166855,"2"
"Drews","2",20261002,"TCGA-WT-AB44","BRCA","2",0.0834437310695648,"2"
"Drews","2",20261002,"TCGA-Z7-A8R6","BRCA","1",0.998961091041565,"1"
"Drews","2",20261002,"TCGA-C5-A1M6","CESC","1",0.999766290187836,"1"
"Drews","2",20261002,"TCGA-C5-A2LY","CESC","1",0.930927813053131,"1"
"Drews","2",20261002,"TCGA-C5-A7UH","CESC","1",0.960927844047546,"1"
"Drews","2",20261002,"TCGA-C5-A8YQ","CESC","1",0.965042650699615,"1"
"Drews","2",20261002,"TCGA-DG-A2KK","CESC","2",0.93555361032486,"1"
"Drews","2",20261002,"TCGA-EA-A5FO","CESC","2",0.834417223930359,"1"
"Drews","2",20261002,"TCGA-EK-A2RN","CESC","2",0.698996722698212,"1"
"Drews","2",20261002,"TCGA-EX-A69M","CESC","2",0.998244643211365,"1"
"Drews","2",20261002,"TCGA-IR-A3LA","CESC","1",0.992428958415985,"1"
"Drews","2",20261002,"TCGA-JX-A3Q0","CESC","2",0.675948441028595,"1"
"Drews","2",20261002,"TCGA-VS-A8Q9","CESC","1",0.743235647678375,"1"
"Drews","2",20261002,"TCGA-VS-A8QH","CESC","1",0.95782870054245,"1"
"Drews","2",20261002,"TCGA-VS-A9U5","CESC","1",0.996377170085907,"1"
"Drews","2",20261002,"TCGA-VS-A9U7","CESC","1",0.75608491897583,"1"
"Drews","2",20261002,"TCGA-ZJ-A8QR","CESC","1",0.983980417251587,"1"
"Drews","2",20261002,"TCGA-ZJ-AB0I","CESC","1",0.991269111633301,"1"
"Drews","2",20261002,"TCGA-W6-AA0S","CHOL","1",0.867718160152435,"1"
"Drews","2",20261002,"TCGA-4T-AA8H","COAD","2",0.0727986916899681,"2"
"Drews","2",20261002,"TCGA-A6-5656","COAD","1",0.986510813236237,"1"
"Drews","2",20261002,"TCGA-A6-6648","COAD","1",0.999059975147247,"1"
"Drews","2",20261002,"TCGA-A6-A56B","COAD","1",0.991321742534637,"1"
"Drews","2",20261002,"TCGA-AA-3549","COAD","1",0.992348432540894,"1"
"Drews","2",20261002,"TCGA-AA-3664","COAD","1",0.971144020557404,"1"
"Drews","2",20261002,"TCGA-AM-5820","COAD","1",0.858243465423584,"1"
"Drews","2",20261002,"TCGA-AZ-6603","COAD","2",0.983142018318176,"1"
"Drews","2",20261002,"TCGA-CK-4947","COAD","2",0.0114110261201859,"2"
"Drews","2",20261002,"TCGA-CK-5914","COAD","1",0.817330777645111,"1"
"Drews","2",20261002,"TCGA-CM-5862","COAD","1",0.995862007141113,"1"
"Drews","2",20261002,"TCGA-CM-6161","COAD","2",0.185661658644676,"2"
"Drews","2",20261002,"TCGA-D5-5537","COAD","2",0.167777135968208,"2"
"Drews","2",20261002,"TCGA-D5-6928","COAD","2",0.902179360389709,"1"
"Drews","2",20261002,"TCGA-F4-6460","COAD","1",0.981223821640015,"1"
"Drews","2",20261002,"TCGA-G4-6303","COAD","1",0.972670018672943,"1"
"Drews","2",20261002,"TCGA-G4-6309","COAD","2",0.129399448633194,"2"
"Drews","2",20261002,"TCGA-G4-6314","COAD","1",0.988879323005676,"1"
"Drews","2",20261002,"TCGA-G4-6315","COAD","2",0.704586625099182,"1"
"Drews","2",20261002,"TCGA-G4-6322","COAD","1",0.961925506591797,"1"
"Drews","2",20261002,"TCGA-G4-6323","COAD","2",0.00499590672552586,"2"
"Drews","2",20261002,"TCGA-VB-A8QN","DLBC","1",0.978734731674194,"1"
"Drews","2",20261002,"TCGA-2H-A9GH","ESCA","1",0.999784290790558,"1"
"Drews","2",20261002,"TCGA-JY-A6FE","ESCA","1",0.999922394752502,"1"
"Drews","2",20261002,"TCGA-JY-A93E","ESCA","1",0.996967971324921,"1"
"Drews","2",20261002,"TCGA-L5-A4OH","ESCA","1",0.999915361404419,"1"
"Drews","2",20261002,"TCGA-L5-A8NE","ESCA","1",0.999636888504028,"1"
"Drews","2",20261002,"TCGA-L5-A8NF","ESCA","1",0.999828338623047,"1"
"Drews","2",20261002,"TCGA-L5-A8NH","ESCA","1",0.999903082847595,"1"
"Drews","2",20261002,"TCGA-L5-A8NS","ESCA","1",0.997877478599548,"1"
"Drews","2",20261002,"TCGA-LN-A49L","ESCA","1",0.999939322471619,"1"
"Drews","2",20261002,"TCGA-LN-A49U","ESCA","1",0.999065220355988,"1"
"Drews","2",20261002,"TCGA-LN-A4A2","ESCA","1",0.999935269355774,"1"
"Drews","2",20261002,"TCGA-LN-A4MQ","ESCA","1",0.999969840049744,"1"
"Drews","2",20261002,"TCGA-LN-A5U6","ESCA","1",0.999960422515869,"1"
"Drews","2",20261002,"TCGA-R6-A8W8","ESCA","1",0.998561918735504,"1"
"Drews","2",20261002,"TCGA-V5-AASW","ESCA","1",0.999884843826294,"1"
"Drews","2",20261002,"TCGA-VR-A8EY","ESCA","1",0.997175455093384,"1"
"Drews","2",20261002,"TCGA-VR-AA4D","ESCA","1",0.99831748008728,"1"
"Drews","2",20261002,"TCGA-VR-AA4G","ESCA","1",0.998668789863586,"1"
"Drews","2",20261002,"TCGA-06-0129","GBM","1",0.981544256210327,"1"
"Drews","2",20261002,"TCGA-26-5139","GBM","2",0.565790176391602,"1"
"Drews","2",20261002,"TCGA-27-1832","GBM","1",0.932149171829224,"1"
"Drews","2",20261002,"TCGA-28-5216","GBM","1",0.839394748210907,"1"
"Drews","2",20261002,"TCGA-32-1970","GBM","1",0.832703471183777,"1"
"Drews","2",20261002,"TCGA-41-3915","GBM","1",0.927996337413788,"1"
"Drews","2",20261002,"TCGA-BA-6872","HNSC","1",0.999692678451538,"1"
"Drews","2",20261002,"TCGA-CN-4741","HNSC","2",0.99114066362381,"1"
"Drews","2",20261002,"TCGA-CN-5363","HNSC","1",0.997991323471069,"1"
"Drews","2",20261002,"TCGA-CN-6010","HNSC","1",0.992532789707184,"1"
"Drews","2",20261002,"TCGA-CN-6024","HNSC","1",0.999566495418549,"1"
"Drews","2",20261002,"TCGA-CN-A642","HNSC","2",0.230369731783867,"2"
"Drews","2",20261002,"TCGA-CR-6472","HNSC","1",0.994068741798401,"1"
"Drews","2",20261002,"TCGA-CV-5430","HNSC","1",0.999857664108276,"1"
"Drews","2",20261002,"TCGA-CV-5441","HNSC","1",0.998050212860107,"1"
"Drews","2",20261002,"TCGA-CV-6936","HNSC","1",0.996843695640564,"1"
"Drews","2",20261002,"TCGA-CV-7255","HNSC","1",0.999557077884674,"1"
"Drews","2",20261002,"TCGA-CV-7434","HNSC","1",0.993029892444611,"1"
"Drews","2",20261002,"TCGA-CV-A6JM","HNSC","1",0.998382925987244,"1"
"Drews","2",20261002,"TCGA-CV-A6K2","HNSC","2",0.603554308414459,"1"
"Drews","2",20261002,"TCGA-D6-A6EQ","HNSC","1",0.989631116390228,"1"
"Drews","2",20261002,"TCGA-F7-A61W","HNSC","1",0.998044848442078,"1"
"Drews","2",20261002,"TCGA-IQ-A61G","HNSC","1",0.999352991580963,"1"
"Drews","2",20261002,"TCGA-MZ-A7D7","HNSC","1",0.993542790412903,"1"
"Drews","2",20261002,"TCGA-P3-A6T8","HNSC","1",0.999901175498962,"1"
"Drews","2",20261002,"TCGA-QK-A6V9","HNSC","2",0.705857813358307,"1"
"Drews","2",20261002,"TCGA-QK-A8Z9","HNSC","1",0.999779999256134,"1"
"Drews","2",20261002,"TCGA-UF-A719","HNSC","1",0.991262555122375,"1"
"Drews","2",20261002,"TCGA-UF-A7JC","HNSC","1",0.990263104438782,"1"
"Drews","2",20261002,"TCGA-KL-8331","KICH","2",0.0297860037535429,"2"
"Drews","2",20261002,"TCGA-KL-8340","KICH","2",0.00932581536471844,"2"
"Drews","2",20261002,"TCGA-KM-8438","KICH","2",0.0247459411621094,"2"
"Drews","2",20261002,"TCGA-KN-8423","KICH","2",0.0102861598134041,"2"
"Drews","2",20261002,"TCGA-KN-8424","KICH","2",0.00566389504820108,"2"
"Drews","2",20261002,"TCGA-KN-8429","KICH","2",0.00259801652282476,"2"
"Drews","2",20261002,"TCGA-KO-8408","KICH","2",0.255681365728378,"2"
"Drews","2",20261002,"TCGA-A3-3319","KIRC","2",0.498307734727859,"2"
"Drews","2",20261002,"TCGA-A3-3358","KIRC","2",0.00111010356340557,"2"
"Drews","2",20261002,"TCGA-A3-3382","KIRC","2",0.00199952907860279,"2"
"Drews","2",20261002,"TCGA-A3-3383","KIRC","2",0.00188569445163012,"2"
"Drews","2",20261002,"TCGA-AK-3440","KIRC","2",0.0130651574581861,"2"
"Drews","2",20261002,"TCGA-AK-3453","KIRC","2",0.044587928801775,"2"
"Drews","2",20261002,"TCGA-B0-5696","KIRC","2",0.000164492434123531,"2"
"Drews","2",20261002,"TCGA-B0-5713","KIRC","2",0.000511075428221375,"2"
"Drews","2",20261002,"TCGA-B8-4143","KIRC","2",0.256615102291107,"2"
"Drews","2",20261002,"TCGA-BP-4963","KIRC","2",0.00667418306693435,"2"
"Drews","2",20261002,"TCGA-BP-5200","KIRC","2",0.00282551744021475,"2"
"Drews","2",20261002,"TCGA-CJ-6027","KIRC","2",0.0215357523411512,"2"
"Drews","2",20261002,"TCGA-CZ-4864","KIRC","2",0.00196986785158515,"2"
"Drews","2",20261002,"TCGA-CZ-5456","KIRC","2",0.0107137728482485,"2"
"Drews","2",20261002,"TCGA-CZ-5984","KIRC","2",0.000327577436110005,"2"
"Drews","2",20261002,"TCGA-2Z-A9JE","KIRP","2",0.0319318734109402,"2"
"Drews","2",20261002,"TCGA-B3-4104","KIRP","1",0.988947868347168,"1"
"Drews","2",20261002,"TCGA-B9-A69E","KIRP","1",0.0168312974274158,"2"
"Drews","2",20261002,"TCGA-BQ-5893","KIRP","2",0.29045957326889,"2"
"Drews","2",20261002,"TCGA-BQ-5894","KIRP","2",0.311578840017319,"2"
"Drews","2",20261002,"TCGA-BQ-7056","KIRP","2",0.131577119231224,"2"
"Drews","2",20261002,"TCGA-HE-A5NJ","KIRP","2",0.12801693379879,"2"
"Drews","2",20261002,"TCGA-Q2-A5QZ","KIRP","1",0.490425586700439,"2"
"Drews","2",20261002,"TCGA-UZ-A9PZ","KIRP","2",0.0854142084717751,"2"
"Drews","2",20261002,"TCGA-DB-5277","LGG","1",0.996917843818665,"1"
"Drews","2",20261002,"TCGA-DH-5142","LGG","2",0.492176443338394,"2"
"Drews","2",20261002,"TCGA-DH-A7US","LGG","2",0.00750047573819757,"2"
"Drews","2",20261002,"TCGA-DU-7018","LGG","2",0.00235044490545988,"2"
"Drews","2",20261002,"TCGA-DU-A7T6","LGG","1",0.321557283401489,"2"
"Drews","2",20261002,"TCGA-FG-7634","LGG","2",0.00906724855303764,"2"
"Drews","2",20261002,"TCGA-FG-A4MX","LGG","2",0.241188853979111,"2"
"Drews","2",20261002,"TCGA-HW-8319","LGG","2",0.201720654964447,"2"
"Drews","2",20261002,"TCGA-P5-A5F4","LGG","2",0.0288797300308943,"2"
"Drews","2",20261002,"TCGA-P5-A730","LGG","2",0.00150102004408836,"2"
"Drews","2",20261002,"TCGA-P5-A780","LGG","1",0.319738894701004,"2"
"Drews","2",20261002,"TCGA-QH-A6CW","LGG","2",0.345763713121414,"2"
"Drews","2",20261002,"TCGA-QH-A6XC","LGG","2",0.182642266154289,"2"
"Drews","2",20261002,"TCGA-S9-A6U5","LGG","2",0.00737138837575912,"2"
"Drews","2",20261002,"TCGA-S9-A6U6","LGG","2",0.0621511340141296,"2"
"Drews","2",20261002,"TCGA-S9-A6UB","LGG","2",0.024892408400774,"2"
"Drews","2",20261002,"TCGA-S9-A7R8","LGG","1",0.178985804319382,"2"
"Drews","2",20261002,"TCGA-TM-A84F","LGG","2",0.00911218579858541,"2"
"Drews","2",20261002,"TCGA-TM-A84G","LGG","2",0.00600198237225413,"2"
"Drews","2",20261002,"TCGA-TQ-A7RM","LGG","1",0.977883100509644,"1"
"Drews","2",20261002,"TCGA-TQ-A7RO","LGG","2",0.00123997789341956,"2"
"Drews","2",20261002,"TCGA-VM-A8CB","LGG","2",0.0046643391251564,"2"
"Drews","2",20261002,"TCGA-VM-A8CF","LGG","1",0.0325020477175713,"2"
"Drews","2",20261002,"TCGA-VV-A86M","LGG","2",0.490139484405518,"2"
"Drews","2",20261002,"TCGA-2Y-A9H5","LIHC","1",0.920753419399261,"1"
"Drews","2",20261002,"TCGA-2Y-A9H6","LIHC","1",0.793705463409424,"1"
"Drews","2",20261002,"TCGA-4R-AA8I","LIHC","1",0.980770766735077,"1"
"Drews","2",20261002,"TCGA-BC-A10Y","LIHC","1",0.975375056266785,"1"
"Drews","2",20261002,"TCGA-BC-A10Z","LIHC","1",0.995512545108795,"1"
"Drews","2",20261002,"TCGA-BC-A3KF","LIHC","1",0.945960581302643,"1"
"Drews","2",20261002,"TCGA-CC-5263","LIHC","1",0.999964714050293,"1"
"Drews","2",20261002,"TCGA-CC-A3MB","LIHC","1",0.997879385948181,"1"
"Drews","2",20261002,"TCGA-DD-A4NI","LIHC","2",0.115247189998627,"2"
"Drews","2",20261002,"TCGA-DD-AACD","LIHC","1",0.437798231840134,"2"
"Drews","2",20261002,"TCGA-DD-AACX","LIHC","2",0.789426982402802,"1"
"Drews","2",20261002,"TCGA-DD-AAVW","LIHC","1",0.737308740615845,"1"
"Drews","2",20261002,"TCGA-DD-AAVY","LIHC","2",0.199685648083687,"2"
"Drews","2",20261002,"TCGA-ED-A459","LIHC","1",0.998392641544342,"1"
"Drews","2",20261002,"TCGA-FV-A496","LIHC","1",0.941288709640503,"1"
"Drews","2",20261002,"TCGA-G3-A7M7","LIHC","2",0.113714702427387,"2"
"Drews","2",20261002,"TCGA-GJ-A6C0","LIHC","1",0.99806421995163,"1"
"Drews","2",20261002,"TCGA-RC-A7SK","LIHC","1",0.809833347797394,"1"
"Drews","2",20261002,"TCGA-T1-A6J8","LIHC","1",0.983150780200958,"1"
"Drews","2",20261002,"TCGA-UB-A7MD","LIHC","2",0.864435374736786,"1"
"Drews","2",20261002,"TCGA-ZP-A9D1","LIHC","2",0.728504240512848,"1"
"Drews","2",20261002,"TCGA-05-4390","LUAD","1",0.999153971672058,"1"
"Drews","2",20261002,"TCGA-38-4625","LUAD","1",0.999556362628937,"1"
"Drews","2",20261002,"TCGA-38-4628","LUAD","1",0.99958997964859,"1"
"Drews","2",20261002,"TCGA-44-7662","LUAD","1",0.999973058700562,"1"
"Drews","2",20261002,"TCGA-44-7669","LUAD","1",0.999236226081848,"1"
"Drews","2",20261002,"TCGA-44-A47B","LUAD","1",0.995422303676605,"1"
"Drews","2",20261002,"TCGA-49-4486","LUAD","1",0.451677352190018,"2"
"Drews","2",20261002,"TCGA-49-4501","LUAD","1",0.994820952415466,"1"
"Drews","2",20261002,"TCGA-49-AAR0","LUAD","1",0.998875439167023,"1"
"Drews","2",20261002,"TCGA-55-8094","LUAD","1",0.999857187271118,"1"
"Drews","2",20261002,"TCGA-55-8615","LUAD","1",0.998936593532562,"1"
"Drews","2",20261002,"TCGA-62-A46S","LUAD","1",0.995658874511719,"1"
"Drews","2",20261002,"TCGA-67-3771","LUAD","1",0.999398112297058,"1"
"Drews","2",20261002,"TCGA-67-3773","LUAD","1",0.220023736357689,"2"
"Drews","2",20261002,"TCGA-73-4662","LUAD","1",0.997349143028259,"1"
"Drews","2",20261002,"TCGA-73-4668","LUAD","1",0.999399542808533,"1"
"Drews","2",20261002,"TCGA-78-7154","LUAD","1",0.998165547847748,"1"
"Drews","2",20261002,"TCGA-78-7155","LUAD","1",0.9992635846138,"1"
"Drews","2",20261002,"TCGA-78-7220","LUAD","1",0.999853253364563,"1"
"Drews","2",20261002,"TCGA-86-7701","LUAD","1",0.968607187271118,"1"
"Drews","2",20261002,"TCGA-91-6831","LUAD","1",0.999944448471069,"1"
"Drews","2",20261002,"TCGA-91-8499","LUAD","1",0.999746978282928,"1"
"Drews","2",20261002,"TCGA-95-7567","LUAD","1",0.995630145072937,"1"
"Drews","2",20261002,"TCGA-97-8171","LUAD","1",0.615455746650696,"1"
"Drews","2",20261002,"TCGA-L9-A5IP","LUAD","1",0.996936678886414,"1"
"Drews","2",20261002,"TCGA-L9-A7SV","LUAD","1",0.998942673206329,"1"
"Drews","2",20261002,"TCGA-MP-A4SW","LUAD","1",0.989194393157959,"1"
"Drews","2",20261002,"TCGA-18-3406","LUSC","1",0.995458722114563,"1"
"Drews","2",20261002,"TCGA-18-3411","LUSC","1",0.997090101242065,"1"
"Drews","2",20261002,"TCGA-18-4083","LUSC","1",0.999553143978119,"1"
"Drews","2",20261002,"TCGA-18-4721","LUSC","1",0.999827861785889,"1"
"Drews","2",20261002,"TCGA-21-1075","LUSC","1",0.999666571617126,"1"
"Drews","2",20261002,"TCGA-21-1078","LUSC","2",0.883291482925415,"1"
"Drews","2",20261002,"TCGA-21-1080","LUSC","1",0.999755442142487,"1"
"Drews","2",20261002,"TCGA-33-AASB","LUSC","1",0.999960780143738,"1"
"Drews","2",20261002,"TCGA-37-4135","LUSC","1",0.999736368656158,"1"
"Drews","2",20261002,"TCGA-43-3920","LUSC","1",0.999765455722809,"1"
"Drews","2",20261002,"TCGA-43-7658","LUSC","1",0.99971204996109,"1"
"Drews","2",20261002,"TCGA-43-8118","LUSC","1",0.998531937599182,"1"
"Drews","2",20261002,"TCGA-43-A474","LUSC","1",0.999777138233185,"1"
"Drews","2",20261002,"TCGA-56-7223","LUSC","1",0.999488949775696,"1"
"Drews","2",20261002,"TCGA-56-8629","LUSC","1",0.999612390995026,"1"
"Drews","2",20261002,"TCGA-60-2711","LUSC","1",0.999975919723511,"1"
"Drews","2",20261002,"TCGA-60-2726","LUSC","1",0.999726831912994,"1"
"Drews","2",20261002,"TCGA-66-2766","LUSC","1",0.999820649623871,"1"
"Drews","2",20261002,"TCGA-66-2783","LUSC","1",0.999678611755371,"1"
"Drews","2",20261002,"TCGA-6A-AB49","LUSC","1",0.99982750415802,"1"
"Drews","2",20261002,"TCGA-70-6723","LUSC","1",0.99919456243515,"1"
"Drews","2",20261002,"TCGA-77-6845","LUSC","1",0.999929904937744,"1"
"Drews","2",20261002,"TCGA-77-7142","LUSC","1",0.996983230113983,"1"
"Drews","2",20261002,"TCGA-77-7337","LUSC","1",0.999859571456909,"1"
"Drews","2",20261002,"TCGA-77-7465","LUSC","1",0.999787747859955,"1"
"Drews","2",20261002,"TCGA-77-8148","LUSC","1",0.999957799911499,"1"
"Drews","2",20261002,"TCGA-77-A5GF","LUSC","1",0.996510803699493,"1"
"Drews","2",20261002,"TCGA-77-A5GH","LUSC","1",0.999293684959412,"1"
"Drews","2",20261002,"TCGA-85-A4QR","LUSC","1",0.999967336654663,"1"
"Drews","2",20261002,"TCGA-98-8020","LUSC","1",0.998797059059143,"1"
"Drews","2",20261002,"TCGA-98-8021","LUSC","1",0.993286192417145,"1"
"Drews","2",20261002,"TCGA-98-8023","LUSC","1",0.992973208427429,"1"
"Drews","2",20261002,"TCGA-98-A53A","LUSC","1",0.999945282936096,"1"
"Drews","2",20261002,"TCGA-NC-A5HN","LUSC","1",0.993866741657257,"1"
"Drews","2",20261002,"TCGA-3U-A98E","MESO","2",0.0227000527083874,"2"
"Drews","2",20261002,"TCGA-MQ-A4LJ","MESO","1",0.287069380283356,"2"
"Drews","2",20261002,"TCGA-SH-A9CT","MESO","1",0.977110147476196,"1"
"Drews","2",20261002,"TCGA-XT-AASU","MESO","1",0.959958612918854,"1"
"Drews","2",20261002,"TCGA-09-1674","OV","1",0.999916076660156,"1"
"Drews","2",20261002,"TCGA-09-2051","OV","1",0.999980807304382,"1"
"Drews","2",20261002,"TCGA-10-0928","OV","1",0.999727070331573,"1"
"Drews","2",20261002,"TCGA-13-0890","OV","1",0.999929070472717,"1"
"Drews","2",20261002,"TCGA-13-0916","OV","1",0.99907648563385,"1"
"Drews","2",20261002,"TCGA-13-1405","OV","1",0.999629735946655,"1"
"Drews","2",20261002,"TCGA-13-1481","OV","1",0.999964714050293,"1"
"Drews","2",20261002,"TCGA-13-1506","OV","1",0.999864459037781,"1"
"Drews","2",20261002,"TCGA-13-2060","OV","1",0.999937176704407,"1"
"Drews","2",20261002,"TCGA-20-1684","OV","1",0.99987804889679,"1"
"Drews","2",20261002,"TCGA-20-1687","OV","1",0.965521454811096,"1"
"Drews","2",20261002,"TCGA-23-1111","OV","1",0.972050786018372,"1"
"Drews","2",20261002,"TCGA-23-1123","OV","1",0.999794781208038,"1"
"Drews","2",20261002,"TCGA-24-1424","OV","1",0.999991774559021,"1"
"Drews","2",20261002,"TCGA-24-1427","OV","1",0.999994397163391,"1"
"Drews","2",20261002,"TCGA-24-1436","OV","1",0.999982118606567,"1"
"Drews","2",20261002,"TCGA-24-1616","OV","1",0.999307036399841,"1"
"Drews","2",20261002,"TCGA-24-2019","OV","1",0.999867558479309,"1"
"Drews","2",20261002,"TCGA-24-2262","OV","1",0.999942541122437,"1"
"Drews","2",20261002,"TCGA-24-2298","OV","1",0.999924659729004,"1"
"Drews","2",20261002,"TCGA-25-2391","OV","1",0.999373376369476,"1"
"Drews","2",20261002,"TCGA-29-1688","OV","1",0.994572222232819,"1"
"Drews","2",20261002,"TCGA-29-1699","OV","1",0.999755561351776,"1"
"Drews","2",20261002,"TCGA-29-1761","OV","1",0.999687314033508,"1"
"Drews","2",20261002,"TCGA-29-1776","OV","1",0.999972224235535,"1"
"Drews","2",20261002,"TCGA-29-1784","OV","1",0.999979257583618,"1"
"Drews","2",20261002,"TCGA-29-A5NZ","OV","1",0.999848008155823,"1"
"Drews","2",20261002,"TCGA-30-1891","OV","1",0.999623894691467,"1"
"Drews","2",20261002,"TCGA-59-2352","OV","1",0.999964594841003,"1"
"Drews","2",20261002,"TCGA-59-2354","OV","1",0.999927401542664,"1"
"Drews","2",20261002,"TCGA-61-1907","OV","1",0.999719083309174,"1"
"Drews","2",20261002,"TCGA-61-2003","OV","1",0.998584866523743,"1"
"Drews","2",20261002,"TCGA-61-2012","OV","1",0.999980092048645,"1"
"Drews","2",20261002,"TCGA-3A-A9IH","PAAD","1",0.995366215705872,"1"
"Drews","2",20261002,"TCGA-3A-A9IR","PAAD","1",0.722256481647491,"1"
"Drews","2",20261002,"TCGA-FB-A78T","PAAD","1",0.285914748907089,"2"
"Drews","2",20261002,"TCGA-HV-A5A6","PAAD","1",0.999887585639954,"1"
"Drews","2",20261002,"TCGA-HZ-A9TJ","PAAD","1",0.771762430667877,"1"
"Drews","2",20261002,"TCGA-QR-A700","PCPG","1",0.965915620326996,"1"
"Drews","2",20261002,"TCGA-QR-A70R","PCPG","1",0.327287465333939,"2"
"Drews","2",20261002,"TCGA-QR-A7IP","PCPG","2",0.203867211937904,"2"
"Drews","2",20261002,"TCGA-QT-A5XM","PCPG","2",0.0144286304712296,"2"
"Drews","2",20261002,"TCGA-RW-A685","PCPG","2",0.0588048100471497,"2"
"Drews","2",20261002,"TCGA-S7-A7X1","PCPG","2",0.229405164718628,"2"
"Drews","2",20261002,"TCGA-SR-A6MZ","PCPG","2",0.0183038823306561,"2"
"Drews","2",20261002,"TCGA-TT-A6YP","PCPG","2",0.0211376398801804,"2"
"Drews","2",20261002,"TCGA-WB-A819","PCPG","2",0.043756015598774,"2"
"Drews","2",20261002,"TCGA-WB-A81T","PCPG","2",0.0480388514697552,"2"
"Drews","2",20261002,"TCGA-CH-5766","PRAD","1",0.980029881000519,"1"
"Drews","2",20261002,"TCGA-CH-5767","PRAD","1",0.985584795475006,"1"
"Drews","2",20261002,"TCGA-EJ-7789","PRAD","1",0.987042546272278,"1"
"Drews","2",20261002,"TCGA-EJ-A46G","PRAD","1",0.999291062355042,"1"
"Drews","2",20261002,"TCGA-G9-6384","PRAD","2",0.661124348640442,"1"
"Drews","2",20261002,"TCGA-G9-6496","PRAD","1",0.999287188053131,"1"
"Drews","2",20261002,"TCGA-HC-A8CY","PRAD","1",0.992720365524292,"1"
"Drews","2",20261002,"TCGA-HC-A9TE","PRAD","1",0.998010575771332,"1"
"Drews","2",20261002,"TCGA-HI-7171","PRAD","1",0.99659663438797,"1"
"Drews","2",20261002,"TCGA-KK-A6DY","PRAD","2",0.559601902961731,"1"
"Drews","2",20261002,"TCGA-KK-A6E2","PRAD","2",0.166610032320023,"2"
"Drews","2",20261002,"TCGA-KK-A6E6","PRAD","1",0.475421518087387,"2"
"Drews","2",20261002,"TCGA-M7-A724","PRAD","1",0.951782882213593,"1"
"Drews","2",20261002,"TCGA-V1-A9ZR","PRAD","1",0.574936509132385,"1"
"Drews","2",20261002,"TCGA-VN-A943","PRAD","1",0.770947992801666,"1"
"Drews","2",20261002,"TCGA-XJ-A83H","PRAD","2",0.981683731079102,"1"
"Drews","2",20261002,"TCGA-YL-A8S8","PRAD","1",0.998759508132935,"1"
"Drews","2",20261002,"TCGA-ZG-A9KY","PRAD","1",0.99777489900589,"1"
"Drews","2",20261002,"TCGA-AF-3913","READ","1",0.983075976371765,"1"
"Drews","2",20261002,"TCGA-AG-3901","READ","2",0.216652229428291,"2"
"Drews","2",20261002,"TCGA-AG-A026","READ","1",0.995868325233459,"1"
"Drews","2",20261002,"TCGA-AG-A02N","READ","2",0.856154441833496,"1"
"Drews","2",20261002,"TCGA-BM-6198","READ","1",0.99541038274765,"1"
"Drews","2",20261002,"TCGA-DC-6155","READ","1",0.994376838207245,"1"
"Drews","2",20261002,"TCGA-DC-6682","READ","1",0.984035551548004,"1"
"Drews","2",20261002,"TCGA-DY-A1DG","READ","1",0.995464503765106,"1"
"Drews","2",20261002,"TCGA-G5-6641","READ","1",0.834151089191437,"1"
"Drews","2",20261002,"TCGA-3B-A9HI","SARC","1",0.94231915473938,"1"
"Drews","2",20261002,"TCGA-3B-A9HL","SARC","1",0.999938130378723,"1"
"Drews","2",20261002,"TCGA-3B-A9HS","SARC","1",0.999693751335144,"1"
"Drews","2",20261002,"TCGA-3B-A9HV","SARC","1",0.998231947422028,"1"
"Drews","2",20261002,"TCGA-3B-A9I1","SARC","1",0.979100942611694,"1"
"Drews","2",20261002,"TCGA-DX-A3M1","SARC","1",0.998418211936951,"1"
"Drews","2",20261002,"TCGA-DX-A6YQ","SARC","1",0.992807388305664,"1"
"Drews","2",20261002,"TCGA-DX-A6YV","SARC","1",0.999217748641968,"1"
"Drews","2",20261002,"TCGA-DX-A7EL","SARC","1",0.311271339654922,"2"
"Drews","2",20261002,"TCGA-DX-A8BH","SARC","1",0.995615601539612,"1"
"Drews","2",20261002,"TCGA-DX-A8BR","SARC","1",0.979444921016693,"1"
"Drews","2",20261002,"TCGA-DX-A8BT","SARC","1",0.997686505317688,"1"
"Drews","2",20261002,"TCGA-DX-AB2O","SARC","1",0.999947786331177,"1"
"Drews","2",20261002,"TCGA-DX-AB2V","SARC","1",0.562338173389435,"1"
"Drews","2",20261002,"TCGA-DX-AB35","SARC","1",0.997637033462524,"1"
"Drews","2",20261002,"TCGA-DX-AB3B","SARC","1",0.77495539188385,"1"
"Drews","2",20261002,"TCGA-HB-A3L4","SARC","1",0.99977046251297,"1"
"Drews","2",20261002,"TCGA-IE-A3OV","SARC","1",0.685813188552856,"1"
"Drews","2",20261002,"TCGA-IE-A4EH","SARC","1",0.993637561798096,"1"
"Drews","2",20261002,"TCGA-IE-A4EJ","SARC","1",0.995536088943481,"1"
"Drews","2",20261002,"TCGA-K1-A6RV","SARC","1",0.99948126077652,"1"
"Drews","2",20261002,"TCGA-LI-A67I","SARC","1",0.997898817062378,"1"
"Drews","2",20261002,"TCGA-WP-A9GB","SARC","1",0.996346056461334,"1"
"Drews","2",20261002,"TCGA-X6-A8C3","SARC","1",0.995585203170776,"1"
"Drews","2",20261002,"TCGA-BF-A3DN","SKCM","2",0.762999832630157,"1"
"Drews","2",20261002,"TCGA-BF-A5EO","SKCM","2",0.953215301036835,"1"
"Drews","2",20261002,"TCGA-BF-AAP6","SKCM","1",0.96620500087738,"1"
"Drews","2",20261002,"TCGA-D3-A5GT","SKCM","1",0.92338365316391,"1"
"Drews","2",20261002,"TCGA-EB-A3Y7","SKCM","2",0.489843428134918,"2"
"Drews","2",20261002,"TCGA-EB-A42Z","SKCM","1",0.987936794757843,"1"
"Drews","2",20261002,"TCGA-EB-A4OY","SKCM","1",0.869201123714447,"1"
"Drews","2",20261002,"TCGA-ER-A19T","SKCM","1",0.99988067150116,"1"
"Drews","2",20261002,"TCGA-BR-4371","STAD","2",0.35841292142868,"2"
"Drews","2",20261002,"TCGA-BR-6458","STAD","1",0.9972785115242,"1"
"Drews","2",20261002,"TCGA-BR-8060","STAD","1",0.999958515167236,"1"
"Drews","2",20261002,"TCGA-BR-8077","STAD","1",0.996343553066254,"1"
"Drews","2",20261002,"TCGA-BR-8361","STAD","1",0.89455109834671,"1"
"Drews","2",20261002,"TCGA-BR-8485","STAD","1",0.999696612358093,"1"
"Drews","2",20261002,"TCGA-BR-8486","STAD","1",0.99759042263031,"1"
"Drews","2",20261002,"TCGA-BR-8687","STAD","1",0.999543607234955,"1"
"Drews","2",20261002,"TCGA-BR-A4J6","STAD","1",0.884810984134674,"1"
"Drews","2",20261002,"TCGA-BR-A4PE","STAD","1",0.995081305503845,"1"
"Drews","2",20261002,"TCGA-CD-8527","STAD","1",0.99958735704422,"1"
"Drews","2",20261002,"TCGA-CD-8535","STAD","1",0.998908162117004,"1"
"Drews","2",20261002,"TCGA-CG-4440","STAD","1",0.999747097492218,"1"
"Drews","2",20261002,"TCGA-CG-4444","STAD","1",0.997846484184265,"1"
"Drews","2",20261002,"TCGA-CG-4469","STAD","1",0.422120571136475,"2"
"Drews","2",20261002,"TCGA-CG-4474","STAD","2",0.63376373052597,"1"
"Drews","2",20261002,"TCGA-CG-5723","STAD","2",0.829200804233551,"1"
"Drews","2",20261002,"TCGA-CG-5724","STAD","1",0.999353110790253,"1"
"Drews","2",20261002,"TCGA-D7-A6F2","STAD","1",0.999886274337769,"1"
"Drews","2",20261002,"TCGA-FP-8631","STAD","1",0.999918699264526,"1"
"Drews","2",20261002,"TCGA-HU-8244","STAD","2",0.532448887825012,"1"
"Drews","2",20261002,"TCGA-HU-8249","STAD","1",0.992497622966766,"1"
"Drews","2",20261002,"TCGA-HU-A4GP","STAD","1",0.997784972190857,"1"
"Drews","2",20261002,"TCGA-IN-A6RN","STAD","1",0.999632000923157,"1"
"Drews","2",20261002,"TCGA-VQ-A8PU","STAD","1",0.999004304409027,"1"
"Drews","2",20261002,"TCGA-VQ-A92D","STAD","1",0.998587131500244,"1"
"Drews","2",20261002,"TCGA-VQ-A94U","STAD","1",0.845019459724426,"1"
"Drews","2",20261002,"TCGA-2G-AAEW","TGCT","2",0.425646185874939,"2"
"Drews","2",20261002,"TCGA-2G-AAGO","TGCT","1",0.992939829826355,"1"
"Drews","2",20261002,"TCGA-YU-A94I","TGCT","1",0.994408249855042,"1"
"Drews","2",20261002,"TCGA-ZM-AA0B","TGCT","1",0.991469025611877,"1"
"Drews","2",20261002,"TCGA-DE-A3KN","THCA","2",0.00765679404139519,"2"
"Drews","2",20261002,"TCGA-FY-A3W9","THCA","2",0.00903555657714605,"2"
"Drews","2",20261002,"TCGA-4V-A9QI","THYM","2",0.101143844425678,"2"
"Drews","2",20261002,"TCGA-2E-A9G8","UCEC","1",0.99990177154541,"1"
"Drews","2",20261002,"TCGA-5B-A90C","UCEC","1",0.999933242797852,"1"
"Drews","2",20261002,"TCGA-A5-A0G5","UCEC","1",0.999576985836029,"1"
"Drews","2",20261002,"TCGA-A5-A0GE","UCEC","2",0.0618617385625839,"2"
"Drews","2",20261002,"TCGA-A5-A2K2","UCEC","1",0.99386191368103,"1"
"Drews","2",20261002,"TCGA-AJ-A2QN","UCEC","2",0.905670285224915,"1"
"Drews","2",20261002,"TCGA-AJ-A3NF","UCEC","1",0.953978955745697,"1"
"Drews","2",20261002,"TCGA-AJ-A3NG","UCEC","2",0.635826528072357,"1"
"Drews","2",20261002,"TCGA-AP-A0LI","UCEC","1",0.999027848243713,"1"
"Drews","2",20261002,"TCGA-AX-A1C7","UCEC","1",0.999206006526947,"1"
"Drews","2",20261002,"TCGA-AX-A2H4","UCEC","1",0.99898773431778,"1"
"Drews","2",20261002,"TCGA-AX-A3G3","UCEC","1",0.999824106693268,"1"
"Drews","2",20261002,"TCGA-B5-A11E","UCEC","2",0.884048521518707,"1"
"Drews","2",20261002,"TCGA-B5-A121","UCEC","2",0.0463941283524036,"2"
"Drews","2",20261002,"TCGA-B5-A3FD","UCEC","1",0.961873888969421,"1"
"Drews","2",20261002,"TCGA-B5-A3S1","UCEC","1",0.963481903076172,"1"
"Drews","2",20261002,"TCGA-B5-A5OE","UCEC","1",0.999982595443726,"1"
"Drews","2",20261002,"TCGA-BG-A0YV","UCEC","1",0.997572839260101,"1"
"Drews","2",20261002,"TCGA-BG-A2AE","UCEC","2",0.967036128044128,"1"
"Drews","2",20261002,"TCGA-BK-A0C9","UCEC","2",0.168126240372658,"2"
"Drews","2",20261002,"TCGA-D1-A0ZP","UCEC","1",0.999858975410461,"1"
"Drews","2",20261002,"TCGA-D1-A16O","UCEC","2",0.369796812534332,"2"
"Drews","2",20261002,"TCGA-D1-A17K","UCEC","1",0.993907153606415,"1"
"Drews","2",20261002,"TCGA-D1-A1NU","UCEC","1",0.99989914894104,"1"
"Drews","2",20261002,"TCGA-D1-A1O0","UCEC","1",0.99680882692337,"1"
"Drews","2",20261002,"TCGA-D1-A2G7","UCEC","1",0.992588222026825,"1"
"Drews","2",20261002,"TCGA-D1-A3JQ","UCEC","1",0.99610424041748,"1"
"Drews","2",20261002,"TCGA-DI-A1C3","UCEC","2",0.0019651495385915,"2"
"Drews","2",20261002,"TCGA-EO-A3KW","UCEC","1",0.999358594417572,"1"
"Drews","2",20261002,"TCGA-EY-A2OQ","UCEC","1",0.996791422367096,"1"
"Drews","2",20261002,"TCGA-FI-A2CY","UCEC","1",0.999238252639771,"1"
"Drews","2",20261002,"TCGA-FI-A2D2","UCEC","1",0.977438628673553,"1"
"Drews","2",20261002,"TCGA-FI-A2F8","UCEC","1",0.984465718269348,"1"
"Drews","2",20261002,"TCGA-QS-A8F1","UCEC","1",0.999280273914337,"1"
"Drews","2",20261002,"TCGA-N5-A4R8","UCS","1",0.999627590179443,"1"
"Drews","2",20261002,"TCGA-N5-A4RM","UCS","1",0.998849272727966,"1"
"Drews","2",20261002,"TCGA-N5-A59F","UCS","1",0.999820649623871,"1"
"Drews","2",20261002,"TCGA-N6-A4VC","UCS","1",0.999760329723358,"1"
"Drews","2",20261002,"TCGA-N8-A4PO","UCS","1",0.999795496463776,"1"
"Drews","2",20261002,"TCGA-NA-A4QV","UCS","1",0.99994945526123,"1"
"Drews","2",20261002,"TCGA-NA-A4QY","UCS","1",0.999661445617676,"1"
"Drews","2",20261002,"TCGA-V4-A9EK","UVM","1",0.0578157156705856,"2"
"Drews","2",20261002,"TCGA-V4-A9EO","UVM","2",0.000613529526162893,"2"
"Drews","2",20261002,"TCGA-VD-A8KA","UVM","2",0.0203241966664791,"2"
"Drews","2",20261002,"TCGA-VD-A8KL","UVM","2",0.0386105254292488,"2"
"Drews","3",20261003,"TCGA-OR-A5J6","ACC","2",0.100218929350376,"2"
"Drews","3",20261003,"TCGA-OR-A5JD","ACC","2",0.00498553784564137,"2"
"Drews","3",20261003,"TCGA-OR-A5JQ","ACC","2",0.103512801229954,"2"
"Drews","3",20261003,"TCGA-OR-A5JS","ACC","1",0.824999094009399,"1"
"Drews","3",20261003,"TCGA-OR-A5K0","ACC","1",0.906983196735382,"1"
"Drews","3",20261003,"TCGA-OR-A5K6","ACC","1",0.144282251596451,"2"
"Drews","3",20261003,"TCGA-OR-A5L8","ACC","2",0.00870996434241533,"2"
"Drews","3",20261003,"TCGA-OR-A5LK","ACC","2",0.507586121559143,"1"
"Drews","3",20261003,"TCGA-4Z-AA87","BLCA","1",0.999591171741486,"1"
"Drews","3",20261003,"TCGA-BL-A0C8","BLCA","1",0.998173952102661,"1"
"Drews","3",20261003,"TCGA-BL-A3JM","BLCA","2",0.999371707439423,"1"
"Drews","3",20261003,"TCGA-BT-A20W","BLCA","1",0.999357998371124,"1"
"Drews","3",20261003,"TCGA-CF-A1HS","BLCA","1",0.999966740608215,"1"
"Drews","3",20261003,"TCGA-DK-A1A6","BLCA","1",0.999862194061279,"1"
"Drews","3",20261003,"TCGA-DK-A1AB","BLCA","2",0.977996528148651,"1"
"Drews","3",20261003,"TCGA-DK-A1AC","BLCA","1",0.99986732006073,"1"
"Drews","3",20261003,"TCGA-DK-A3IL","BLCA","1",0.999564945697784,"1"
"Drews","3",20261003,"TCGA-DK-A6AV","BLCA","1",0.999856948852539,"1"
"Drews","3",20261003,"TCGA-DK-AA6R","BLCA","1",0.999992489814758,"1"
"Drews","3",20261003,"TCGA-DK-AA6U","BLCA","1",0.999939203262329,"1"
"Drews","3",20261003,"TCGA-DK-AA6W","BLCA","1",0.999139904975891,"1"
"Drews","3",20261003,"TCGA-DK-AA76","BLCA","1",0.998603522777557,"1"
"Drews","3",20261003,"TCGA-DK-AA77","BLCA","1",0.99921441078186,"1"
"Drews","3",20261003,"TCGA-E5-A4U1","BLCA","1",0.999418139457703,"1"
"Drews","3",20261003,"TCGA-E7-A3Y1","BLCA","2",0.0632288455963135,"2"
"Drews","3",20261003,"TCGA-FD-A3SR","BLCA","1",0.999924778938293,"1"
"Drews","3",20261003,"TCGA-G2-AA3D","BLCA","1",0.998020768165588,"1"
"Drews","3",20261003,"TCGA-GC-A3RB","BLCA","1",0.999941945075989,"1"
"Drews","3",20261003,"TCGA-GD-A3OS","BLCA","1",0.999186098575592,"1"
"Drews","3",20261003,"TCGA-GV-A3JW","BLCA","1",0.999891877174377,"1"
"Drews","3",20261003,"TCGA-GV-A40G","BLCA","1",0.999968528747559,"1"
"Drews","3",20261003,"TCGA-GV-A6ZA","BLCA","1",0.999841809272766,"1"
"Drews","3",20261003,"TCGA-PQ-A6FI","BLCA","1",0.999698281288147,"1"
"Drews","3",20261003,"TCGA-UY-A9PD","BLCA","1",0.999977827072144,"1"
"Drews","3",20261003,"TCGA-UY-A9PE","BLCA","1",0.997832357883453,"1"
"Drews","3",20261003,"TCGA-XF-A8HC","BLCA","1",0.994898617267609,"1"
"Drews","3",20261003,"TCGA-XF-AAMX","BLCA","1",0.999848961830139,"1"
"Drews","3",20261003,"TCGA-XF-AAMY","BLCA","1",0.999883770942688,"1"
"Drews","3",20261003,"TCGA-XF-AAN3","BLCA","2",0.984999775886536,"1"
"Drews","3",20261003,"TCGA-ZF-A9R9","BLCA","1",0.948284685611725,"1"
"Drews","3",20261003,"TCGA-ZF-AA51","BLCA","1",0.999566614627838,"1"
"Drews","3",20261003,"TCGA-A1-A0SF","BRCA","1",0.663469731807709,"1"
"Drews","3",20261003,"TCGA-A1-A0SK","BRCA","1",0.999966621398926,"1"
"Drews","3",20261003,"TCGA-A1-A0SN","BRCA","1",0.998658657073975,"1"
"Drews","3",20261003,"TCGA-A2-A0D0","BRCA","1",0.999991178512573,"1"
"Drews","3",20261003,"TCGA-A2-A0T2","BRCA","1",0.999803841114044,"1"
"Drews","3",20261003,"TCGA-A2-A0YC","BRCA","2",0.336546510457993,"2"
"Drews","3",20261003,"TCGA-A2-A1FV","BRCA","1",0.903958261013031,"1"
"Drews","3",20261003,"TCGA-A2-A1G4","BRCA","1",0.992103934288025,"1"
"Drews","3",20261003,"TCGA-A2-A25D","BRCA","1",0.960048139095306,"1"
"Drews","3",20261003,"TCGA-A2-A3Y0","BRCA","1",0.999426603317261,"1"
"Drews","3",20261003,"TCGA-A7-A13F","BRCA","1",0.734013795852661,"1"
"Drews","3",20261003,"TCGA-A7-A26F","BRCA","1",0.956404089927673,"1"
"Drews","3",20261003,"TCGA-A7-A6VW","BRCA","1",0.999831914901733,"1"
"Drews","3",20261003,"TCGA-A7-A6VY","BRCA","1",0.999940395355225,"1"
"Drews","3",20261003,"TCGA-A8-A06Q","BRCA","1",0.999493598937988,"1"
"Drews","3",20261003,"TCGA-A8-A06X","BRCA","1",0.999380826950073,"1"
"Drews","3",20261003,"TCGA-A8-A07O","BRCA","1",0.999991655349731,"1"
"Drews","3",20261003,"TCGA-A8-A081","BRCA","1",0.998513162136078,"1"
"Drews","3",20261003,"TCGA-A8-A08B","BRCA","1",0.997446417808533,"1"
"Drews","3",20261003,"TCGA-A8-A093","BRCA","1",0.622227430343628,"1"
"Drews","3",20261003,"TCGA-A8-A094","BRCA","1",0.999645352363586,"1"
"Drews","3",20261003,"TCGA-A8-A095","BRCA","2",0.21550752222538,"2"
"Drews","3",20261003,"TCGA-A8-A09E","BRCA","1",0.941966235637665,"1"
"Drews","3",20261003,"TCGA-A8-A09G","BRCA","1",0.999075770378113,"1"
"Drews","3",20261003,"TCGA-A8-A09W","BRCA","1",0.998058378696442,"1"
"Drews","3",20261003,"TCGA-AC-A5XU","BRCA","1",0.971143007278442,"1"
"Drews","3",20261003,"TCGA-AC-A6IX","BRCA","1",0.899785339832306,"1"
"Drews","3",20261003,"TCGA-AN-A03X","BRCA","1",0.92131894826889,"1"
"Drews","3",20261003,"TCGA-AN-A04A","BRCA","1",0.998729169368744,"1"
"Drews","3",20261003,"TCGA-AN-A04D","BRCA","1",0.999976277351379,"1"
"Drews","3",20261003,"TCGA-AN-A0FD","BRCA","1",0.99660849571228,"1"
"Drews","3",20261003,"TCGA-AN-A0XP","BRCA","2",0.567318320274353,"1"
"Drews","3",20261003,"TCGA-AN-A0XS","BRCA","2",0.42644065618515,"2"
"Drews","3",20261003,"TCGA-AO-A03O","BRCA","1",0.999900817871094,"1"
"Drews","3",20261003,"TCGA-AO-A03P","BRCA","1",0.998738706111908,"1"
"Drews","3",20261003,"TCGA-AO-A0JD","BRCA","1",0.998418569564819,"1"
"Drews","3",20261003,"TCGA-AO-A12G","BRCA","1",0.982006072998047,"1"
"Drews","3",20261003,"TCGA-AO-A1KR","BRCA","1",0.998027265071869,"1"
"Drews","3",20261003,"TCGA-AQ-A0Y5","BRCA","1",0.999442875385284,"1"
"Drews","3",20261003,"TCGA-AR-A0TP","BRCA","1",0.999926924705505,"1"
"Drews","3",20261003,"TCGA-AR-A1AY","BRCA","1",0.999634504318237,"1"
"Drews","3",20261003,"TCGA-AR-A255","BRCA","1",0.99689519405365,"1"
"Drews","3",20261003,"TCGA-B6-A0I1","BRCA","1",0.999856352806091,"1"
"Drews","3",20261003,"TCGA-B6-A0IO","BRCA","1",0.991292655467987,"1"
"Drews","3",20261003,"TCGA-B6-A0IQ","BRCA","1",0.999871373176575,"1"
"Drews","3",20261003,"TCGA-BH-A0AW","BRCA","1",0.999788343906403,"1"
"Drews","3",20261003,"TCGA-BH-A0AZ","BRCA","1",0.996351957321167,"1"
"Drews","3",20261003,"TCGA-BH-A0B5","BRCA","2",0.915046572685242,"1"
"Drews","3",20261003,"TCGA-BH-A0BP","BRCA","1",0.987959623336792,"1"
"Drews","3",20261003,"TCGA-BH-A0BR","BRCA","1",0.999541401863098,"1"
"Drews","3",20261003,"TCGA-BH-A0DG","BRCA","1",0.997942984104156,"1"
"Drews","3",20261003,"TCGA-BH-A0DP","BRCA","2",0.0294069442898035,"2"
"Drews","3",20261003,"TCGA-BH-A0GY","BRCA","1",0.999864101409912,"1"
"Drews","3",20261003,"TCGA-BH-A0H6","BRCA","2",0.500486969947815,"1"
"Drews","3",20261003,"TCGA-BH-A0H7","BRCA","1",0.998855352401733,"1"
"Drews","3",20261003,"TCGA-BH-A0HY","BRCA","1",0.999971747398376,"1"
"Drews","3",20261003,"TCGA-BH-A0W7","BRCA","1",0.922038614749908,"1"
"Drews","3",20261003,"TCGA-BH-A18K","BRCA","1",0.999719202518463,"1"
"Drews","3",20261003,"TCGA-BH-A18N","BRCA","2",0.93248051404953,"1"
"Drews","3",20261003,"TCGA-BH-A18Q","BRCA","1",0.999822199344635,"1"
"Drews","3",20261003,"TCGA-BH-A1FD","BRCA","1",0.9981769323349,"1"
"Drews","3",20261003,"TCGA-BH-A202","BRCA","1",0.998526334762573,"1"
"Drews","3",20261003,"TCGA-BH-A5J0","BRCA","1",0.992096424102783,"1"
"Drews","3",20261003,"TCGA-C8-A12P","BRCA","1",0.999795377254486,"1"
"Drews","3",20261003,"TCGA-C8-A137","BRCA","1",0.999264299869537,"1"
"Drews","3",20261003,"TCGA-C8-A1HJ","BRCA","1",0.999882698059082,"1"
"Drews","3",20261003,"TCGA-C8-A1HK","BRCA","1",0.999885678291321,"1"
"Drews","3",20261003,"TCGA-C8-A27A","BRCA","1",0.999919891357422,"1"
"Drews","3",20261003,"TCGA-C8-A27B","BRCA","1",0.999983072280884,"1"
"Drews","3",20261003,"TCGA-D8-A140","BRCA","1",0.998885095119476,"1"
"Drews","3",20261003,"TCGA-D8-A1XL","BRCA","1",0.999270498752594,"1"
"Drews","3",20261003,"TCGA-D8-A1XT","BRCA","1",0.999734342098236,"1"
"Drews","3",20261003,"TCGA-D8-A1XW","BRCA","1",0.982615113258362,"1"
"Drews","3",20261003,"TCGA-E2-A105","BRCA","1",0.998997032642365,"1"
"Drews","3",20261003,"TCGA-E2-A14R","BRCA","1",0.999909281730652,"1"
"Drews","3",20261003,"TCGA-E2-A1IE","BRCA","1",0.999611675739288,"1"
"Drews","3",20261003,"TCGA-E9-A1R6","BRCA","1",0.918379426002502,"1"
"Drews","3",20261003,"TCGA-E9-A22A","BRCA","1",0.994007587432861,"1"
"Drews","3",20261003,"TCGA-E9-A22E","BRCA","1",0.997278153896332,"1"
"Drews","3",20261003,"TCGA-E9-A244","BRCA","1",0.9999098777771,"1"
"Drews","3",20261003,"TCGA-E9-A247","BRCA","1",0.988640069961548,"1"
"Drews","3",20261003,"TCGA-EW-A1OZ","BRCA","1",0.998494744300842,"1"
"Drews","3",20261003,"TCGA-EW-A1PD","BRCA","1",0.99974662065506,"1"
"Drews","3",20261003,"TCGA-EW-A2FS","BRCA","1",0.996283352375031,"1"
"Drews","3",20261003,"TCGA-EW-A423","BRCA","1",0.728525459766388,"1"
"Drews","3",20261003,"TCGA-GM-A2DK","BRCA","1",0.981079459190369,"1"
"Drews","3",20261003,"TCGA-GM-A3XL","BRCA","1",0.999350249767303,"1"
"Drews","3",20261003,"TCGA-LD-A7W5","BRCA","1",0.971435606479645,"1"
"Drews","3",20261003,"TCGA-LL-A6FQ","BRCA","1",0.904542922973633,"1"
"Drews","3",20261003,"TCGA-LL-A6FR","BRCA","1",0.999927043914795,"1"
"Drews","3",20261003,"TCGA-LL-A73Y","BRCA","1",0.99901294708252,"1"
"Drews","3",20261003,"TCGA-OL-A5D8","BRCA","1",0.286623418331146,"2"
"Drews","3",20261003,"TCGA-OL-A6VO","BRCA","1",0.998596012592316,"1"
"Drews","3",20261003,"TCGA-S3-AA14","BRCA","1",0.988460183143616,"1"
"Drews","3",20261003,"TCGA-WT-AB44","BRCA","2",0.013153881765902,"2"
"Drews","3",20261003,"TCGA-C5-A1M6","CESC","1",0.999658942222595,"1"
"Drews","3",20261003,"TCGA-C5-A2LV","CESC","1",0.976953566074371,"1"
"Drews","3",20261003,"TCGA-C5-A7UC","CESC","2",0.997329711914062,"1"
"Drews","3",20261003,"TCGA-C5-A7X5","CESC","1",0.999523758888245,"1"
"Drews","3",20261003,"TCGA-C5-A902","CESC","1",0.960387706756592,"1"
"Drews","3",20261003,"TCGA-DS-A0VN","CESC","1",0.664527356624603,"1"
"Drews","3",20261003,"TCGA-EK-A2PG","CESC","1",0.986966133117676,"1"
"Drews","3",20261003,"TCGA-FU-A5XV","CESC","2",0.667041063308716,"1"
"Drews","3",20261003,"TCGA-IR-A3LB","CESC","1",0.994568228721619,"1"
"Drews","3",20261003,"TCGA-VS-A8EJ","CESC","1",0.999977231025696,"1"
"Drews","3",20261003,"TCGA-VS-A8QA","CESC","1",0.99450558423996,"1"
"Drews","3",20261003,"TCGA-VS-A8QC","CESC","1",0.892242789268494,"1"
"Drews","3",20261003,"TCGA-VS-A8QF","CESC","1",0.99060982465744,"1"
"Drews","3",20261003,"TCGA-VS-A9UM","CESC","1",0.955926537513733,"1"
"Drews","3",20261003,"TCGA-VS-A9UQ","CESC","1",0.989431738853455,"1"
"Drews","3",20261003,"TCGA-VS-A9UR","CESC","1",0.956005156040192,"1"
"Drews","3",20261003,"TCGA-W5-AA2Z","CHOL","2",0.325225114822388,"2"
"Drews","3",20261003,"TCGA-5M-AAT4","COAD","1",0.948679149150848,"1"
"Drews","3",20261003,"TCGA-A6-2677","COAD","1",0.943739950656891,"1"
"Drews","3",20261003,"TCGA-AA-3524","COAD","1",0.663614392280579,"1"
"Drews","3",20261003,"TCGA-AA-3548","COAD","1",0.96384996175766,"1"
"Drews","3",20261003,"TCGA-AA-3685","COAD","1",0.983319222927094,"1"
"Drews","3",20261003,"TCGA-AA-A01S","COAD","1",0.991117775440216,"1"
"Drews","3",20261003,"TCGA-AU-3779","COAD","1",0.665504693984985,"1"
"Drews","3",20261003,"TCGA-CM-4746","COAD","2",0.420738220214844,"2"
"Drews","3",20261003,"TCGA-CM-5348","COAD","1",0.99590528011322,"1"
"Drews","3",20261003,"TCGA-CM-6675","COAD","1",0.994463503360748,"1"
"Drews","3",20261003,"TCGA-CM-6676","COAD","2",0.878727793693542,"1"
"Drews","3",20261003,"TCGA-CM-6678","COAD","2",0.263411611318588,"2"
"Drews","3",20261003,"TCGA-D5-6533","COAD","1",0.987775564193726,"1"
"Drews","3",20261003,"TCGA-D5-6535","COAD","1",0.983824372291565,"1"
"Drews","3",20261003,"TCGA-DM-A1HA","COAD","1",0.999542951583862,"1"
"Drews","3",20261003,"TCGA-DM-A28M","COAD","2",0.107034422457218,"2"
"Drews","3",20261003,"TCGA-F4-6460","COAD","1",0.90091347694397,"1"
"Drews","3",20261003,"TCGA-F4-6704","COAD","1",0.977550148963928,"1"
"Drews","3",20261003,"TCGA-G4-6303","COAD","1",0.990443289279938,"1"
"Drews","3",20261003,"TCGA-NH-A6GB","COAD","1",0.984071016311646,"1"
"Drews","3",20261003,"TCGA-NH-A8F7","COAD","2",0.957055330276489,"1"
"Drews","3",20261003,"TCGA-FF-8042","DLBC","1",0.784732758998871,"1"
"Drews","3",20261003,"TCGA-2H-A9GF","ESCA","1",0.999950647354126,"1"
"Drews","3",20261003,"TCGA-2H-A9GH","ESCA","1",0.999713122844696,"1"
"Drews","3",20261003,"TCGA-2H-A9GL","ESCA","1",0.999670624732971,"1"
"Drews","3",20261003,"TCGA-2H-A9GN","ESCA","1",0.999809324741364,"1"
"Drews","3",20261003,"TCGA-IG-A3YB","ESCA","1",0.904000043869019,"1"
"Drews","3",20261003,"TCGA-IG-A97H","ESCA","1",0.999838471412659,"1"
"Drews","3",20261003,"TCGA-L5-A43J","ESCA","1",0.993977069854736,"1"
"Drews","3",20261003,"TCGA-L5-A4OP","ESCA","1",0.994658172130585,"1"
"Drews","3",20261003,"TCGA-L5-A4OQ","ESCA","1",0.998224437236786,"1"
"Drews","3",20261003,"TCGA-L5-A4OX","ESCA","1",0.982631146907806,"1"
"Drews","3",20261003,"TCGA-L5-A88S","ESCA","1",0.99013876914978,"1"
"Drews","3",20261003,"TCGA-L5-A88V","ESCA","1",0.999926924705505,"1"
"Drews","3",20261003,"TCGA-LN-A49U","ESCA","1",0.996029257774353,"1"
"Drews","3",20261003,"TCGA-LN-A4A2","ESCA","1",0.999227643013,"1"
"Drews","3",20261003,"TCGA-LN-A4A3","ESCA","1",0.999420285224915,"1"
"Drews","3",20261003,"TCGA-LN-A4A9","ESCA","1",0.995245397090912,"1"
"Drews","3",20261003,"TCGA-R6-A8W8","ESCA","1",0.999462783336639,"1"
"Drews","3",20261003,"TCGA-VR-AA4G","ESCA","1",0.999660968780518,"1"
"Drews","3",20261003,"TCGA-06-2562","GBM","2",0.202639788389206,"2"
"Drews","3",20261003,"TCGA-06-5856","GBM","1",0.961366057395935,"1"
"Drews","3",20261003,"TCGA-19-5960","GBM","1",0.493656247854233,"2"
"Drews","3",20261003,"TCGA-26-5139","GBM","2",0.223266422748566,"2"
"Drews","3",20261003,"TCGA-32-1970","GBM","1",0.933996677398682,"1"
"Drews","3",20261003,"TCGA-76-4925","GBM","1",0.991437017917633,"1"
"Drews","3",20261003,"TCGA-BA-4075","HNSC","1",0.939141511917114,"1"
"Drews","3",20261003,"TCGA-BA-6870","HNSC","1",0.998800992965698,"1"
"Drews","3",20261003,"TCGA-BA-6871","HNSC","1",0.991321384906769,"1"
"Drews","3",20261003,"TCGA-BA-6872","HNSC","1",0.998938858509064,"1"
"Drews","3",20261003,"TCGA-BB-4224","HNSC","1",0.997633337974548,"1"
"Drews","3",20261003,"TCGA-CN-6010","HNSC","1",0.938981592655182,"1"
"Drews","3",20261003,"TCGA-CN-6998","HNSC","2",0.597010254859924,"1"
"Drews","3",20261003,"TCGA-CQ-6228","HNSC","1",0.998767852783203,"1"
"Drews","3",20261003,"TCGA-CR-6472","HNSC","1",0.979876160621643,"1"
"Drews","3",20261003,"TCGA-CR-6478","HNSC","1",0.997971832752228,"1"
"Drews","3",20261003,"TCGA-CR-7374","HNSC","1",0.999677658081055,"1"
"Drews","3",20261003,"TCGA-CV-5979","HNSC","1",0.991050958633423,"1"
"Drews","3",20261003,"TCGA-CV-6948","HNSC","1",0.99908459186554,"1"
"Drews","3",20261003,"TCGA-CV-6960","HNSC","1",0.996712207794189,"1"
"Drews","3",20261003,"TCGA-CV-7243","HNSC","1",0.998195946216583,"1"
"Drews","3",20261003,"TCGA-CV-7415","HNSC","1",0.999862909317017,"1"
"Drews","3",20261003,"TCGA-D6-A6EO","HNSC","1",0.982491970062256,"1"
"Drews","3",20261003,"TCGA-HD-8224","HNSC","1",0.999309659004211,"1"
"Drews","3",20261003,"TCGA-T2-A6WX","HNSC","2",0.0489789769053459,"2"
"Drews","3",20261003,"TCGA-T3-A92M","HNSC","1",0.999235868453979,"1"
"Drews","3",20261003,"TCGA-UF-A71D","HNSC","1",0.990105092525482,"1"
"Drews","3",20261003,"TCGA-UF-A7JC","HNSC","1",0.969812870025635,"1"
"Drews","3",20261003,"TCGA-UF-A7JH","HNSC","1",0.971283912658691,"1"
"Drews","3",20261003,"TCGA-KL-8336","KICH","2",0.298770487308502,"2"
"Drews","3",20261003,"TCGA-KL-8340","KICH","2",0.00480004632845521,"2"
"Drews","3",20261003,"TCGA-KL-8342","KICH","2",0.00809727981686592,"2"
"Drews","3",20261003,"TCGA-KN-8422","KICH","2",0.00753446202725172,"2"
"Drews","3",20261003,"TCGA-KO-8410","KICH","2",0.00574451917782426,"2"
"Drews","3",20261003,"TCGA-KO-8415","KICH","2",0.00885960273444653,"2"
"Drews","3",20261003,"TCGA-KO-8417","KICH","2",0.00893251597881317,"2"
"Drews","3",20261003,"TCGA-A3-3363","KIRC","1",0.253734916448593,"2"
"Drews","3",20261003,"TCGA-A3-3380","KIRC","2",0.000744091346859932,"2"
"Drews","3",20261003,"TCGA-A3-3383","KIRC","2",0.00845043640583754,"2"
"Drews","3",20261003,"TCGA-A3-3387","KIRC","2",0.00019412966503296,"2"
"Drews","3",20261003,"TCGA-A3-A6NI","KIRC","2",0.000830966979265213,"2"
"Drews","3",20261003,"TCGA-AS-3777","KIRC","2",0.843868136405945,"1"
"Drews","3",20261003,"TCGA-B0-5696","KIRC","2",0.00238241627812386,"2"
"Drews","3",20261003,"TCGA-BP-4963","KIRC","2",0.00991438142955303,"2"
"Drews","3",20261003,"TCGA-BP-4977","KIRC","2",0.00302334013395011,"2"
"Drews","3",20261003,"TCGA-BP-5199","KIRC","2",0.00102100649382919,"2"
"Drews","3",20261003,"TCGA-CJ-4640","KIRC","2",0.00583538925275207,"2"
"Drews","3",20261003,"TCGA-CJ-5678","KIRC","2",0.000838995678350329,"2"
"Drews","3",20261003,"TCGA-CW-5580","KIRC","2",0.000197367116925307,"2"
"Drews","3",20261003,"TCGA-CW-6090","KIRC","2",0.00263203331269324,"2"
"Drews","3",20261003,"TCGA-DV-5568","KIRC","2",0.00318294949829578,"2"
"Drews","3",20261003,"TCGA-2Z-A9JE","KIRP","2",0.0155655518174171,"2"
"Drews","3",20261003,"TCGA-2Z-A9JS","KIRP","2",0.0947776213288307,"2"
"Drews","3",20261003,"TCGA-A4-7287","KIRP","2",0.972629308700562,"1"
"Drews","3",20261003,"TCGA-AL-3466","KIRP","1",0.995840966701508,"1"
"Drews","3",20261003,"TCGA-B9-4114","KIRP","2",0.0998681783676147,"2"
"Drews","3",20261003,"TCGA-B9-4117","KIRP","2",0.30637463927269,"2"
"Drews","3",20261003,"TCGA-DZ-6134","KIRP","2",0.00705443369224668,"2"
"Drews","3",20261003,"TCGA-F9-A4JJ","KIRP","2",0.563581705093384,"1"
"Drews","3",20261003,"TCGA-P4-A5EB","KIRP","2",0.0298511125147343,"2"
"Drews","3",20261003,"TCGA-CS-5393","LGG","1",0.162848114967346,"2"
"Drews","3",20261003,"TCGA-DB-5277","LGG","1",0.967560350894928,"1"
"Drews","3",20261003,"TCGA-DH-A7UT","LGG","2",0.0846791341900826,"2"
"Drews","3",20261003,"TCGA-DU-5853","LGG","2",0.183564841747284,"2"
"Drews","3",20261003,"TCGA-DU-7019","LGG","1",0.0705093741416931,"2"
"Drews","3",20261003,"TCGA-DU-7294","LGG","2",0.00271731032989919,"2"
"Drews","3",20261003,"TCGA-E1-A7YS","LGG","2",0.0300471894443035,"2"
"Drews","3",20261003,"TCGA-FG-6690","LGG","2",0.0428390167653561,"2"
"Drews","3",20261003,"TCGA-FG-7634","LGG","2",0.0101381177082658,"2"
"Drews","3",20261003,"TCGA-HT-7471","LGG","2",0.00478568533435464,"2"
"Drews","3",20261003,"TCGA-HT-7480","LGG","2",0.0011217036517337,"2"
"Drews","3",20261003,"TCGA-HT-7693","LGG","2",0.191024109721184,"2"
"Drews","3",20261003,"TCGA-HT-7860","LGG","2",0.479783743619919,"2"
"Drews","3",20261003,"TCGA-HT-7879","LGG","2",0.401563555002213,"2"
"Drews","3",20261003,"TCGA-HW-8319","LGG","2",0.202236965298653,"2"
"Drews","3",20261003,"TCGA-HW-8320","LGG","2",0.118847765028477,"2"
"Drews","3",20261003,"TCGA-IK-8125","LGG","2",0.00233151740394533,"2"
"Drews","3",20261003,"TCGA-P5-A5F4","LGG","2",0.167724281549454,"2"
"Drews","3",20261003,"TCGA-P5-A780","LGG","1",0.435544401407242,"2"
"Drews","3",20261003,"TCGA-QH-A6CW","LGG","2",0.115065522491932,"2"
"Drews","3",20261003,"TCGA-TM-A84G","LGG","2",0.00915437657386065,"2"
"Drews","3",20261003,"TCGA-TM-A84J","LGG","1",0.991616904735565,"1"
"Drews","3",20261003,"TCGA-TM-A84L","LGG","2",0.0200213734060526,"2"
"Drews","3",20261003,"TCGA-TQ-A7RS","LGG","2",0.011159704066813,"2"
"Drews","3",20261003,"TCGA-2Y-A9H0","LIHC","1",0.997188985347748,"1"
"Drews","3",20261003,"TCGA-4R-AA8I","LIHC","1",0.925380766391754,"1"
"Drews","3",20261003,"TCGA-CC-A7IJ","LIHC","1",0.999687552452087,"1"
"Drews","3",20261003,"TCGA-DD-A1EB","LIHC","1",0.461845964193344,"2"
"Drews","3",20261003,"TCGA-DD-A1EE","LIHC","2",0.547893941402435,"1"
"Drews","3",20261003,"TCGA-DD-A39Z","LIHC","2",0.8483065366745,"1"
"Drews","3",20261003,"TCGA-DD-A3A5","LIHC","1",0.838037371635437,"1"
"Drews","3",20261003,"TCGA-DD-A73F","LIHC","1",0.917846024036407,"1"
"Drews","3",20261003,"TCGA-DD-AACJ","LIHC","2",0.95471727848053,"1"
"Drews","3",20261003,"TCGA-DD-AADC","LIHC","1",0.996736466884613,"1"
"Drews","3",20261003,"TCGA-DD-AADD","LIHC","1",0.976518929004669,"1"
"Drews","3",20261003,"TCGA-DD-AADN","LIHC","1",0.997675836086273,"1"
"Drews","3",20261003,"TCGA-DD-AADP","LIHC","1",0.92681497335434,"1"
"Drews","3",20261003,"TCGA-DD-AAEG","LIHC","1",0.986109912395477,"1"
"Drews","3",20261003,"TCGA-DD-AAVY","LIHC","2",0.542913973331451,"1"
"Drews","3",20261003,"TCGA-ES-A2HT","LIHC","2",0.193549573421478,"2"
"Drews","3",20261003,"TCGA-G3-A5SL","LIHC","1",0.204321324825287,"2"
"Drews","3",20261003,"TCGA-LG-A9QD","LIHC","2",0.0181757863610983,"2"
"Drews","3",20261003,"TCGA-RC-A6M6","LIHC","1",0.999629497528076,"1"
"Drews","3",20261003,"TCGA-UB-A7MB","LIHC","1",0.998828113079071,"1"
"Drews","3",20261003,"TCGA-WX-AA44","LIHC","1",0.989280760288239,"1"
"Drews","3",20261003,"TCGA-44-7669","LUAD","1",0.999658942222595,"1"
"Drews","3",20261003,"TCGA-44-8117","LUAD","1",0.999265611171722,"1"
"Drews","3",20261003,"TCGA-44-A4SU","LUAD","1",0.998596966266632,"1"
"Drews","3",20261003,"TCGA-49-AARE","LUAD","1",0.997878074645996,"1"
"Drews","3",20261003,"TCGA-50-5932","LUAD","1",0.983168184757233,"1"
"Drews","3",20261003,"TCGA-50-6591","LUAD","1",0.999991297721863,"1"
"Drews","3",20261003,"TCGA-53-7624","LUAD","1",0.999960780143738,"1"
"Drews","3",20261003,"TCGA-55-1595","LUAD","1",0.999956250190735,"1"
"Drews","3",20261003,"TCGA-55-7570","LUAD","1",0.999296903610229,"1"
"Drews","3",20261003,"TCGA-55-7903","LUAD","1",0.99826568365097,"1"
"Drews","3",20261003,"TCGA-55-7994","LUAD","1",0.99266642332077,"1"
"Drews","3",20261003,"TCGA-55-8507","LUAD","1",0.99951434135437,"1"
"Drews","3",20261003,"TCGA-55-A48Z","LUAD","1",0.999589264392853,"1"
"Drews","3",20261003,"TCGA-62-A46O","LUAD","1",0.999973058700562,"1"
"Drews","3",20261003,"TCGA-62-A46Y","LUAD","2",0.475593268871307,"2"
"Drews","3",20261003,"TCGA-64-1680","LUAD","2",0.808356523513794,"1"
"Drews","3",20261003,"TCGA-67-3771","LUAD","1",0.999893188476562,"1"
"Drews","3",20261003,"TCGA-67-3773","LUAD","1",0.820585548877716,"1"
"Drews","3",20261003,"TCGA-67-3774","LUAD","1",0.983965396881104,"1"
"Drews","3",20261003,"TCGA-69-7760","LUAD","1",0.999954581260681,"1"
"Drews","3",20261003,"TCGA-71-6725","LUAD","1",0.999062240123749,"1"
"Drews","3",20261003,"TCGA-73-4670","LUAD","1",0.999691724777222,"1"
"Drews","3",20261003,"TCGA-78-7155","LUAD","1",0.999624729156494,"1"
"Drews","3",20261003,"TCGA-86-8279","LUAD","1",0.999797761440277,"1"
"Drews","3",20261003,"TCGA-97-7546","LUAD","1",0.890513360500336,"1"
"Drews","3",20261003,"TCGA-97-8171","LUAD","1",0.912208080291748,"1"
"Drews","3",20261003,"TCGA-J2-A4AE","LUAD","1",0.843752205371857,"1"
"Drews","3",20261003,"TCGA-18-3411","LUSC","1",0.998797535896301,"1"
"Drews","3",20261003,"TCGA-21-5782","LUSC","1",0.999905228614807,"1"
"Drews","3",20261003,"TCGA-21-5783","LUSC","1",0.999952554702759,"1"
"Drews","3",20261003,"TCGA-22-1012","LUSC","1",0.999845385551453,"1"
"Drews","3",20261003,"TCGA-39-5035","LUSC","1",0.989671587944031,"1"
"Drews","3",20261003,"TCGA-43-8115","LUSC","1",0.999724209308624,"1"
"Drews","3",20261003,"TCGA-46-3769","LUSC","1",0.999733984470367,"1"
"Drews","3",20261003,"TCGA-56-7579","LUSC","1",0.999879956245422,"1"
"Drews","3",20261003,"TCGA-56-8083","LUSC","1",0.999934792518616,"1"
"Drews","3",20261003,"TCGA-56-8622","LUSC","1",0.622348487377167,"1"
"Drews","3",20261003,"TCGA-56-8629","LUSC","1",0.999789774417877,"1"
"Drews","3",20261003,"TCGA-58-A46L","LUSC","1",0.999717533588409,"1"
"Drews","3",20261003,"TCGA-60-2706","LUSC","1",0.999943614006042,"1"
"Drews","3",20261003,"TCGA-60-2708","LUSC","1",0.999117076396942,"1"
"Drews","3",20261003,"TCGA-60-2722","LUSC","1",0.999490261077881,"1"
"Drews","3",20261003,"TCGA-60-2724","LUSC","1",0.999497413635254,"1"
"Drews","3",20261003,"TCGA-66-2756","LUSC","1",0.999953508377075,"1"
"Drews","3",20261003,"TCGA-66-2757","LUSC","1",0.999982476234436,"1"
"Drews","3",20261003,"TCGA-66-2785","LUSC","1",0.999464452266693,"1"
"Drews","3",20261003,"TCGA-66-2794","LUSC","1",0.994371235370636,"1"
"Drews","3",20261003,"TCGA-68-7755","LUSC","1",0.999400615692139,"1"
"Drews","3",20261003,"TCGA-70-6723","LUSC","1",0.999564945697784,"1"
"Drews","3",20261003,"TCGA-77-7337","LUSC","1",0.998493313789368,"1"
"Drews","3",20261003,"TCGA-85-6798","LUSC","1",0.999472081661224,"1"
"Drews","3",20261003,"TCGA-85-8070","LUSC","1",0.999978184700012,"1"
"Drews","3",20261003,"TCGA-85-8351","LUSC","1",0.999710023403168,"1"
"Drews","3",20261003,"TCGA-85-8352","LUSC","1",0.99997878074646,"1"
"Drews","3",20261003,"TCGA-85-8354","LUSC","1",0.999660611152649,"1"
"Drews","3",20261003,"TCGA-85-A4QQ","LUSC","1",0.997781813144684,"1"
"Drews","3",20261003,"TCGA-85-A5B5","LUSC","1",0.999327063560486,"1"
"Drews","3",20261003,"TCGA-98-8022","LUSC","1",0.99870777130127,"1"
"Drews","3",20261003,"TCGA-LA-A7SW","LUSC","1",0.999678611755371,"1"
"Drews","3",20261003,"TCGA-O2-A52N","LUSC","1",0.997560858726501,"1"
"Drews","3",20261003,"TCGA-O2-A52Q","LUSC","1",0.999297857284546,"1"
"Drews","3",20261003,"TCGA-MQ-A4LV","MESO","1",0.991742372512817,"1"
"Drews","3",20261003,"TCGA-SC-A6LM","MESO","1",0.981452405452728,"1"
"Drews","3",20261003,"TCGA-TS-A8AI","MESO","1",0.953028678894043,"1"
"Drews","3",20261003,"TCGA-ZN-A9VU","MESO","2",0.0988235771656036,"2"
"Drews","3",20261003,"TCGA-04-1362","OV","1",0.999977350234985,"1"
"Drews","3",20261003,"TCGA-09-0364","OV","1",0.999739229679108,"1"
"Drews","3",20261003,"TCGA-10-0928","OV","1",0.9998859167099,"1"
"Drews","3",20261003,"TCGA-13-0890","OV","1",0.999961733818054,"1"
"Drews","3",20261003,"TCGA-13-0916","OV","1",0.999702751636505,"1"
"Drews","3",20261003,"TCGA-13-1403","OV","1",0.999951362609863,"1"
"Drews","3",20261003,"TCGA-20-1685","OV","1",0.999987721443176,"1"
"Drews","3",20261003,"TCGA-20-1687","OV","1",0.98300164937973,"1"
"Drews","3",20261003,"TCGA-23-1027","OV","1",0.994797587394714,"1"
"Drews","3",20261003,"TCGA-23-1809","OV","1",0.999914646148682,"1"
"Drews","3",20261003,"TCGA-24-1427","OV","1",0.999940633773804,"1"
"Drews","3",20261003,"TCGA-24-1846","OV","1",0.999905109405518,"1"
"Drews","3",20261003,"TCGA-24-2261","OV","1",0.999991893768311,"1"
"Drews","3",20261003,"TCGA-24-2271","OV","1",0.999651551246643,"1"
"Drews","3",20261003,"TCGA-25-1312","OV","1",0.999941945075989,"1"
"Drews","3",20261003,"TCGA-25-1315","OV","1",0.999989986419678,"1"
"Drews","3",20261003,"TCGA-25-2391","OV","1",0.999800145626068,"1"
"Drews","3",20261003,"TCGA-25-2393","OV","1",0.999966502189636,"1"
"Drews","3",20261003,"TCGA-29-1695","OV","1",0.999934792518616,"1"
"Drews","3",20261003,"TCGA-29-1696","OV","1",0.99777227640152,"1"
"Drews","3",20261003,"TCGA-29-1702","OV","1",0.999903798103333,"1"
"Drews","3",20261003,"TCGA-29-1703","OV","1",0.999633193016052,"1"
"Drews","3",20261003,"TCGA-29-1710","OV","1",0.998742759227753,"1"
"Drews","3",20261003,"TCGA-29-1776","OV","1",0.999942898750305,"1"
"Drews","3",20261003,"TCGA-29-1781","OV","1",0.997319042682648,"1"
"Drews","3",20261003,"TCGA-30-1855","OV","1",0.999987721443176,"1"
"Drews","3",20261003,"TCGA-30-1857","OV","1",0.99992036819458,"1"
"Drews","3",20261003,"TCGA-30-1862","OV","1",0.999519348144531,"1"
"Drews","3",20261003,"TCGA-59-A5PD","OV","1",0.999965906143188,"1"
"Drews","3",20261003,"TCGA-61-1725","OV","1",0.999827861785889,"1"
"Drews","3",20261003,"TCGA-61-1736","OV","1",0.999414324760437,"1"
"Drews","3",20261003,"TCGA-61-2094","OV","1",0.997288227081299,"1"
"Drews","3",20261003,"TCGA-61-2111","OV","1",0.999855995178223,"1"
"Drews","3",20261003,"TCGA-2L-AAQE","PAAD","1",0.99822872877121,"1"
"Drews","3",20261003,"TCGA-3A-A9J0","PAAD","1",0.999341785907745,"1"
"Drews","3",20261003,"TCGA-IB-AAUO","PAAD","1",0.994321346282959,"1"
"Drews","3",20261003,"TCGA-PZ-A5RE","PAAD","1",0.994757950305939,"1"
"Drews","3",20261003,"TCGA-YY-A8LH","PAAD","2",0.982121825218201,"1"
"Drews","3",20261003,"TCGA-QR-A6H6","PCPG","2",0.0283704157918692,"2"
"Drews","3",20261003,"TCGA-QR-A708","PCPG","1",0.715425670146942,"1"
"Drews","3",20261003,"TCGA-QT-A5XK","PCPG","2",0.0968507155776024,"2"
"Drews","3",20261003,"TCGA-RT-A6YA","PCPG","2",0.281800121068954,"2"
"Drews","3",20261003,"TCGA-RW-A68A","PCPG","2",0.634086430072784,"1"
"Drews","3",20261003,"TCGA-S7-A7WP","PCPG","2",0.0654204338788986,"2"
"Drews","3",20261003,"TCGA-SR-A6MP","PCPG","1",0.265998065471649,"2"
"Drews","3",20261003,"TCGA-W2-A7H7","PCPG","2",0.300035446882248,"2"
"Drews","3",20261003,"TCGA-WB-A80K","PCPG","2",0.0318132787942886,"2"
"Drews","3",20261003,"TCGA-WB-A81T","PCPG","2",0.0205684117972851,"2"
"Drews","3",20261003,"TCGA-2A-A8VX","PRAD","1",0.998354971408844,"1"
"Drews","3",20261003,"TCGA-CH-5765","PRAD","2",0.893189907073975,"1"
"Drews","3",20261003,"TCGA-CH-5766","PRAD","1",0.982836842536926,"1"
"Drews","3",20261003,"TCGA-EJ-7783","PRAD","2",0.547644436359406,"1"
"Drews","3",20261003,"TCGA-EJ-A8FN","PRAD","1",0.322651267051697,"2"
"Drews","3",20261003,"TCGA-HC-7080","PRAD","1",0.881244957447052,"1"
"Drews","3",20261003,"TCGA-HC-7748","PRAD","1",0.738220274448395,"1"
"Drews","3",20261003,"TCGA-HC-A9TE","PRAD","1",0.999574720859528,"1"
"Drews","3",20261003,"TCGA-HI-7168","PRAD","1",0.996989071369171,"1"
"Drews","3",20261003,"TCGA-J4-A83J","PRAD","1",0.810122132301331,"1"
"Drews","3",20261003,"TCGA-KC-A7F3","PRAD","1",0.832868337631226,"1"
"Drews","3",20261003,"TCGA-KK-A59X","PRAD","1",0.943703413009644,"1"
"Drews","3",20261003,"TCGA-KK-A6E4","PRAD","2",0.952821731567383,"1"
"Drews","3",20261003,"TCGA-KK-A6E5","PRAD","1",0.905632078647614,"1"
"Drews","3",20261003,"TCGA-KK-A8ID","PRAD","1",0.998923718929291,"1"
"Drews","3",20261003,"TCGA-V1-A9OL","PRAD","1",0.999799191951752,"1"
"Drews","3",20261003,"TCGA-XJ-A9DX","PRAD","1",0.954397618770599,"1"
"Drews","3",20261003,"TCGA-ZG-A9KY","PRAD","1",0.982435524463654,"1"
"Drews","3",20261003,"TCGA-AF-2693","READ","1",0.940938532352448,"1"
"Drews","3",20261003,"TCGA-AF-3913","READ","1",0.997027337551117,"1"
"Drews","3",20261003,"TCGA-AG-3731","READ","1",0.731976091861725,"1"
"Drews","3",20261003,"TCGA-AG-3742","READ","1",0.987374126911163,"1"
"Drews","3",20261003,"TCGA-AG-3878","READ","2",0.980848073959351,"1"
"Drews","3",20261003,"TCGA-AG-3887","READ","2",0.191751807928085,"2"
"Drews","3",20261003,"TCGA-AG-A026","READ","1",0.996273994445801,"1"
"Drews","3",20261003,"TCGA-AG-A02X","READ","1",0.993681311607361,"1"
"Drews","3",20261003,"TCGA-G5-6233","READ","1",0.982793688774109,"1"
"Drews","3",20261003,"TCGA-DX-A3UA","SARC","1",0.959871649742126,"1"
"Drews","3",20261003,"TCGA-DX-A6YS","SARC","1",0.924179792404175,"1"
"Drews","3",20261003,"TCGA-DX-A8BJ","SARC","1",0.998737037181854,"1"
"Drews","3",20261003,"TCGA-DX-A8BK","SARC","1",0.953761398792267,"1"
"Drews","3",20261003,"TCGA-DX-AB2F","SARC","1",0.996288537979126,"1"
"Drews","3",20261003,"TCGA-DX-AB2P","SARC","1",0.999134361743927,"1"
"Drews","3",20261003,"TCGA-DX-AB2Q","SARC","1",0.999721705913544,"1"
"Drews","3",20261003,"TCGA-DX-AB3B","SARC","1",0.753741860389709,"1"
"Drews","3",20261003,"TCGA-FX-A2QS","SARC","1",0.999866247177124,"1"
"Drews","3",20261003,"TCGA-FX-A3RE","SARC","1",0.999172985553741,"1"
"Drews","3",20261003,"TCGA-HB-A43Z","SARC","1",0.998729288578033,"1"
"Drews","3",20261003,"TCGA-IE-A4EH","SARC","1",0.995633065700531,"1"
"Drews","3",20261003,"TCGA-IS-A3K7","SARC","1",0.996409475803375,"1"
"Drews","3",20261003,"TCGA-IW-A3M5","SARC","1",0.998190104961395,"1"
"Drews","3",20261003,"TCGA-KD-A5QS","SARC","1",0.998548924922943,"1"
"Drews","3",20261003,"TCGA-KF-A41W","SARC","1",0.99998140335083,"1"
"Drews","3",20261003,"TCGA-LI-A9QH","SARC","1",0.999925494194031,"1"
"Drews","3",20261003,"TCGA-MB-A5Y8","SARC","1",0.944875001907349,"1"
"Drews","3",20261003,"TCGA-MB-A8JK","SARC","1",0.998579025268555,"1"
"Drews","3",20261003,"TCGA-QQ-A5VD","SARC","2",0.94386225938797,"1"
"Drews","3",20261003,"TCGA-QQ-A8VH","SARC","1",0.999963045120239,"1"
"Drews","3",20261003,"TCGA-SI-A71O","SARC","1",0.99982762336731,"1"
"Drews","3",20261003,"TCGA-X6-A7WB","SARC","1",0.971971213817596,"1"
"Drews","3",20261003,"TCGA-X6-A8C2","SARC","1",0.999733865261078,"1"
"Drews","3",20261003,"TCGA-BF-A5EQ","SKCM","1",0.553907632827759,"1"
"Drews","3",20261003,"TCGA-DA-A960","SKCM","2",0.991824567317963,"1"
"Drews","3",20261003,"TCGA-EB-A3XB","SKCM","2",0.421428561210632,"2"
"Drews","3",20261003,"TCGA-EB-A41B","SKCM","1",0.994751393795013,"1"
"Drews","3",20261003,"TCGA-EB-A4IQ","SKCM","1",0.816673338413239,"1"
"Drews","3",20261003,"TCGA-EB-A82C","SKCM","1",0.995119333267212,"1"
"Drews","3",20261003,"TCGA-ER-A19T","SKCM","1",0.99988317489624,"1"
"Drews","3",20261003,"TCGA-XV-A9W5","SKCM","1",0.990247011184692,"1"
"Drews","3",20261003,"TCGA-B7-A5TN","STAD","1",0.999898195266724,"1"
"Drews","3",20261003,"TCGA-BR-4362","STAD","2",0.924888074398041,"1"
"Drews","3",20261003,"TCGA-BR-4366","STAD","1",0.999247074127197,"1"
"Drews","3",20261003,"TCGA-BR-7703","STAD","1",0.0826159939169884,"2"
"Drews","3",20261003,"TCGA-BR-7715","STAD","1",0.999817907810211,"1"
"Drews","3",20261003,"TCGA-BR-8373","STAD","1",0.997210681438446,"1"
"Drews","3",20261003,"TCGA-BR-8483","STAD","1",0.998009622097015,"1"
"Drews","3",20261003,"TCGA-BR-8486","STAD","1",0.998318552970886,"1"
"Drews","3",20261003,"TCGA-CD-5800","STAD","1",0.999951124191284,"1"
"Drews","3",20261003,"TCGA-CD-8527","STAD","1",0.999180495738983,"1"
"Drews","3",20261003,"TCGA-CG-4304","STAD","1",0.971966922283173,"1"
"Drews","3",20261003,"TCGA-CG-4449","STAD","1",0.999780476093292,"1"
"Drews","3",20261003,"TCGA-CG-4474","STAD","2",0.211206823587418,"2"
"Drews","3",20261003,"TCGA-CG-5724","STAD","1",0.999863624572754,"1"
"Drews","3",20261003,"TCGA-D7-5578","STAD","1",0.985170304775238,"1"
"Drews","3",20261003,"TCGA-D7-A6EZ","STAD","1",0.975918471813202,"1"
"Drews","3",20261003,"TCGA-FP-8211","STAD","1",0.9964399933815,"1"
"Drews","3",20261003,"TCGA-HU-A4GF","STAD","1",0.999842047691345,"1"
"Drews","3",20261003,"TCGA-HU-A4GU","STAD","1",0.991660416126251,"1"
"Drews","3",20261003,"TCGA-HU-A4H2","STAD","1",0.997659921646118,"1"
"Drews","3",20261003,"TCGA-IN-A6RR","STAD","1",0.999915242195129,"1"
"Drews","3",20261003,"TCGA-IN-A6RS","STAD","1",0.974119186401367,"1"
"Drews","3",20261003,"TCGA-VQ-A8DU","STAD","1",0.999940037727356,"1"
"Drews","3",20261003,"TCGA-VQ-A8P5","STAD","1",0.999547898769379,"1"
"Drews","3",20261003,"TCGA-VQ-A91A","STAD","1",0.99994170665741,"1"
"Drews","3",20261003,"TCGA-VQ-A91Q","STAD","1",0.999027490615845,"1"
"Drews","3",20261003,"TCGA-VQ-A91S","STAD","1",0.997623264789581,"1"
"Drews","3",20261003,"TCGA-2G-AAFN","TGCT","1",0.994058966636658,"1"
"Drews","3",20261003,"TCGA-2G-AAGO","TGCT","1",0.988132059574127,"1"
"Drews","3",20261003,"TCGA-YU-A90W","TGCT","1",0.705964922904968,"1"
"Drews","3",20261003,"TCGA-YU-A912","TGCT","1",0.400039672851562,"2"
"Drews","3",20261003,"TCGA-DE-A3KN","THCA","2",0.0433791726827621,"2"
"Drews","3",20261003,"TCGA-EM-A2OY","THCA","2",0.0142153408378363,"2"
"Drews","3",20261003,"TCGA-5U-AB0D","THYM","1",0.877016007900238,"1"
"Drews","3",20261003,"TCGA-5B-A90C","UCEC","1",0.99994170665741,"1"
"Drews","3",20261003,"TCGA-A5-A0VQ","UCEC","2",0.0240058023482561,"2"
"Drews","3",20261003,"TCGA-A5-A1OG","UCEC","1",0.999703586101532,"1"
"Drews","3",20261003,"TCGA-A5-A3LP","UCEC","1",0.991539895534515,"1"
"Drews","3",20261003,"TCGA-AJ-A3NG","UCEC","2",0.497994989156723,"2"
"Drews","3",20261003,"TCGA-AJ-A3TW","UCEC","1",0.999871969223022,"1"
"Drews","3",20261003,"TCGA-AP-A052","UCEC","1",0.999869585037231,"1"
"Drews","3",20261003,"TCGA-AP-A05J","UCEC","1",0.999745190143585,"1"
"Drews","3",20261003,"TCGA-AP-A0LI","UCEC","1",0.999770104885101,"1"
"Drews","3",20261003,"TCGA-AW-A1PO","UCEC","1",0.999792754650116,"1"
"Drews","3",20261003,"TCGA-AX-A0IW","UCEC","1",0.999910354614258,"1"
"Drews","3",20261003,"TCGA-AX-A2HK","UCEC","1",0.999085068702698,"1"
"Drews","3",20261003,"TCGA-AX-A3FS","UCEC","2",0.944583415985107,"1"
"Drews","3",20261003,"TCGA-AX-A3FX","UCEC","1",0.959012269973755,"1"
"Drews","3",20261003,"TCGA-AX-A3G3","UCEC","1",0.999933838844299,"1"
"Drews","3",20261003,"TCGA-AX-A3GI","UCEC","1",0.999967932701111,"1"
"Drews","3",20261003,"TCGA-B5-A0KB","UCEC","1",0.994001805782318,"1"
"Drews","3",20261003,"TCGA-BG-A222","UCEC","2",0.757459759712219,"1"
"Drews","3",20261003,"TCGA-BS-A0TC","UCEC","2",0.253153175115585,"2"
"Drews","3",20261003,"TCGA-D1-A103","UCEC","2",0.0680929273366928,"2"
"Drews","3",20261003,"TCGA-D1-A16S","UCEC","1",0.999076128005981,"1"
"Drews","3",20261003,"TCGA-D1-A1NW","UCEC","1",0.995299458503723,"1"
"Drews","3",20261003,"TCGA-D1-A1NX","UCEC","1",0.995057821273804,"1"
"Drews","3",20261003,"TCGA-DI-A1NO","UCEC","1",0.999879360198975,"1"
"Drews","3",20261003,"TCGA-DI-A2QT","UCEC","1",0.996362507343292,"1"
"Drews","3",20261003,"TCGA-DI-A2QY","UCEC","1",0.999239683151245,"1"
"Drews","3",20261003,"TCGA-EO-A3KW","UCEC","1",0.999320030212402,"1"
"Drews","3",20261003,"TCGA-EY-A214","UCEC","1",0.99978893995285,"1"
"Drews","3",20261003,"TCGA-EY-A4KR","UCEC","1",0.999918937683105,"1"
"Drews","3",20261003,"TCGA-EY-A547","UCEC","1",0.996421694755554,"1"
"Drews","3",20261003,"TCGA-FI-A2F9","UCEC","1",0.903599143028259,"1"
"Drews","3",20261003,"TCGA-KP-A3VZ","UCEC","1",0.999982595443726,"1"
"Drews","3",20261003,"TCGA-KP-A3W4","UCEC","1",0.99927943944931,"1"
"Drews","3",20261003,"TCGA-QS-A8F1","UCEC","1",0.999632000923157,"1"
"Drews","3",20261003,"TCGA-N5-A59E","UCS","1",0.999961972236633,"1"
"Drews","3",20261003,"TCGA-N6-A4VF","UCS","2",0.854144513607025,"1"
"Drews","3",20261003,"TCGA-N7-A4Y8","UCS","1",0.998437941074371,"1"
"Drews","3",20261003,"TCGA-N8-A4PO","UCS","1",0.999738276004791,"1"
"Drews","3",20261003,"TCGA-NF-A4X2","UCS","1",0.99986720085144,"1"
"Drews","3",20261003,"TCGA-NF-A5CP","UCS","1",0.999939322471619,"1"
"Drews","3",20261003,"TCGA-NG-A4VU","UCS","1",0.99979966878891,"1"
"Drews","3",20261003,"TCGA-V4-A9EK","UVM","1",0.0351213254034519,"2"
"Drews","3",20261003,"TCGA-VD-A8KF","UVM","2",0.00138065509963781,"2"
"Drews","3",20261003,"TCGA-VD-A8KN","UVM","2",0.00541317602619529,"2"
"Drews","3",20261003,"TCGA-WC-A87W","UVM","2",0.00783946085721254,"2"
"Drews","4",20261004,"TCGA-OR-A5J2","ACC","1",0.7833092212677,"1"
"Drews","4",20261004,"TCGA-OR-A5J3","ACC","2",0.129118427634239,"2"
"Drews","4",20261004,"TCGA-OR-A5J6","ACC","2",0.402590215206146,"2"
"Drews","4",20261004,"TCGA-OR-A5JI","ACC","2",0.237680062651634,"2"
"Drews","4",20261004,"TCGA-OR-A5K4","ACC","2",0.821543991565704,"1"
"Drews","4",20261004,"TCGA-OR-A5K5","ACC","1",0.976342618465424,"1"
"Drews","4",20261004,"TCGA-OR-A5LK","ACC","2",0.548749387264252,"1"
"Drews","4",20261004,"TCGA-OR-A5LL","ACC","1",0.0910182893276215,"2"
"Drews","4",20261004,"TCGA-4Z-AA7S","BLCA","1",0.99814248085022,"1"
"Drews","4",20261004,"TCGA-BL-A0C8","BLCA","1",0.995461642742157,"1"
"Drews","4",20261004,"TCGA-BT-A0S7","BLCA","1",0.983481884002686,"1"
"Drews","4",20261004,"TCGA-BT-A2LA","BLCA","1",0.999652862548828,"1"
"Drews","4",20261004,"TCGA-BT-A42C","BLCA","1",0.999356210231781,"1"
"Drews","4",20261004,"TCGA-CF-A8HY","BLCA","1",0.994201958179474,"1"
"Drews","4",20261004,"TCGA-DK-A2I6","BLCA","1",0.999526262283325,"1"
"Drews","4",20261004,"TCGA-DK-A3IM","BLCA","1",0.999978065490723,"1"
"Drews","4",20261004,"TCGA-DK-A3IT","BLCA","1",0.997498452663422,"1"
"Drews","4",20261004,"TCGA-DK-A3X2","BLCA","1",0.999426603317261,"1"
"Drews","4",20261004,"TCGA-DK-A6B1","BLCA","1",0.986875534057617,"1"
"Drews","4",20261004,"TCGA-DK-AA6L","BLCA","1",0.999943256378174,"1"
"Drews","4",20261004,"TCGA-DK-AA6M","BLCA","1",0.999516606330872,"1"
"Drews","4",20261004,"TCGA-DK-AA71","BLCA","1",0.995831072330475,"1"
"Drews","4",20261004,"TCGA-DK-AA76","BLCA","1",0.999712765216827,"1"
"Drews","4",20261004,"TCGA-FD-A3SJ","BLCA","1",0.999754965305328,"1"
"Drews","4",20261004,"TCGA-G2-AA3F","BLCA","1",0.999879837036133,"1"
"Drews","4",20261004,"TCGA-GC-A3RD","BLCA","1",0.999968647956848,"1"
"Drews","4",20261004,"TCGA-GU-AATP","BLCA","1",0.99940812587738,"1"
"Drews","4",20261004,"TCGA-GV-A3QH","BLCA","1",0.99947315454483,"1"
"Drews","4",20261004,"TCGA-HQ-A2OE","BLCA","1",0.999196112155914,"1"
"Drews","4",20261004,"TCGA-K4-A3WV","BLCA","1",0.999951601028442,"1"
"Drews","4",20261004,"TCGA-KQ-A41R","BLCA","1",0.998402059078217,"1"
"Drews","4",20261004,"TCGA-PQ-A6FI","BLCA","1",0.999630331993103,"1"
"Drews","4",20261004,"TCGA-UY-A78N","BLCA","1",0.854224622249603,"1"
"Drews","4",20261004,"TCGA-UY-A78O","BLCA","1",0.99977308511734,"1"
"Drews","4",20261004,"TCGA-UY-A8OB","BLCA","1",0.999787986278534,"1"
"Drews","4",20261004,"TCGA-UY-A9PD","BLCA","1",0.9996657371521,"1"
"Drews","4",20261004,"TCGA-XF-AAMX","BLCA","1",0.999677538871765,"1"
"Drews","4",20261004,"TCGA-XF-AAN2","BLCA","1",0.998784244060516,"1"
"Drews","4",20261004,"TCGA-ZF-A9R1","BLCA","1",0.998556911945343,"1"
"Drews","4",20261004,"TCGA-ZF-A9R4","BLCA","1",0.992993533611298,"1"
"Drews","4",20261004,"TCGA-ZF-A9RE","BLCA","1",0.998495817184448,"1"
"Drews","4",20261004,"TCGA-A1-A0SF","BRCA","1",0.892143130302429,"1"
"Drews","4",20261004,"TCGA-A2-A0EO","BRCA","2",0.179263025522232,"2"
"Drews","4",20261004,"TCGA-A2-A0EX","BRCA","1",0.5242600440979,"1"
"Drews","4",20261004,"TCGA-A2-A0T0","BRCA","1",0.999621391296387,"1"
"Drews","4",20261004,"TCGA-A2-A0YC","BRCA","2",0.139379769563675,"2"
"Drews","4",20261004,"TCGA-A2-A25B","BRCA","1",0.999817192554474,"1"
"Drews","4",20261004,"TCGA-A7-A0CD","BRCA","2",0.904797196388245,"1"
"Drews","4",20261004,"TCGA-A7-A0CJ","BRCA","1",0.999075531959534,"1"
"Drews","4",20261004,"TCGA-A7-A0D9","BRCA","1",0.99397075176239,"1"
"Drews","4",20261004,"TCGA-A7-A13F","BRCA","1",0.970413684844971,"1"
"Drews","4",20261004,"TCGA-A7-A26F","BRCA","1",0.998694598674774,"1"
"Drews","4",20261004,"TCGA-A7-A26I","BRCA","1",0.999927878379822,"1"
"Drews","4",20261004,"TCGA-A8-A06N","BRCA","1",0.997061789035797,"1"
"Drews","4",20261004,"TCGA-A8-A06Q","BRCA","1",0.996935606002808,"1"
"Drews","4",20261004,"TCGA-A8-A06X","BRCA","1",0.999866008758545,"1"
"Drews","4",20261004,"TCGA-A8-A07E","BRCA","1",0.999613225460052,"1"
"Drews","4",20261004,"TCGA-A8-A07I","BRCA","1",0.99990713596344,"1"
"Drews","4",20261004,"TCGA-A8-A081","BRCA","1",0.99947601556778,"1"
"Drews","4",20261004,"TCGA-A8-A08F","BRCA","1",0.999950885772705,"1"
"Drews","4",20261004,"TCGA-A8-A08O","BRCA","1",0.967127561569214,"1"
"Drews","4",20261004,"TCGA-A8-A093","BRCA","1",0.170524910092354,"2"
"Drews","4",20261004,"TCGA-A8-A09W","BRCA","1",0.998564064502716,"1"
"Drews","4",20261004,"TCGA-AC-A23E","BRCA","2",0.372577041387558,"2"
"Drews","4",20261004,"TCGA-AC-A23H","BRCA","1",0.99258691072464,"1"
"Drews","4",20261004,"TCGA-AC-A5EH","BRCA","1",0.997691631317139,"1"
"Drews","4",20261004,"TCGA-AC-A5XU","BRCA","1",0.990308344364166,"1"
"Drews","4",20261004,"TCGA-AN-A0AL","BRCA","1",0.999989628791809,"1"
"Drews","4",20261004,"TCGA-AN-A0AR","BRCA","1",0.999958157539368,"1"
"Drews","4",20261004,"TCGA-AN-A0FV","BRCA","1",0.999744355678558,"1"
"Drews","4",20261004,"TCGA-AN-A0FW","BRCA","1",0.99891197681427,"1"
"Drews","4",20261004,"TCGA-AO-A03N","BRCA","1",0.997379839420319,"1"
"Drews","4",20261004,"TCGA-AO-A0J2","BRCA","1",0.999947071075439,"1"
"Drews","4",20261004,"TCGA-AO-A1KR","BRCA","1",0.998868763446808,"1"
"Drews","4",20261004,"TCGA-AQ-A04J","BRCA","1",0.999783456325531,"1"
"Drews","4",20261004,"TCGA-AR-A0TP","BRCA","1",0.999790608882904,"1"
"Drews","4",20261004,"TCGA-AR-A0U3","BRCA","1",0.998503565788269,"1"
"Drews","4",20261004,"TCGA-AR-A1AQ","BRCA","1",0.996522784233093,"1"
"Drews","4",20261004,"TCGA-AR-A24N","BRCA","2",0.831994354724884,"1"
"Drews","4",20261004,"TCGA-AR-A24Q","BRCA","1",0.999499320983887,"1"
"Drews","4",20261004,"TCGA-AR-A24Z","BRCA","1",0.999045431613922,"1"
"Drews","4",20261004,"TCGA-B6-A0IA","BRCA","1",0.88478547334671,"1"
"Drews","4",20261004,"TCGA-B6-A0IN","BRCA","1",0.998286306858063,"1"
"Drews","4",20261004,"TCGA-B6-A0RL","BRCA","1",0.999774992465973,"1"
"Drews","4",20261004,"TCGA-B6-A0RS","BRCA","1",0.999759495258331,"1"
"Drews","4",20261004,"TCGA-BH-A0AW","BRCA","1",0.99972015619278,"1"
"Drews","4",20261004,"TCGA-BH-A0AZ","BRCA","1",0.976416945457458,"1"
"Drews","4",20261004,"TCGA-BH-A0BP","BRCA","1",0.994511365890503,"1"
"Drews","4",20261004,"TCGA-BH-A0C7","BRCA","1",0.999543488025665,"1"
"Drews","4",20261004,"TCGA-BH-A0DG","BRCA","1",0.997775971889496,"1"
"Drews","4",20261004,"TCGA-BH-A0E2","BRCA","1",0.998594343662262,"1"
"Drews","4",20261004,"TCGA-BH-A0HB","BRCA","1",0.998961091041565,"1"
"Drews","4",20261004,"TCGA-BH-A0HQ","BRCA","2",0.0778258293867111,"2"
"Drews","4",20261004,"TCGA-BH-A0HX","BRCA","1",0.999629855155945,"1"
"Drews","4",20261004,"TCGA-BH-A0WA","BRCA","1",0.999983072280884,"1"
"Drews","4",20261004,"TCGA-BH-A1F6","BRCA","1",0.999719083309174,"1"
"Drews","4",20261004,"TCGA-BH-A1FE","BRCA","1",0.996480941772461,"1"
"Drews","4",20261004,"TCGA-BH-A1FL","BRCA","2",0.026939133182168,"2"
"Drews","4",20261004,"TCGA-C8-A12M","BRCA","1",0.999612390995026,"1"
"Drews","4",20261004,"TCGA-C8-A12W","BRCA","1",0.999723136425018,"1"
"Drews","4",20261004,"TCGA-C8-A130","BRCA","1",0.999985098838806,"1"
"Drews","4",20261004,"TCGA-C8-A132","BRCA","1",0.997450292110443,"1"
"Drews","4",20261004,"TCGA-C8-A26Z","BRCA","1",0.999296426773071,"1"
"Drews","4",20261004,"TCGA-C8-A275","BRCA","1",0.999782025814056,"1"
"Drews","4",20261004,"TCGA-D8-A1J8","BRCA","2",0.956616580486298,"1"
"Drews","4",20261004,"TCGA-D8-A1XJ","BRCA","1",0.999551713466644,"1"
"Drews","4",20261004,"TCGA-D8-A1XL","BRCA","1",0.999661087989807,"1"
"Drews","4",20261004,"TCGA-D8-A1XQ","BRCA","1",0.999221682548523,"1"
"Drews","4",20261004,"TCGA-D8-A1Y3","BRCA","1",0.998606860637665,"1"
"Drews","4",20261004,"TCGA-D8-A27H","BRCA","1",0.999979615211487,"1"
"Drews","4",20261004,"TCGA-E2-A14O","BRCA","2",0.990039765834808,"1"
"Drews","4",20261004,"TCGA-E2-A14T","BRCA","1",0.999739468097687,"1"
"Drews","4",20261004,"TCGA-E2-A14V","BRCA","1",0.999934315681458,"1"
"Drews","4",20261004,"TCGA-E2-A14X","BRCA","1",0.99966835975647,"1"
"Drews","4",20261004,"TCGA-E2-A14Z","BRCA","1",0.990708470344543,"1"
"Drews","4",20261004,"TCGA-E2-A15K","BRCA","1",0.980141401290894,"1"
"Drews","4",20261004,"TCGA-E2-A574","BRCA","1",0.999965310096741,"1"
"Drews","4",20261004,"TCGA-E9-A1N5","BRCA","1",0.963644683361053,"1"
"Drews","4",20261004,"TCGA-E9-A1N8","BRCA","1",0.99981015920639,"1"
"Drews","4",20261004,"TCGA-E9-A1RC","BRCA","1",0.239700645208359,"2"
"Drews","4",20261004,"TCGA-E9-A2JS","BRCA","1",0.999926686286926,"1"
"Drews","4",20261004,"TCGA-E9-A5UO","BRCA","1",0.998127162456512,"1"
"Drews","4",20261004,"TCGA-EW-A1IY","BRCA","2",0.813722133636475,"1"
"Drews","4",20261004,"TCGA-EW-A1OZ","BRCA","1",0.997171700000763,"1"
"Drews","4",20261004,"TCGA-EW-A1PD","BRCA","1",0.999515295028687,"1"
"Drews","4",20261004,"TCGA-EW-A1PH","BRCA","1",0.999787747859955,"1"
"Drews","4",20261004,"TCGA-EW-A6SC","BRCA","1",0.940873086452484,"1"
"Drews","4",20261004,"TCGA-GM-A2DF","BRCA","1",0.999273598194122,"1"
"Drews","4",20261004,"TCGA-GM-A3XL","BRCA","1",0.998791396617889,"1"
"Drews","4",20261004,"TCGA-HN-A2NL","BRCA","1",0.99815434217453,"1"
"Drews","4",20261004,"TCGA-LL-A73Y","BRCA","1",0.997114896774292,"1"
"Drews","4",20261004,"TCGA-OL-A5D7","BRCA","1",0.999782621860504,"1"
"Drews","4",20261004,"TCGA-OL-A5S0","BRCA","1",0.999923467636108,"1"
"Drews","4",20261004,"TCGA-PE-A5DE","BRCA","1",0.759226560592651,"1"
"Drews","4",20261004,"TCGA-S3-AA12","BRCA","1",0.875929534435272,"1"
"Drews","4",20261004,"TCGA-WT-AB44","BRCA","2",0.231945380568504,"2"
"Drews","4",20261004,"TCGA-C5-A1BL","CESC","1",0.943694412708282,"1"
"Drews","4",20261004,"TCGA-C5-A2LV","CESC","1",0.97624945640564,"1"
"Drews","4",20261004,"TCGA-C5-A7UC","CESC","2",0.96399974822998,"1"
"Drews","4",20261004,"TCGA-C5-A7UE","CESC","2",0.975515604019165,"1"
"Drews","4",20261004,"TCGA-C5-A7X5","CESC","1",0.999932408332825,"1"
"Drews","4",20261004,"TCGA-DG-A2KK","CESC","2",0.491833746433258,"2"
"Drews","4",20261004,"TCGA-EK-A2RL","CESC","1",0.930066466331482,"1"
"Drews","4",20261004,"TCGA-EX-A69M","CESC","2",0.968269884586334,"1"
"Drews","4",20261004,"TCGA-FU-A5XV","CESC","2",0.498009294271469,"2"
"Drews","4",20261004,"TCGA-JX-A3Q0","CESC","2",0.856163859367371,"1"
"Drews","4",20261004,"TCGA-VS-A8QC","CESC","1",0.995659112930298,"1"
"Drews","4",20261004,"TCGA-VS-A9U6","CESC","1",0.999389410018921,"1"
"Drews","4",20261004,"TCGA-VS-A9UM","CESC","1",0.991527616977692,"1"
"Drews","4",20261004,"TCGA-VS-A9UO","CESC","1",0.998887598514557,"1"
"Drews","4",20261004,"TCGA-VS-A9UQ","CESC","1",0.92829567193985,"1"
"Drews","4",20261004,"TCGA-VS-A9V0","CESC","1",0.999529480934143,"1"
"Drews","4",20261004,"TCGA-W5-AA2T","CHOL","1",0.935074210166931,"1"
"Drews","4",20261004,"TCGA-A6-2677","COAD","1",0.756629526615143,"1"
"Drews","4",20261004,"TCGA-AA-3549","COAD","1",0.998262226581573,"1"
"Drews","4",20261004,"TCGA-AA-3666","COAD","1",0.9849773645401,"1"
"Drews","4",20261004,"TCGA-AA-3692","COAD","2",0.967157304286957,"1"
"Drews","4",20261004,"TCGA-AA-3852","COAD","2",0.31542894244194,"2"
"Drews","4",20261004,"TCGA-AA-3952","COAD","1",0.997875094413757,"1"
"Drews","4",20261004,"TCGA-AA-A01S","COAD","1",0.978004515171051,"1"
"Drews","4",20261004,"TCGA-AA-A01Z","COAD","1",0.996009469032288,"1"
"Drews","4",20261004,"TCGA-AA-A022","COAD","2",0.482292234897614,"2"
"Drews","4",20261004,"TCGA-AM-5820","COAD","1",0.675134360790253,"1"
"Drews","4",20261004,"TCGA-AZ-4615","COAD","2",0.117031402885914,"2"
"Drews","4",20261004,"TCGA-CA-5797","COAD","1",0.931552290916443,"1"
"Drews","4",20261004,"TCGA-CA-6718","COAD","2",0.606998264789581,"1"
"Drews","4",20261004,"TCGA-CK-6751","COAD","2",0.0102684032171965,"2"
"Drews","4",20261004,"TCGA-CM-5862","COAD","1",0.998444974422455,"1"
"Drews","4",20261004,"TCGA-CM-6170","COAD","1",0.583511352539062,"1"
"Drews","4",20261004,"TCGA-CM-6675","COAD","1",0.988096952438354,"1"
"Drews","4",20261004,"TCGA-D5-5537","COAD","2",0.487981230020523,"2"
"Drews","4",20261004,"TCGA-DM-A1DA","COAD","1",0.660644590854645,"1"
"Drews","4",20261004,"TCGA-DM-A28F","COAD","1",0.994878649711609,"1"
"Drews","4",20261004,"TCGA-G4-6626","COAD","1",0.996762990951538,"1"
"Drews","4",20261004,"TCGA-VB-A8QN","DLBC","1",0.992197930812836,"1"
"Drews","4",20261004,"TCGA-IG-A3YB","ESCA","1",0.916604042053223,"1"
"Drews","4",20261004,"TCGA-IG-A8O2","ESCA","1",0.996877789497375,"1"
"Drews","4",20261004,"TCGA-JY-A6FE","ESCA","1",0.99996018409729,"1"
"Drews","4",20261004,"TCGA-JY-A93E","ESCA","1",0.99981564283371,"1"
"Drews","4",20261004,"TCGA-L5-A4OP","ESCA","1",0.99933534860611,"1"
"Drews","4",20261004,"TCGA-L5-A8NF","ESCA","1",0.998827755451202,"1"
"Drews","4",20261004,"TCGA-L5-A8NN","ESCA","1",0.999808728694916,"1"
"Drews","4",20261004,"TCGA-L5-A8NS","ESCA","1",0.998972296714783,"1"
"Drews","4",20261004,"TCGA-LN-A49M","ESCA","1",0.998959422111511,"1"
"Drews","4",20261004,"TCGA-LN-A49U","ESCA","1",0.99761688709259,"1"
"Drews","4",20261004,"TCGA-LN-A4A2","ESCA","1",0.999493956565857,"1"
"Drews","4",20261004,"TCGA-LN-A4A4","ESCA","1",0.998040020465851,"1"
"Drews","4",20261004,"TCGA-LN-A4A9","ESCA","1",0.995371997356415,"1"
"Drews","4",20261004,"TCGA-LN-A4MQ","ESCA","1",0.999607026576996,"1"
"Drews","4",20261004,"TCGA-LN-A5U5","ESCA","1",0.998489022254944,"1"
"Drews","4",20261004,"TCGA-V5-A7RC","ESCA","1",0.999911069869995,"1"
"Drews","4",20261004,"TCGA-VR-A8EY","ESCA","1",0.995735645294189,"1"
"Drews","4",20261004,"TCGA-Z6-A8JE","ESCA","1",0.999291777610779,"1"
"Drews","4",20261004,"TCGA-06-2558","GBM","1",0.99713671207428,"1"
"Drews","4",20261004,"TCGA-06-2562","GBM","2",0.644895553588867,"1"
"Drews","4",20261004,"TCGA-26-5133","GBM","1",0.997648775577545,"1"
"Drews","4",20261004,"TCGA-27-1837","GBM","2",0.90764456987381,"1"
"Drews","4",20261004,"TCGA-27-2521","GBM","1",0.998705267906189,"1"
"Drews","4",20261004,"TCGA-28-5218","GBM","2",0.980370283126831,"1"
"Drews","4",20261004,"TCGA-BA-4075","HNSC","1",0.960693120956421,"1"
"Drews","4",20261004,"TCGA-BA-4076","HNSC","1",0.99955290555954,"1"
"Drews","4",20261004,"TCGA-BA-6870","HNSC","1",0.997511982917786,"1"
"Drews","4",20261004,"TCGA-BA-7269","HNSC","1",0.998501300811768,"1"
"Drews","4",20261004,"TCGA-BA-A6DE","HNSC","1",0.999828934669495,"1"
"Drews","4",20261004,"TCGA-BB-A5HY","HNSC","1",0.999264657497406,"1"
"Drews","4",20261004,"TCGA-CN-6010","HNSC","1",0.984830975532532,"1"
"Drews","4",20261004,"TCGA-CN-6024","HNSC","1",0.99902331829071,"1"
"Drews","4",20261004,"TCGA-CQ-6228","HNSC","1",0.999273002147675,"1"
"Drews","4",20261004,"TCGA-CV-6935","HNSC","1",0.992472171783447,"1"
"Drews","4",20261004,"TCGA-CV-7255","HNSC","1",0.997172176837921,"1"
"Drews","4",20261004,"TCGA-CV-7263","HNSC","2",0.972771346569061,"1"
"Drews","4",20261004,"TCGA-CV-7406","HNSC","1",0.995943486690521,"1"
"Drews","4",20261004,"TCGA-CV-7414","HNSC","1",0.993504643440247,"1"
"Drews","4",20261004,"TCGA-CV-A6JE","HNSC","1",0.936657607555389,"1"
"Drews","4",20261004,"TCGA-CV-A6K2","HNSC","2",0.478788822889328,"2"
"Drews","4",20261004,"TCGA-HD-7831","HNSC","1",0.940828680992126,"1"
"Drews","4",20261004,"TCGA-IQ-7630","HNSC","1",0.971600234508514,"1"
"Drews","4",20261004,"TCGA-MT-A51X","HNSC","1",0.900302112102509,"1"
"Drews","4",20261004,"TCGA-MT-A7BN","HNSC","1",0.998226583003998,"1"
"Drews","4",20261004,"TCGA-QK-A6IJ","HNSC","1",0.97134530544281,"1"
"Drews","4",20261004,"TCGA-T2-A6WX","HNSC","2",0.0393335670232773,"2"
"Drews","4",20261004,"TCGA-UF-A719","HNSC","1",0.998837649822235,"1"
"Drews","4",20261004,"TCGA-KL-8327","KICH","2",0.0200269781053066,"2"
"Drews","4",20261004,"TCGA-KL-8336","KICH","2",0.0109812701120973,"2"
"Drews","4",20261004,"TCGA-KL-8341","KICH","1",0.0459920205175877,"2"
"Drews","4",20261004,"TCGA-KL-8342","KICH","2",0.0060628792271018,"2"
"Drews","4",20261004,"TCGA-KL-8346","KICH","2",0.10462524741888,"2"
"Drews","4",20261004,"TCGA-KM-8438","KICH","2",0.000869642826728523,"2"
"Drews","4",20261004,"TCGA-KN-8429","KICH","2",0.0106062162667513,"2"
"Drews","4",20261004,"TCGA-A3-3380","KIRC","2",0.00269446894526482,"2"
"Drews","4",20261004,"TCGA-B0-4712","KIRC","2",0.355771690607071,"2"
"Drews","4",20261004,"TCGA-B0-5696","KIRC","2",0.000250020792009309,"2"
"Drews","4",20261004,"TCGA-B2-4102","KIRC","2",0.000889639020897448,"2"
"Drews","4",20261004,"TCGA-BP-4161","KIRC","2",0.00040922305197455,"2"
"Drews","4",20261004,"TCGA-BP-5175","KIRC","1",0.0436985827982426,"2"
"Drews","4",20261004,"TCGA-BP-5199","KIRC","2",0.00286491424776614,"2"
"Drews","4",20261004,"TCGA-CJ-4902","KIRC","2",0.00709171965718269,"2"
"Drews","4",20261004,"TCGA-CJ-5678","KIRC","2",0.00242986180819571,"2"
"Drews","4",20261004,"TCGA-CJ-5679","KIRC","2",0.00140392361208797,"2"
"Drews","4",20261004,"TCGA-CJ-6033","KIRC","2",0.000757744826842099,"2"
"Drews","4",20261004,"TCGA-CW-5585","KIRC","2",0.000270132528385147,"2"
"Drews","4",20261004,"TCGA-CZ-5984","KIRC","2",0.000162545504281297,"2"
"Drews","4",20261004,"TCGA-DV-5568","KIRC","2",0.000664102612063289,"2"
"Drews","4",20261004,"TCGA-G6-A8L6","KIRC","2",0.00179139943793416,"2"
"Drews","4",20261004,"TCGA-2Z-A9JR","KIRP","2",0.00291733071208,"2"
"Drews","4",20261004,"TCGA-2Z-A9JS","KIRP","2",0.00693759648129344,"2"
"Drews","4",20261004,"TCGA-A4-A5DU","KIRP","2",0.0055856672115624,"2"
"Drews","4",20261004,"TCGA-B9-A44B","KIRP","1",0.175105378031731,"2"
"Drews","4",20261004,"TCGA-BQ-5878","KIRP","1",0.00617254804819822,"2"
"Drews","4",20261004,"TCGA-G7-A8LB","KIRP","2",0.0181207116693258,"2"
"Drews","4",20261004,"TCGA-G7-A8LC","KIRP","2",0.0216497518122196,"2"
"Drews","4",20261004,"TCGA-GL-7773","KIRP","2",0.106294974684715,"2"
"Drews","4",20261004,"TCGA-P4-A5E8","KIRP","2",0.535714983940125,"1"
"Drews","4",20261004,"TCGA-DB-A4XE","LGG","2",0.117966778576374,"2"
"Drews","4",20261004,"TCGA-DH-A7US","LGG","2",0.00487072579562664,"2"
"Drews","4",20261004,"TCGA-DH-A7UV","LGG","2",0.12070706486702,"2"
"Drews","4",20261004,"TCGA-DU-5853","LGG","2",0.308707565069199,"2"
"Drews","4",20261004,"TCGA-DU-6410","LGG","2",0.0974132195115089,"2"
"Drews","4",20261004,"TCGA-DU-7294","LGG","2",0.00303299678489566,"2"
"Drews","4",20261004,"TCGA-DU-A7T6","LGG","1",0.161359772086143,"2"
"Drews","4",20261004,"TCGA-E1-A7YD","LGG","1",0.997393250465393,"1"
"Drews","4",20261004,"TCGA-FG-6689","LGG","2",0.325731992721558,"2"
"Drews","4",20261004,"TCGA-HT-7474","LGG","2",0.0534209385514259,"2"
"Drews","4",20261004,"TCGA-HT-7692","LGG","2",0.00950653292238712,"2"
"Drews","4",20261004,"TCGA-HT-7855","LGG","2",0.0392647944390774,"2"
"Drews","4",20261004,"TCGA-HT-7860","LGG","2",0.120589099824429,"2"
"Drews","4",20261004,"TCGA-HT-7875","LGG","2",0.00874575227499008,"2"
"Drews","4",20261004,"TCGA-HT-A61C","LGG","2",0.946630418300629,"1"
"Drews","4",20261004,"TCGA-HW-8319","LGG","2",0.362621366977692,"2"
"Drews","4",20261004,"TCGA-P5-A5F4","LGG","2",0.319464176893234,"2"
"Drews","4",20261004,"TCGA-P5-A77W","LGG","2",0.0461340881884098,"2"
"Drews","4",20261004,"TCGA-P5-A780","LGG","1",0.229505702853203,"2"
"Drews","4",20261004,"TCGA-S9-A6TY","LGG","2",0.0556963719427586,"2"
"Drews","4",20261004,"TCGA-S9-A6U5","LGG","2",0.000913284893613309,"2"
"Drews","4",20261004,"TCGA-S9-A7R1","LGG","2",0.00286059523932636,"2"
"Drews","4",20261004,"TCGA-TM-A84G","LGG","2",0.0104742795228958,"2"
"Drews","4",20261004,"TCGA-VM-A8CA","LGG","2",0.0241863932460546,"2"
"Drews","4",20261004,"TCGA-2Y-A9H0","LIHC","1",0.994248986244202,"1"
"Drews","4",20261004,"TCGA-2Y-A9H4","LIHC","1",0.974638700485229,"1"
"Drews","4",20261004,"TCGA-2Y-A9H6","LIHC","1",0.654133677482605,"1"
"Drews","4",20261004,"TCGA-2Y-A9HA","LIHC","1",0.989494621753693,"1"
"Drews","4",20261004,"TCGA-3K-AAZ8","LIHC","2",0.379079222679138,"2"
"Drews","4",20261004,"TCGA-CC-5260","LIHC","1",0.376786321401596,"2"
"Drews","4",20261004,"TCGA-DD-A3A3","LIHC","2",0.956527471542358,"1"
"Drews","4",20261004,"TCGA-DD-A3A5","LIHC","1",0.952799499034882,"1"
"Drews","4",20261004,"TCGA-DD-A73G","LIHC","1",0.996823191642761,"1"
"Drews","4",20261004,"TCGA-DD-AADF","LIHC","1",0.992552280426025,"1"
"Drews","4",20261004,"TCGA-DD-AADL","LIHC","1",0.95987743139267,"1"
"Drews","4",20261004,"TCGA-DD-AAEI","LIHC","1",0.931406021118164,"1"
"Drews","4",20261004,"TCGA-ED-A459","LIHC","1",0.997092366218567,"1"
"Drews","4",20261004,"TCGA-FV-A496","LIHC","1",0.694015324115753,"1"
"Drews","4",20261004,"TCGA-G3-A25Y","LIHC","1",0.940844297409058,"1"
"Drews","4",20261004,"TCGA-G3-AAUZ","LIHC","1",0.986466944217682,"1"
"Drews","4",20261004,"TCGA-K7-A6G5","LIHC","2",0.540048897266388,"1"
"Drews","4",20261004,"TCGA-LG-A9QD","LIHC","2",0.0600629448890686,"2"
"Drews","4",20261004,"TCGA-RC-A6M3","LIHC","1",0.989106714725494,"1"
"Drews","4",20261004,"TCGA-RC-A7SK","LIHC","1",0.897726237773895,"1"
"Drews","4",20261004,"TCGA-T1-A6J8","LIHC","1",0.714131057262421,"1"
"Drews","4",20261004,"TCGA-05-4250","LUAD","1",0.994328320026398,"1"
"Drews","4",20261004,"TCGA-05-4389","LUAD","1",0.999964118003845,"1"
"Drews","4",20261004,"TCGA-05-4395","LUAD","1",0.999433577060699,"1"
"Drews","4",20261004,"TCGA-05-4396","LUAD","1",0.993705809116364,"1"
"Drews","4",20261004,"TCGA-05-4425","LUAD","2",0.96704226732254,"1"
"Drews","4",20261004,"TCGA-05-4432","LUAD","1",0.999862551689148,"1"
"Drews","4",20261004,"TCGA-05-5429","LUAD","2",0.940554082393646,"1"
"Drews","4",20261004,"TCGA-05-5715","LUAD","1",0.988812446594238,"1"
"Drews","4",20261004,"TCGA-38-4630","LUAD","1",0.999835252761841,"1"
"Drews","4",20261004,"TCGA-44-A47B","LUAD","1",0.995398461818695,"1"
"Drews","4",20261004,"TCGA-50-5935","LUAD","1",0.971083879470825,"1"
"Drews","4",20261004,"TCGA-55-5899","LUAD","1",0.999760091304779,"1"
"Drews","4",20261004,"TCGA-55-7994","LUAD","1",0.996505975723267,"1"
"Drews","4",20261004,"TCGA-64-1680","LUAD","2",0.91291618347168,"1"
"Drews","4",20261004,"TCGA-69-7760","LUAD","1",0.999830007553101,"1"
"Drews","4",20261004,"TCGA-73-4662","LUAD","1",0.998150408267975,"1"
"Drews","4",20261004,"TCGA-78-7146","LUAD","1",0.999618768692017,"1"
"Drews","4",20261004,"TCGA-78-7149","LUAD","1",0.880802690982819,"1"
"Drews","4",20261004,"TCGA-78-7153","LUAD","1",0.901734113693237,"1"
"Drews","4",20261004,"TCGA-78-8662","LUAD","1",0.999777376651764,"1"
"Drews","4",20261004,"TCGA-86-7713","LUAD","1",0.9988893866539,"1"
"Drews","4",20261004,"TCGA-86-7955","LUAD","1",0.999704658985138,"1"
"Drews","4",20261004,"TCGA-86-8054","LUAD","1",0.999448716640472,"1"
"Drews","4",20261004,"TCGA-86-8358","LUAD","1",0.999952673912048,"1"
"Drews","4",20261004,"TCGA-91-6831","LUAD","1",0.999944925308228,"1"
"Drews","4",20261004,"TCGA-97-7547","LUAD","1",0.852901101112366,"1"
"Drews","4",20261004,"TCGA-97-8547","LUAD","1",0.994729578495026,"1"
"Drews","4",20261004,"TCGA-21-1075","LUSC","1",0.999587595462799,"1"
"Drews","4",20261004,"TCGA-21-1078","LUSC","2",0.681582570075989,"1"
"Drews","4",20261004,"TCGA-22-4591","LUSC","1",0.999930620193481,"1"
"Drews","4",20261004,"TCGA-22-5478","LUSC","1",0.999626994132996,"1"
"Drews","4",20261004,"TCGA-22-A5C4","LUSC","1",0.999214887619019,"1"
"Drews","4",20261004,"TCGA-33-6737","LUSC","1",0.999683260917664,"1"
"Drews","4",20261004,"TCGA-33-AASJ","LUSC","1",0.996670305728912,"1"
"Drews","4",20261004,"TCGA-34-8456","LUSC","1",0.99883097410202,"1"
"Drews","4",20261004,"TCGA-37-3789","LUSC","1",0.999810874462128,"1"
"Drews","4",20261004,"TCGA-37-4135","LUSC","1",0.99995744228363,"1"
"Drews","4",20261004,"TCGA-39-5035","LUSC","1",0.992284893989563,"1"
"Drews","4",20261004,"TCGA-43-5670","LUSC","1",0.999347388744354,"1"
"Drews","4",20261004,"TCGA-43-7657","LUSC","1",0.999698638916016,"1"
"Drews","4",20261004,"TCGA-43-8115","LUSC","1",0.999969244003296,"1"
"Drews","4",20261004,"TCGA-52-7812","LUSC","1",0.999674677848816,"1"
"Drews","4",20261004,"TCGA-56-1622","LUSC","1",0.999840974807739,"1"
"Drews","4",20261004,"TCGA-56-7223","LUSC","1",0.999376595020294,"1"
"Drews","4",20261004,"TCGA-56-7580","LUSC","1",0.998198211193085,"1"
"Drews","4",20261004,"TCGA-60-2698","LUSC","1",0.999865412712097,"1"
"Drews","4",20261004,"TCGA-63-A5MW","LUSC","1",0.999959468841553,"1"
"Drews","4",20261004,"TCGA-66-2768","LUSC","1",0.999916791915894,"1"
"Drews","4",20261004,"TCGA-66-2789","LUSC","1",0.999630331993103,"1"
"Drews","4",20261004,"TCGA-66-2791","LUSC","1",0.99904602766037,"1"
"Drews","4",20261004,"TCGA-66-2795","LUSC","1",0.999944686889648,"1"
"Drews","4",20261004,"TCGA-68-8250","LUSC","1",0.999807178974152,"1"
"Drews","4",20261004,"TCGA-77-6842","LUSC","1",0.999696850776672,"1"
"Drews","4",20261004,"TCGA-77-7141","LUSC","1",0.999951481819153,"1"
"Drews","4",20261004,"TCGA-77-7142","LUSC","1",0.999768793582916,"1"
"Drews","4",20261004,"TCGA-85-8070","LUSC","1",0.999785482883453,"1"
"Drews","4",20261004,"TCGA-85-8584","LUSC","1",0.99983024597168,"1"
"Drews","4",20261004,"TCGA-90-A4EE","LUSC","1",0.985745072364807,"1"
"Drews","4",20261004,"TCGA-96-7544","LUSC","1",0.999934911727905,"1"
"Drews","4",20261004,"TCGA-98-A53A","LUSC","1",0.999924421310425,"1"
"Drews","4",20261004,"TCGA-O2-A52N","LUSC","1",0.998943746089935,"1"
"Drews","4",20261004,"TCGA-3H-AB3K","MESO","2",0.588978111743927,"1"
"Drews","4",20261004,"TCGA-3U-A98I","MESO","1",0.989208161830902,"1"
"Drews","4",20261004,"TCGA-MQ-A6BR","MESO","2",0.180748656392097,"2"
"Drews","4",20261004,"TCGA-XT-AASU","MESO","1",0.986916422843933,"1"
"Drews","4",20261004,"TCGA-09-0364","OV","1",0.999620676040649,"1"
"Drews","4",20261004,"TCGA-09-0369","OV","1",0.99991762638092,"1"
"Drews","4",20261004,"TCGA-09-2044","OV","1",0.999639272689819,"1"
"Drews","4",20261004,"TCGA-13-0897","OV","1",0.999855875968933,"1"
"Drews","4",20261004,"TCGA-13-0916","OV","1",0.999706208705902,"1"
"Drews","4",20261004,"TCGA-13-1403","OV","1",0.99996554851532,"1"
"Drews","4",20261004,"TCGA-13-1498","OV","1",0.999602615833282,"1"
"Drews","4",20261004,"TCGA-13-1505","OV","1",0.99983549118042,"1"
"Drews","4",20261004,"TCGA-13-1511","OV","1",0.997952222824097,"1"
"Drews","4",20261004,"TCGA-13-1512","OV","1",0.999923706054688,"1"
"Drews","4",20261004,"TCGA-23-1114","OV","1",0.999981760978699,"1"
"Drews","4",20261004,"TCGA-23-2078","OV","1",0.999664068222046,"1"
"Drews","4",20261004,"TCGA-24-1427","OV","1",0.999973297119141,"1"
"Drews","4",20261004,"TCGA-24-1430","OV","1",0.997790217399597,"1"
"Drews","4",20261004,"TCGA-24-1474","OV","1",0.999906897544861,"1"
"Drews","4",20261004,"TCGA-24-2262","OV","1",0.999767363071442,"1"
"Drews","4",20261004,"TCGA-24-2281","OV","1",0.99994683265686,"1"
"Drews","4",20261004,"TCGA-24-2298","OV","1",0.999904155731201,"1"
"Drews","4",20261004,"TCGA-25-1315","OV","1",0.999983668327332,"1"
"Drews","4",20261004,"TCGA-25-2392","OV","1",0.999948740005493,"1"
"Drews","4",20261004,"TCGA-25-2396","OV","1",0.999653220176697,"1"
"Drews","4",20261004,"TCGA-25-2397","OV","1",0.999786794185638,"1"
"Drews","4",20261004,"TCGA-25-2404","OV","1",0.999980092048645,"1"
"Drews","4",20261004,"TCGA-29-1696","OV","1",0.989907503128052,"1"
"Drews","4",20261004,"TCGA-29-1770","OV","1",0.998884499073029,"1"
"Drews","4",20261004,"TCGA-29-1783","OV","1",0.999934434890747,"1"
"Drews","4",20261004,"TCGA-30-1862","OV","1",0.999081015586853,"1"
"Drews","4",20261004,"TCGA-59-2351","OV","1",0.999888300895691,"1"
"Drews","4",20261004,"TCGA-5X-AA5U","OV","1",0.99905663728714,"1"
"Drews","4",20261004,"TCGA-61-1725","OV","1",0.999785602092743,"1"
"Drews","4",20261004,"TCGA-61-1728","OV","1",0.999774754047394,"1"
"Drews","4",20261004,"TCGA-61-1738","OV","1",0.999562919139862,"1"
"Drews","4",20261004,"TCGA-61-1998","OV","1",0.999936819076538,"1"
"Drews","4",20261004,"TCGA-3A-A9IZ","PAAD","1",0.999883532524109,"1"
"Drews","4",20261004,"TCGA-3A-A9J0","PAAD","1",0.997756779193878,"1"
"Drews","4",20261004,"TCGA-HV-A5A6","PAAD","1",0.999200403690338,"1"
"Drews","4",20261004,"TCGA-HZ-A9TJ","PAAD","1",0.942237734794617,"1"
"Drews","4",20261004,"TCGA-YY-A8LH","PAAD","2",0.838167607784271,"1"
"Drews","4",20261004,"TCGA-PR-A5PH","PCPG","2",0.02439359202981,"2"
"Drews","4",20261004,"TCGA-QR-A6H6","PCPG","2",0.00859075505286455,"2"
"Drews","4",20261004,"TCGA-QR-A6ZZ","PCPG","1",0.0403355471789837,"2"
"Drews","4",20261004,"TCGA-QR-A70M","PCPG","1",0.121296644210815,"2"
"Drews","4",20261004,"TCGA-QR-A70V","PCPG","1",0.167842835187912,"2"
"Drews","4",20261004,"TCGA-RW-A689","PCPG","2",0.0232269316911697,"2"
"Drews","4",20261004,"TCGA-S7-A7X1","PCPG","2",0.00633998168632388,"2"
"Drews","4",20261004,"TCGA-SP-A6QK","PCPG","2",0.55520087480545,"1"
"Drews","4",20261004,"TCGA-SR-A6MR","PCPG","1",0.044813945889473,"2"
"Drews","4",20261004,"TCGA-WB-A814","PCPG","2",0.0682894065976143,"2"
"Drews","4",20261004,"TCGA-CH-5751","PRAD","1",0.998677313327789,"1"
"Drews","4",20261004,"TCGA-CH-5769","PRAD","1",0.934539616107941,"1"
"Drews","4",20261004,"TCGA-EJ-7781","PRAD","2",0.889679193496704,"1"
"Drews","4",20261004,"TCGA-EJ-7782","PRAD","1",0.878275871276855,"1"
"Drews","4",20261004,"TCGA-FC-A4JI","PRAD","1",0.997538924217224,"1"
"Drews","4",20261004,"TCGA-HC-A6HY","PRAD","2",0.918514370918274,"1"
"Drews","4",20261004,"TCGA-HC-A8CY","PRAD","1",0.990520715713501,"1"
"Drews","4",20261004,"TCGA-KK-A7AP","PRAD","1",0.832218527793884,"1"
"Drews","4",20261004,"TCGA-KK-A8ID","PRAD","1",0.930078029632568,"1"
"Drews","4",20261004,"TCGA-KK-A8IK","PRAD","1",0.998832404613495,"1"
"Drews","4",20261004,"TCGA-M7-A724","PRAD","1",0.968397736549377,"1"
"Drews","4",20261004,"TCGA-V1-A9OL","PRAD","1",0.999626278877258,"1"
"Drews","4",20261004,"TCGA-VN-A943","PRAD","1",0.627517879009247,"1"
"Drews","4",20261004,"TCGA-VP-A87D","PRAD","1",0.946785449981689,"1"
"Drews","4",20261004,"TCGA-XK-AAJA","PRAD","1",0.989069819450378,"1"
"Drews","4",20261004,"TCGA-ZG-A8QX","PRAD","1",0.989391565322876,"1"
"Drews","4",20261004,"TCGA-ZG-A8QY","PRAD","1",0.945249140262604,"1"
"Drews","4",20261004,"TCGA-ZG-A9LZ","PRAD","1",0.997251570224762,"1"
"Drews","4",20261004,"TCGA-AG-3594","READ","1",0.98887699842453,"1"
"Drews","4",20261004,"TCGA-AG-3726","READ","1",0.975991189479828,"1"
"Drews","4",20261004,"TCGA-AG-3878","READ","2",0.987505435943604,"1"
"Drews","4",20261004,"TCGA-AG-3881","READ","1",0.996281683444977,"1"
"Drews","4",20261004,"TCGA-AG-4022","READ","2",0.28026282787323,"2"
"Drews","4",20261004,"TCGA-AG-A01Y","READ","1",0.999720394611359,"1"
"Drews","4",20261004,"TCGA-AG-A02N","READ","2",0.75453382730484,"1"
"Drews","4",20261004,"TCGA-DC-6682","READ","1",0.974892497062683,"1"
"Drews","4",20261004,"TCGA-DY-A1DG","READ","1",0.995670199394226,"1"
"Drews","4",20261004,"TCGA-3B-A9HO","SARC","1",0.984269261360168,"1"
"Drews","4",20261004,"TCGA-3B-A9HX","SARC","1",0.992250978946686,"1"
"Drews","4",20261004,"TCGA-3R-A8YX","SARC","1",0.999503254890442,"1"
"Drews","4",20261004,"TCGA-DX-A3U5","SARC","1",0.998443305492401,"1"
"Drews","4",20261004,"TCGA-DX-A3U9","SARC","1",0.998741209506989,"1"
"Drews","4",20261004,"TCGA-DX-A6YS","SARC","1",0.988256871700287,"1"
"Drews","4",20261004,"TCGA-DX-A8BH","SARC","1",0.989281535148621,"1"
"Drews","4",20261004,"TCGA-DX-A8BL","SARC","1",0.998507797718048,"1"
"Drews","4",20261004,"TCGA-DX-A8BM","SARC","1",0.999655842781067,"1"
"Drews","4",20261004,"TCGA-DX-AB2F","SARC","1",0.999765336513519,"1"
"Drews","4",20261004,"TCGA-DX-AB2W","SARC","1",0.993269741535187,"1"
"Drews","4",20261004,"TCGA-DX-AB2X","SARC","1",0.998658299446106,"1"
"Drews","4",20261004,"TCGA-DX-AB32","SARC","1",0.993064224720001,"1"
"Drews","4",20261004,"TCGA-HB-A3YV","SARC","1",0.99794465303421,"1"
"Drews","4",20261004,"TCGA-JV-A75J","SARC","1",0.996588110923767,"1"
"Drews","4",20261004,"TCGA-KD-A5QS","SARC","1",0.999568998813629,"1"
"Drews","4",20261004,"TCGA-KD-A5QU","SARC","1",0.998541235923767,"1"
"Drews","4",20261004,"TCGA-LI-A67I","SARC","1",0.99943071603775,"1"
"Drews","4",20261004,"TCGA-N1-A6IA","SARC","1",0.989528596401215,"1"
"Drews","4",20261004,"TCGA-QQ-A5VB","SARC","1",0.999881029129028,"1"
"Drews","4",20261004,"TCGA-RN-AAAQ","SARC","1",0.547887861728668,"1"
"Drews","4",20261004,"TCGA-SI-A71O","SARC","1",0.998057782649994,"1"
"Drews","4",20261004,"TCGA-SI-AA8C","SARC","1",0.98162579536438,"1"
"Drews","4",20261004,"TCGA-WP-A9GB","SARC","1",0.990966975688934,"1"
"Drews","4",20261004,"TCGA-BF-AAP4","SKCM","1",0.972033441066742,"1"
"Drews","4",20261004,"TCGA-BF-AAP6","SKCM","1",0.969227313995361,"1"
"Drews","4",20261004,"TCGA-DA-A960","SKCM","2",0.841927528381348,"1"
"Drews","4",20261004,"TCGA-EB-A41A","SKCM","2",0.581689238548279,"1"
"Drews","4",20261004,"TCGA-EB-A41B","SKCM","1",0.997215270996094,"1"
"Drews","4",20261004,"TCGA-EB-A431","SKCM","1",0.95289421081543,"1"
"Drews","4",20261004,"TCGA-EB-A4IQ","SKCM","1",0.896000444889069,"1"
"Drews","4",20261004,"TCGA-EB-A4OY","SKCM","1",0.878465056419373,"1"
"Drews","4",20261004,"TCGA-BR-4191","STAD","1",0.997890055179596,"1"
"Drews","4",20261004,"TCGA-BR-4362","STAD","2",0.892561614513397,"1"
"Drews","4",20261004,"TCGA-BR-8361","STAD","1",0.217839881777763,"2"
"Drews","4",20261004,"TCGA-CD-5800","STAD","1",0.999744236469269,"1"
"Drews","4",20261004,"TCGA-CD-5804","STAD","1",0.992036044597626,"1"
"Drews","4",20261004,"TCGA-CD-8528","STAD","1",0.961795151233673,"1"
"Drews","4",20261004,"TCGA-CD-A486","STAD","1",0.999963760375977,"1"
"Drews","4",20261004,"TCGA-D7-5578","STAD","1",0.879296123981476,"1"
"Drews","4",20261004,"TCGA-D7-6815","STAD","1",0.994558990001678,"1"
"Drews","4",20261004,"TCGA-D7-A4YT","STAD","1",0.980520844459534,"1"
"Drews","4",20261004,"TCGA-D7-A4YY","STAD","1",0.780893445014954,"1"
"Drews","4",20261004,"TCGA-D7-A6EZ","STAD","1",0.968146622180939,"1"
"Drews","4",20261004,"TCGA-HU-8249","STAD","1",0.991087973117828,"1"
"Drews","4",20261004,"TCGA-HU-A4GU","STAD","1",0.985408246517181,"1"
"Drews","4",20261004,"TCGA-HU-A4H5","STAD","1",0.997762203216553,"1"
"Drews","4",20261004,"TCGA-IN-A6RR","STAD","1",0.999754846096039,"1"
"Drews","4",20261004,"TCGA-IN-AB1X","STAD","1",0.966859221458435,"1"
"Drews","4",20261004,"TCGA-IP-7968","STAD","1",0.992664515972137,"1"
"Drews","4",20261004,"TCGA-KB-A93J","STAD","1",0.999675631523132,"1"
"Drews","4",20261004,"TCGA-R5-A7ZE","STAD","1",0.999095916748047,"1"
"Drews","4",20261004,"TCGA-VQ-A8DZ","STAD","1",0.999345004558563,"1"
"Drews","4",20261004,"TCGA-VQ-A8P3","STAD","1",0.982909619808197,"1"
"Drews","4",20261004,"TCGA-VQ-A8PU","STAD","1",0.999869823455811,"1"
"Drews","4",20261004,"TCGA-VQ-A91A","STAD","1",0.999950528144836,"1"
"Drews","4",20261004,"TCGA-VQ-A928","STAD","1",0.963987529277802,"1"
"Drews","4",20261004,"TCGA-VQ-A94O","STAD","1",0.999629616737366,"1"
"Drews","4",20261004,"TCGA-VQ-A94U","STAD","1",0.946737468242645,"1"
"Drews","4",20261004,"TCGA-2G-AAFN","TGCT","1",0.995791673660278,"1"
"Drews","4",20261004,"TCGA-2G-AAGO","TGCT","1",0.982114791870117,"1"
"Drews","4",20261004,"TCGA-XE-AANR","TGCT","2",0.0346507951617241,"2"
"Drews","4",20261004,"TCGA-YU-AA4L","TGCT","1",0.995980501174927,"1"
"Drews","4",20261004,"TCGA-EL-A3CX","THCA","2",0.0500890798866749,"2"
"Drews","4",20261004,"TCGA-FY-A3W9","THCA","2",0.0128901861608028,"2"
"Drews","4",20261004,"TCGA-ZB-A966","THYM","2",0.971434712409973,"1"
"Drews","4",20261004,"TCGA-A5-A0G5","UCEC","1",0.992932677268982,"1"
"Drews","4",20261004,"TCGA-A5-A0GJ","UCEC","1",0.651467382907867,"1"
"Drews","4",20261004,"TCGA-AJ-A3NG","UCEC","2",0.822691917419434,"1"
"Drews","4",20261004,"TCGA-AJ-A3TW","UCEC","1",0.999966979026794,"1"
"Drews","4",20261004,"TCGA-AJ-A8CV","UCEC","2",0.0687215104699135,"2"
"Drews","4",20261004,"TCGA-AP-A0LI","UCEC","1",0.998176336288452,"1"
"Drews","4",20261004,"TCGA-AW-A1PO","UCEC","1",0.999585449695587,"1"
"Drews","4",20261004,"TCGA-AX-A1C4","UCEC","1",0.252621620893478,"2"
"Drews","4",20261004,"TCGA-AX-A3FS","UCEC","2",0.892594456672668,"1"
"Drews","4",20261004,"TCGA-B5-A0K8","UCEC","1",0.997863948345184,"1"
"Drews","4",20261004,"TCGA-B5-A0KB","UCEC","1",0.988219738006592,"1"
"Drews","4",20261004,"TCGA-B5-A121","UCEC","2",0.0294133760035038,"2"
"Drews","4",20261004,"TCGA-B5-A3FD","UCEC","1",0.909989416599274,"1"
"Drews","4",20261004,"TCGA-BG-A0M6","UCEC","1",0.999938726425171,"1"
"Drews","4",20261004,"TCGA-BG-A222","UCEC","2",0.527594745159149,"1"
"Drews","4",20261004,"TCGA-D1-A0ZZ","UCEC","1",0.999874114990234,"1"
"Drews","4",20261004,"TCGA-D1-A16O","UCEC","2",0.192013695836067,"2"
"Drews","4",20261004,"TCGA-D1-A1NW","UCEC","1",0.991636276245117,"1"
"Drews","4",20261004,"TCGA-D1-A2G7","UCEC","1",0.997952163219452,"1"
"Drews","4",20261004,"TCGA-D1-A3DH","UCEC","1",0.999063074588776,"1"
"Drews","4",20261004,"TCGA-D1-A3JQ","UCEC","1",0.998578190803528,"1"
"Drews","4",20261004,"TCGA-EO-A3AS","UCEC","1",0.998867630958557,"1"
"Drews","4",20261004,"TCGA-EO-A3B1","UCEC","1",0.934718608856201,"1"
"Drews","4",20261004,"TCGA-EY-A1GM","UCEC","1",0.999855160713196,"1"
"Drews","4",20261004,"TCGA-EY-A1GO","UCEC","2",0.993307590484619,"1"
"Drews","4",20261004,"TCGA-EY-A214","UCEC","1",0.997603952884674,"1"
"Drews","4",20261004,"TCGA-EY-A3L3","UCEC","1",0.994987964630127,"1"
"Drews","4",20261004,"TCGA-EY-A547","UCEC","1",0.99494731426239,"1"
"Drews","4",20261004,"TCGA-FI-A2D2","UCEC","1",0.996698558330536,"1"
"Drews","4",20261004,"TCGA-FI-A3PV","UCEC","1",0.999688386917114,"1"
"Drews","4",20261004,"TCGA-H5-A2HR","UCEC","1",0.999384045600891,"1"
"Drews","4",20261004,"TCGA-JU-AAVI","UCEC","1",0.999283730983734,"1"
"Drews","4",20261004,"TCGA-KP-A3W0","UCEC","1",0.995747745037079,"1"
"Drews","4",20261004,"TCGA-PG-A5BC","UCEC","1",0.998793005943298,"1"
"Drews","4",20261004,"TCGA-N5-A4RM","UCS","1",0.9963418841362,"1"
"Drews","4",20261004,"TCGA-N5-A4RO","UCS","1",0.998232424259186,"1"
"Drews","4",20261004,"TCGA-N5-A4RT","UCS","1",0.999996662139893,"1"
"Drews","4",20261004,"TCGA-N9-A4PZ","UCS","1",0.999528646469116,"1"
"Drews","4",20261004,"TCGA-NA-A4QY","UCS","1",0.999347984790802,"1"
"Drews","4",20261004,"TCGA-NA-A4R0","UCS","1",0.999328374862671,"1"
"Drews","4",20261004,"TCGA-NF-A4X2","UCS","1",0.999612271785736,"1"
"Drews","4",20261004,"TCGA-V4-A9E5","UVM","2",0.0494068674743176,"2"
"Drews","4",20261004,"TCGA-V4-A9EK","UVM","1",0.0589963756501675,"2"
"Drews","4",20261004,"TCGA-V4-A9EV","UVM","2",0.00490307854488492,"2"
"Drews","4",20261004,"TCGA-VD-A8K8","UVM","2",0.00519175408408046,"2"
"Drews","5",20261005,"TCGA-OR-A5J6","ACC","2",0.208749443292618,"2"
"Drews","5",20261005,"TCGA-OR-A5J8","ACC","1",0.984398722648621,"1"
"Drews","5",20261005,"TCGA-OR-A5JA","ACC","1",0.98733925819397,"1"
"Drews","5",20261005,"TCGA-OR-A5JC","ACC","1",0.646889805793762,"1"
"Drews","5",20261005,"TCGA-OR-A5K4","ACC","2",0.617973983287811,"1"
"Drews","5",20261005,"TCGA-OR-A5LK","ACC","2",0.451105773448944,"2"
"Drews","5",20261005,"TCGA-OR-A5LL","ACC","1",0.244109183549881,"2"
"Drews","5",20261005,"TCGA-PA-A5YG","ACC","2",0.0605774633586407,"2"
"Drews","5",20261005,"TCGA-2F-A9KW","BLCA","1",0.999925255775452,"1"
"Drews","5",20261005,"TCGA-4Z-AA7R","BLCA","1",0.999971151351929,"1"
"Drews","5",20261005,"TCGA-BL-A13J","BLCA","1",0.999969601631165,"1"
"Drews","5",20261005,"TCGA-BT-A42C","BLCA","1",0.999902009963989,"1"
"Drews","5",20261005,"TCGA-CF-A3MF","BLCA","2",0.900412261486053,"1"
"Drews","5",20261005,"TCGA-CF-A47S","BLCA","2",0.0646264851093292,"2"
"Drews","5",20261005,"TCGA-DK-A2I6","BLCA","1",0.999903202056885,"1"
"Drews","5",20261005,"TCGA-DK-AA6L","BLCA","1",0.999955177307129,"1"
"Drews","5",20261005,"TCGA-DK-AA6U","BLCA","1",0.999810397624969,"1"
"Drews","5",20261005,"TCGA-DK-AA75","BLCA","1",0.999861121177673,"1"
"Drews","5",20261005,"TCGA-E7-A541","BLCA","1",0.999913930892944,"1"
"Drews","5",20261005,"TCGA-E7-A7PW","BLCA","1",0.999944686889648,"1"
"Drews","5",20261005,"TCGA-FD-A3NA","BLCA","1",0.999228000640869,"1"
"Drews","5",20261005,"TCGA-FD-A3SJ","BLCA","1",0.999964714050293,"1"
"Drews","5",20261005,"TCGA-FD-A6TC","BLCA","1",0.999937057495117,"1"
"Drews","5",20261005,"TCGA-GV-A40E","BLCA","1",0.999499320983887,"1"
"Drews","5",20261005,"TCGA-GV-A40G","BLCA","1",0.99998676776886,"1"
"Drews","5",20261005,"TCGA-HQ-A2OE","BLCA","1",0.999343931674957,"1"
"Drews","5",20261005,"TCGA-HQ-A2OF","BLCA","1",0.999594032764435,"1"
"Drews","5",20261005,"TCGA-KQ-A41P","BLCA","1",0.999381422996521,"1"
"Drews","5",20261005,"TCGA-KQ-A41Q","BLCA","1",0.999964833259583,"1"
"Drews","5",20261005,"TCGA-UY-A78N","BLCA","1",0.991364240646362,"1"
"Drews","5",20261005,"TCGA-UY-A8OB","BLCA","1",0.999795138835907,"1"
"Drews","5",20261005,"TCGA-UY-A9PH","BLCA","1",0.998966574668884,"1"
"Drews","5",20261005,"TCGA-XF-A9ST","BLCA","1",0.999866485595703,"1"
"Drews","5",20261005,"TCGA-XF-A9SZ","BLCA","1",0.999763429164886,"1"
"Drews","5",20261005,"TCGA-XF-AAMG","BLCA","1",0.999945878982544,"1"
"Drews","5",20261005,"TCGA-XF-AAMQ","BLCA","1",0.999328136444092,"1"
"Drews","5",20261005,"TCGA-XF-AAMY","BLCA","1",0.999811112880707,"1"
"Drews","5",20261005,"TCGA-YF-AA3M","BLCA","1",0.999869346618652,"1"
"Drews","5",20261005,"TCGA-ZF-A9RE","BLCA","1",0.999807417392731,"1"
"Drews","5",20261005,"TCGA-ZF-AA51","BLCA","1",0.999890565872192,"1"
"Drews","5",20261005,"TCGA-ZF-AA5H","BLCA","1",0.99988865852356,"1"
"Drews","5",20261005,"TCGA-3C-AALI","BRCA","1",0.999433219432831,"1"
"Drews","5",20261005,"TCGA-3C-AALJ","BRCA","1",0.999682307243347,"1"
"Drews","5",20261005,"TCGA-3C-AALK","BRCA","1",0.787471115589142,"1"
"Drews","5",20261005,"TCGA-A1-A0SJ","BRCA","1",0.99984073638916,"1"
"Drews","5",20261005,"TCGA-A1-A0SK","BRCA","1",0.999768078327179,"1"
"Drews","5",20261005,"TCGA-A2-A04V","BRCA","1",0.998645007610321,"1"
"Drews","5",20261005,"TCGA-A2-A0D2","BRCA","1",0.999953389167786,"1"
"Drews","5",20261005,"TCGA-A2-A0EO","BRCA","2",0.115068756043911,"2"
"Drews","5",20261005,"TCGA-A2-A0EY","BRCA","1",0.999015331268311,"1"
"Drews","5",20261005,"TCGA-A2-A0YM","BRCA","1",0.999977946281433,"1"
"Drews","5",20261005,"TCGA-A2-A0YT","BRCA","1",0.999991774559021,"1"
"Drews","5",20261005,"TCGA-A2-A25E","BRCA","1",0.999893546104431,"1"
"Drews","5",20261005,"TCGA-A2-A4S3","BRCA","1",0.999940752983093,"1"
"Drews","5",20261005,"TCGA-A7-A6VV","BRCA","1",0.999468982219696,"1"
"Drews","5",20261005,"TCGA-A7-A6VW","BRCA","1",0.999638676643372,"1"
"Drews","5",20261005,"TCGA-A8-A06X","BRCA","1",0.999727666378021,"1"
"Drews","5",20261005,"TCGA-A8-A07B","BRCA","1",0.999720513820648,"1"
"Drews","5",20261005,"TCGA-A8-A07L","BRCA","1",0.999993920326233,"1"
"Drews","5",20261005,"TCGA-A8-A086","BRCA","1",0.999469339847565,"1"
"Drews","5",20261005,"TCGA-A8-A08B","BRCA","1",0.994218230247498,"1"
"Drews","5",20261005,"TCGA-A8-A093","BRCA","1",0.531960308551788,"1"
"Drews","5",20261005,"TCGA-A8-A095","BRCA","2",0.771084427833557,"1"
"Drews","5",20261005,"TCGA-A8-A097","BRCA","1",0.999902129173279,"1"
"Drews","5",20261005,"TCGA-A8-A09C","BRCA","1",0.998736917972565,"1"
"Drews","5",20261005,"TCGA-A8-A09I","BRCA","1",0.999971866607666,"1"
"Drews","5",20261005,"TCGA-A8-A09M","BRCA","1",0.999932050704956,"1"
"Drews","5",20261005,"TCGA-A8-A0A1","BRCA","2",0.339036792516708,"2"
"Drews","5",20261005,"TCGA-AC-A3OD","BRCA","1",0.790907382965088,"1"
"Drews","5",20261005,"TCGA-AC-A62V","BRCA","1",0.993097364902496,"1"
"Drews","5",20261005,"TCGA-AN-A041","BRCA","1",0.999020457267761,"1"
"Drews","5",20261005,"TCGA-AN-A0AS","BRCA","1",0.999771654605865,"1"
"Drews","5",20261005,"TCGA-AN-A0FL","BRCA","1",0.999906420707703,"1"
"Drews","5",20261005,"TCGA-AN-A0FW","BRCA","1",0.997755587100983,"1"
"Drews","5",20261005,"TCGA-AN-A0FY","BRCA","1",0.999892234802246,"1"
"Drews","5",20261005,"TCGA-AN-A0XV","BRCA","1",0.859681248664856,"1"
"Drews","5",20261005,"TCGA-AO-A0JE","BRCA","1",0.990716397762299,"1"
"Drews","5",20261005,"TCGA-AO-A1KS","BRCA","1",0.995142221450806,"1"
"Drews","5",20261005,"TCGA-AQ-A0Y5","BRCA","1",0.999832510948181,"1"
"Drews","5",20261005,"TCGA-AR-A1AY","BRCA","1",0.999143481254578,"1"
"Drews","5",20261005,"TCGA-AR-A24X","BRCA","2",0.0522842742502689,"2"
"Drews","5",20261005,"TCGA-AR-A24Z","BRCA","1",0.999853253364563,"1"
"Drews","5",20261005,"TCGA-AR-A256","BRCA","1",0.999890565872192,"1"
"Drews","5",20261005,"TCGA-AR-A2LR","BRCA","1",0.999896168708801,"1"
"Drews","5",20261005,"TCGA-B6-A0IA","BRCA","1",0.945286989212036,"1"
"Drews","5",20261005,"TCGA-B6-A0IJ","BRCA","1",0.999995470046997,"1"
"Drews","5",20261005,"TCGA-B6-A0IQ","BRCA","1",0.999907255172729,"1"
"Drews","5",20261005,"TCGA-B6-A0RL","BRCA","1",0.999800741672516,"1"
"Drews","5",20261005,"TCGA-B6-A0WS","BRCA","1",0.990863621234894,"1"
"Drews","5",20261005,"TCGA-BH-A0B4","BRCA","1",0.999521017074585,"1"
"Drews","5",20261005,"TCGA-BH-A0BP","BRCA","1",0.997349500656128,"1"
"Drews","5",20261005,"TCGA-BH-A0C1","BRCA","1",0.585721611976624,"1"
"Drews","5",20261005,"TCGA-BH-A0DZ","BRCA","1",0.997332334518433,"1"
"Drews","5",20261005,"TCGA-BH-A0H0","BRCA","2",0.999191462993622,"1"
"Drews","5",20261005,"TCGA-BH-A0HL","BRCA","1",0.999322056770325,"1"
"Drews","5",20261005,"TCGA-BH-A0WA","BRCA","1",0.9999920129776,"1"
"Drews","5",20261005,"TCGA-BH-A18Q","BRCA","1",0.999447762966156,"1"
"Drews","5",20261005,"TCGA-BH-A18T","BRCA","1",0.99968409538269,"1"
"Drews","5",20261005,"TCGA-BH-A1FD","BRCA","1",0.999414682388306,"1"
"Drews","5",20261005,"TCGA-BH-A5IZ","BRCA","1",0.99996542930603,"1"
"Drews","5",20261005,"TCGA-C8-A12U","BRCA","1",0.999671697616577,"1"
"Drews","5",20261005,"TCGA-D8-A1X5","BRCA","1",0.99975997209549,"1"
"Drews","5",20261005,"TCGA-D8-A1XJ","BRCA","1",0.999929785728455,"1"
"Drews","5",20261005,"TCGA-D8-A1XZ","BRCA","1",0.999725639820099,"1"
"Drews","5",20261005,"TCGA-D8-A1Y0","BRCA","1",0.988864779472351,"1"
"Drews","5",20261005,"TCGA-D8-A27V","BRCA","1",0.446574002504349,"2"
"Drews","5",20261005,"TCGA-E2-A105","BRCA","1",0.999554336071014,"1"
"Drews","5",20261005,"TCGA-E2-A14R","BRCA","1",0.999613225460052,"1"
"Drews","5",20261005,"TCGA-E2-A14X","BRCA","1",0.999826371669769,"1"
"Drews","5",20261005,"TCGA-E2-A154","BRCA","2",0.364481776952744,"2"
"Drews","5",20261005,"TCGA-E2-A15F","BRCA","1",0.999554216861725,"1"
"Drews","5",20261005,"TCGA-E2-A15H","BRCA","1",0.999458849430084,"1"
"Drews","5",20261005,"TCGA-E2-A1BD","BRCA","2",0.3401800096035,"2"
"Drews","5",20261005,"TCGA-E2-A2P6","BRCA","1",0.956827282905579,"1"
"Drews","5",20261005,"TCGA-E9-A1NC","BRCA","1",0.999791920185089,"1"
"Drews","5",20261005,"TCGA-E9-A1R2","BRCA","1",0.998198449611664,"1"
"Drews","5",20261005,"TCGA-E9-A1R5","BRCA","1",0.794281184673309,"1"
"Drews","5",20261005,"TCGA-E9-A1RD","BRCA","2",0.0134060801938176,"2"
"Drews","5",20261005,"TCGA-E9-A1RF","BRCA","1",0.998779356479645,"1"
"Drews","5",20261005,"TCGA-E9-A22A","BRCA","1",0.996284604072571,"1"
"Drews","5",20261005,"TCGA-E9-A22E","BRCA","1",0.991342127323151,"1"
"Drews","5",20261005,"TCGA-E9-A22G","BRCA","1",0.99810791015625,"1"
"Drews","5",20261005,"TCGA-E9-A247","BRCA","1",0.997600734233856,"1"
"Drews","5",20261005,"TCGA-E9-A5UO","BRCA","1",0.999624252319336,"1"
"Drews","5",20261005,"TCGA-EW-A1P6","BRCA","2",0.852542757987976,"1"
"Drews","5",20261005,"TCGA-EW-A1PA","BRCA","1",0.999909639358521,"1"
"Drews","5",20261005,"TCGA-EW-A6S9","BRCA","1",0.999715507030487,"1"
"Drews","5",20261005,"TCGA-GM-A2DA","BRCA","1",0.985229671001434,"1"
"Drews","5",20261005,"TCGA-GM-A3XL","BRCA","1",0.999136745929718,"1"
"Drews","5",20261005,"TCGA-LD-A66U","BRCA","2",0.892470359802246,"1"
"Drews","5",20261005,"TCGA-LL-A740","BRCA","1",0.98136568069458,"1"
"Drews","5",20261005,"TCGA-LL-A7T0","BRCA","1",0.999935865402222,"1"
"Drews","5",20261005,"TCGA-OL-A5RZ","BRCA","1",0.999971628189087,"1"
"Drews","5",20261005,"TCGA-OL-A66K","BRCA","2",0.598982810974121,"1"
"Drews","5",20261005,"TCGA-S3-AA14","BRCA","1",0.975585043430328,"1"
"Drews","5",20261005,"TCGA-V7-A7HQ","BRCA","2",0.950495004653931,"1"
"Drews","5",20261005,"TCGA-C5-A1BL","CESC","1",0.989873170852661,"1"
"Drews","5",20261005,"TCGA-C5-A1MF","CESC","1",0.999125182628632,"1"
"Drews","5",20261005,"TCGA-C5-A1MI","CESC","1",0.998456597328186,"1"
"Drews","5",20261005,"TCGA-C5-A2LV","CESC","1",0.972633421421051,"1"
"Drews","5",20261005,"TCGA-C5-A7UE","CESC","2",0.941724598407745,"1"
"Drews","5",20261005,"TCGA-C5-A905","CESC","2",0.991442978382111,"1"
"Drews","5",20261005,"TCGA-C5-A907","CESC","1",0.99936181306839,"1"
"Drews","5",20261005,"TCGA-EX-A1H5","CESC","2",0.948649287223816,"1"
"Drews","5",20261005,"TCGA-EX-A69M","CESC","2",0.998098433017731,"1"
"Drews","5",20261005,"TCGA-FU-A5XV","CESC","2",0.513547480106354,"1"
"Drews","5",20261005,"TCGA-VS-A8EH","CESC","1",0.994779706001282,"1"
"Drews","5",20261005,"TCGA-VS-A94Z","CESC","1",0.975767970085144,"1"
"Drews","5",20261005,"TCGA-VS-A9U7","CESC","1",0.955621302127838,"1"
"Drews","5",20261005,"TCGA-VS-A9UT","CESC","1",0.99968433380127,"1"
"Drews","5",20261005,"TCGA-VS-A9V0","CESC","1",0.999924182891846,"1"
"Drews","5",20261005,"TCGA-ZJ-A8QO","CESC","1",0.893047273159027,"1"
"Drews","5",20261005,"TCGA-W5-AA2T","CHOL","1",0.947115123271942,"1"
"Drews","5",20261005,"TCGA-A6-2675","COAD","1",0.881184458732605,"1"
"Drews","5",20261005,"TCGA-AA-3549","COAD","1",0.998181462287903,"1"
"Drews","5",20261005,"TCGA-AA-3663","COAD","2",0.0394624173641205,"2"
"Drews","5",20261005,"TCGA-AA-3673","COAD","2",0.505642712116241,"1"
"Drews","5",20261005,"TCGA-AA-3679","COAD","1",0.994059205055237,"1"
"Drews","5",20261005,"TCGA-AA-3814","COAD","2",0.730573952198029,"1"
"Drews","5",20261005,"TCGA-AA-3837","COAD","2",0.278308391571045,"2"
"Drews","5",20261005,"TCGA-AA-3852","COAD","2",0.271815925836563,"2"
"Drews","5",20261005,"TCGA-AA-3854","COAD","1",0.798815011978149,"1"
"Drews","5",20261005,"TCGA-AA-A01Z","COAD","1",0.99858945608139,"1"
"Drews","5",20261005,"TCGA-CA-5797","COAD","1",0.990914583206177,"1"
"Drews","5",20261005,"TCGA-CK-5913","COAD","2",0.0401311554014683,"2"
"Drews","5",20261005,"TCGA-CM-4752","COAD","1",0.991649627685547,"1"
"Drews","5",20261005,"TCGA-D5-6535","COAD","1",0.867147922515869,"1"
"Drews","5",20261005,"TCGA-D5-6928","COAD","2",0.131626635789871,"2"
"Drews","5",20261005,"TCGA-DM-A1D7","COAD","1",0.873982548713684,"1"
"Drews","5",20261005,"TCGA-G4-6299","COAD","1",0.98220831155777,"1"
"Drews","5",20261005,"TCGA-G4-6322","COAD","1",0.652976155281067,"1"
"Drews","5",20261005,"TCGA-G4-6586","COAD","2",0.0138215459883213,"2"
"Drews","5",20261005,"TCGA-NH-A50U","COAD","1",0.983041763305664,"1"
"Drews","5",20261005,"TCGA-NH-A8F7","COAD","2",0.908248424530029,"1"
"Drews","5",20261005,"TCGA-VB-A8QN","DLBC","1",0.984661638736725,"1"
"Drews","5",20261005,"TCGA-2H-A9GM","ESCA","1",0.999879479408264,"1"
"Drews","5",20261005,"TCGA-IG-A3I8","ESCA","1",0.992882490158081,"1"
"Drews","5",20261005,"TCGA-IG-A8O2","ESCA","1",0.999605476856232,"1"
"Drews","5",20261005,"TCGA-JY-A6FA","ESCA","1",0.999883532524109,"1"
"Drews","5",20261005,"TCGA-JY-A93E","ESCA","1",0.999843120574951,"1"
"Drews","5",20261005,"TCGA-L5-A43I","ESCA","1",0.999410510063171,"1"
"Drews","5",20261005,"TCGA-L5-A4OF","ESCA","1",0.998939335346222,"1"
"Drews","5",20261005,"TCGA-L5-A4OO","ESCA","1",0.998869121074677,"1"
"Drews","5",20261005,"TCGA-L5-A4OX","ESCA","1",0.996917247772217,"1"
"Drews","5",20261005,"TCGA-L5-A891","ESCA","1",0.999951839447021,"1"
"Drews","5",20261005,"TCGA-L5-A8NH","ESCA","1",0.998480975627899,"1"
"Drews","5",20261005,"TCGA-L5-A8NJ","ESCA","1",0.994138360023499,"1"
"Drews","5",20261005,"TCGA-LN-A7HZ","ESCA","1",0.995721101760864,"1"
"Drews","5",20261005,"TCGA-LN-A8HZ","ESCA","1",0.999858021736145,"1"
"Drews","5",20261005,"TCGA-V5-A7RC","ESCA","1",0.999823272228241,"1"
"Drews","5",20261005,"TCGA-VR-A8EY","ESCA","1",0.998307943344116,"1"
"Drews","5",20261005,"TCGA-VR-AA4D","ESCA","1",0.999711334705353,"1"
"Drews","5",20261005,"TCGA-VR-AA7B","ESCA","1",0.999848484992981,"1"
"Drews","5",20261005,"TCGA-06-0129","GBM","1",0.998097956180573,"1"
"Drews","5",20261005,"TCGA-26-1442","GBM","2",0.0935488939285278,"2"
"Drews","5",20261005,"TCGA-27-1837","GBM","2",0.849521338939667,"1"
"Drews","5",20261005,"TCGA-32-2632","GBM","1",0.938301205635071,"1"
"Drews","5",20261005,"TCGA-76-4925","GBM","1",0.944268643856049,"1"
"Drews","5",20261005,"TCGA-76-4931","GBM","1",0.896892130374908,"1"
"Drews","5",20261005,"TCGA-BA-4075","HNSC","1",0.991016149520874,"1"
"Drews","5",20261005,"TCGA-BA-6872","HNSC","1",0.998569488525391,"1"
"Drews","5",20261005,"TCGA-BA-A6DE","HNSC","1",0.999092698097229,"1"
"Drews","5",20261005,"TCGA-BB-A5HY","HNSC","1",0.999710381031036,"1"
"Drews","5",20261005,"TCGA-CN-A6UY","HNSC","2",0.521783292293549,"1"
"Drews","5",20261005,"TCGA-CQ-5327","HNSC","2",0.0557507313787937,"2"
"Drews","5",20261005,"TCGA-CR-5247","HNSC","1",0.999802529811859,"1"
"Drews","5",20261005,"TCGA-CR-6478","HNSC","1",0.982466995716095,"1"
"Drews","5",20261005,"TCGA-CR-7390","HNSC","1",0.99932587146759,"1"
"Drews","5",20261005,"TCGA-CV-5978","HNSC","1",0.994927644729614,"1"
"Drews","5",20261005,"TCGA-CV-6941","HNSC","1",0.979209899902344,"1"
"Drews","5",20261005,"TCGA-CV-7245","HNSC","1",0.99039888381958,"1"
"Drews","5",20261005,"TCGA-CV-7406","HNSC","1",0.997618138790131,"1"
"Drews","5",20261005,"TCGA-CV-7414","HNSC","1",0.99945205450058,"1"
"Drews","5",20261005,"TCGA-CV-7424","HNSC","1",0.999398708343506,"1"
"Drews","5",20261005,"TCGA-CV-A6JM","HNSC","1",0.999659657478333,"1"
"Drews","5",20261005,"TCGA-CX-A4AQ","HNSC","2",0.9919273853302,"1"
"Drews","5",20261005,"TCGA-D6-6827","HNSC","1",0.971874892711639,"1"
"Drews","5",20261005,"TCGA-D6-A6EN","HNSC","2",0.86640465259552,"1"
"Drews","5",20261005,"TCGA-F7-A624","HNSC","2",0.676917850971222,"1"
"Drews","5",20261005,"TCGA-HD-8224","HNSC","1",0.996610343456268,"1"
"Drews","5",20261005,"TCGA-IQ-7630","HNSC","1",0.976193249225616,"1"
"Drews","5",20261005,"TCGA-MT-A7BN","HNSC","1",0.998008549213409,"1"
"Drews","5",20261005,"TCGA-KL-8332","KICH","2",0.0105490460991859,"2"
"Drews","5",20261005,"TCGA-KL-8336","KICH","2",0.0197371337562799,"2"
"Drews","5",20261005,"TCGA-KL-8340","KICH","2",0.0014175740070641,"2"
"Drews","5",20261005,"TCGA-KL-8341","KICH","1",0.13229201734066,"2"
"Drews","5",20261005,"TCGA-KL-8343","KICH","2",0.00089446734637022,"2"
"Drews","5",20261005,"TCGA-KO-8408","KICH","2",0.029558164998889,"2"
"Drews","5",20261005,"TCGA-KO-8415","KICH","2",0.00321191945113242,"2"
"Drews","5",20261005,"TCGA-A3-3319","KIRC","2",0.645825088024139,"1"
"Drews","5",20261005,"TCGA-A3-3347","KIRC","2",0.285986363887787,"2"
"Drews","5",20261005,"TCGA-AS-3777","KIRC","2",0.745181977748871,"1"
"Drews","5",20261005,"TCGA-AS-3778","KIRC","2",0.0180173013359308,"2"
"Drews","5",20261005,"TCGA-B8-4143","KIRC","2",0.226964011788368,"2"
"Drews","5",20261005,"TCGA-B8-5549","KIRC","2",0.000583530403673649,"2"
"Drews","5",20261005,"TCGA-BP-5175","KIRC","1",0.000939041201490909,"2"
"Drews","5",20261005,"TCGA-CJ-4640","KIRC","2",0.00195826170966029,"2"
"Drews","5",20261005,"TCGA-CJ-4903","KIRC","2",0.000674934359267354,"2"
"Drews","5",20261005,"TCGA-CJ-5679","KIRC","2",0.000131702967337333,"2"
"Drews","5",20261005,"TCGA-CW-5580","KIRC","2",0.00395385408774018,"2"
"Drews","5",20261005,"TCGA-CW-6090","KIRC","2",0.00514766573905945,"2"
"Drews","5",20261005,"TCGA-CZ-5461","KIRC","2",0.00147802743595093,"2"
"Drews","5",20261005,"TCGA-CZ-5984","KIRC","2",4.22223238274455e-05,"2"
"Drews","5",20261005,"TCGA-DV-5568","KIRC","2",0.000115298578748479,"2"
"Drews","5",20261005,"TCGA-A4-7287","KIRP","2",0.978375613689423,"1"
"Drews","5",20261005,"TCGA-B9-4117","KIRP","2",0.130404859781265,"2"
"Drews","5",20261005,"TCGA-B9-A5W9","KIRP","1",0.00999761000275612,"2"
"Drews","5",20261005,"TCGA-B9-A69E","KIRP","1",0.00478852679952979,"2"
"Drews","5",20261005,"TCGA-BQ-5894","KIRP","2",0.917404353618622,"1"
"Drews","5",20261005,"TCGA-DZ-6134","KIRP","2",0.00120235735084862,"2"
"Drews","5",20261005,"TCGA-F9-A4JJ","KIRP","2",0.791961073875427,"1"
"Drews","5",20261005,"TCGA-G7-A8LD","KIRP","1",0.999415636062622,"1"
"Drews","5",20261005,"TCGA-SX-A7SS","KIRP","2",0.0109399734064937,"2"
"Drews","5",20261005,"TCGA-DB-5279","LGG","2",0.061423871666193,"2"
"Drews","5",20261005,"TCGA-DB-A4XE","LGG","2",0.0808280929923058,"2"
"Drews","5",20261005,"TCGA-DH-A7UT","LGG","2",0.114958219230175,"2"
"Drews","5",20261005,"TCGA-DH-A7UV","LGG","2",0.13913094997406,"2"
"Drews","5",20261005,"TCGA-DU-A5TW","LGG","2",0.484565109014511,"2"
"Drews","5",20261005,"TCGA-E1-A7YW","LGG","2",0.301682025194168,"2"
"Drews","5",20261005,"TCGA-E1-A7Z2","LGG","1",0.711710572242737,"1"
"Drews","5",20261005,"TCGA-FG-6690","LGG","2",0.0601345486938953,"2"
"Drews","5",20261005,"TCGA-FG-A4MU","LGG","2",0.367923945188522,"2"
"Drews","5",20261005,"TCGA-FG-A6J1","LGG","2",0.0293962135910988,"2"
"Drews","5",20261005,"TCGA-HT-7477","LGG","1",0.996472656726837,"1"
"Drews","5",20261005,"TCGA-HT-7879","LGG","2",0.138646259903908,"2"
"Drews","5",20261005,"TCGA-HT-A61C","LGG","2",0.934043288230896,"1"
"Drews","5",20261005,"TCGA-P5-A730","LGG","2",0.00723245879635215,"2"
"Drews","5",20261005,"TCGA-P5-A780","LGG","1",0.363215267658234,"2"
"Drews","5",20261005,"TCGA-QH-A6CY","LGG","2",0.00385767337866127,"2"
"Drews","5",20261005,"TCGA-QH-A6X5","LGG","2",0.019944790750742,"2"
"Drews","5",20261005,"TCGA-R8-A73M","LGG","2",0.0163931492716074,"2"
"Drews","5",20261005,"TCGA-S9-A6U5","LGG","2",0.00329827796667814,"2"
"Drews","5",20261005,"TCGA-S9-A6WO","LGG","2",0.0317991599440575,"2"
"Drews","5",20261005,"TCGA-S9-A7R1","LGG","2",0.00160301814321429,"2"
"Drews","5",20261005,"TCGA-TM-A84B","LGG","1",0.34659007191658,"2"
"Drews","5",20261005,"TCGA-TQ-A7RO","LGG","2",0.00376930786296725,"2"
"Drews","5",20261005,"TCGA-VM-A8CA","LGG","2",0.0283209420740604,"2"
"Drews","5",20261005,"TCGA-2Y-A9HA","LIHC","1",0.993351757526398,"1"
"Drews","5",20261005,"TCGA-BC-4073","LIHC","1",0.974809169769287,"1"
"Drews","5",20261005,"TCGA-BC-A216","LIHC","1",0.998643696308136,"1"
"Drews","5",20261005,"TCGA-BC-A3KF","LIHC","1",0.997577369213104,"1"
"Drews","5",20261005,"TCGA-BW-A5NQ","LIHC","2",0.885706543922424,"1"
"Drews","5",20261005,"TCGA-CC-A3MA","LIHC","1",0.998450994491577,"1"
"Drews","5",20261005,"TCGA-CC-A8HV","LIHC","1",0.999143838882446,"1"
"Drews","5",20261005,"TCGA-DD-AAC9","LIHC","2",0.053737461566925,"2"
"Drews","5",20261005,"TCGA-DD-AACD","LIHC","1",0.354256421327591,"2"
"Drews","5",20261005,"TCGA-DD-AACH","LIHC","1",0.996351957321167,"1"
"Drews","5",20261005,"TCGA-DD-AADD","LIHC","1",0.998019099235535,"1"
"Drews","5",20261005,"TCGA-ED-A459","LIHC","1",0.993209898471832,"1"
"Drews","5",20261005,"TCGA-EP-A2KB","LIHC","2",0.592581450939178,"1"
"Drews","5",20261005,"TCGA-EP-A2KC","LIHC","2",0.305657595396042,"2"
"Drews","5",20261005,"TCGA-G3-A25S","LIHC","1",0.988571584224701,"1"
"Drews","5",20261005,"TCGA-G3-A25Y","LIHC","1",0.982220470905304,"1"
"Drews","5",20261005,"TCGA-LG-A9QD","LIHC","2",0.0521487258374691,"2"
"Drews","5",20261005,"TCGA-RC-A6M3","LIHC","1",0.965571820735931,"1"
"Drews","5",20261005,"TCGA-RC-A7SK","LIHC","1",0.987940311431885,"1"
"Drews","5",20261005,"TCGA-WX-AA44","LIHC","1",0.990043878555298,"1"
"Drews","5",20261005,"TCGA-ZP-A9D1","LIHC","2",0.478844076395035,"2"
"Drews","5",20261005,"TCGA-05-4250","LUAD","1",0.997682929039001,"1"
"Drews","5",20261005,"TCGA-05-4389","LUAD","1",0.999878525733948,"1"
"Drews","5",20261005,"TCGA-05-4395","LUAD","1",0.997333765029907,"1"
"Drews","5",20261005,"TCGA-05-4415","LUAD","1",0.987923681735992,"1"
"Drews","5",20261005,"TCGA-05-4422","LUAD","1",0.970960259437561,"1"
"Drews","5",20261005,"TCGA-05-5715","LUAD","1",0.972937762737274,"1"
"Drews","5",20261005,"TCGA-50-5944","LUAD","1",0.986482381820679,"1"
"Drews","5",20261005,"TCGA-55-6968","LUAD","1",0.999940037727356,"1"
"Drews","5",20261005,"TCGA-55-7910","LUAD","1",0.999848484992981,"1"
"Drews","5",20261005,"TCGA-55-8615","LUAD","1",0.999648451805115,"1"
"Drews","5",20261005,"TCGA-64-5775","LUAD","1",0.988462865352631,"1"
"Drews","5",20261005,"TCGA-67-3773","LUAD","1",0.593183040618896,"1"
"Drews","5",20261005,"TCGA-67-6217","LUAD","1",0.988037347793579,"1"
"Drews","5",20261005,"TCGA-69-7760","LUAD","1",0.999819457530975,"1"
"Drews","5",20261005,"TCGA-69-7980","LUAD","1",0.999179065227509,"1"
"Drews","5",20261005,"TCGA-78-7161","LUAD","1",0.999587833881378,"1"
"Drews","5",20261005,"TCGA-78-7539","LUAD","1",0.978205740451813,"1"
"Drews","5",20261005,"TCGA-86-6851","LUAD","1",0.999283969402313,"1"
"Drews","5",20261005,"TCGA-86-7953","LUAD","1",0.999922037124634,"1"
"Drews","5",20261005,"TCGA-86-7955","LUAD","1",0.999522805213928,"1"
"Drews","5",20261005,"TCGA-86-8056","LUAD","1",0.438738018274307,"2"
"Drews","5",20261005,"TCGA-91-6831","LUAD","1",0.999994397163391,"1"
"Drews","5",20261005,"TCGA-91-6840","LUAD","1",0.999428808689117,"1"
"Drews","5",20261005,"TCGA-97-7546","LUAD","1",0.514054179191589,"1"
"Drews","5",20261005,"TCGA-97-8174","LUAD","1",0.651278913021088,"1"
"Drews","5",20261005,"TCGA-97-8547","LUAD","1",0.818086326122284,"1"
"Drews","5",20261005,"TCGA-MP-A4T6","LUAD","1",0.954125046730042,"1"
"Drews","5",20261005,"TCGA-18-3414","LUSC","1",0.999266922473907,"1"
"Drews","5",20261005,"TCGA-21-1078","LUSC","2",0.697720885276794,"1"
"Drews","5",20261005,"TCGA-22-5471","LUSC","1",0.999735772609711,"1"
"Drews","5",20261005,"TCGA-22-5472","LUSC","2",0.13071882724762,"2"
"Drews","5",20261005,"TCGA-33-4587","LUSC","1",0.999163150787354,"1"
"Drews","5",20261005,"TCGA-33-AASJ","LUSC","1",0.996917724609375,"1"
"Drews","5",20261005,"TCGA-37-4133","LUSC","1",0.9989013671875,"1"
"Drews","5",20261005,"TCGA-37-4135","LUSC","1",0.999957680702209,"1"
"Drews","5",20261005,"TCGA-43-2581","LUSC","1",0.99778687953949,"1"
"Drews","5",20261005,"TCGA-43-6770","LUSC","1",0.99926370382309,"1"
"Drews","5",20261005,"TCGA-43-6771","LUSC","1",0.929468035697937,"1"
"Drews","5",20261005,"TCGA-43-A56V","LUSC","1",0.99979156255722,"1"
"Drews","5",20261005,"TCGA-52-7812","LUSC","1",0.999736726284027,"1"
"Drews","5",20261005,"TCGA-56-8626","LUSC","1",0.998685300350189,"1"
"Drews","5",20261005,"TCGA-60-2698","LUSC","1",0.999662041664124,"1"
"Drews","5",20261005,"TCGA-60-2706","LUSC","1",0.999965190887451,"1"
"Drews","5",20261005,"TCGA-60-2713","LUSC","1",0.999606549739838,"1"
"Drews","5",20261005,"TCGA-60-2722","LUSC","1",0.999863624572754,"1"
"Drews","5",20261005,"TCGA-63-A5ML","LUSC","1",0.99903678894043,"1"
"Drews","5",20261005,"TCGA-63-A5MW","LUSC","1",0.999338686466217,"1"
"Drews","5",20261005,"TCGA-66-2783","LUSC","1",0.998853921890259,"1"
"Drews","5",20261005,"TCGA-68-7755","LUSC","1",0.999818980693817,"1"
"Drews","5",20261005,"TCGA-77-7140","LUSC","1",0.999486565589905,"1"
"Drews","5",20261005,"TCGA-77-7337","LUSC","1",0.999234080314636,"1"
"Drews","5",20261005,"TCGA-77-8148","LUSC","1",0.99998664855957,"1"
"Drews","5",20261005,"TCGA-77-A5GF","LUSC","1",0.99957686662674,"1"
"Drews","5",20261005,"TCGA-85-A5B5","LUSC","1",0.999801456928253,"1"
"Drews","5",20261005,"TCGA-90-A4EE","LUSC","1",0.996884882450104,"1"
"Drews","5",20261005,"TCGA-92-8065","LUSC","1",0.984224200248718,"1"
"Drews","5",20261005,"TCGA-98-8023","LUSC","1",0.987147510051727,"1"
"Drews","5",20261005,"TCGA-LA-A446","LUSC","1",0.99978119134903,"1"
"Drews","5",20261005,"TCGA-NC-A5HR","LUSC","1",0.999792158603668,"1"
"Drews","5",20261005,"TCGA-O2-A52N","LUSC","1",0.999251663684845,"1"
"Drews","5",20261005,"TCGA-O2-A52S","LUSC","1",0.999619483947754,"1"
"Drews","5",20261005,"TCGA-MQ-A4LV","MESO","1",0.856554567813873,"1"
"Drews","5",20261005,"TCGA-MQ-A6BR","MESO","2",0.287668138742447,"2"
"Drews","5",20261005,"TCGA-TS-A7OZ","MESO","1",0.998748540878296,"1"
"Drews","5",20261005,"TCGA-UD-AAC1","MESO","2",0.570152521133423,"1"
"Drews","5",20261005,"TCGA-09-2044","OV","1",0.999896764755249,"1"
"Drews","5",20261005,"TCGA-09-2045","OV","1",0.999563753604889,"1"
"Drews","5",20261005,"TCGA-13-0800","OV","1",0.996729731559753,"1"
"Drews","5",20261005,"TCGA-13-0890","OV","1",0.999952435493469,"1"
"Drews","5",20261005,"TCGA-13-0920","OV","1",0.999989151954651,"1"
"Drews","5",20261005,"TCGA-13-1403","OV","1",0.99994957447052,"1"
"Drews","5",20261005,"TCGA-23-1027","OV","1",0.999579727649689,"1"
"Drews","5",20261005,"TCGA-23-1122","OV","1",0.999981641769409,"1"
"Drews","5",20261005,"TCGA-23-1123","OV","1",0.999954581260681,"1"
"Drews","5",20261005,"TCGA-24-1103","OV","1",0.999967932701111,"1"
"Drews","5",20261005,"TCGA-24-1418","OV","1",0.999896645545959,"1"
"Drews","5",20261005,"TCGA-24-1424","OV","1",0.999990224838257,"1"
"Drews","5",20261005,"TCGA-24-1847","OV","1",0.999116480350494,"1"
"Drews","5",20261005,"TCGA-24-2019","OV","1",0.999880909919739,"1"
"Drews","5",20261005,"TCGA-24-2261","OV","1",0.999992489814758,"1"
"Drews","5",20261005,"TCGA-24-2267","OV","1",0.999884843826294,"1"
"Drews","5",20261005,"TCGA-24-2288","OV","1",0.999982476234436,"1"
"Drews","5",20261005,"TCGA-25-2392","OV","1",0.999969363212585,"1"
"Drews","5",20261005,"TCGA-25-2400","OV","1",0.999985337257385,"1"
"Drews","5",20261005,"TCGA-25-2404","OV","1",0.999987602233887,"1"
"Drews","5",20261005,"TCGA-29-1703","OV","1",0.999773442745209,"1"
"Drews","5",20261005,"TCGA-29-1711","OV","1",0.999906897544861,"1"
"Drews","5",20261005,"TCGA-29-1778","OV","1",0.999942421913147,"1"
"Drews","5",20261005,"TCGA-29-1783","OV","1",0.999868154525757,"1"
"Drews","5",20261005,"TCGA-30-1891","OV","1",0.999526381492615,"1"
"Drews","5",20261005,"TCGA-31-1959","OV","1",0.999995946884155,"1"
"Drews","5",20261005,"TCGA-59-2363","OV","1",0.999950408935547,"1"
"Drews","5",20261005,"TCGA-5X-AA5U","OV","1",0.999062120914459,"1"
"Drews","5",20261005,"TCGA-61-1725","OV","1",0.999666690826416,"1"
"Drews","5",20261005,"TCGA-61-1728","OV","1",0.999951601028442,"1"
"Drews","5",20261005,"TCGA-61-1910","OV","1",0.999602138996124,"1"
"Drews","5",20261005,"TCGA-61-2003","OV","1",0.999819219112396,"1"
"Drews","5",20261005,"TCGA-61-2094","OV","1",0.999194085597992,"1"
"Drews","5",20261005,"TCGA-2J-AABE","PAAD","2",0.531246960163116,"1"
"Drews","5",20261005,"TCGA-2L-AAQE","PAAD","1",0.995382487773895,"1"
"Drews","5",20261005,"TCGA-3A-A9IC","PAAD","1",0.996798872947693,"1"
"Drews","5",20261005,"TCGA-3A-A9IS","PAAD","1",0.061342790722847,"2"
"Drews","5",20261005,"TCGA-HZ-A9TJ","PAAD","1",0.9303058385849,"1"
"Drews","5",20261005,"TCGA-QR-A6H6","PCPG","2",0.0181873124092817,"2"
"Drews","5",20261005,"TCGA-QR-A703","PCPG","1",0.0402480810880661,"2"
"Drews","5",20261005,"TCGA-QR-A70P","PCPG","2",0.114667192101479,"2"
"Drews","5",20261005,"TCGA-QR-A7IP","PCPG","2",0.14588551223278,"2"
"Drews","5",20261005,"TCGA-RM-A68W","PCPG","2",0.136834785342216,"2"
"Drews","5",20261005,"TCGA-RW-A685","PCPG","2",0.0315501354634762,"2"
"Drews","5",20261005,"TCGA-RW-A689","PCPG","2",0.284005463123322,"2"
"Drews","5",20261005,"TCGA-S7-A7X1","PCPG","2",0.216461792588234,"2"
"Drews","5",20261005,"TCGA-SR-A6MU","PCPG","2",0.0573087483644485,"2"
"Drews","5",20261005,"TCGA-TT-A6YP","PCPG","2",0.0477832555770874,"2"
"Drews","5",20261005,"TCGA-2A-A8VX","PRAD","1",0.99928218126297,"1"
"Drews","5",20261005,"TCGA-CH-5751","PRAD","1",0.999672770500183,"1"
"Drews","5",20261005,"TCGA-CH-5765","PRAD","2",0.976814210414886,"1"
"Drews","5",20261005,"TCGA-CH-5767","PRAD","1",0.994451820850372,"1"
"Drews","5",20261005,"TCGA-EJ-5518","PRAD","1",0.992933630943298,"1"
"Drews","5",20261005,"TCGA-EJ-8469","PRAD","1",0.989426136016846,"1"
"Drews","5",20261005,"TCGA-EJ-A46F","PRAD","1",0.987617671489716,"1"
"Drews","5",20261005,"TCGA-FC-A4JI","PRAD","1",0.999637365341187,"1"
"Drews","5",20261005,"TCGA-HC-7232","PRAD","2",0.990472733974457,"1"
"Drews","5",20261005,"TCGA-HC-A76W","PRAD","2",0.906530976295471,"1"
"Drews","5",20261005,"TCGA-HI-7171","PRAD","1",0.997532725334167,"1"
"Drews","5",20261005,"TCGA-J4-A67N","PRAD","1",0.846528589725494,"1"
"Drews","5",20261005,"TCGA-KC-A4BV","PRAD","1",0.983542561531067,"1"
"Drews","5",20261005,"TCGA-KK-A6E4","PRAD","2",0.952224791049957,"1"
"Drews","5",20261005,"TCGA-KK-A6E8","PRAD","1",0.995740532875061,"1"
"Drews","5",20261005,"TCGA-KK-A7AQ","PRAD","1",0.998896837234497,"1"
"Drews","5",20261005,"TCGA-ZG-A9LZ","PRAD","1",0.993671536445618,"1"
"Drews","5",20261005,"TCGA-ZG-A9M4","PRAD","1",0.911459863185883,"1"
"Drews","5",20261005,"TCGA-AG-3581","READ","2",0.977420270442963,"1"
"Drews","5",20261005,"TCGA-AG-3726","READ","1",0.936982572078705,"1"
"Drews","5",20261005,"TCGA-AG-3731","READ","1",0.867930293083191,"1"
"Drews","5",20261005,"TCGA-AG-3883","READ","1",0.993624567985535,"1"
"Drews","5",20261005,"TCGA-AG-3885","READ","1",0.994857549667358,"1"
"Drews","5",20261005,"TCGA-AG-4022","READ","2",0.38305252790451,"2"
"Drews","5",20261005,"TCGA-BM-6198","READ","1",0.987878382205963,"1"
"Drews","5",20261005,"TCGA-DC-6682","READ","1",0.98275363445282,"1"
"Drews","5",20261005,"TCGA-G5-6233","READ","1",0.998532652854919,"1"
"Drews","5",20261005,"TCGA-3B-A9HL","SARC","1",0.999878644943237,"1"
"Drews","5",20261005,"TCGA-3B-A9HX","SARC","1",0.998926222324371,"1"
"Drews","5",20261005,"TCGA-DX-A1KW","SARC","1",0.99992573261261,"1"
"Drews","5",20261005,"TCGA-DX-A3LY","SARC","1",0.963422775268555,"1"
"Drews","5",20261005,"TCGA-DX-A3UA","SARC","1",0.978361904621124,"1"
"Drews","5",20261005,"TCGA-DX-A6YQ","SARC","1",0.997690200805664,"1"
"Drews","5",20261005,"TCGA-DX-A6YR","SARC","1",0.998794317245483,"1"
"Drews","5",20261005,"TCGA-DX-A7EF","SARC","1",0.999737203121185,"1"
"Drews","5",20261005,"TCGA-DX-A7EI","SARC","1",0.999873638153076,"1"
"Drews","5",20261005,"TCGA-DX-A8BH","SARC","1",0.997350454330444,"1"
"Drews","5",20261005,"TCGA-DX-A8BM","SARC","1",0.998346328735352,"1"
"Drews","5",20261005,"TCGA-DX-AB2O","SARC","1",0.999898910522461,"1"
"Drews","5",20261005,"TCGA-DX-AB2W","SARC","1",0.998922765254974,"1"
"Drews","5",20261005,"TCGA-DX-AB35","SARC","1",0.994780600070953,"1"
"Drews","5",20261005,"TCGA-DX-AB3B","SARC","1",0.960387587547302,"1"
"Drews","5",20261005,"TCGA-HB-A3YV","SARC","1",0.999159336090088,"1"
"Drews","5",20261005,"TCGA-IW-A3M5","SARC","1",0.99992823600769,"1"
"Drews","5",20261005,"TCGA-JV-A5VE","SARC","1",0.995258390903473,"1"
"Drews","5",20261005,"TCGA-PC-A5DK","SARC","2",0.686054229736328,"1"
"Drews","5",20261005,"TCGA-QC-A6FX","SARC","1",0.99884307384491,"1"
"Drews","5",20261005,"TCGA-SG-A6Z4","SARC","1",0.999647736549377,"1"
"Drews","5",20261005,"TCGA-SG-A6Z7","SARC","1",0.999960899353027,"1"
"Drews","5",20261005,"TCGA-X6-A7W8","SARC","1",0.999296545982361,"1"
"Drews","5",20261005,"TCGA-X6-A8C3","SARC","1",0.997863233089447,"1"
"Drews","5",20261005,"TCGA-BF-AAP4","SKCM","1",0.919176340103149,"1"
"Drews","5",20261005,"TCGA-EB-A42Z","SKCM","1",0.902963042259216,"1"
"Drews","5",20261005,"TCGA-EB-A553","SKCM","1",0.898835480213165,"1"
"Drews","5",20261005,"TCGA-EB-A57M","SKCM","1",0.994763314723969,"1"
"Drews","5",20261005,"TCGA-EB-A5SF","SKCM","1",0.423705130815506,"2"
"Drews","5",20261005,"TCGA-EB-A5UM","SKCM","1",0.497115194797516,"2"
"Drews","5",20261005,"TCGA-GN-A8LN","SKCM","1",0.980052649974823,"1"
"Drews","5",20261005,"TCGA-XV-AAZW","SKCM","1",0.780041635036469,"1"
"Drews","5",20261005,"TCGA-B7-A5TN","STAD","1",0.999930500984192,"1"
"Drews","5",20261005,"TCGA-BR-4267","STAD","1",0.822354912757874,"1"
"Drews","5",20261005,"TCGA-BR-4368","STAD","2",0.959490895271301,"1"
"Drews","5",20261005,"TCGA-BR-7197","STAD","1",0.999586045742035,"1"
"Drews","5",20261005,"TCGA-BR-8060","STAD","1",0.999750316143036,"1"
"Drews","5",20261005,"TCGA-BR-8687","STAD","1",0.999726951122284,"1"
"Drews","5",20261005,"TCGA-CD-5800","STAD","1",0.999972820281982,"1"
"Drews","5",20261005,"TCGA-CG-4301","STAD","1",0.997790932655334,"1"
"Drews","5",20261005,"TCGA-CG-4449","STAD","1",0.999969840049744,"1"
"Drews","5",20261005,"TCGA-CG-4474","STAD","2",0.811587691307068,"1"
"Drews","5",20261005,"TCGA-CG-5724","STAD","1",0.999714314937592,"1"
"Drews","5",20261005,"TCGA-D7-A6EV","STAD","1",0.998495936393738,"1"
"Drews","5",20261005,"TCGA-FP-7829","STAD","1",0.994911134243011,"1"
"Drews","5",20261005,"TCGA-HU-8244","STAD","2",0.846266210079193,"1"
"Drews","5",20261005,"TCGA-HU-A4GF","STAD","1",0.999868392944336,"1"
"Drews","5",20261005,"TCGA-HU-A4GH","STAD","1",0.999545633792877,"1"
"Drews","5",20261005,"TCGA-HU-A4GU","STAD","1",0.992374002933502,"1"
"Drews","5",20261005,"TCGA-IN-A6RN","STAD","1",0.999655723571777,"1"
"Drews","5",20261005,"TCGA-IN-AB1X","STAD","1",0.84846818447113,"1"
"Drews","5",20261005,"TCGA-IP-7968","STAD","1",0.999928116798401,"1"
"Drews","5",20261005,"TCGA-KB-A93J","STAD","1",0.997667372226715,"1"
"Drews","5",20261005,"TCGA-RD-A7BT","STAD","1",0.999593079090118,"1"
"Drews","5",20261005,"TCGA-VQ-A8E0","STAD","1",0.999953866004944,"1"
"Drews","5",20261005,"TCGA-VQ-A8E3","STAD","1",0.961687743663788,"1"
"Drews","5",20261005,"TCGA-VQ-A94O","STAD","1",0.999796330928802,"1"
"Drews","5",20261005,"TCGA-VQ-AA64","STAD","1",0.999934434890747,"1"
"Drews","5",20261005,"TCGA-VQ-AA6D","STAD","1",0.999979019165039,"1"
"Drews","5",20261005,"TCGA-2G-AAGV","TGCT","2",0.529631376266479,"1"
"Drews","5",20261005,"TCGA-2G-AAHL","TGCT","2",0.651463627815247,"1"
"Drews","5",20261005,"TCGA-XY-A8S2","TGCT","1",0.996700465679169,"1"
"Drews","5",20261005,"TCGA-YU-A94I","TGCT","1",0.999164700508118,"1"
"Drews","5",20261005,"TCGA-4C-A93U","THCA","2",0.178114995360374,"2"
"Drews","5",20261005,"TCGA-EL-A3GP","THCA","2",0.671684443950653,"1"
"Drews","5",20261005,"TCGA-5U-AB0D","THYM","1",0.979998052120209,"1"
"Drews","5",20261005,"TCGA-AJ-A23N","UCEC","1",0.999898672103882,"1"
"Drews","5",20261005,"TCGA-AJ-A3TW","UCEC","1",0.999984502792358,"1"
"Drews","5",20261005,"TCGA-AP-A05D","UCEC","1",0.999752461910248,"1"
"Drews","5",20261005,"TCGA-AP-A05H","UCEC","1",0.999733984470367,"1"
"Drews","5",20261005,"TCGA-AP-A1DQ","UCEC","1",0.999379634857178,"1"
"Drews","5",20261005,"TCGA-AW-A1PO","UCEC","1",0.999907732009888,"1"
"Drews","5",20261005,"TCGA-AX-A1C7","UCEC","1",0.996482968330383,"1"
"Drews","5",20261005,"TCGA-AX-A2IN","UCEC","2",0.988771855831146,"1"
"Drews","5",20261005,"TCGA-AX-A3FS","UCEC","2",0.861832976341248,"1"
"Drews","5",20261005,"TCGA-AX-A3G3","UCEC","1",0.999410510063171,"1"
"Drews","5",20261005,"TCGA-AX-A3G4","UCEC","1",0.999708235263824,"1"
"Drews","5",20261005,"TCGA-AX-A3GI","UCEC","1",0.999985218048096,"1"
"Drews","5",20261005,"TCGA-B5-A0JS","UCEC","1",0.032405037432909,"2"
"Drews","5",20261005,"TCGA-B5-A0KB","UCEC","1",0.997096180915833,"1"
"Drews","5",20261005,"TCGA-B5-A11I","UCEC","1",0.99959009885788,"1"
"Drews","5",20261005,"TCGA-B5-A11Q","UCEC","2",0.229732677340508,"2"
"Drews","5",20261005,"TCGA-BG-A0YV","UCEC","1",0.997515559196472,"1"
"Drews","5",20261005,"TCGA-BG-A222","UCEC","2",0.846949696540833,"1"
"Drews","5",20261005,"TCGA-BG-A2AE","UCEC","2",0.971045851707458,"1"
"Drews","5",20261005,"TCGA-BK-A26L","UCEC","1",0.999586641788483,"1"
"Drews","5",20261005,"TCGA-BS-A0TI","UCEC","1",0.99639880657196,"1"
"Drews","5",20261005,"TCGA-D1-A103","UCEC","2",0.0324320159852505,"2"
"Drews","5",20261005,"TCGA-D1-A169","UCEC","2",0.806064426898956,"1"
"Drews","5",20261005,"TCGA-D1-A17R","UCEC","2",0.172939077019691,"2"
"Drews","5",20261005,"TCGA-D1-A3JP","UCEC","1",0.971061527729034,"1"
"Drews","5",20261005,"TCGA-DI-A1NO","UCEC","1",0.999981760978699,"1"
"Drews","5",20261005,"TCGA-EO-A2CG","UCEC","1",0.999640583992004,"1"
"Drews","5",20261005,"TCGA-EY-A1GC","UCEC","1",0.978264033794403,"1"
"Drews","5",20261005,"TCGA-EY-A1GO","UCEC","2",0.95732444524765,"1"
"Drews","5",20261005,"TCGA-EY-A2ON","UCEC","1",0.999568045139313,"1"
"Drews","5",20261005,"TCGA-FI-A2CY","UCEC","1",0.999900937080383,"1"
"Drews","5",20261005,"TCGA-FI-A2EW","UCEC","1",0.993224263191223,"1"
"Drews","5",20261005,"TCGA-FI-A2F8","UCEC","1",0.996764659881592,"1"
"Drews","5",20261005,"TCGA-JU-AAVI","UCEC","1",0.999944448471069,"1"
"Drews","5",20261005,"TCGA-N5-A4R8","UCS","1",0.999881982803345,"1"
"Drews","5",20261005,"TCGA-N5-A4RJ","UCS","1",0.999612033367157,"1"
"Drews","5",20261005,"TCGA-N5-A4RT","UCS","1",0.999975204467773,"1"
"Drews","5",20261005,"TCGA-N7-A4Y8","UCS","1",0.999094486236572,"1"
"Drews","5",20261005,"TCGA-N9-A4Q4","UCS","1",0.999985814094543,"1"
"Drews","5",20261005,"TCGA-ND-A4W6","UCS","1",0.99980503320694,"1"
"Drews","5",20261005,"TCGA-ND-A4WF","UCS","1",0.999785363674164,"1"
"Drews","5",20261005,"TCGA-V4-A9EX","UVM","2",0.535697162151337,"1"
"Drews","5",20261005,"TCGA-VD-A8KA","UVM","2",0.0250103138387203,"2"
"Drews","5",20261005,"TCGA-VD-A8KM","UVM","2",0.101212091743946,"2"
"Drews","5",20261005,"TCGA-VD-A8KN","UVM","2",0.0112066436558962,"2"
"Drews","6",20261006,"TCGA-OR-A5J2","ACC","1",0.725061297416687,"1"
"Drews","6",20261006,"TCGA-OR-A5J3","ACC","2",0.0902923718094826,"2"
"Drews","6",20261006,"TCGA-OR-A5J8","ACC","1",0.995936870574951,"1"
"Drews","6",20261006,"TCGA-OR-A5JB","ACC","1",0.997207343578339,"1"
"Drews","6",20261006,"TCGA-OR-A5JI","ACC","2",0.0669172778725624,"2"
"Drews","6",20261006,"TCGA-OR-A5K5","ACC","1",0.979770958423615,"1"
"Drews","6",20261006,"TCGA-OR-A5LG","ACC","1",0.0797236189246178,"2"
"Drews","6",20261006,"TCGA-OR-A5LH","ACC","1",0.0742536708712578,"2"
"Drews","6",20261006,"TCGA-4Z-AA7M","BLCA","1",0.999827206134796,"1"
"Drews","6",20261006,"TCGA-4Z-AA82","BLCA","1",0.999929666519165,"1"
"Drews","6",20261006,"TCGA-4Z-AA87","BLCA","1",0.999759018421173,"1"
"Drews","6",20261006,"TCGA-CF-A8HY","BLCA","1",0.995799958705902,"1"
"Drews","6",20261006,"TCGA-CU-A3YL","BLCA","2",0.998421192169189,"1"
"Drews","6",20261006,"TCGA-DK-A1A3","BLCA","1",0.998488426208496,"1"
"Drews","6",20261006,"TCGA-DK-A1AB","BLCA","2",0.984793722629547,"1"
"Drews","6",20261006,"TCGA-DK-A1AC","BLCA","1",0.999074220657349,"1"
"Drews","6",20261006,"TCGA-DK-A2I6","BLCA","1",0.999969244003296,"1"
"Drews","6",20261006,"TCGA-DK-A3IL","BLCA","1",0.999268710613251,"1"
"Drews","6",20261006,"TCGA-DK-A3IM","BLCA","1",0.999878764152527,"1"
"Drews","6",20261006,"TCGA-DK-A3IV","BLCA","1",0.998869836330414,"1"
"Drews","6",20261006,"TCGA-DK-A6B1","BLCA","1",0.993186354637146,"1"
"Drews","6",20261006,"TCGA-DK-AA6L","BLCA","1",0.999637246131897,"1"
"Drews","6",20261006,"TCGA-DK-AA6U","BLCA","1",0.999971151351929,"1"
"Drews","6",20261006,"TCGA-DK-AA6W","BLCA","1",0.999714195728302,"1"
"Drews","6",20261006,"TCGA-DK-AA77","BLCA","1",0.999770939350128,"1"
"Drews","6",20261006,"TCGA-E7-A3Y1","BLCA","2",0.139431819319725,"2"
"Drews","6",20261006,"TCGA-FD-A3SJ","BLCA","1",0.999943971633911,"1"
"Drews","6",20261006,"TCGA-FD-A5C0","BLCA","1",0.99880063533783,"1"
"Drews","6",20261006,"TCGA-G2-AA3D","BLCA","1",0.999030232429504,"1"
"Drews","6",20261006,"TCGA-GV-A6ZA","BLCA","1",0.999675750732422,"1"
"Drews","6",20261006,"TCGA-HQ-A2OF","BLCA","1",0.977765381336212,"1"
"Drews","6",20261006,"TCGA-KQ-A41P","BLCA","1",0.999724924564362,"1"
"Drews","6",20261006,"TCGA-KQ-A41R","BLCA","1",0.998648583889008,"1"
"Drews","6",20261006,"TCGA-PQ-A6FI","BLCA","1",0.999730408191681,"1"
"Drews","6",20261006,"TCGA-UY-A8OD","BLCA","1",0.999430358409882,"1"
"Drews","6",20261006,"TCGA-XF-AAMG","BLCA","1",0.999956130981445,"1"
"Drews","6",20261006,"TCGA-XF-AAMY","BLCA","1",0.999677896499634,"1"
"Drews","6",20261006,"TCGA-YF-AA3L","BLCA","1",0.987328767776489,"1"
"Drews","6",20261006,"TCGA-ZF-A9R9","BLCA","1",0.89078277349472,"1"
"Drews","6",20261006,"TCGA-ZF-A9RL","BLCA","1",0.998686611652374,"1"
"Drews","6",20261006,"TCGA-ZF-AA4V","BLCA","1",0.999823033809662,"1"
"Drews","6",20261006,"TCGA-3C-AALI","BRCA","1",0.999853014945984,"1"
"Drews","6",20261006,"TCGA-A2-A04V","BRCA","1",0.996168792247772,"1"
"Drews","6",20261006,"TCGA-A2-A0EP","BRCA","1",0.056914109736681,"2"
"Drews","6",20261006,"TCGA-A2-A0EX","BRCA","1",0.466383665800095,"2"
"Drews","6",20261006,"TCGA-A2-A0T0","BRCA","1",0.999918818473816,"1"
"Drews","6",20261006,"TCGA-A2-A0T2","BRCA","1",0.999017834663391,"1"
"Drews","6",20261006,"TCGA-A2-A0YJ","BRCA","1",0.99995231628418,"1"
"Drews","6",20261006,"TCGA-A2-A1FV","BRCA","1",0.886963188648224,"1"
"Drews","6",20261006,"TCGA-A2-A1G4","BRCA","1",0.971436619758606,"1"
"Drews","6",20261006,"TCGA-A7-A0CJ","BRCA","1",0.999782860279083,"1"
"Drews","6",20261006,"TCGA-A7-A2KD","BRCA","1",0.999811470508575,"1"
"Drews","6",20261006,"TCGA-A7-A5ZV","BRCA","1",0.999949812889099,"1"
"Drews","6",20261006,"TCGA-A7-A6VY","BRCA","1",0.999883651733398,"1"
"Drews","6",20261006,"TCGA-A8-A06Q","BRCA","1",0.995995044708252,"1"
"Drews","6",20261006,"TCGA-A8-A079","BRCA","1",0.999400615692139,"1"
"Drews","6",20261006,"TCGA-A8-A07B","BRCA","1",0.998461604118347,"1"
"Drews","6",20261006,"TCGA-A8-A07I","BRCA","1",0.999871730804443,"1"
"Drews","6",20261006,"TCGA-A8-A094","BRCA","1",0.999902486801147,"1"
"Drews","6",20261006,"TCGA-A8-A09D","BRCA","1",0.999755680561066,"1"
"Drews","6",20261006,"TCGA-A8-A09E","BRCA","1",0.988035142421722,"1"
"Drews","6",20261006,"TCGA-A8-A0AD","BRCA","1",0.659930169582367,"1"
"Drews","6",20261006,"TCGA-AC-A2BM","BRCA","1",0.977825999259949,"1"
"Drews","6",20261006,"TCGA-AC-A2QH","BRCA","1",0.999940514564514,"1"
"Drews","6",20261006,"TCGA-AC-A3OD","BRCA","1",0.8720423579216,"1"
"Drews","6",20261006,"TCGA-AC-A3W5","BRCA","1",0.998816847801208,"1"
"Drews","6",20261006,"TCGA-AN-A049","BRCA","1",0.999952077865601,"1"
"Drews","6",20261006,"TCGA-AN-A0XP","BRCA","2",0.352345317602158,"2"
"Drews","6",20261006,"TCGA-AN-A0XS","BRCA","2",0.358173251152039,"2"
"Drews","6",20261006,"TCGA-AO-A03O","BRCA","1",0.999942064285278,"1"
"Drews","6",20261006,"TCGA-AO-A0J7","BRCA","2",0.872880101203918,"1"
"Drews","6",20261006,"TCGA-AO-A0JD","BRCA","1",0.996282756328583,"1"
"Drews","6",20261006,"TCGA-AQ-A04J","BRCA","1",0.999437630176544,"1"
"Drews","6",20261006,"TCGA-AQ-A1H2","BRCA","1",0.96056342124939,"1"
"Drews","6",20261006,"TCGA-AR-A0TV","BRCA","1",0.998001396656036,"1"
"Drews","6",20261006,"TCGA-AR-A0TX","BRCA","1",0.998428225517273,"1"
"Drews","6",20261006,"TCGA-AR-A1AQ","BRCA","1",0.986767947673798,"1"
"Drews","6",20261006,"TCGA-AR-A24H","BRCA","1",0.999525547027588,"1"
"Drews","6",20261006,"TCGA-AR-A24N","BRCA","2",0.741529405117035,"1"
"Drews","6",20261006,"TCGA-AR-A24Z","BRCA","1",0.999702036380768,"1"
"Drews","6",20261006,"TCGA-AR-A251","BRCA","1",0.99997866153717,"1"
"Drews","6",20261006,"TCGA-AR-A255","BRCA","1",0.994663953781128,"1"
"Drews","6",20261006,"TCGA-B6-A0I1","BRCA","1",0.999731123447418,"1"
"Drews","6",20261006,"TCGA-B6-A0RH","BRCA","1",0.997313797473907,"1"
"Drews","6",20261006,"TCGA-B6-A0RS","BRCA","1",0.999542593955994,"1"
"Drews","6",20261006,"TCGA-B6-A1KI","BRCA","2",0.0369205512106419,"2"
"Drews","6",20261006,"TCGA-BH-A0B5","BRCA","2",0.457013845443726,"2"
"Drews","6",20261006,"TCGA-BH-A0BP","BRCA","1",0.998033940792084,"1"
"Drews","6",20261006,"TCGA-BH-A0C7","BRCA","1",0.999467194080353,"1"
"Drews","6",20261006,"TCGA-BH-A0DD","BRCA","1",0.999685406684875,"1"
"Drews","6",20261006,"TCGA-BH-A0E2","BRCA","1",0.998866081237793,"1"
"Drews","6",20261006,"TCGA-BH-A0HB","BRCA","1",0.999001801013947,"1"
"Drews","6",20261006,"TCGA-BH-A0HX","BRCA","1",0.999889254570007,"1"
"Drews","6",20261006,"TCGA-BH-A18Q","BRCA","1",0.999948382377625,"1"
"Drews","6",20261006,"TCGA-BH-A1EV","BRCA","1",0.978511273860931,"1"
"Drews","6",20261006,"TCGA-C8-A12M","BRCA","1",0.998270392417908,"1"
"Drews","6",20261006,"TCGA-C8-A12P","BRCA","1",0.99997889995575,"1"
"Drews","6",20261006,"TCGA-C8-A12U","BRCA","1",0.999781906604767,"1"
"Drews","6",20261006,"TCGA-C8-A130","BRCA","1",0.999934673309326,"1"
"Drews","6",20261006,"TCGA-C8-A134","BRCA","1",0.999619603157043,"1"
"Drews","6",20261006,"TCGA-C8-A137","BRCA","1",0.999191462993622,"1"
"Drews","6",20261006,"TCGA-C8-A1HJ","BRCA","1",0.999927759170532,"1"
"Drews","6",20261006,"TCGA-C8-A26Z","BRCA","1",0.999496579170227,"1"
"Drews","6",20261006,"TCGA-D8-A1J9","BRCA","1",0.999877095222473,"1"
"Drews","6",20261006,"TCGA-D8-A1JG","BRCA","1",0.99973851442337,"1"
"Drews","6",20261006,"TCGA-D8-A1JL","BRCA","1",0.999792516231537,"1"
"Drews","6",20261006,"TCGA-D8-A1XS","BRCA","1",0.99794727563858,"1"
"Drews","6",20261006,"TCGA-D8-A1Y3","BRCA","1",0.99008184671402,"1"
"Drews","6",20261006,"TCGA-E2-A14X","BRCA","1",0.999882102012634,"1"
"Drews","6",20261006,"TCGA-E2-A15R","BRCA","1",0.997527062892914,"1"
"Drews","6",20261006,"TCGA-E2-A1II","BRCA","1",0.999205887317657,"1"
"Drews","6",20261006,"TCGA-E2-A2P6","BRCA","1",0.984815835952759,"1"
"Drews","6",20261006,"TCGA-E9-A1N9","BRCA","1",0.999795377254486,"1"
"Drews","6",20261006,"TCGA-E9-A1NA","BRCA","1",0.998955130577087,"1"
"Drews","6",20261006,"TCGA-E9-A22A","BRCA","1",0.99455463886261,"1"
"Drews","6",20261006,"TCGA-E9-A22E","BRCA","1",0.999005854129791,"1"
"Drews","6",20261006,"TCGA-E9-A24A","BRCA","2",0.523801624774933,"1"
"Drews","6",20261006,"TCGA-E9-A54Y","BRCA","1",0.991545736789703,"1"
"Drews","6",20261006,"TCGA-EW-A1IY","BRCA","2",0.897486507892609,"1"
"Drews","6",20261006,"TCGA-EW-A1OX","BRCA","1",0.998242855072021,"1"
"Drews","6",20261006,"TCGA-EW-A1OY","BRCA","1",0.999984502792358,"1"
"Drews","6",20261006,"TCGA-EW-A1P3","BRCA","2",0.969511270523071,"1"
"Drews","6",20261006,"TCGA-EW-A1PA","BRCA","1",0.99965488910675,"1"
"Drews","6",20261006,"TCGA-EW-A6SD","BRCA","1",0.999952435493469,"1"
"Drews","6",20261006,"TCGA-GM-A2DA","BRCA","1",0.940387606620789,"1"
"Drews","6",20261006,"TCGA-GM-A2DF","BRCA","1",0.999926090240479,"1"
"Drews","6",20261006,"TCGA-LL-A5YM","BRCA","1",0.992638111114502,"1"
"Drews","6",20261006,"TCGA-LL-A6FQ","BRCA","1",0.91193687915802,"1"
"Drews","6",20261006,"TCGA-OL-A66K","BRCA","2",0.126382648944855,"2"
"Drews","6",20261006,"TCGA-PE-A5DE","BRCA","1",0.787829339504242,"1"
"Drews","6",20261006,"TCGA-S3-A6ZF","BRCA","1",0.999817311763763,"1"
"Drews","6",20261006,"TCGA-S3-AA10","BRCA","1",0.999201714992523,"1"
"Drews","6",20261006,"TCGA-V7-A7HQ","BRCA","2",0.788565337657928,"1"
"Drews","6",20261006,"TCGA-W8-A86G","BRCA","2",0.0113359214738011,"2"
"Drews","6",20261006,"TCGA-WT-AB41","BRCA","1",0.933123648166656,"1"
"Drews","6",20261006,"TCGA-WT-AB44","BRCA","2",0.121325567364693,"2"
"Drews","6",20261006,"TCGA-4J-AA1J","CESC","1",0.990122497081757,"1"
"Drews","6",20261006,"TCGA-C5-A1BL","CESC","1",0.986227571964264,"1"
"Drews","6",20261006,"TCGA-C5-A2LV","CESC","1",0.991117238998413,"1"
"Drews","6",20261006,"TCGA-C5-A7UE","CESC","2",0.886866450309753,"1"
"Drews","6",20261006,"TCGA-C5-A7UH","CESC","1",0.984848439693451,"1"
"Drews","6",20261006,"TCGA-DR-A0ZM","CESC","2",0.297083348035812,"2"
"Drews","6",20261006,"TCGA-EK-A2PG","CESC","1",0.969081521034241,"1"
"Drews","6",20261006,"TCGA-EK-A2RE","CESC","2",0.768347978591919,"1"
"Drews","6",20261006,"TCGA-EX-A69M","CESC","2",0.997968375682831,"1"
"Drews","6",20261006,"TCGA-FU-A5XV","CESC","2",0.611024975776672,"1"
"Drews","6",20261006,"TCGA-VS-A8EH","CESC","1",0.986180365085602,"1"
"Drews","6",20261006,"TCGA-VS-A8EJ","CESC","1",0.999943256378174,"1"
"Drews","6",20261006,"TCGA-VS-A8QC","CESC","1",0.99534684419632,"1"
"Drews","6",20261006,"TCGA-VS-A9U5","CESC","1",0.998205780982971,"1"
"Drews","6",20261006,"TCGA-VS-A9U7","CESC","1",0.810785830020905,"1"
"Drews","6",20261006,"TCGA-VS-A9UT","CESC","1",0.999736487865448,"1"
"Drews","6",20261006,"TCGA-3X-AAVC","CHOL","1",0.981717348098755,"1"
"Drews","6",20261006,"TCGA-5M-AAT4","COAD","1",0.967997789382935,"1"
"Drews","6",20261006,"TCGA-A6-A56B","COAD","1",0.998765587806702,"1"
"Drews","6",20261006,"TCGA-AA-3679","COAD","1",0.996365189552307,"1"
"Drews","6",20261006,"TCGA-AA-3837","COAD","2",0.316999018192291,"2"
"Drews","6",20261006,"TCGA-AA-3949","COAD","2",0.136777177453041,"2"
"Drews","6",20261006,"TCGA-AA-A01S","COAD","1",0.992196798324585,"1"
"Drews","6",20261006,"TCGA-AA-A01Z","COAD","1",0.988507509231567,"1"
"Drews","6",20261006,"TCGA-AZ-4308","COAD","1",0.950341701507568,"1"
"Drews","6",20261006,"TCGA-CK-4947","COAD","2",0.00199610856361687,"2"
"Drews","6",20261006,"TCGA-CK-5914","COAD","1",0.645770490169525,"1"
"Drews","6",20261006,"TCGA-CM-4746","COAD","2",0.505076289176941,"1"
"Drews","6",20261006,"TCGA-CM-4752","COAD","1",0.996564447879791,"1"
"Drews","6",20261006,"TCGA-CM-5344","COAD","2",0.997139692306519,"1"
"Drews","6",20261006,"TCGA-CM-6168","COAD","2",0.0582897067070007,"2"
"Drews","6",20261006,"TCGA-D5-6533","COAD","1",0.997725903987885,"1"
"Drews","6",20261006,"TCGA-D5-6535","COAD","1",0.958833396434784,"1"
"Drews","6",20261006,"TCGA-F4-6461","COAD","1",0.798709809780121,"1"
"Drews","6",20261006,"TCGA-F4-6704","COAD","1",0.982239007949829,"1"
"Drews","6",20261006,"TCGA-G4-6303","COAD","1",0.96472156047821,"1"
"Drews","6",20261006,"TCGA-G4-6306","COAD","2",0.965164422988892,"1"
"Drews","6",20261006,"TCGA-QL-A97D","COAD","1",0.633599162101746,"1"
"Drews","6",20261006,"TCGA-VB-A8QN","DLBC","1",0.973133146762848,"1"
"Drews","6",20261006,"TCGA-2H-A9GM","ESCA","1",0.999943733215332,"1"
"Drews","6",20261006,"TCGA-2H-A9GQ","ESCA","1",0.99987518787384,"1"
"Drews","6",20261006,"TCGA-IC-A6RE","ESCA","1",0.998547732830048,"1"
"Drews","6",20261006,"TCGA-JY-A6F8","ESCA","1",0.950696110725403,"1"
"Drews","6",20261006,"TCGA-JY-A6FH","ESCA","1",0.999975323677063,"1"
"Drews","6",20261006,"TCGA-JY-A938","ESCA","1",0.99392694234848,"1"
"Drews","6",20261006,"TCGA-L5-A4OO","ESCA","1",0.993748307228088,"1"
"Drews","6",20261006,"TCGA-L5-A8NH","ESCA","1",0.999167084693909,"1"
"Drews","6",20261006,"TCGA-L5-A8NW","ESCA","1",0.999016880989075,"1"
"Drews","6",20261006,"TCGA-LN-A49U","ESCA","1",0.998959422111511,"1"
"Drews","6",20261006,"TCGA-LN-A49Y","ESCA","1",0.999903917312622,"1"
"Drews","6",20261006,"TCGA-LN-A5U5","ESCA","1",0.999602973461151,"1"
"Drews","6",20261006,"TCGA-LN-A8HZ","ESCA","1",0.999725162982941,"1"
"Drews","6",20261006,"TCGA-R6-A8W8","ESCA","1",0.998102843761444,"1"
"Drews","6",20261006,"TCGA-S8-A6BW","ESCA","1",0.99820613861084,"1"
"Drews","6",20261006,"TCGA-V5-A7RB","ESCA","1",0.998656153678894,"1"
"Drews","6",20261006,"TCGA-V5-AASV","ESCA","1",0.9867924451828,"1"
"Drews","6",20261006,"TCGA-XP-A8T8","ESCA","1",0.990207135677338,"1"
"Drews","6",20261006,"TCGA-06-2558","GBM","1",0.847762048244476,"1"
"Drews","6",20261006,"TCGA-06-2562","GBM","2",0.574486434459686,"1"
"Drews","6",20261006,"TCGA-26-5139","GBM","2",0.179263770580292,"2"
"Drews","6",20261006,"TCGA-27-1832","GBM","1",0.787184774875641,"1"
"Drews","6",20261006,"TCGA-28-5216","GBM","1",0.760852575302124,"1"
"Drews","6",20261006,"TCGA-76-4931","GBM","1",0.694316029548645,"1"
"Drews","6",20261006,"TCGA-BA-6871","HNSC","1",0.989016890525818,"1"
"Drews","6",20261006,"TCGA-CN-4725","HNSC","1",0.997711896896362,"1"
"Drews","6",20261006,"TCGA-CN-6988","HNSC","1",0.970889091491699,"1"
"Drews","6",20261006,"TCGA-CN-6997","HNSC","1",0.994273245334625,"1"
"Drews","6",20261006,"TCGA-CQ-5327","HNSC","2",0.0177851878106594,"2"
"Drews","6",20261006,"TCGA-CQ-A4CI","HNSC","1",0.999866247177124,"1"
"Drews","6",20261006,"TCGA-CR-7390","HNSC","1",0.999075174331665,"1"
"Drews","6",20261006,"TCGA-CV-5441","HNSC","1",0.993882417678833,"1"
"Drews","6",20261006,"TCGA-CV-5444","HNSC","1",0.998331010341644,"1"
"Drews","6",20261006,"TCGA-CV-6933","HNSC","1",0.999674201011658,"1"
"Drews","6",20261006,"TCGA-CV-6941","HNSC","1",0.92392885684967,"1"
"Drews","6",20261006,"TCGA-CV-7243","HNSC","1",0.998697102069855,"1"
"Drews","6",20261006,"TCGA-CV-7437","HNSC","1",0.999527931213379,"1"
"Drews","6",20261006,"TCGA-CV-A6K2","HNSC","2",0.662708699703217,"1"
"Drews","6",20261006,"TCGA-D6-A4ZB","HNSC","1",0.999740302562714,"1"
"Drews","6",20261006,"TCGA-D6-A6EO","HNSC","1",0.943701505661011,"1"
"Drews","6",20261006,"TCGA-HD-7831","HNSC","1",0.995779037475586,"1"
"Drews","6",20261006,"TCGA-HD-8635","HNSC","1",0.998983800411224,"1"
"Drews","6",20261006,"TCGA-IQ-A61G","HNSC","1",0.982882499694824,"1"
"Drews","6",20261006,"TCGA-MZ-A7D7","HNSC","1",0.998966336250305,"1"
"Drews","6",20261006,"TCGA-QK-A8Z9","HNSC","1",0.99966299533844,"1"
"Drews","6",20261006,"TCGA-UF-A71A","HNSC","1",0.999828100204468,"1"
"Drews","6",20261006,"TCGA-UF-A7JC","HNSC","1",0.993969321250916,"1"
"Drews","6",20261006,"TCGA-KL-8332","KICH","2",0.0082658501341939,"2"
"Drews","6",20261006,"TCGA-KL-8346","KICH","2",0.020740469917655,"2"
"Drews","6",20261006,"TCGA-KM-8443","KICH","1",0.00247996253892779,"2"
"Drews","6",20261006,"TCGA-KN-8418","KICH","2",0.00540264463052154,"2"
"Drews","6",20261006,"TCGA-KN-8428","KICH","1",0.685227453708649,"1"
"Drews","6",20261006,"TCGA-KN-8429","KICH","2",0.00223455810919404,"2"
"Drews","6",20261006,"TCGA-KN-8435","KICH","1",0.0313932374119759,"2"
"Drews","6",20261006,"TCGA-A3-3383","KIRC","2",0.00296568660996854,"2"
"Drews","6",20261006,"TCGA-A3-A6NI","KIRC","2",0.000248718832153827,"2"
"Drews","6",20261006,"TCGA-AS-3777","KIRC","2",0.862806499004364,"1"
"Drews","6",20261006,"TCGA-B0-4710","KIRC","2",0.00671557104215026,"2"
"Drews","6",20261006,"TCGA-B0-5107","KIRC","2",0.0126404305920005,"2"
"Drews","6",20261006,"TCGA-B8-4620","KIRC","2",0.00296343024820089,"2"
"Drews","6",20261006,"TCGA-BP-4963","KIRC","2",0.00350251304917037,"2"
"Drews","6",20261006,"TCGA-BP-4977","KIRC","2",0.00400866894051433,"2"
"Drews","6",20261006,"TCGA-BP-5168","KIRC","2",8.8707689428702e-05,"2"
"Drews","6",20261006,"TCGA-CJ-4902","KIRC","2",0.00129539414774626,"2"
"Drews","6",20261006,"TCGA-CJ-5683","KIRC","2",0.00112165987957269,"2"
"Drews","6",20261006,"TCGA-CW-5591","KIRC","2",0.000462793686892837,"2"
"Drews","6",20261006,"TCGA-CZ-4864","KIRC","2",0.000517221924383193,"2"
"Drews","6",20261006,"TCGA-CZ-5462","KIRC","2",0.00350391119718552,"2"
"Drews","6",20261006,"TCGA-CZ-5985","KIRC","2",0.000254376296652481,"2"
"Drews","6",20261006,"TCGA-2Z-A9JJ","KIRP","1",0.00655941246077418,"2"
"Drews","6",20261006,"TCGA-A4-A4ZT","KIRP","2",0.00573189603164792,"2"
"Drews","6",20261006,"TCGA-B3-4104","KIRP","1",0.993300199508667,"1"
"Drews","6",20261006,"TCGA-B9-4617","KIRP","2",0.0928186103701591,"2"
"Drews","6",20261006,"TCGA-F9-A7VF","KIRP","2",0.0181768387556076,"2"
"Drews","6",20261006,"TCGA-G7-A8LC","KIRP","2",0.00587884150445461,"2"
"Drews","6",20261006,"TCGA-HE-A5NJ","KIRP","2",0.0307516120374203,"2"
"Drews","6",20261006,"TCGA-MH-A856","KIRP","1",0.00379322119988501,"2"
"Drews","6",20261006,"TCGA-P4-A5E8","KIRP","2",0.0802130252122879,"2"
"Drews","6",20261006,"TCGA-CS-4943","LGG","1",0.989711105823517,"1"
"Drews","6",20261006,"TCGA-CS-6666","LGG","1",0.262021631002426,"2"
"Drews","6",20261006,"TCGA-DB-A4XE","LGG","2",0.064813032746315,"2"
"Drews","6",20261006,"TCGA-DH-A7UT","LGG","2",0.0690817162394524,"2"
"Drews","6",20261006,"TCGA-DU-5855","LGG","2",0.306969940662384,"2"
"Drews","6",20261006,"TCGA-DU-7013","LGG","2",0.978233635425568,"1"
"Drews","6",20261006,"TCGA-DU-A7TA","LGG","1",0.043365117162466,"2"
"Drews","6",20261006,"TCGA-E1-5304","LGG","1",0.987567067146301,"1"
"Drews","6",20261006,"TCGA-E1-5307","LGG","1",0.123715840280056,"2"
"Drews","6",20261006,"TCGA-E1-A7Z2","LGG","1",0.447035372257233,"2"
"Drews","6",20261006,"TCGA-E1-A7Z3","LGG","2",0.0353315696120262,"2"
"Drews","6",20261006,"TCGA-FG-5962","LGG","2",0.0045364866964519,"2"
"Drews","6",20261006,"TCGA-FG-A6IZ","LGG","2",0.0314284041523933,"2"
"Drews","6",20261006,"TCGA-HT-7474","LGG","2",0.215307295322418,"2"
"Drews","6",20261006,"TCGA-HT-7686","LGG","1",0.0684780478477478,"2"
"Drews","6",20261006,"TCGA-HT-7879","LGG","2",0.161930739879608,"2"
"Drews","6",20261006,"TCGA-HT-8011","LGG","2",0.847389876842499,"1"
"Drews","6",20261006,"TCGA-HT-A5R9","LGG","2",0.126173630356789,"2"
"Drews","6",20261006,"TCGA-HT-A61B","LGG","1",0.364962518215179,"2"
"Drews","6",20261006,"TCGA-QH-A6CW","LGG","2",0.529830515384674,"1"
"Drews","6",20261006,"TCGA-S9-A7R8","LGG","1",0.108287520706654,"2"
"Drews","6",20261006,"TCGA-TM-A7C5","LGG","2",0.00400266516953707,"2"
"Drews","6",20261006,"TCGA-TQ-A7RO","LGG","2",0.00612588692456484,"2"
"Drews","6",20261006,"TCGA-VM-A8CB","LGG","2",0.00236969138495624,"2"
"Drews","6",20261006,"TCGA-2Y-A9H0","LIHC","1",0.99860030412674,"1"
"Drews","6",20261006,"TCGA-2Y-A9H1","LIHC","1",0.217319428920746,"2"
"Drews","6",20261006,"TCGA-2Y-A9H3","LIHC","1",0.72085165977478,"1"
"Drews","6",20261006,"TCGA-3K-AAZ8","LIHC","2",0.295663267374039,"2"
"Drews","6",20261006,"TCGA-5C-A9VH","LIHC","2",0.977282047271729,"1"
"Drews","6",20261006,"TCGA-BC-A10Q","LIHC","2",0.7835413813591,"1"
"Drews","6",20261006,"TCGA-BC-A10R","LIHC","1",0.976213335990906,"1"
"Drews","6",20261006,"TCGA-BC-A10Z","LIHC","1",0.991520822048187,"1"
"Drews","6",20261006,"TCGA-BC-A5W4","LIHC","1",0.937134027481079,"1"
"Drews","6",20261006,"TCGA-BC-A8YO","LIHC","1",0.994929194450378,"1"
"Drews","6",20261006,"TCGA-CC-A3MB","LIHC","1",0.9930779337883,"1"
"Drews","6",20261006,"TCGA-DD-A11B","LIHC","2",0.699830889701843,"1"
"Drews","6",20261006,"TCGA-DD-A1EB","LIHC","1",0.150950387120247,"2"
"Drews","6",20261006,"TCGA-DD-A1EI","LIHC","1",0.930812299251556,"1"
"Drews","6",20261006,"TCGA-DD-AACG","LIHC","1",0.997482597827911,"1"
"Drews","6",20261006,"TCGA-DD-AACL","LIHC","1",0.998116731643677,"1"
"Drews","6",20261006,"TCGA-DD-AAVY","LIHC","2",0.0761662721633911,"2"
"Drews","6",20261006,"TCGA-EP-A2KA","LIHC","1",0.855767667293549,"1"
"Drews","6",20261006,"TCGA-EP-A2KC","LIHC","2",0.269596934318542,"2"
"Drews","6",20261006,"TCGA-G3-A7M9","LIHC","1",0.99977034330368,"1"
"Drews","6",20261006,"TCGA-G3-AAUZ","LIHC","1",0.955794930458069,"1"
"Drews","6",20261006,"TCGA-05-4250","LUAD","1",0.993147552013397,"1"
"Drews","6",20261006,"TCGA-05-4389","LUAD","1",0.999790728092194,"1"
"Drews","6",20261006,"TCGA-44-A4SU","LUAD","1",0.946496665477753,"1"
"Drews","6",20261006,"TCGA-49-4488","LUAD","1",0.993131935596466,"1"
"Drews","6",20261006,"TCGA-49-AARE","LUAD","1",0.999191105365753,"1"
"Drews","6",20261006,"TCGA-50-5935","LUAD","1",0.950675785541534,"1"
"Drews","6",20261006,"TCGA-50-6597","LUAD","1",0.988399147987366,"1"
"Drews","6",20261006,"TCGA-55-1594","LUAD","1",0.999969601631165,"1"
"Drews","6",20261006,"TCGA-55-7570","LUAD","1",0.998920202255249,"1"
"Drews","6",20261006,"TCGA-55-7903","LUAD","1",0.99902355670929,"1"
"Drews","6",20261006,"TCGA-55-7910","LUAD","1",0.999818742275238,"1"
"Drews","6",20261006,"TCGA-55-7994","LUAD","1",0.973317623138428,"1"
"Drews","6",20261006,"TCGA-55-8094","LUAD","1",0.999884605407715,"1"
"Drews","6",20261006,"TCGA-62-A46O","LUAD","1",0.999979138374329,"1"
"Drews","6",20261006,"TCGA-62-A46S","LUAD","1",0.994743704795837,"1"
"Drews","6",20261006,"TCGA-64-5774","LUAD","1",0.998999297618866,"1"
"Drews","6",20261006,"TCGA-64-5779","LUAD","1",0.999793827533722,"1"
"Drews","6",20261006,"TCGA-67-3771","LUAD","1",0.999854564666748,"1"
"Drews","6",20261006,"TCGA-71-6725","LUAD","1",0.999499678611755,"1"
"Drews","6",20261006,"TCGA-78-7158","LUAD","2",0.934701979160309,"1"
"Drews","6",20261006,"TCGA-86-8056","LUAD","1",0.898773670196533,"1"
"Drews","6",20261006,"TCGA-97-7547","LUAD","1",0.658186912536621,"1"
"Drews","6",20261006,"TCGA-L9-A5IP","LUAD","1",0.989298701286316,"1"
"Drews","6",20261006,"TCGA-MP-A4T6","LUAD","1",0.965774953365326,"1"
"Drews","6",20261006,"TCGA-MP-A4T8","LUAD","1",0.997109353542328,"1"
"Drews","6",20261006,"TCGA-NJ-A4YP","LUAD","2",0.940072774887085,"1"
"Drews","6",20261006,"TCGA-O1-A52J","LUAD","1",0.981418967247009,"1"
"Drews","6",20261006,"TCGA-18-4721","LUSC","1",0.999787151813507,"1"
"Drews","6",20261006,"TCGA-21-1075","LUSC","1",0.999763667583466,"1"
"Drews","6",20261006,"TCGA-21-1080","LUSC","1",0.999868869781494,"1"
"Drews","6",20261006,"TCGA-21-5783","LUSC","1",0.999903082847595,"1"
"Drews","6",20261006,"TCGA-22-5478","LUSC","1",0.999739229679108,"1"
"Drews","6",20261006,"TCGA-33-4566","LUSC","1",0.998367369174957,"1"
"Drews","6",20261006,"TCGA-33-4582","LUSC","1",0.999893188476562,"1"
"Drews","6",20261006,"TCGA-33-AASI","LUSC","1",0.999971032142639,"1"
"Drews","6",20261006,"TCGA-39-5016","LUSC","1",0.995923638343811,"1"
"Drews","6",20261006,"TCGA-43-7657","LUSC","1",0.999892711639404,"1"
"Drews","6",20261006,"TCGA-43-A474","LUSC","1",0.998637735843658,"1"
"Drews","6",20261006,"TCGA-52-7812","LUSC","1",0.999419927597046,"1"
"Drews","6",20261006,"TCGA-56-7223","LUSC","1",0.999862909317017,"1"
"Drews","6",20261006,"TCGA-56-7730","LUSC","1",0.999432504177094,"1"
"Drews","6",20261006,"TCGA-56-8083","LUSC","1",0.999902248382568,"1"
"Drews","6",20261006,"TCGA-56-8308","LUSC","1",0.999639511108398,"1"
"Drews","6",20261006,"TCGA-56-8622","LUSC","1",0.787987470626831,"1"
"Drews","6",20261006,"TCGA-58-8387","LUSC","1",0.999784052371979,"1"
"Drews","6",20261006,"TCGA-60-2706","LUSC","1",0.999959111213684,"1"
"Drews","6",20261006,"TCGA-60-2713","LUSC","1",0.99985134601593,"1"
"Drews","6",20261006,"TCGA-60-2722","LUSC","1",0.99993109703064,"1"
"Drews","6",20261006,"TCGA-66-2754","LUSC","1",0.999986171722412,"1"
"Drews","6",20261006,"TCGA-66-2768","LUSC","1",0.999955892562866,"1"
"Drews","6",20261006,"TCGA-6A-AB49","LUSC","1",0.999832391738892,"1"
"Drews","6",20261006,"TCGA-77-6842","LUSC","1",0.999798715114594,"1"
"Drews","6",20261006,"TCGA-77-7142","LUSC","1",0.998447000980377,"1"
"Drews","6",20261006,"TCGA-77-8133","LUSC","1",0.995659291744232,"1"
"Drews","6",20261006,"TCGA-85-6798","LUSC","1",0.999769032001495,"1"
"Drews","6",20261006,"TCGA-85-8071","LUSC","1",0.999290704727173,"1"
"Drews","6",20261006,"TCGA-85-A510","LUSC","1",0.998847842216492,"1"
"Drews","6",20261006,"TCGA-90-7769","LUSC","1",0.999115884304047,"1"
"Drews","6",20261006,"TCGA-92-8065","LUSC","1",0.993002951145172,"1"
"Drews","6",20261006,"TCGA-98-8021","LUSC","1",0.975568473339081,"1"
"Drews","6",20261006,"TCGA-NC-A5HT","LUSC","1",0.99972015619278,"1"
"Drews","6",20261006,"TCGA-MQ-A6BR","MESO","2",0.198092103004456,"2"
"Drews","6",20261006,"TCGA-SC-A6LP","MESO","2",0.970235228538513,"1"
"Drews","6",20261006,"TCGA-SH-A9CT","MESO","1",0.976113617420197,"1"
"Drews","6",20261006,"TCGA-UD-AAC7","MESO","1",0.998756527900696,"1"
"Drews","6",20261006,"TCGA-04-1362","OV","1",0.999951004981995,"1"
"Drews","6",20261006,"TCGA-09-0369","OV","1",0.999828100204468,"1"
"Drews","6",20261006,"TCGA-09-1673","OV","1",0.999622702598572,"1"
"Drews","6",20261006,"TCGA-09-2056","OV","1",0.999187409877777,"1"
"Drews","6",20261006,"TCGA-13-1481","OV","1",0.999874234199524,"1"
"Drews","6",20261006,"TCGA-13-1498","OV","1",0.999334394931793,"1"
"Drews","6",20261006,"TCGA-23-1027","OV","1",0.999728262424469,"1"
"Drews","6",20261006,"TCGA-23-1029","OV","1",0.999852657318115,"1"
"Drews","6",20261006,"TCGA-23-1111","OV","1",0.986293911933899,"1"
"Drews","6",20261006,"TCGA-23-1809","OV","1",0.999923467636108,"1"
"Drews","6",20261006,"TCGA-24-1418","OV","1",0.999925971031189,"1"
"Drews","6",20261006,"TCGA-24-1469","OV","1",0.999990820884705,"1"
"Drews","6",20261006,"TCGA-24-1616","OV","1",0.999703943729401,"1"
"Drews","6",20261006,"TCGA-24-1843","OV","1",0.99997091293335,"1"
"Drews","6",20261006,"TCGA-24-2033","OV","1",0.999219179153442,"1"
"Drews","6",20261006,"TCGA-24-2254","OV","1",0.999840021133423,"1"
"Drews","6",20261006,"TCGA-24-2289","OV","1",0.999988913536072,"1"
"Drews","6",20261006,"TCGA-25-2393","OV","1",0.999972105026245,"1"
"Drews","6",20261006,"TCGA-25-2397","OV","1",0.999668598175049,"1"
"Drews","6",20261006,"TCGA-29-1695","OV","1",0.999935269355774,"1"
"Drews","6",20261006,"TCGA-29-1702","OV","1",0.999913215637207,"1"
"Drews","6",20261006,"TCGA-29-1710","OV","1",0.998858571052551,"1"
"Drews","6",20261006,"TCGA-29-1761","OV","1",0.999754250049591,"1"
"Drews","6",20261006,"TCGA-29-1763","OV","1",0.999585092067719,"1"
"Drews","6",20261006,"TCGA-29-1770","OV","1",0.999112784862518,"1"
"Drews","6",20261006,"TCGA-29-1778","OV","1",0.995348513126373,"1"
"Drews","6",20261006,"TCGA-29-1783","OV","1",0.999917268753052,"1"
"Drews","6",20261006,"TCGA-29-A5NZ","OV","1",0.999958634376526,"1"
"Drews","6",20261006,"TCGA-59-2354","OV","1",0.999935507774353,"1"
"Drews","6",20261006,"TCGA-61-1725","OV","1",0.999508619308472,"1"
"Drews","6",20261006,"TCGA-61-1900","OV","1",0.999993562698364,"1"
"Drews","6",20261006,"TCGA-61-1907","OV","1",0.999713003635406,"1"
"Drews","6",20261006,"TCGA-61-2002","OV","1",0.999722421169281,"1"
"Drews","6",20261006,"TCGA-3A-A9IC","PAAD","1",0.995282113552094,"1"
"Drews","6",20261006,"TCGA-3A-A9IO","PAAD","1",0.309511303901672,"2"
"Drews","6",20261006,"TCGA-HV-A5A6","PAAD","1",0.999484896659851,"1"
"Drews","6",20261006,"TCGA-HV-A7OP","PAAD","2",0.992918312549591,"1"
"Drews","6",20261006,"TCGA-PZ-A5RE","PAAD","1",0.910711944103241,"1"
"Drews","6",20261006,"TCGA-QR-A6GX","PCPG","2",0.340033203363419,"2"
"Drews","6",20261006,"TCGA-QR-A6H6","PCPG","2",0.00455103861168027,"2"
"Drews","6",20261006,"TCGA-QR-A703","PCPG","1",0.0657995343208313,"2"
"Drews","6",20261006,"TCGA-QT-A5XM","PCPG","2",0.0058786547742784,"2"
"Drews","6",20261006,"TCGA-QT-A69Q","PCPG","2",0.0856299325823784,"2"
"Drews","6",20261006,"TCGA-RW-A68A","PCPG","2",0.139567270874977,"2"
"Drews","6",20261006,"TCGA-SQ-A6I6","PCPG","2",0.0314901359379292,"2"
"Drews","6",20261006,"TCGA-SR-A6MU","PCPG","2",0.17458313703537,"2"
"Drews","6",20261006,"TCGA-W2-A7HB","PCPG","2",0.0477981977164745,"2"
"Drews","6",20261006,"TCGA-WB-A80K","PCPG","2",0.124487042427063,"2"
"Drews","6",20261006,"TCGA-EJ-5524","PRAD","1",0.755055546760559,"1"
"Drews","6",20261006,"TCGA-HC-7748","PRAD","1",0.758238077163696,"1"
"Drews","6",20261006,"TCGA-HC-A631","PRAD","1",0.994663238525391,"1"
"Drews","6",20261006,"TCGA-J9-A8CL","PRAD","1",0.998028337955475,"1"
"Drews","6",20261006,"TCGA-KC-A7F3","PRAD","1",0.883674323558807,"1"
"Drews","6",20261006,"TCGA-KK-A59X","PRAD","1",0.969154536724091,"1"
"Drews","6",20261006,"TCGA-KK-A6E5","PRAD","1",0.917997121810913,"1"
"Drews","6",20261006,"TCGA-KK-A7AP","PRAD","1",0.994236946105957,"1"
"Drews","6",20261006,"TCGA-KK-A7AQ","PRAD","1",0.996244549751282,"1"
"Drews","6",20261006,"TCGA-M7-A722","PRAD","2",0.977766275405884,"1"
"Drews","6",20261006,"TCGA-V1-A9O5","PRAD","1",0.999794900417328,"1"
"Drews","6",20261006,"TCGA-V1-A9ZR","PRAD","1",0.903040051460266,"1"
"Drews","6",20261006,"TCGA-VP-A87D","PRAD","1",0.95156067609787,"1"
"Drews","6",20261006,"TCGA-XQ-A8TB","PRAD","1",0.605685651302338,"1"
"Drews","6",20261006,"TCGA-YL-A8HM","PRAD","1",0.999914526939392,"1"
"Drews","6",20261006,"TCGA-ZG-A8QY","PRAD","1",0.992517054080963,"1"
"Drews","6",20261006,"TCGA-ZG-A9LN","PRAD","1",0.94143807888031,"1"
"Drews","6",20261006,"TCGA-ZG-A9ND","PRAD","1",0.999333083629608,"1"
"Drews","6",20261006,"TCGA-AG-3742","READ","1",0.874741077423096,"1"
"Drews","6",20261006,"TCGA-AG-3890","READ","1",0.833805620670319,"1"
"Drews","6",20261006,"TCGA-AG-3901","READ","2",0.16741868853569,"2"
"Drews","6",20261006,"TCGA-AG-A026","READ","1",0.990337014198303,"1"
"Drews","6",20261006,"TCGA-AG-A02N","READ","2",0.340898156166077,"2"
"Drews","6",20261006,"TCGA-CL-4957","READ","1",0.996467709541321,"1"
"Drews","6",20261006,"TCGA-DC-6682","READ","1",0.99794465303421,"1"
"Drews","6",20261006,"TCGA-DY-A1H8","READ","1",0.761984884738922,"1"
"Drews","6",20261006,"TCGA-G5-6572","READ","2",0.0370894372463226,"2"
"Drews","6",20261006,"TCGA-3B-A9HS","SARC","1",0.999178946018219,"1"
"Drews","6",20261006,"TCGA-DX-A1KW","SARC","1",0.998985350131989,"1"
"Drews","6",20261006,"TCGA-DX-A23Y","SARC","1",0.999049127101898,"1"
"Drews","6",20261006,"TCGA-DX-A3M1","SARC","1",0.999351918697357,"1"
"Drews","6",20261006,"TCGA-DX-A48N","SARC","1",0.999377846717834,"1"
"Drews","6",20261006,"TCGA-DX-A7EF","SARC","1",0.999820649623871,"1"
"Drews","6",20261006,"TCGA-DX-A7EL","SARC","1",0.232408031821251,"2"
"Drews","6",20261006,"TCGA-DX-AB2P","SARC","1",0.999803602695465,"1"
"Drews","6",20261006,"TCGA-DX-AB2V","SARC","1",0.826006829738617,"1"
"Drews","6",20261006,"TCGA-DX-AB35","SARC","1",0.99972802400589,"1"
"Drews","6",20261006,"TCGA-DX-AB3B","SARC","1",0.852286279201508,"1"
"Drews","6",20261006,"TCGA-IS-A3KA","SARC","1",0.98123300075531,"1"
"Drews","6",20261006,"TCGA-JV-A5VE","SARC","1",0.998393356800079,"1"
"Drews","6",20261006,"TCGA-KD-A5QS","SARC","1",0.997600734233856,"1"
"Drews","6",20261006,"TCGA-KD-A5QT","SARC","1",0.957622349262238,"1"
"Drews","6",20261006,"TCGA-KF-A41W","SARC","1",0.999536752700806,"1"
"Drews","6",20261006,"TCGA-PC-A5DM","SARC","1",0.999742567539215,"1"
"Drews","6",20261006,"TCGA-QC-A7B5","SARC","2",0.95537257194519,"1"
"Drews","6",20261006,"TCGA-QQ-A5VB","SARC","1",0.999738276004791,"1"
"Drews","6",20261006,"TCGA-QQ-A5VC","SARC","1",0.999695062637329,"1"
"Drews","6",20261006,"TCGA-RN-AAAQ","SARC","1",0.309893429279327,"2"
"Drews","6",20261006,"TCGA-VT-A80G","SARC","1",0.999393105506897,"1"
"Drews","6",20261006,"TCGA-X6-A8C3","SARC","1",0.991736471652985,"1"
"Drews","6",20261006,"TCGA-X6-A8C4","SARC","1",0.999767243862152,"1"
"Drews","6",20261006,"TCGA-BF-A3DN","SKCM","2",0.934602200984955,"1"
"Drews","6",20261006,"TCGA-BF-AAP2","SKCM","1",0.973136842250824,"1"
"Drews","6",20261006,"TCGA-EB-A41B","SKCM","1",0.994922459125519,"1"
"Drews","6",20261006,"TCGA-EB-A430","SKCM","2",0.463382393121719,"2"
"Drews","6",20261006,"TCGA-EB-A4IS","SKCM","2",0.806322693824768,"1"
"Drews","6",20261006,"TCGA-EB-A553","SKCM","1",0.756119012832642,"1"
"Drews","6",20261006,"TCGA-EB-A5SF","SKCM","1",0.108689121901989,"2"
"Drews","6",20261006,"TCGA-XV-A9W5","SKCM","1",0.999404788017273,"1"
"Drews","6",20261006,"TCGA-BR-4371","STAD","2",0.770878851413727,"1"
"Drews","6",20261006,"TCGA-BR-6455","STAD","2",0.733135104179382,"1"
"Drews","6",20261006,"TCGA-BR-7703","STAD","1",0.0936938524246216,"2"
"Drews","6",20261006,"TCGA-BR-8077","STAD","1",0.998406589031219,"1"
"Drews","6",20261006,"TCGA-BR-8078","STAD","2",0.280898809432983,"2"
"Drews","6",20261006,"TCGA-BR-8361","STAD","1",0.554639160633087,"1"
"Drews","6",20261006,"TCGA-BR-A44U","STAD","1",0.994505703449249,"1"
"Drews","6",20261006,"TCGA-BR-A4J1","STAD","1",0.999564826488495,"1"
"Drews","6",20261006,"TCGA-BR-A4QI","STAD","1",0.998067319393158,"1"
"Drews","6",20261006,"TCGA-CD-8535","STAD","1",0.997827708721161,"1"
"Drews","6",20261006,"TCGA-CG-4441","STAD","1",0.93374091386795,"1"
"Drews","6",20261006,"TCGA-CG-4444","STAD","1",0.995267629623413,"1"
"Drews","6",20261006,"TCGA-D7-6526","STAD","1",0.999825656414032,"1"
"Drews","6",20261006,"TCGA-D7-6815","STAD","1",0.99614006280899,"1"
"Drews","6",20261006,"TCGA-D7-A4YY","STAD","1",0.810570597648621,"1"
"Drews","6",20261006,"TCGA-FP-8099","STAD","1",0.998596370220184,"1"
"Drews","6",20261006,"TCGA-FP-8211","STAD","1",0.998273491859436,"1"
"Drews","6",20261006,"TCGA-HJ-7597","STAD","2",0.935611963272095,"1"
"Drews","6",20261006,"TCGA-HU-A4GH","STAD","1",0.999265730381012,"1"
"Drews","6",20261006,"TCGA-HU-A4GP","STAD","1",0.99639505147934,"1"
"Drews","6",20261006,"TCGA-IP-7968","STAD","1",0.99944680929184,"1"
"Drews","6",20261006,"TCGA-RD-A7BT","STAD","1",0.999228358268738,"1"
"Drews","6",20261006,"TCGA-RD-A8N6","STAD","1",0.999777972698212,"1"
"Drews","6",20261006,"TCGA-VQ-A8PE","STAD","1",0.999905228614807,"1"
"Drews","6",20261006,"TCGA-VQ-A8PU","STAD","1",0.998759388923645,"1"
"Drews","6",20261006,"TCGA-VQ-A91V","STAD","1",0.999825656414032,"1"
"Drews","6",20261006,"TCGA-VQ-A925","STAD","1",0.999934554100037,"1"
"Drews","6",20261006,"TCGA-XE-AAOC","TGCT","2",0.708040118217468,"1"
"Drews","6",20261006,"TCGA-XE-AAOF","TGCT","2",0.157027900218964,"2"
"Drews","6",20261006,"TCGA-YU-A90W","TGCT","1",0.367843061685562,"2"
"Drews","6",20261006,"TCGA-YU-AA4L","TGCT","1",0.99909234046936,"1"
"Drews","6",20261006,"TCGA-EL-A4KI","THCA","2",0.237154170870781,"2"
"Drews","6",20261006,"TCGA-FY-A3W9","THCA","2",0.0380378067493439,"2"
"Drews","6",20261006,"TCGA-ZB-A966","THYM","2",0.921559810638428,"1"
"Drews","6",20261006,"TCGA-A5-A0RA","UCEC","1",0.117807254195213,"2"
"Drews","6",20261006,"TCGA-A5-A3LP","UCEC","1",0.997177839279175,"1"
"Drews","6",20261006,"TCGA-AJ-A3I9","UCEC","1",0.57387363910675,"1"
"Drews","6",20261006,"TCGA-AJ-A3TW","UCEC","1",0.999807417392731,"1"
"Drews","6",20261006,"TCGA-AP-A052","UCEC","1",0.999819815158844,"1"
"Drews","6",20261006,"TCGA-AP-A05A","UCEC","1",0.999766886234283,"1"
"Drews","6",20261006,"TCGA-AP-A05J","UCEC","1",0.999894976615906,"1"
"Drews","6",20261006,"TCGA-AX-A0IU","UCEC","1",0.999788701534271,"1"
"Drews","6",20261006,"TCGA-AX-A1C8","UCEC","1",0.999575674533844,"1"
"Drews","6",20261006,"TCGA-AX-A2H2","UCEC","1",0.999943017959595,"1"
"Drews","6",20261006,"TCGA-AX-A2HD","UCEC","2",0.431983679533005,"2"
"Drews","6",20261006,"TCGA-AX-A3FW","UCEC","1",0.935904979705811,"1"
"Drews","6",20261006,"TCGA-B5-A0JN","UCEC","1",0.999775111675262,"1"
"Drews","6",20261006,"TCGA-B5-A11E","UCEC","2",0.337435126304626,"2"
"Drews","6",20261006,"TCGA-B5-A3FD","UCEC","1",0.943743467330933,"1"
"Drews","6",20261006,"TCGA-B5-A5OE","UCEC","1",0.999969720840454,"1"
"Drews","6",20261006,"TCGA-BG-A0M6","UCEC","1",0.99990439414978,"1"
"Drews","6",20261006,"TCGA-BK-A139","UCEC","1",0.995321571826935,"1"
"Drews","6",20261006,"TCGA-BK-A26L","UCEC","1",0.999725639820099,"1"
"Drews","6",20261006,"TCGA-D1-A1NU","UCEC","1",0.999950051307678,"1"
"Drews","6",20261006,"TCGA-DI-A1C3","UCEC","2",0.116252794861794,"2"
"Drews","6",20261006,"TCGA-DI-A2QT","UCEC","1",0.999457180500031,"1"
"Drews","6",20261006,"TCGA-DI-A2QY","UCEC","1",0.997732400894165,"1"
"Drews","6",20261006,"TCGA-EO-A22Y","UCEC","2",0.347484886646271,"2"
"Drews","6",20261006,"TCGA-EO-A3AS","UCEC","1",0.998224794864655,"1"
"Drews","6",20261006,"TCGA-EO-A3KU","UCEC","1",0.999812662601471,"1"
"Drews","6",20261006,"TCGA-EY-A3L3","UCEC","1",0.998906016349792,"1"
"Drews","6",20261006,"TCGA-EY-A54A","UCEC","1",0.996084213256836,"1"
"Drews","6",20261006,"TCGA-FI-A2EY","UCEC","1",0.99914288520813,"1"
"Drews","6",20261006,"TCGA-FI-A2F9","UCEC","1",0.980968594551086,"1"
"Drews","6",20261006,"TCGA-FI-A3PX","UCEC","1",0.999776542186737,"1"
"Drews","6",20261006,"TCGA-KP-A3W3","UCEC","1",0.997924447059631,"1"
"Drews","6",20261006,"TCGA-PG-A915","UCEC","1",0.999808013439178,"1"
"Drews","6",20261006,"TCGA-QS-A8F1","UCEC","1",0.999691247940063,"1"
"Drews","6",20261006,"TCGA-N7-A4Y5","UCS","1",0.999836325645447,"1"
"Drews","6",20261006,"TCGA-N8-A4PN","UCS","1",0.999956130981445,"1"
"Drews","6",20261006,"TCGA-N8-A4PO","UCS","1",0.999805152416229,"1"
"Drews","6",20261006,"TCGA-N9-A4Q3","UCS","1",0.99967885017395,"1"
"Drews","6",20261006,"TCGA-NA-A5I1","UCS","1",0.99990451335907,"1"
"Drews","6",20261006,"TCGA-ND-A4WF","UCS","1",0.999909043312073,"1"
"Drews","6",20261006,"TCGA-NG-A4VW","UCS","2",0.239285066723824,"2"
"Drews","6",20261006,"TCGA-V4-A9EK","UVM","1",0.0144343804568052,"2"
"Drews","6",20261006,"TCGA-V4-A9EV","UVM","2",0.000346810789778829,"2"
"Drews","6",20261006,"TCGA-V4-A9F5","UVM","2",0.00702755665406585,"2"
"Drews","6",20261006,"TCGA-VD-A8KM","UVM","2",0.00549524696543813,"2"
"Drews","7",20261007,"TCGA-OR-A5JQ","ACC","2",0.0568044222891331,"2"
"Drews","7",20261007,"TCGA-OR-A5JS","ACC","1",0.653525710105896,"1"
"Drews","7",20261007,"TCGA-OR-A5L8","ACC","2",0.0110139027237892,"2"
"Drews","7",20261007,"TCGA-OR-A5LA","ACC","2",0.00697830971330404,"2"
"Drews","7",20261007,"TCGA-OR-A5LG","ACC","1",0.473928809165955,"2"
"Drews","7",20261007,"TCGA-OR-A5LH","ACC","1",0.0583143308758736,"2"
"Drews","7",20261007,"TCGA-OR-A5LR","ACC","2",0.0223231725394726,"2"
"Drews","7",20261007,"TCGA-PA-A5YG","ACC","2",0.00487024057656527,"2"
"Drews","7",20261007,"TCGA-4Z-AA87","BLCA","1",0.999946355819702,"1"
"Drews","7",20261007,"TCGA-BL-A0C8","BLCA","1",0.999616146087646,"1"
"Drews","7",20261007,"TCGA-BL-A13J","BLCA","1",0.99998927116394,"1"
"Drews","7",20261007,"TCGA-BT-A20W","BLCA","1",0.999838709831238,"1"
"Drews","7",20261007,"TCGA-CF-A1HS","BLCA","1",0.999817073345184,"1"
"Drews","7",20261007,"TCGA-CF-A3MF","BLCA","2",0.847443521022797,"1"
"Drews","7",20261007,"TCGA-CF-A47S","BLCA","2",0.0547073781490326,"2"
"Drews","7",20261007,"TCGA-CF-A8HY","BLCA","1",0.995443224906921,"1"
"Drews","7",20261007,"TCGA-CU-A3KJ","BLCA","1",0.999780476093292,"1"
"Drews","7",20261007,"TCGA-DK-A1A3","BLCA","1",0.997834026813507,"1"
"Drews","7",20261007,"TCGA-DK-A1A6","BLCA","1",0.999537944793701,"1"
"Drews","7",20261007,"TCGA-DK-A3IV","BLCA","1",0.999597609043121,"1"
"Drews","7",20261007,"TCGA-DK-AA6L","BLCA","1",0.999793112277985,"1"
"Drews","7",20261007,"TCGA-DK-AA6M","BLCA","1",0.999568164348602,"1"
"Drews","7",20261007,"TCGA-FD-A3NA","BLCA","1",0.999246001243591,"1"
"Drews","7",20261007,"TCGA-FD-A3SR","BLCA","1",0.999708116054535,"1"
"Drews","7",20261007,"TCGA-FD-A43Y","BLCA","1",0.999301671981812,"1"
"Drews","7",20261007,"TCGA-FJ-A3Z7","BLCA","1",0.958833396434784,"1"
"Drews","7",20261007,"TCGA-G2-A2EF","BLCA","1",0.998791754245758,"1"
"Drews","7",20261007,"TCGA-G2-A3IE","BLCA","1",0.998652517795563,"1"
"Drews","7",20261007,"TCGA-G2-AA3D","BLCA","1",0.999554932117462,"1"
"Drews","7",20261007,"TCGA-GC-A3RD","BLCA","1",0.999978065490723,"1"
"Drews","7",20261007,"TCGA-GD-A2C5","BLCA","1",0.999922037124634,"1"
"Drews","7",20261007,"TCGA-KQ-A41Q","BLCA","1",0.999551475048065,"1"
"Drews","7",20261007,"TCGA-KQ-A41R","BLCA","1",0.998702526092529,"1"
"Drews","7",20261007,"TCGA-PQ-A6FI","BLCA","1",0.999543309211731,"1"
"Drews","7",20261007,"TCGA-XF-A9SJ","BLCA","1",0.999918222427368,"1"
"Drews","7",20261007,"TCGA-XF-A9SV","BLCA","1",0.997636198997498,"1"
"Drews","7",20261007,"TCGA-XF-AAN2","BLCA","1",0.999315023422241,"1"
"Drews","7",20261007,"TCGA-XF-AAN3","BLCA","2",0.996298015117645,"1"
"Drews","7",20261007,"TCGA-ZF-A9R4","BLCA","1",0.996967017650604,"1"
"Drews","7",20261007,"TCGA-ZF-A9R9","BLCA","1",0.974429905414581,"1"
"Drews","7",20261007,"TCGA-ZF-A9RF","BLCA","1",0.996540188789368,"1"
"Drews","7",20261007,"TCGA-3C-AAAU","BRCA","1",0.992373406887054,"1"
"Drews","7",20261007,"TCGA-A1-A0SI","BRCA","2",0.976080179214478,"1"
"Drews","7",20261007,"TCGA-A1-A0SK","BRCA","1",0.999879121780396,"1"
"Drews","7",20261007,"TCGA-A1-A0SO","BRCA","1",0.999983787536621,"1"
"Drews","7",20261007,"TCGA-A2-A04X","BRCA","1",0.998416185379028,"1"
"Drews","7",20261007,"TCGA-A2-A0D0","BRCA","1",0.999981641769409,"1"
"Drews","7",20261007,"TCGA-A2-A0T0","BRCA","1",0.999368131160736,"1"
"Drews","7",20261007,"TCGA-A2-A0T5","BRCA","1",0.00919521413743496,"2"
"Drews","7",20261007,"TCGA-A2-A0YG","BRCA","1",0.999674439430237,"1"
"Drews","7",20261007,"TCGA-A2-A0YM","BRCA","1",0.999950647354126,"1"
"Drews","7",20261007,"TCGA-A2-A259","BRCA","2",0.934240400791168,"1"
"Drews","7",20261007,"TCGA-A2-A4S3","BRCA","1",0.999963760375977,"1"
"Drews","7",20261007,"TCGA-A7-A0CD","BRCA","2",0.505038976669312,"1"
"Drews","7",20261007,"TCGA-A7-A5ZV","BRCA","1",0.999979257583618,"1"
"Drews","7",20261007,"TCGA-A7-A6VV","BRCA","1",0.999632716178894,"1"
"Drews","7",20261007,"TCGA-A7-A6VY","BRCA","1",0.999945998191833,"1"
"Drews","7",20261007,"TCGA-A8-A06U","BRCA","1",0.999936580657959,"1"
"Drews","7",20261007,"TCGA-A8-A06Z","BRCA","1",0.999378085136414,"1"
"Drews","7",20261007,"TCGA-A8-A07C","BRCA","1",0.999812185764313,"1"
"Drews","7",20261007,"TCGA-A8-A08B","BRCA","1",0.996525228023529,"1"
"Drews","7",20261007,"TCGA-A8-A08F","BRCA","1",0.999982595443726,"1"
"Drews","7",20261007,"TCGA-A8-A090","BRCA","1",0.989632606506348,"1"
"Drews","7",20261007,"TCGA-A8-A097","BRCA","1",0.999929070472717,"1"
"Drews","7",20261007,"TCGA-A8-A099","BRCA","1",0.14251209795475,"2"
"Drews","7",20261007,"TCGA-A8-A09D","BRCA","1",0.999315619468689,"1"
"Drews","7",20261007,"TCGA-A8-A09W","BRCA","1",0.995661079883575,"1"
"Drews","7",20261007,"TCGA-AC-A23E","BRCA","2",0.822689175605774,"1"
"Drews","7",20261007,"TCGA-AC-A2QH","BRCA","1",0.999855518341064,"1"
"Drews","7",20261007,"TCGA-AC-A3OD","BRCA","1",0.97053998708725,"1"
"Drews","7",20261007,"TCGA-AN-A03Y","BRCA","1",0.989541232585907,"1"
"Drews","7",20261007,"TCGA-AN-A0XR","BRCA","1",0.93631249666214,"1"
"Drews","7",20261007,"TCGA-AO-A03L","BRCA","1",0.999392032623291,"1"
"Drews","7",20261007,"TCGA-AO-A03P","BRCA","1",0.998761296272278,"1"
"Drews","7",20261007,"TCGA-AO-A0J2","BRCA","1",0.999939680099487,"1"
"Drews","7",20261007,"TCGA-AO-A0J5","BRCA","1",0.998448967933655,"1"
"Drews","7",20261007,"TCGA-AO-A0J7","BRCA","2",0.661856353282928,"1"
"Drews","7",20261007,"TCGA-AO-A12B","BRCA","2",0.0956915467977524,"2"
"Drews","7",20261007,"TCGA-AR-A0TP","BRCA","1",0.999838352203369,"1"
"Drews","7",20261007,"TCGA-AR-A0TV","BRCA","1",0.999453127384186,"1"
"Drews","7",20261007,"TCGA-AR-A0TW","BRCA","1",0.999338805675507,"1"
"Drews","7",20261007,"TCGA-AR-A1AU","BRCA","1",0.996701419353485,"1"
"Drews","7",20261007,"TCGA-AR-A24S","BRCA","1",0.999661922454834,"1"
"Drews","7",20261007,"TCGA-AR-A24V","BRCA","1",0.997690677642822,"1"
"Drews","7",20261007,"TCGA-B6-A0I9","BRCA","1",0.999956011772156,"1"
"Drews","7",20261007,"TCGA-B6-A0RH","BRCA","1",0.999614715576172,"1"
"Drews","7",20261007,"TCGA-BH-A0DP","BRCA","2",0.0276822932064533,"2"
"Drews","7",20261007,"TCGA-BH-A0DZ","BRCA","1",0.998484551906586,"1"
"Drews","7",20261007,"TCGA-BH-A0E0","BRCA","1",0.995855867862701,"1"
"Drews","7",20261007,"TCGA-BH-A0EA","BRCA","2",0.0471299812197685,"2"
"Drews","7",20261007,"TCGA-BH-A0H6","BRCA","2",0.468522936105728,"2"
"Drews","7",20261007,"TCGA-BH-A0HB","BRCA","1",0.999479234218597,"1"
"Drews","7",20261007,"TCGA-BH-A0W7","BRCA","1",0.901886343955994,"1"
"Drews","7",20261007,"TCGA-BH-A18K","BRCA","1",0.996715188026428,"1"
"Drews","7",20261007,"TCGA-BH-A18R","BRCA","1",0.994657933712006,"1"
"Drews","7",20261007,"TCGA-BH-A18T","BRCA","1",0.999948859214783,"1"
"Drews","7",20261007,"TCGA-BH-A1F6","BRCA","1",0.999511957168579,"1"
"Drews","7",20261007,"TCGA-BH-A1FC","BRCA","1",0.999923467636108,"1"
"Drews","7",20261007,"TCGA-BH-A1FL","BRCA","2",0.476631045341492,"2"
"Drews","7",20261007,"TCGA-BH-A8FY","BRCA","2",0.398108810186386,"2"
"Drews","7",20261007,"TCGA-C8-A12L","BRCA","1",0.999937891960144,"1"
"Drews","7",20261007,"TCGA-C8-A137","BRCA","1",0.996894478797913,"1"
"Drews","7",20261007,"TCGA-D8-A147","BRCA","1",0.999971628189087,"1"
"Drews","7",20261007,"TCGA-D8-A1JC","BRCA","1",0.999957084655762,"1"
"Drews","7",20261007,"TCGA-D8-A1XL","BRCA","1",0.999801099300385,"1"
"Drews","7",20261007,"TCGA-D8-A1XQ","BRCA","1",0.999431073665619,"1"
"Drews","7",20261007,"TCGA-D8-A1Y0","BRCA","1",0.998386263847351,"1"
"Drews","7",20261007,"TCGA-D8-A27H","BRCA","1",0.999987006187439,"1"
"Drews","7",20261007,"TCGA-D8-A27V","BRCA","1",0.298038482666016,"2"
"Drews","7",20261007,"TCGA-E2-A105","BRCA","1",0.999078154563904,"1"
"Drews","7",20261007,"TCGA-E2-A109","BRCA","1",0.999988794326782,"1"
"Drews","7",20261007,"TCGA-E2-A10A","BRCA","1",0.998597323894501,"1"
"Drews","7",20261007,"TCGA-E2-A14X","BRCA","1",0.999813854694366,"1"
"Drews","7",20261007,"TCGA-E2-A153","BRCA","2",0.139471918344498,"2"
"Drews","7",20261007,"TCGA-E2-A15F","BRCA","1",0.998434960842133,"1"
"Drews","7",20261007,"TCGA-E2-A15H","BRCA","1",0.998890697956085,"1"
"Drews","7",20261007,"TCGA-E2-A1BD","BRCA","2",0.0953501239418983,"2"
"Drews","7",20261007,"TCGA-E2-A56Z","BRCA","1",0.99824059009552,"1"
"Drews","7",20261007,"TCGA-E9-A1N8","BRCA","1",0.999966382980347,"1"
"Drews","7",20261007,"TCGA-E9-A1R7","BRCA","1",0.999193131923676,"1"
"Drews","7",20261007,"TCGA-E9-A1RG","BRCA","1",0.999206602573395,"1"
"Drews","7",20261007,"TCGA-E9-A226","BRCA","1",0.997500956058502,"1"
"Drews","7",20261007,"TCGA-E9-A228","BRCA","1",0.999959826469421,"1"
"Drews","7",20261007,"TCGA-E9-A229","BRCA","1",0.99196857213974,"1"
"Drews","7",20261007,"TCGA-E9-A22A","BRCA","1",0.999269664287567,"1"
"Drews","7",20261007,"TCGA-E9-A2JS","BRCA","1",0.999772489070892,"1"
"Drews","7",20261007,"TCGA-EW-A1P6","BRCA","2",0.949629664421082,"1"
"Drews","7",20261007,"TCGA-EW-A1P8","BRCA","1",0.99990177154541,"1"
"Drews","7",20261007,"TCGA-EW-A1PD","BRCA","1",0.999940514564514,"1"
"Drews","7",20261007,"TCGA-EW-A2FV","BRCA","1",0.998974800109863,"1"
"Drews","7",20261007,"TCGA-EW-A6SA","BRCA","1",0.999827861785889,"1"
"Drews","7",20261007,"TCGA-GM-A2DC","BRCA","1",0.966301560401917,"1"
"Drews","7",20261007,"TCGA-GM-A3XL","BRCA","1",0.999594032764435,"1"
"Drews","7",20261007,"TCGA-HN-A2NL","BRCA","1",0.999094247817993,"1"
"Drews","7",20261007,"TCGA-LL-A73Y","BRCA","1",0.999781787395477,"1"
"Drews","7",20261007,"TCGA-Z7-A8R5","BRCA","2",0.0273624937981367,"2"
"Drews","7",20261007,"TCGA-4J-AA1J","CESC","1",0.995652139186859,"1"
"Drews","7",20261007,"TCGA-C5-A1BN","CESC","1",0.989629924297333,"1"
"Drews","7",20261007,"TCGA-C5-A1M6","CESC","1",0.999892592430115,"1"
"Drews","7",20261007,"TCGA-C5-A1MF","CESC","1",0.998732268810272,"1"
"Drews","7",20261007,"TCGA-C5-A8XH","CESC","1",0.999033331871033,"1"
"Drews","7",20261007,"TCGA-C5-A902","CESC","1",0.974674165248871,"1"
"Drews","7",20261007,"TCGA-DR-A0ZM","CESC","2",0.886398315429688,"1"
"Drews","7",20261007,"TCGA-EK-A2H1","CESC","2",0.945654213428497,"1"
"Drews","7",20261007,"TCGA-IR-A3LA","CESC","1",0.987859547138214,"1"
"Drews","7",20261007,"TCGA-JX-A3Q0","CESC","2",0.67735892534256,"1"
"Drews","7",20261007,"TCGA-VS-A8EC","CESC","1",0.999637961387634,"1"
"Drews","7",20261007,"TCGA-VS-A8Q8","CESC","2",0.928334593772888,"1"
"Drews","7",20261007,"TCGA-VS-A8QF","CESC","1",0.997404396533966,"1"
"Drews","7",20261007,"TCGA-VS-A94Z","CESC","1",0.994469881057739,"1"
"Drews","7",20261007,"TCGA-VS-A9U6","CESC","1",0.999546706676483,"1"
"Drews","7",20261007,"TCGA-VS-A9UD","CESC","1",0.993894279003143,"1"
"Drews","7",20261007,"TCGA-ZD-A8I3","CHOL","2",0.603867292404175,"1"
"Drews","7",20261007,"TCGA-A6-5656","COAD","1",0.992909073829651,"1"
"Drews","7",20261007,"TCGA-A6-5660","COAD","1",0.948853492736816,"1"
"Drews","7",20261007,"TCGA-AA-3524","COAD","1",0.660589277744293,"1"
"Drews","7",20261007,"TCGA-AA-3679","COAD","1",0.998580455780029,"1"
"Drews","7",20261007,"TCGA-AA-3685","COAD","1",0.977448403835297,"1"
"Drews","7",20261007,"TCGA-AA-3692","COAD","2",0.978069961071014,"1"
"Drews","7",20261007,"TCGA-AA-3952","COAD","1",0.99861752986908,"1"
"Drews","7",20261007,"TCGA-AA-A00Z","COAD","1",0.976812064647675,"1"
"Drews","7",20261007,"TCGA-AA-A022","COAD","2",0.402626782655716,"2"
"Drews","7",20261007,"TCGA-CA-5797","COAD","1",0.964883983135223,"1"
"Drews","7",20261007,"TCGA-CK-4947","COAD","2",0.021167628467083,"2"
"Drews","7",20261007,"TCGA-CK-5914","COAD","1",0.798417091369629,"1"
"Drews","7",20261007,"TCGA-CK-6751","COAD","2",0.00699108513072133,"2"
"Drews","7",20261007,"TCGA-CM-5348","COAD","1",0.996886432170868,"1"
"Drews","7",20261007,"TCGA-CM-6169","COAD","2",0.970366537570953,"1"
"Drews","7",20261007,"TCGA-CM-6676","COAD","2",0.934641659259796,"1"
"Drews","7",20261007,"TCGA-DM-A1D7","COAD","1",0.845657169818878,"1"
"Drews","7",20261007,"TCGA-F4-6460","COAD","1",0.901106357574463,"1"
"Drews","7",20261007,"TCGA-F4-6854","COAD","1",0.6498042345047,"1"
"Drews","7",20261007,"TCGA-G4-6323","COAD","2",0.00989321433007717,"2"
"Drews","7",20261007,"TCGA-QG-A5YX","COAD","2",0.352346360683441,"2"
"Drews","7",20261007,"TCGA-FF-A7CQ","DLBC","1",0.9534912109375,"1"
"Drews","7",20261007,"TCGA-2H-A9GH","ESCA","1",0.999762713909149,"1"
"Drews","7",20261007,"TCGA-2H-A9GL","ESCA","1",0.999762117862701,"1"
"Drews","7",20261007,"TCGA-2H-A9GM","ESCA","1",0.999653935432434,"1"
"Drews","7",20261007,"TCGA-2H-A9GN","ESCA","1",0.999925971031189,"1"
"Drews","7",20261007,"TCGA-IG-A3I8","ESCA","1",0.996339440345764,"1"
"Drews","7",20261007,"TCGA-L5-A4OH","ESCA","1",0.999245762825012,"1"
"Drews","7",20261007,"TCGA-L5-A4OM","ESCA","1",0.99956613779068,"1"
"Drews","7",20261007,"TCGA-L5-A4OP","ESCA","1",0.996450901031494,"1"
"Drews","7",20261007,"TCGA-L5-A4OR","ESCA","1",0.999406814575195,"1"
"Drews","7",20261007,"TCGA-L5-A4OW","ESCA","1",0.999709188938141,"1"
"Drews","7",20261007,"TCGA-LN-A49Y","ESCA","1",0.99980753660202,"1"
"Drews","7",20261007,"TCGA-LN-A5U5","ESCA","1",0.998305559158325,"1"
"Drews","7",20261007,"TCGA-LN-A8HZ","ESCA","1",0.99992847442627,"1"
"Drews","7",20261007,"TCGA-S8-A6BV","ESCA","1",0.997541189193726,"1"
"Drews","7",20261007,"TCGA-VR-A8EP","ESCA","1",0.999971032142639,"1"
"Drews","7",20261007,"TCGA-VR-A8EY","ESCA","1",0.999299287796021,"1"
"Drews","7",20261007,"TCGA-VR-AA4D","ESCA","1",0.997650921344757,"1"
"Drews","7",20261007,"TCGA-XP-A8T6","ESCA","1",0.999900579452515,"1"
"Drews","7",20261007,"TCGA-06-0129","GBM","1",0.983425557613373,"1"
"Drews","7",20261007,"TCGA-27-2521","GBM","1",0.982686161994934,"1"
"Drews","7",20261007,"TCGA-28-2509","GBM","2",0.978090286254883,"1"
"Drews","7",20261007,"TCGA-28-5218","GBM","2",0.892748057842255,"1"
"Drews","7",20261007,"TCGA-32-1970","GBM","1",0.961122810840607,"1"
"Drews","7",20261007,"TCGA-76-4925","GBM","1",0.990811347961426,"1"
"Drews","7",20261007,"TCGA-BA-4076","HNSC","1",0.99750429391861,"1"
"Drews","7",20261007,"TCGA-BA-6871","HNSC","1",0.995685935020447,"1"
"Drews","7",20261007,"TCGA-CN-6011","HNSC","1",0.999473392963409,"1"
"Drews","7",20261007,"TCGA-CN-A642","HNSC","2",0.256484985351562,"2"
"Drews","7",20261007,"TCGA-CR-7390","HNSC","1",0.999812662601471,"1"
"Drews","7",20261007,"TCGA-CV-6933","HNSC","1",0.9999018907547,"1"
"Drews","7",20261007,"TCGA-CV-6936","HNSC","1",0.990156769752502,"1"
"Drews","7",20261007,"TCGA-CV-6960","HNSC","1",0.997180223464966,"1"
"Drews","7",20261007,"TCGA-CV-7245","HNSC","1",0.950741946697235,"1"
"Drews","7",20261007,"TCGA-CV-7406","HNSC","1",0.989943861961365,"1"
"Drews","7",20261007,"TCGA-CV-7424","HNSC","1",0.999659538269043,"1"
"Drews","7",20261007,"TCGA-CV-A6JE","HNSC","1",0.992770850658417,"1"
"Drews","7",20261007,"TCGA-CV-A6JM","HNSC","1",0.985770583152771,"1"
"Drews","7",20261007,"TCGA-D6-A4ZB","HNSC","1",0.999049007892609,"1"
"Drews","7",20261007,"TCGA-IQ-7630","HNSC","1",0.992437541484833,"1"
"Drews","7",20261007,"TCGA-IQ-A61G","HNSC","1",0.995391726493835,"1"
"Drews","7",20261007,"TCGA-IQ-A6SH","HNSC","1",0.998108863830566,"1"
"Drews","7",20261007,"TCGA-KU-A66T","HNSC","1",0.999711930751801,"1"
"Drews","7",20261007,"TCGA-MT-A51X","HNSC","1",0.813905954360962,"1"
"Drews","7",20261007,"TCGA-QK-A6V9","HNSC","2",0.579362630844116,"1"
"Drews","7",20261007,"TCGA-QK-A8Z9","HNSC","1",0.999690771102905,"1"
"Drews","7",20261007,"TCGA-T2-A6WX","HNSC","2",0.232086062431335,"2"
"Drews","7",20261007,"TCGA-T2-A6WZ","HNSC","1",0.968664646148682,"1"
"Drews","7",20261007,"TCGA-KL-8326","KICH","2",0.000645168882329017,"2"
"Drews","7",20261007,"TCGA-KL-8340","KICH","2",0.00449877278879285,"2"
"Drews","7",20261007,"TCGA-KL-8346","KICH","2",0.135842740535736,"2"
"Drews","7",20261007,"TCGA-KN-8425","KICH","2",0.00162654439918697,"2"
"Drews","7",20261007,"TCGA-KN-8429","KICH","2",0.0194419249892235,"2"
"Drews","7",20261007,"TCGA-KO-8404","KICH","1",0.992685914039612,"1"
"Drews","7",20261007,"TCGA-KO-8408","KICH","2",0.0917416885495186,"2"
"Drews","7",20261007,"TCGA-A3-3313","KIRC","1",0.0140274735167623,"2"
"Drews","7",20261007,"TCGA-A3-3319","KIRC","2",0.491303473711014,"2"
"Drews","7",20261007,"TCGA-A3-3347","KIRC","2",0.623433768749237,"1"
"Drews","7",20261007,"TCGA-B0-4810","KIRC","2",0.00300416583195329,"2"
"Drews","7",20261007,"TCGA-B0-5107","KIRC","2",0.00868978071957827,"2"
"Drews","7",20261007,"TCGA-B0-5116","KIRC","2",0.00467165885493159,"2"
"Drews","7",20261007,"TCGA-B0-5402","KIRC","2",0.00144113495480269,"2"
"Drews","7",20261007,"TCGA-BP-4977","KIRC","2",0.00419783033430576,"2"
"Drews","7",20261007,"TCGA-CJ-4902","KIRC","2",0.00584744848310947,"2"
"Drews","7",20261007,"TCGA-CJ-5678","KIRC","2",0.000802572933025658,"2"
"Drews","7",20261007,"TCGA-CZ-4864","KIRC","2",0.000196246823179536,"2"
"Drews","7",20261007,"TCGA-CZ-4866","KIRC","2",0.00193825026508421,"2"
"Drews","7",20261007,"TCGA-CZ-5985","KIRC","2",0.00766829820349813,"2"
"Drews","7",20261007,"TCGA-DV-5566","KIRC","2",0.000112812005681917,"2"
"Drews","7",20261007,"TCGA-G6-A8L6","KIRC","2",0.00169973738957196,"2"
"Drews","7",20261007,"TCGA-4A-A93X","KIRP","2",0.0421271920204163,"2"
"Drews","7",20261007,"TCGA-B3-4104","KIRP","1",0.920997142791748,"1"
"Drews","7",20261007,"TCGA-B9-A44B","KIRP","1",0.356025338172913,"2"
"Drews","7",20261007,"TCGA-B9-A5W9","KIRP","1",0.020062655210495,"2"
"Drews","7",20261007,"TCGA-BQ-5876","KIRP","2",0.0025911396369338,"2"
"Drews","7",20261007,"TCGA-BQ-7056","KIRP","2",0.200009495019913,"2"
"Drews","7",20261007,"TCGA-HE-A5NJ","KIRP","2",0.0375357232987881,"2"
"Drews","7",20261007,"TCGA-Q2-A5QZ","KIRP","1",0.724054515361786,"1"
"Drews","7",20261007,"TCGA-SX-A7SS","KIRP","2",0.0611411854624748,"2"
"Drews","7",20261007,"TCGA-DH-A7UV","LGG","2",0.194073006510735,"2"
"Drews","7",20261007,"TCGA-DU-6399","LGG","2",0.419726222753525,"2"
"Drews","7",20261007,"TCGA-DU-7018","LGG","2",0.0882258266210556,"2"
"Drews","7",20261007,"TCGA-DU-A7T6","LGG","1",0.4760562479496,"2"
"Drews","7",20261007,"TCGA-E1-5304","LGG","1",0.997989773750305,"1"
"Drews","7",20261007,"TCGA-E1-A7YW","LGG","2",0.0590115636587143,"2"
"Drews","7",20261007,"TCGA-FG-A4MW","LGG","2",0.320773512125015,"2"
"Drews","7",20261007,"TCGA-HT-7477","LGG","1",0.908552587032318,"1"
"Drews","7",20261007,"TCGA-HT-7480","LGG","2",0.000408284948207438,"2"
"Drews","7",20261007,"TCGA-HT-7616","LGG","2",0.0621714219450951,"2"
"Drews","7",20261007,"TCGA-HT-7692","LGG","2",0.00110735849011689,"2"
"Drews","7",20261007,"TCGA-HT-7879","LGG","2",0.126219764351845,"2"
"Drews","7",20261007,"TCGA-HT-A5R9","LGG","2",0.110244892537594,"2"
"Drews","7",20261007,"TCGA-HT-A61C","LGG","2",0.799753367900848,"1"
"Drews","7",20261007,"TCGA-IK-8125","LGG","2",0.00265326770022511,"2"
"Drews","7",20261007,"TCGA-QH-A6CW","LGG","2",0.241712689399719,"2"
"Drews","7",20261007,"TCGA-S9-A6TY","LGG","2",0.0157672073692083,"2"
"Drews","7",20261007,"TCGA-S9-A6WM","LGG","1",0.847750723361969,"1"
"Drews","7",20261007,"TCGA-S9-A7R1","LGG","2",0.00235899840481579,"2"
"Drews","7",20261007,"TCGA-S9-A7R7","LGG","2",0.0197341162711382,"2"
"Drews","7",20261007,"TCGA-S9-A7R8","LGG","1",0.467370241880417,"2"
"Drews","7",20261007,"TCGA-TM-A84G","LGG","2",0.00222682114690542,"2"
"Drews","7",20261007,"TCGA-TQ-A7RO","LGG","2",0.000593107251916081,"2"
"Drews","7",20261007,"TCGA-TQ-A7RS","LGG","2",0.00443919282406569,"2"
"Drews","7",20261007,"TCGA-2Y-A9H7","LIHC","2",0.981361448764801,"1"
"Drews","7",20261007,"TCGA-4R-AA8I","LIHC","1",0.959250152111053,"1"
"Drews","7",20261007,"TCGA-5C-A9VH","LIHC","2",0.96659654378891,"1"
"Drews","7",20261007,"TCGA-BC-4073","LIHC","1",0.918512642383575,"1"
"Drews","7",20261007,"TCGA-BC-A10T","LIHC","1",0.997205674648285,"1"
"Drews","7",20261007,"TCGA-DD-A11D","LIHC","1",0.0324888713657856,"2"
"Drews","7",20261007,"TCGA-DD-A3A7","LIHC","1",0.98876953125,"1"
"Drews","7",20261007,"TCGA-DD-A4NI","LIHC","2",0.149318248033524,"2"
"Drews","7",20261007,"TCGA-DD-AACH","LIHC","1",0.99904853105545,"1"
"Drews","7",20261007,"TCGA-DD-AADF","LIHC","1",0.995205402374268,"1"
"Drews","7",20261007,"TCGA-DD-AAEG","LIHC","1",0.981512308120728,"1"
"Drews","7",20261007,"TCGA-DD-AAEI","LIHC","1",0.9497190117836,"1"
"Drews","7",20261007,"TCGA-EP-A2KA","LIHC","1",0.907389461994171,"1"
"Drews","7",20261007,"TCGA-EP-A2KB","LIHC","2",0.582471907138824,"1"
"Drews","7",20261007,"TCGA-FV-A496","LIHC","1",0.985312044620514,"1"
"Drews","7",20261007,"TCGA-G3-A25Y","LIHC","1",0.921147167682648,"1"
"Drews","7",20261007,"TCGA-G3-AAUZ","LIHC","1",0.909983456134796,"1"
"Drews","7",20261007,"TCGA-RC-A7SK","LIHC","1",0.877296388149261,"1"
"Drews","7",20261007,"TCGA-UB-A7ME","LIHC","1",0.996882319450378,"1"
"Drews","7",20261007,"TCGA-ZP-A9D1","LIHC","2",0.520753622055054,"1"
"Drews","7",20261007,"TCGA-ZS-A9CF","LIHC","1",0.993285715579987,"1"
"Drews","7",20261007,"TCGA-05-4425","LUAD","2",0.973788321018219,"1"
"Drews","7",20261007,"TCGA-05-4432","LUAD","1",0.999873995780945,"1"
"Drews","7",20261007,"TCGA-05-5429","LUAD","2",0.941269636154175,"1"
"Drews","7",20261007,"TCGA-38-4625","LUAD","1",0.999914407730103,"1"
"Drews","7",20261007,"TCGA-38-4628","LUAD","1",0.999775588512421,"1"
"Drews","7",20261007,"TCGA-44-6779","LUAD","1",0.994407653808594,"1"
"Drews","7",20261007,"TCGA-44-7670","LUAD","1",0.99977308511734,"1"
"Drews","7",20261007,"TCGA-44-A47A","LUAD","2",0.944324970245361,"1"
"Drews","7",20261007,"TCGA-44-A4SU","LUAD","1",0.999538540840149,"1"
"Drews","7",20261007,"TCGA-49-AARE","LUAD","1",0.993597149848938,"1"
"Drews","7",20261007,"TCGA-62-A46O","LUAD","1",0.999935030937195,"1"
"Drews","7",20261007,"TCGA-62-A46Y","LUAD","2",0.527899324893951,"1"
"Drews","7",20261007,"TCGA-67-3771","LUAD","1",0.999828219413757,"1"
"Drews","7",20261007,"TCGA-67-3772","LUAD","1",0.991232097148895,"1"
"Drews","7",20261007,"TCGA-67-3773","LUAD","1",0.902572691440582,"1"
"Drews","7",20261007,"TCGA-67-3774","LUAD","1",0.966772198677063,"1"
"Drews","7",20261007,"TCGA-71-6725","LUAD","1",0.999882459640503,"1"
"Drews","7",20261007,"TCGA-73-4662","LUAD","1",0.998141646385193,"1"
"Drews","7",20261007,"TCGA-73-4677","LUAD","2",0.394311010837555,"2"
"Drews","7",20261007,"TCGA-78-7147","LUAD","1",0.998168468475342,"1"
"Drews","7",20261007,"TCGA-78-7149","LUAD","1",0.979959487915039,"1"
"Drews","7",20261007,"TCGA-86-7701","LUAD","1",0.998533010482788,"1"
"Drews","7",20261007,"TCGA-86-8054","LUAD","1",0.999921202659607,"1"
"Drews","7",20261007,"TCGA-86-8279","LUAD","1",0.99994432926178,"1"
"Drews","7",20261007,"TCGA-97-8174","LUAD","1",0.508201599121094,"1"
"Drews","7",20261007,"TCGA-97-8547","LUAD","1",0.995074927806854,"1"
"Drews","7",20261007,"TCGA-L9-A5IP","LUAD","1",0.997455656528473,"1"
"Drews","7",20261007,"TCGA-18-3411","LUSC","1",0.996548116207123,"1"
"Drews","7",20261007,"TCGA-21-A5DI","LUSC","1",0.998978137969971,"1"
"Drews","7",20261007,"TCGA-22-5473","LUSC","1",0.999684691429138,"1"
"Drews","7",20261007,"TCGA-33-6737","LUSC","1",0.999694228172302,"1"
"Drews","7",20261007,"TCGA-37-3789","LUSC","1",0.999927997589111,"1"
"Drews","7",20261007,"TCGA-37-5819","LUSC","1",0.998967409133911,"1"
"Drews","7",20261007,"TCGA-37-A5EN","LUSC","1",0.999950528144836,"1"
"Drews","7",20261007,"TCGA-39-5035","LUSC","1",0.998651444911957,"1"
"Drews","7",20261007,"TCGA-43-3920","LUSC","1",0.999938011169434,"1"
"Drews","7",20261007,"TCGA-43-6143","LUSC","1",0.998916506767273,"1"
"Drews","7",20261007,"TCGA-43-6770","LUSC","1",0.999876856803894,"1"
"Drews","7",20261007,"TCGA-43-6771","LUSC","1",0.981680691242218,"1"
"Drews","7",20261007,"TCGA-43-7658","LUSC","1",0.999054491519928,"1"
"Drews","7",20261007,"TCGA-43-8115","LUSC","1",0.99985671043396,"1"
"Drews","7",20261007,"TCGA-43-A474","LUSC","1",0.999819338321686,"1"
"Drews","7",20261007,"TCGA-56-1622","LUSC","1",0.999920129776001,"1"
"Drews","7",20261007,"TCGA-56-8308","LUSC","1",0.999468386173248,"1"
"Drews","7",20261007,"TCGA-60-2706","LUSC","1",0.999934196472168,"1"
"Drews","7",20261007,"TCGA-60-2724","LUSC","1",0.999734580516815,"1"
"Drews","7",20261007,"TCGA-66-2768","LUSC","1",0.999916076660156,"1"
"Drews","7",20261007,"TCGA-66-2794","LUSC","1",0.997328758239746,"1"
"Drews","7",20261007,"TCGA-66-2795","LUSC","1",0.99988329410553,"1"
"Drews","7",20261007,"TCGA-66-2800","LUSC","1",0.999911189079285,"1"
"Drews","7",20261007,"TCGA-68-7756","LUSC","2",0.998773396015167,"1"
"Drews","7",20261007,"TCGA-77-6842","LUSC","1",0.999654054641724,"1"
"Drews","7",20261007,"TCGA-77-6845","LUSC","1",0.999983429908752,"1"
"Drews","7",20261007,"TCGA-77-8133","LUSC","1",0.997394204139709,"1"
"Drews","7",20261007,"TCGA-77-A5GF","LUSC","1",0.99949312210083,"1"
"Drews","7",20261007,"TCGA-85-6798","LUSC","1",0.999440133571625,"1"
"Drews","7",20261007,"TCGA-85-7696","LUSC","1",0.999810993671417,"1"
"Drews","7",20261007,"TCGA-94-7033","LUSC","1",0.998613715171814,"1"
"Drews","7",20261007,"TCGA-J1-A4AH","LUSC","1",0.999929308891296,"1"
"Drews","7",20261007,"TCGA-LA-A446","LUSC","1",0.999928593635559,"1"
"Drews","7",20261007,"TCGA-O2-A5IB","LUSC","1",0.997348666191101,"1"
"Drews","7",20261007,"TCGA-3H-AB3K","MESO","2",0.731647133827209,"1"
"Drews","7",20261007,"TCGA-3U-A98I","MESO","1",0.99630343914032,"1"
"Drews","7",20261007,"TCGA-MQ-A6BR","MESO","2",0.464295357465744,"2"
"Drews","7",20261007,"TCGA-SC-A6LM","MESO","1",0.991331100463867,"1"
"Drews","7",20261007,"TCGA-04-1362","OV","1",0.99974137544632,"1"
"Drews","7",20261007,"TCGA-13-0899","OV","1",0.99958747625351,"1"
"Drews","7",20261007,"TCGA-13-1403","OV","1",0.999973893165588,"1"
"Drews","7",20261007,"TCGA-13-1481","OV","1",0.999911427497864,"1"
"Drews","7",20261007,"TCGA-13-1506","OV","1",0.999864339828491,"1"
"Drews","7",20261007,"TCGA-20-1687","OV","1",0.958679676055908,"1"
"Drews","7",20261007,"TCGA-23-1111","OV","1",0.975978791713715,"1"
"Drews","7",20261007,"TCGA-23-1123","OV","1",0.999739110469818,"1"
"Drews","7",20261007,"TCGA-24-1103","OV","1",0.999984622001648,"1"
"Drews","7",20261007,"TCGA-24-1434","OV","1",0.999679327011108,"1"
"Drews","7",20261007,"TCGA-24-1550","OV","1",0.999975681304932,"1"
"Drews","7",20261007,"TCGA-24-1564","OV","1",0.999849557876587,"1"
"Drews","7",20261007,"TCGA-24-1842","OV","1",0.999966979026794,"1"
"Drews","7",20261007,"TCGA-24-2035","OV","1",0.999739468097687,"1"
"Drews","7",20261007,"TCGA-24-2271","OV","1",0.999763190746307,"1"
"Drews","7",20261007,"TCGA-25-1313","OV","1",0.999710738658905,"1"
"Drews","7",20261007,"TCGA-25-1329","OV","1",0.999595582485199,"1"
"Drews","7",20261007,"TCGA-25-2391","OV","1",0.999716103076935,"1"
"Drews","7",20261007,"TCGA-25-2404","OV","1",0.99997866153717,"1"
"Drews","7",20261007,"TCGA-29-1688","OV","1",0.999673843383789,"1"
"Drews","7",20261007,"TCGA-29-1703","OV","1",0.999770820140839,"1"
"Drews","7",20261007,"TCGA-29-1763","OV","1",0.999374687671661,"1"
"Drews","7",20261007,"TCGA-29-1770","OV","1",0.999288260936737,"1"
"Drews","7",20261007,"TCGA-30-1857","OV","1",0.999529600143433,"1"
"Drews","7",20261007,"TCGA-59-2348","OV","1",0.999993443489075,"1"
"Drews","7",20261007,"TCGA-59-2350","OV","1",0.999898314476013,"1"
"Drews","7",20261007,"TCGA-59-2363","OV","1",0.999913096427917,"1"
"Drews","7",20261007,"TCGA-59-A5PD","OV","1",0.999964833259583,"1"
"Drews","7",20261007,"TCGA-5X-AA5U","OV","1",0.999863505363464,"1"
"Drews","7",20261007,"TCGA-61-1736","OV","1",0.999826729297638,"1"
"Drews","7",20261007,"TCGA-61-1738","OV","1",0.999124586582184,"1"
"Drews","7",20261007,"TCGA-61-2088","OV","1",0.999870419502258,"1"
"Drews","7",20261007,"TCGA-WR-A838","OV","1",0.999561131000519,"1"
"Drews","7",20261007,"TCGA-3A-A9IC","PAAD","1",0.993944823741913,"1"
"Drews","7",20261007,"TCGA-HV-A7OP","PAAD","2",0.832790434360504,"1"
"Drews","7",20261007,"TCGA-IB-AAUO","PAAD","1",0.99847549200058,"1"
"Drews","7",20261007,"TCGA-PZ-A5RE","PAAD","1",0.995221436023712,"1"
"Drews","7",20261007,"TCGA-S4-A8RM","PAAD","2",0.979482471942902,"1"
"Drews","7",20261007,"TCGA-QR-A70R","PCPG","1",0.186590820550919,"2"
"Drews","7",20261007,"TCGA-QT-A5XM","PCPG","2",0.0225381702184677,"2"
"Drews","7",20261007,"TCGA-QT-A69Q","PCPG","2",0.412714064121246,"2"
"Drews","7",20261007,"TCGA-RW-A68A","PCPG","2",0.229894608259201,"2"
"Drews","7",20261007,"TCGA-S7-A7WP","PCPG","2",0.325718432664871,"2"
"Drews","7",20261007,"TCGA-SQ-A6I6","PCPG","2",0.044049471616745,"2"
"Drews","7",20261007,"TCGA-SR-A6MR","PCPG","1",0.0386687740683556,"2"
"Drews","7",20261007,"TCGA-SR-A6MV","PCPG","2",0.073542594909668,"2"
"Drews","7",20261007,"TCGA-TT-A6YP","PCPG","2",0.115999169647694,"2"
"Drews","7",20261007,"TCGA-WB-A81T","PCPG","2",0.0656812116503716,"2"
"Drews","7",20261007,"TCGA-CH-5791","PRAD","1",0.969428718090057,"1"
"Drews","7",20261007,"TCGA-EJ-8469","PRAD","1",0.880047261714935,"1"
"Drews","7",20261007,"TCGA-FC-A4JI","PRAD","1",0.993820607662201,"1"
"Drews","7",20261007,"TCGA-G9-6496","PRAD","1",0.978623032569885,"1"
"Drews","7",20261007,"TCGA-HC-8265","PRAD","1",0.994305431842804,"1"
"Drews","7",20261007,"TCGA-J4-A67N","PRAD","1",0.893611788749695,"1"
"Drews","7",20261007,"TCGA-KC-A4BV","PRAD","1",0.996666610240936,"1"
"Drews","7",20261007,"TCGA-KC-A7F3","PRAD","1",0.950453758239746,"1"
"Drews","7",20261007,"TCGA-KK-A6E2","PRAD","2",0.548113763332367,"1"
"Drews","7",20261007,"TCGA-KK-A7AQ","PRAD","1",0.975331425666809,"1"
"Drews","7",20261007,"TCGA-XJ-A9DX","PRAD","1",0.973857879638672,"1"
"Drews","7",20261007,"TCGA-XQ-A8TB","PRAD","1",0.83717006444931,"1"
"Drews","7",20261007,"TCGA-YJ-A8SW","PRAD","1",0.999324321746826,"1"
"Drews","7",20261007,"TCGA-YL-A8SO","PRAD","1",0.996386647224426,"1"
"Drews","7",20261007,"TCGA-YL-A8SQ","PRAD","1",0.976658046245575,"1"
"Drews","7",20261007,"TCGA-YL-A9WI","PRAD","1",0.998696029186249,"1"
"Drews","7",20261007,"TCGA-ZG-A9N3","PRAD","1",0.999945163726807,"1"
"Drews","7",20261007,"TCGA-ZG-A9ND","PRAD","1",0.999019742012024,"1"
"Drews","7",20261007,"TCGA-AG-3883","READ","1",0.997566819190979,"1"
"Drews","7",20261007,"TCGA-AG-3885","READ","1",0.903805077075958,"1"
"Drews","7",20261007,"TCGA-AG-A01W","READ","1",0.953045904636383,"1"
"Drews","7",20261007,"TCGA-AG-A036","READ","2",0.99520480632782,"1"
"Drews","7",20261007,"TCGA-BM-6198","READ","1",0.990718066692352,"1"
"Drews","7",20261007,"TCGA-DT-5265","READ","1",0.949558854103088,"1"
"Drews","7",20261007,"TCGA-DY-A1DF","READ","1",0.89817076921463,"1"
"Drews","7",20261007,"TCGA-DY-A1DG","READ","1",0.969956338405609,"1"
"Drews","7",20261007,"TCGA-G5-6572","READ","2",0.152301922440529,"2"
"Drews","7",20261007,"TCGA-3B-A9HI","SARC","1",0.990351498126984,"1"
"Drews","7",20261007,"TCGA-3B-A9HO","SARC","1",0.95761239528656,"1"
"Drews","7",20261007,"TCGA-3B-A9HX","SARC","1",0.998915910720825,"1"
"Drews","7",20261007,"TCGA-DX-A23Y","SARC","1",0.999027609825134,"1"
"Drews","7",20261007,"TCGA-DX-A3U5","SARC","1",0.998374104499817,"1"
"Drews","7",20261007,"TCGA-DX-A48N","SARC","1",0.998341917991638,"1"
"Drews","7",20261007,"TCGA-DX-A8BJ","SARC","1",0.994324088096619,"1"
"Drews","7",20261007,"TCGA-DX-A8BT","SARC","1",0.994500041007996,"1"
"Drews","7",20261007,"TCGA-DX-AB2F","SARC","1",0.997570693492889,"1"
"Drews","7",20261007,"TCGA-DX-AB35","SARC","1",0.997546255588531,"1"
"Drews","7",20261007,"TCGA-DX-AB3A","SARC","1",0.999361336231232,"1"
"Drews","7",20261007,"TCGA-HB-A3YV","SARC","1",0.998276710510254,"1"
"Drews","7",20261007,"TCGA-IE-A4EJ","SARC","1",0.997047603130341,"1"
"Drews","7",20261007,"TCGA-IE-A6BZ","SARC","1",0.999756038188934,"1"
"Drews","7",20261007,"TCGA-KD-A5QT","SARC","1",0.98776513338089,"1"
"Drews","7",20261007,"TCGA-KF-A41W","SARC","1",0.999611437320709,"1"
"Drews","7",20261007,"TCGA-LI-A9QH","SARC","1",0.999792993068695,"1"
"Drews","7",20261007,"TCGA-QC-A6FX","SARC","1",0.990546226501465,"1"
"Drews","7",20261007,"TCGA-SI-A71O","SARC","1",0.998453855514526,"1"
"Drews","7",20261007,"TCGA-WP-A9GB","SARC","1",0.998092114925385,"1"
"Drews","7",20261007,"TCGA-X6-A7WB","SARC","1",0.988966882228851,"1"
"Drews","7",20261007,"TCGA-X6-A7WC","SARC","1",0.999735653400421,"1"
"Drews","7",20261007,"TCGA-X6-A8C3","SARC","1",0.999134004116058,"1"
"Drews","7",20261007,"TCGA-Z4-AAPG","SARC","1",0.997925519943237,"1"
"Drews","7",20261007,"TCGA-BF-A3DN","SKCM","2",0.975427448749542,"1"
"Drews","7",20261007,"TCGA-BF-AAP4","SKCM","1",0.968351125717163,"1"
"Drews","7",20261007,"TCGA-BF-AAP6","SKCM","1",0.995608150959015,"1"
"Drews","7",20261007,"TCGA-EB-A3Y7","SKCM","2",0.744420051574707,"1"
"Drews","7",20261007,"TCGA-EB-A430","SKCM","2",0.792902708053589,"1"
"Drews","7",20261007,"TCGA-EB-A5UM","SKCM","1",0.93178004026413,"1"
"Drews","7",20261007,"TCGA-FR-A2OS","SKCM","1",0.861851990222931,"1"
"Drews","7",20261007,"TCGA-XV-AAZW","SKCM","1",0.969135582447052,"1"
"Drews","7",20261007,"TCGA-BR-6456","STAD","1",0.999080538749695,"1"
"Drews","7",20261007,"TCGA-BR-6458","STAD","1",0.998266398906708,"1"
"Drews","7",20261007,"TCGA-BR-7703","STAD","1",0.066822350025177,"2"
"Drews","7",20261007,"TCGA-BR-7715","STAD","1",0.999937653541565,"1"
"Drews","7",20261007,"TCGA-BR-7723","STAD","1",0.999971032142639,"1"
"Drews","7",20261007,"TCGA-BR-8077","STAD","1",0.997706413269043,"1"
"Drews","7",20261007,"TCGA-BR-8687","STAD","1",0.998328387737274,"1"
"Drews","7",20261007,"TCGA-BR-A4CS","STAD","1",0.99670284986496,"1"
"Drews","7",20261007,"TCGA-CD-5800","STAD","1",0.999970316886902,"1"
"Drews","7",20261007,"TCGA-CD-8528","STAD","1",0.841785609722137,"1"
"Drews","7",20261007,"TCGA-CG-4466","STAD","1",0.999223351478577,"1"
"Drews","7",20261007,"TCGA-D7-6526","STAD","1",0.999913454055786,"1"
"Drews","7",20261007,"TCGA-D7-6822","STAD","1",0.999633312225342,"1"
"Drews","7",20261007,"TCGA-FP-8631","STAD","1",0.999901413917542,"1"
"Drews","7",20261007,"TCGA-HU-A4GF","STAD","1",0.999375402927399,"1"
"Drews","7",20261007,"TCGA-HU-A4GH","STAD","1",0.99973863363266,"1"
"Drews","7",20261007,"TCGA-IN-A6RL","STAD","1",0.999921560287476,"1"
"Drews","7",20261007,"TCGA-R5-A7ZE","STAD","1",0.999000489711761,"1"
"Drews","7",20261007,"TCGA-R5-A805","STAD","1",0.99902606010437,"1"
"Drews","7",20261007,"TCGA-VQ-A8E0","STAD","1",0.999765336513519,"1"
"Drews","7",20261007,"TCGA-VQ-A8E3","STAD","1",0.986147701740265,"1"
"Drews","7",20261007,"TCGA-VQ-A8P3","STAD","1",0.987461507320404,"1"
"Drews","7",20261007,"TCGA-VQ-A91A","STAD","1",0.99995744228363,"1"
"Drews","7",20261007,"TCGA-VQ-A91Z","STAD","1",0.999942541122437,"1"
"Drews","7",20261007,"TCGA-VQ-A94O","STAD","1",0.999774754047394,"1"
"Drews","7",20261007,"TCGA-VQ-A94U","STAD","1",0.931990325450897,"1"
"Drews","7",20261007,"TCGA-VQ-AA6I","STAD","1",0.986039996147156,"1"
"Drews","7",20261007,"TCGA-2G-AAGW","TGCT","1",0.997888147830963,"1"
"Drews","7",20261007,"TCGA-XE-AAOF","TGCT","2",0.0816057324409485,"2"
"Drews","7",20261007,"TCGA-YU-A912","TGCT","1",0.443133801221848,"2"
"Drews","7",20261007,"TCGA-ZM-AA0B","TGCT","1",0.953201949596405,"1"
"Drews","7",20261007,"TCGA-4C-A93U","THCA","2",0.803484976291656,"1"
"Drews","7",20261007,"TCGA-EM-A2OY","THCA","2",0.0215100031346083,"2"
"Drews","7",20261007,"TCGA-ZB-A966","THYM","2",0.966039717197418,"1"
"Drews","7",20261007,"TCGA-A5-A0GJ","UCEC","1",0.963649690151215,"1"
"Drews","7",20261007,"TCGA-AJ-A3TW","UCEC","1",0.999537110328674,"1"
"Drews","7",20261007,"TCGA-AP-A053","UCEC","1",0.999921798706055,"1"
"Drews","7",20261007,"TCGA-AP-A05D","UCEC","1",0.999821960926056,"1"
"Drews","7",20261007,"TCGA-AP-A1DQ","UCEC","1",0.998409330844879,"1"
"Drews","7",20261007,"TCGA-AX-A0IU","UCEC","1",0.999822437763214,"1"
"Drews","7",20261007,"TCGA-AX-A1C7","UCEC","1",0.999835729598999,"1"
"Drews","7",20261007,"TCGA-AX-A1CA","UCEC","1",0.999336898326874,"1"
"Drews","7",20261007,"TCGA-AX-A2H2","UCEC","1",0.99995493888855,"1"
"Drews","7",20261007,"TCGA-AX-A2IO","UCEC","1",0.939183950424194,"1"
"Drews","7",20261007,"TCGA-AX-A3FX","UCEC","1",0.985884606838226,"1"
"Drews","7",20261007,"TCGA-B5-A0JN","UCEC","1",0.999927520751953,"1"
"Drews","7",20261007,"TCGA-B5-A0K8","UCEC","1",0.996669590473175,"1"
"Drews","7",20261007,"TCGA-B5-A11S","UCEC","2",0.00901245232671499,"2"
"Drews","7",20261007,"TCGA-B5-A1N2","UCEC","1",0.9997518658638,"1"
"Drews","7",20261007,"TCGA-B5-A5OD","UCEC","1",0.999447643756866,"1"
"Drews","7",20261007,"TCGA-BG-A222","UCEC","2",0.697629332542419,"1"
"Drews","7",20261007,"TCGA-BK-A0C9","UCEC","2",0.60170966386795,"1"
"Drews","7",20261007,"TCGA-D1-A169","UCEC","2",0.843252897262573,"1"
"Drews","7",20261007,"TCGA-D1-A17S","UCEC","2",0.376340746879578,"2"
"Drews","7",20261007,"TCGA-D1-A1NW","UCEC","1",0.998516976833344,"1"
"Drews","7",20261007,"TCGA-D1-A1O0","UCEC","1",0.987390279769897,"1"
"Drews","7",20261007,"TCGA-DF-A2KR","UCEC","1",0.9952552318573,"1"
"Drews","7",20261007,"TCGA-DI-A1C3","UCEC","2",0.0480602718889713,"2"
"Drews","7",20261007,"TCGA-EO-A1Y5","UCEC","1",0.999706447124481,"1"
"Drews","7",20261007,"TCGA-EO-A3AS","UCEC","1",0.998674511909485,"1"
"Drews","7",20261007,"TCGA-EO-A3B1","UCEC","1",0.969170391559601,"1"
"Drews","7",20261007,"TCGA-EY-A210","UCEC","1",0.984175264835358,"1"
"Drews","7",20261007,"TCGA-EY-A214","UCEC","1",0.999948382377625,"1"
"Drews","7",20261007,"TCGA-EY-A215","UCEC","2",0.477791577577591,"2"
"Drews","7",20261007,"TCGA-EY-A2OO","UCEC","2",0.0195204205811024,"2"
"Drews","7",20261007,"TCGA-EY-A3L3","UCEC","1",0.994608998298645,"1"
"Drews","7",20261007,"TCGA-EY-A547","UCEC","1",0.983141183853149,"1"
"Drews","7",20261007,"TCGA-FI-A2EW","UCEC","1",0.999562442302704,"1"
"Drews","7",20261007,"TCGA-N5-A4R8","UCS","1",0.999307870864868,"1"
"Drews","7",20261007,"TCGA-N5-A4RM","UCS","1",0.997342765331268,"1"
"Drews","7",20261007,"TCGA-N5-A4RU","UCS","1",0.999976634979248,"1"
"Drews","7",20261007,"TCGA-N8-A4PN","UCS","1",0.999875783920288,"1"
"Drews","7",20261007,"TCGA-N8-A4PO","UCS","1",0.999780595302582,"1"
"Drews","7",20261007,"TCGA-N8-A4PQ","UCS","1",0.999780595302582,"1"
"Drews","7",20261007,"TCGA-N9-A4Q1","UCS","1",0.99993622303009,"1"
"Drews","7",20261007,"TCGA-V4-A9EO","UVM","2",0.00637026131153107,"2"
"Drews","7",20261007,"TCGA-V4-A9EZ","UVM","2",0.529702305793762,"1"
"Drews","7",20261007,"TCGA-V4-A9F3","UVM","2",0.00912409368902445,"2"
"Drews","7",20261007,"TCGA-VD-A8KA","UVM","2",0.0217790435999632,"2"
"Drews","8",20261008,"TCGA-OR-A5J5","ACC","2",0.903730273246765,"1"
"Drews","8",20261008,"TCGA-OR-A5J6","ACC","2",0.0981671363115311,"2"
"Drews","8",20261008,"TCGA-OR-A5JC","ACC","1",0.20366445183754,"2"
"Drews","8",20261008,"TCGA-OR-A5JM","ACC","1",0.954450905323029,"1"
"Drews","8",20261008,"TCGA-OR-A5KT","ACC","1",0.740883111953735,"1"
"Drews","8",20261008,"TCGA-OR-A5KV","ACC","2",0.478978753089905,"2"
"Drews","8",20261008,"TCGA-OR-A5L8","ACC","2",0.00907178223133087,"2"
"Drews","8",20261008,"TCGA-OR-A5LH","ACC","1",0.0133694112300873,"2"
"Drews","8",20261008,"TCGA-4Z-AA80","BLCA","1",0.998075246810913,"1"
"Drews","8",20261008,"TCGA-BT-A20N","BLCA","1",0.99983537197113,"1"
"Drews","8",20261008,"TCGA-BT-A20T","BLCA","1",0.998386859893799,"1"
"Drews","8",20261008,"TCGA-CF-A3MI","BLCA","1",0.982858180999756,"1"
"Drews","8",20261008,"TCGA-CF-A8HY","BLCA","1",0.984943151473999,"1"
"Drews","8",20261008,"TCGA-CU-A3KJ","BLCA","1",0.999602854251862,"1"
"Drews","8",20261008,"TCGA-DK-A3IV","BLCA","1",0.999291062355042,"1"
"Drews","8",20261008,"TCGA-DK-AA6M","BLCA","1",0.998970866203308,"1"
"Drews","8",20261008,"TCGA-DK-AA6R","BLCA","1",0.999918699264526,"1"
"Drews","8",20261008,"TCGA-DK-AA76","BLCA","1",0.999818742275238,"1"
"Drews","8",20261008,"TCGA-FD-A3SJ","BLCA","1",0.999955058097839,"1"
"Drews","8",20261008,"TCGA-FD-A6TC","BLCA","1",0.999781668186188,"1"
"Drews","8",20261008,"TCGA-FD-A6TD","BLCA","1",0.999050796031952,"1"
"Drews","8",20261008,"TCGA-FJ-A3Z7","BLCA","1",0.992169439792633,"1"
"Drews","8",20261008,"TCGA-GC-A3RC","BLCA","1",0.991064965724945,"1"
"Drews","8",20261008,"TCGA-GD-A2C5","BLCA","1",0.999944090843201,"1"
"Drews","8",20261008,"TCGA-GV-A3QH","BLCA","1",0.999706208705902,"1"
"Drews","8",20261008,"TCGA-GV-A40G","BLCA","1",0.999956011772156,"1"
"Drews","8",20261008,"TCGA-GV-A6ZA","BLCA","1",0.999671816825867,"1"
"Drews","8",20261008,"TCGA-K4-A3WV","BLCA","1",0.99965238571167,"1"
"Drews","8",20261008,"TCGA-KQ-A41N","BLCA","1",0.999683976173401,"1"
"Drews","8",20261008,"TCGA-KQ-A41P","BLCA","1",0.998502850532532,"1"
"Drews","8",20261008,"TCGA-KQ-A41R","BLCA","1",0.996661305427551,"1"
"Drews","8",20261008,"TCGA-UY-A78N","BLCA","1",0.974141478538513,"1"
"Drews","8",20261008,"TCGA-UY-A8OD","BLCA","1",0.99986457824707,"1"
"Drews","8",20261008,"TCGA-UY-A9PD","BLCA","1",0.999859571456909,"1"
"Drews","8",20261008,"TCGA-XF-A8HG","BLCA","1",0.996964514255524,"1"
"Drews","8",20261008,"TCGA-XF-A9SJ","BLCA","1",0.999108493328094,"1"
"Drews","8",20261008,"TCGA-XF-AAML","BLCA","1",0.999930858612061,"1"
"Drews","8",20261008,"TCGA-YF-AA3L","BLCA","1",0.991004109382629,"1"
"Drews","8",20261008,"TCGA-ZF-A9R7","BLCA","1",0.964279770851135,"1"
"Drews","8",20261008,"TCGA-ZF-A9RF","BLCA","1",0.996770024299622,"1"
"Drews","8",20261008,"TCGA-ZF-AA4R","BLCA","1",0.999994039535522,"1"
"Drews","8",20261008,"TCGA-A1-A0SJ","BRCA","1",0.999448597431183,"1"
"Drews","8",20261008,"TCGA-A1-A0SN","BRCA","1",0.998371660709381,"1"
"Drews","8",20261008,"TCGA-A2-A04T","BRCA","1",0.999850630760193,"1"
"Drews","8",20261008,"TCGA-A2-A0D4","BRCA","1",0.999924540519714,"1"
"Drews","8",20261008,"TCGA-A2-A0T3","BRCA","1",0.999833941459656,"1"
"Drews","8",20261008,"TCGA-A2-A0T7","BRCA","1",0.98699152469635,"1"
"Drews","8",20261008,"TCGA-A2-A1FV","BRCA","1",0.95183938741684,"1"
"Drews","8",20261008,"TCGA-A2-A1FW","BRCA","1",0.999961972236633,"1"
"Drews","8",20261008,"TCGA-A7-A0CD","BRCA","2",0.858086049556732,"1"
"Drews","8",20261008,"TCGA-A7-A0CJ","BRCA","1",0.999874711036682,"1"
"Drews","8",20261008,"TCGA-A7-A0D9","BRCA","1",0.997092366218567,"1"
"Drews","8",20261008,"TCGA-A7-A56D","BRCA","1",0.987886905670166,"1"
"Drews","8",20261008,"TCGA-A7-A5ZV","BRCA","1",0.999965906143188,"1"
"Drews","8",20261008,"TCGA-A7-A6VV","BRCA","1",0.998925983905792,"1"
"Drews","8",20261008,"TCGA-A8-A06Z","BRCA","1",0.999736607074738,"1"
"Drews","8",20261008,"TCGA-A8-A08G","BRCA","1",0.999814093112946,"1"
"Drews","8",20261008,"TCGA-A8-A090","BRCA","1",0.972806870937347,"1"
"Drews","8",20261008,"TCGA-A8-A096","BRCA","2",0.532819867134094,"1"
"Drews","8",20261008,"TCGA-A8-A09G","BRCA","1",0.997366487979889,"1"
"Drews","8",20261008,"TCGA-A8-A09I","BRCA","1",0.999967932701111,"1"
"Drews","8",20261008,"TCGA-A8-A09M","BRCA","1",0.999973773956299,"1"
"Drews","8",20261008,"TCGA-A8-A09R","BRCA","1",0.994330644607544,"1"
"Drews","8",20261008,"TCGA-A8-A09W","BRCA","1",0.99808794260025,"1"
"Drews","8",20261008,"TCGA-AN-A03X","BRCA","1",0.977981626987457,"1"
"Drews","8",20261008,"TCGA-AN-A04A","BRCA","1",0.999762952327728,"1"
"Drews","8",20261008,"TCGA-AN-A0FY","BRCA","1",0.999814808368683,"1"
"Drews","8",20261008,"TCGA-AN-A0XP","BRCA","2",0.574502825737,"1"
"Drews","8",20261008,"TCGA-AO-A0J2","BRCA","1",0.999904632568359,"1"
"Drews","8",20261008,"TCGA-AO-A0J3","BRCA","1",0.999973177909851,"1"
"Drews","8",20261008,"TCGA-AO-A124","BRCA","1",0.999980688095093,"1"
"Drews","8",20261008,"TCGA-AO-A12B","BRCA","2",0.016931151971221,"2"
"Drews","8",20261008,"TCGA-AO-A12F","BRCA","1",0.999818742275238,"1"
"Drews","8",20261008,"TCGA-AO-A1KR","BRCA","1",0.999885439872742,"1"
"Drews","8",20261008,"TCGA-AR-A0TP","BRCA","1",0.999977350234985,"1"
"Drews","8",20261008,"TCGA-AR-A24S","BRCA","1",0.998906016349792,"1"
"Drews","8",20261008,"TCGA-AR-A251","BRCA","1",0.999945521354675,"1"
"Drews","8",20261008,"TCGA-AR-A254","BRCA","1",0.999093651771545,"1"
"Drews","8",20261008,"TCGA-AR-A256","BRCA","1",0.999962210655212,"1"
"Drews","8",20261008,"TCGA-B6-A0I9","BRCA","1",0.999923944473267,"1"
"Drews","8",20261008,"TCGA-B6-A0IQ","BRCA","1",0.9999840259552,"1"
"Drews","8",20261008,"TCGA-B6-A0RH","BRCA","1",0.996304750442505,"1"
"Drews","8",20261008,"TCGA-B6-A0RL","BRCA","1",0.998971343040466,"1"
"Drews","8",20261008,"TCGA-B6-A0RV","BRCA","1",0.226987153291702,"2"
"Drews","8",20261008,"TCGA-BH-A0C7","BRCA","1",0.999716937541962,"1"
"Drews","8",20261008,"TCGA-BH-A0DD","BRCA","1",0.999480307102203,"1"
"Drews","8",20261008,"TCGA-BH-A0E2","BRCA","1",0.999912858009338,"1"
"Drews","8",20261008,"TCGA-BH-A0EE","BRCA","1",0.999664902687073,"1"
"Drews","8",20261008,"TCGA-BH-A0H6","BRCA","2",0.534389197826385,"1"
"Drews","8",20261008,"TCGA-BH-A0HL","BRCA","1",0.999767124652863,"1"
"Drews","8",20261008,"TCGA-BH-A0HX","BRCA","1",0.999872326850891,"1"
"Drews","8",20261008,"TCGA-BH-A0W7","BRCA","1",0.96535736322403,"1"
"Drews","8",20261008,"TCGA-BH-A18R","BRCA","1",0.995893359184265,"1"
"Drews","8",20261008,"TCGA-BH-A1EV","BRCA","1",0.998266816139221,"1"
"Drews","8",20261008,"TCGA-BH-A1F6","BRCA","1",0.997385799884796,"1"
"Drews","8",20261008,"TCGA-BH-A1FC","BRCA","1",0.999909281730652,"1"
"Drews","8",20261008,"TCGA-C8-A12P","BRCA","1",0.999925374984741,"1"
"Drews","8",20261008,"TCGA-C8-A12Q","BRCA","1",0.999972224235535,"1"
"Drews","8",20261008,"TCGA-C8-A1HJ","BRCA","1",0.99991512298584,"1"
"Drews","8",20261008,"TCGA-C8-A1HL","BRCA","1",0.999963521957397,"1"
"Drews","8",20261008,"TCGA-C8-A27A","BRCA","1",0.999960660934448,"1"
"Drews","8",20261008,"TCGA-D8-A13Y","BRCA","1",0.999973773956299,"1"
"Drews","8",20261008,"TCGA-D8-A145","BRCA","2",0.922134220600128,"1"
"Drews","8",20261008,"TCGA-D8-A147","BRCA","1",0.999822676181793,"1"
"Drews","8",20261008,"TCGA-D8-A1J8","BRCA","2",0.968136131763458,"1"
"Drews","8",20261008,"TCGA-D8-A1JC","BRCA","1",0.999730050563812,"1"
"Drews","8",20261008,"TCGA-D8-A1XZ","BRCA","1",0.999804675579071,"1"
"Drews","8",20261008,"TCGA-D8-A1Y1","BRCA","2",0.88577526807785,"1"
"Drews","8",20261008,"TCGA-D8-A27V","BRCA","1",0.191018775105476,"2"
"Drews","8",20261008,"TCGA-E2-A105","BRCA","1",0.999725997447968,"1"
"Drews","8",20261008,"TCGA-E2-A10C","BRCA","1",0.999205052852631,"1"
"Drews","8",20261008,"TCGA-E2-A10F","BRCA","2",0.651958525180817,"1"
"Drews","8",20261008,"TCGA-E2-A14R","BRCA","1",0.998286545276642,"1"
"Drews","8",20261008,"TCGA-E2-A14T","BRCA","1",0.999567210674286,"1"
"Drews","8",20261008,"TCGA-E2-A14V","BRCA","1",0.99988067150116,"1"
"Drews","8",20261008,"TCGA-E2-A14X","BRCA","1",0.99974113702774,"1"
"Drews","8",20261008,"TCGA-E2-A156","BRCA","2",0.335344821214676,"2"
"Drews","8",20261008,"TCGA-E2-A15T","BRCA","1",0.997533440589905,"1"
"Drews","8",20261008,"TCGA-E2-A1LK","BRCA","1",0.999065816402435,"1"
"Drews","8",20261008,"TCGA-E2-A576","BRCA","1",0.990959405899048,"1"
"Drews","8",20261008,"TCGA-E9-A1N8","BRCA","1",0.999973893165588,"1"
"Drews","8",20261008,"TCGA-E9-A1NA","BRCA","1",0.999840378761292,"1"
"Drews","8",20261008,"TCGA-E9-A1NF","BRCA","1",0.993928670883179,"1"
"Drews","8",20261008,"TCGA-E9-A1RD","BRCA","2",0.0497776009142399,"2"
"Drews","8",20261008,"TCGA-E9-A1RF","BRCA","1",0.999816715717316,"1"
"Drews","8",20261008,"TCGA-E9-A22E","BRCA","1",0.995337724685669,"1"
"Drews","8",20261008,"TCGA-EW-A1PD","BRCA","1",0.999907970428467,"1"
"Drews","8",20261008,"TCGA-LL-A6FQ","BRCA","1",0.630362570285797,"1"
"Drews","8",20261008,"TCGA-LL-A8F5","BRCA","1",0.99979954957962,"1"
"Drews","8",20261008,"TCGA-OL-A5D7","BRCA","1",0.998570919036865,"1"
"Drews","8",20261008,"TCGA-OL-A6VO","BRCA","1",0.998838245868683,"1"
"Drews","8",20261008,"TCGA-PE-A5DE","BRCA","1",0.95452880859375,"1"
"Drews","8",20261008,"TCGA-S3-A6ZF","BRCA","1",0.999463140964508,"1"
"Drews","8",20261008,"TCGA-S3-AA0Z","BRCA","1",0.999464333057404,"1"
"Drews","8",20261008,"TCGA-S3-AA12","BRCA","1",0.995665013790131,"1"
"Drews","8",20261008,"TCGA-WT-AB41","BRCA","1",0.93093204498291,"1"
"Drews","8",20261008,"TCGA-C5-A1BK","CESC","1",0.804645657539368,"1"
"Drews","8",20261008,"TCGA-C5-A1BM","CESC","2",0.653204143047333,"1"
"Drews","8",20261008,"TCGA-C5-A1M9","CESC","1",0.985104143619537,"1"
"Drews","8",20261008,"TCGA-C5-A7UE","CESC","2",0.918705701828003,"1"
"Drews","8",20261008,"TCGA-C5-A907","CESC","1",0.997305989265442,"1"
"Drews","8",20261008,"TCGA-EA-A5FO","CESC","2",0.736260652542114,"1"
"Drews","8",20261008,"TCGA-EK-A2RN","CESC","2",0.373360157012939,"2"
"Drews","8",20261008,"TCGA-EK-A2RO","CESC","1",0.978405833244324,"1"
"Drews","8",20261008,"TCGA-EX-A1H5","CESC","2",0.965601146221161,"1"
"Drews","8",20261008,"TCGA-IR-A3LK","CESC","1",0.965794622898102,"1"
"Drews","8",20261008,"TCGA-Q1-A6DT","CESC","1",0.999880194664001,"1"
"Drews","8",20261008,"TCGA-VS-A8EG","CESC","1",0.723824381828308,"1"
"Drews","8",20261008,"TCGA-VS-A94Z","CESC","1",0.944971323013306,"1"
"Drews","8",20261008,"TCGA-VS-A9U6","CESC","1",0.990243256092072,"1"
"Drews","8",20261008,"TCGA-VS-A9UL","CESC","1",0.999870300292969,"1"
"Drews","8",20261008,"TCGA-VS-A9UR","CESC","1",0.989228487014771,"1"
"Drews","8",20261008,"TCGA-W5-AA38","CHOL","2",0.787423491477966,"1"
"Drews","8",20261008,"TCGA-A6-5656","COAD","1",0.988791704177856,"1"
"Drews","8",20261008,"TCGA-AA-3548","COAD","1",0.994060814380646,"1"
"Drews","8",20261008,"TCGA-AA-3549","COAD","1",0.996010065078735,"1"
"Drews","8",20261008,"TCGA-AA-3663","COAD","2",0.093946561217308,"2"
"Drews","8",20261008,"TCGA-AA-3664","COAD","1",0.958606123924255,"1"
"Drews","8",20261008,"TCGA-AA-3697","COAD","1",0.992982029914856,"1"
"Drews","8",20261008,"TCGA-AA-3968","COAD","1",0.916865646839142,"1"
"Drews","8",20261008,"TCGA-AM-5820","COAD","1",0.752370715141296,"1"
"Drews","8",20261008,"TCGA-AZ-4615","COAD","2",0.0286237243562937,"2"
"Drews","8",20261008,"TCGA-CA-5254","COAD","1",0.299751669168472,"2"
"Drews","8",20261008,"TCGA-CM-4746","COAD","2",0.874859809875488,"1"
"Drews","8",20261008,"TCGA-CM-5344","COAD","2",0.990769684314728,"1"
"Drews","8",20261008,"TCGA-CM-6161","COAD","2",0.0474870391190052,"2"
"Drews","8",20261008,"TCGA-D5-6533","COAD","1",0.992474973201752,"1"
"Drews","8",20261008,"TCGA-D5-6535","COAD","1",0.942910730838776,"1"
"Drews","8",20261008,"TCGA-G4-6299","COAD","1",0.988628387451172,"1"
"Drews","8",20261008,"TCGA-G4-6306","COAD","2",0.920859694480896,"1"
"Drews","8",20261008,"TCGA-G4-6311","COAD","1",0.993638575077057,"1"
"Drews","8",20261008,"TCGA-G4-6323","COAD","2",0.0151235377416015,"2"
"Drews","8",20261008,"TCGA-G4-6586","COAD","2",0.208737954497337,"2"
"Drews","8",20261008,"TCGA-NH-A8F7","COAD","2",0.886560380458832,"1"
"Drews","8",20261008,"TCGA-VB-A8QN","DLBC","1",0.97565633058548,"1"
"Drews","8",20261008,"TCGA-2H-A9GF","ESCA","1",0.999947667121887,"1"
"Drews","8",20261008,"TCGA-2H-A9GM","ESCA","1",0.999834179878235,"1"
"Drews","8",20261008,"TCGA-JY-A6FE","ESCA","1",0.999959230422974,"1"
"Drews","8",20261008,"TCGA-JY-A93F","ESCA","2",0.488075256347656,"2"
"Drews","8",20261008,"TCGA-L5-A4ON","ESCA","1",0.997283101081848,"1"
"Drews","8",20261008,"TCGA-L5-A4OX","ESCA","1",0.997540950775146,"1"
"Drews","8",20261008,"TCGA-L5-A8NH","ESCA","1",0.9997199177742,"1"
"Drews","8",20261008,"TCGA-LN-A4A9","ESCA","1",0.988770484924316,"1"
"Drews","8",20261008,"TCGA-LN-A5U7","ESCA","1",0.999812543392181,"1"
"Drews","8",20261008,"TCGA-Q9-A6FU","ESCA","1",0.999958038330078,"1"
"Drews","8",20261008,"TCGA-R6-A6DN","ESCA","1",0.999735653400421,"1"
"Drews","8",20261008,"TCGA-R6-A8W8","ESCA","1",0.999407172203064,"1"
"Drews","8",20261008,"TCGA-VR-A8EP","ESCA","1",0.999447524547577,"1"
"Drews","8",20261008,"TCGA-VR-AA4D","ESCA","1",0.995400249958038,"1"
"Drews","8",20261008,"TCGA-VR-AA7B","ESCA","1",0.999989151954651,"1"
"Drews","8",20261008,"TCGA-VR-AA7D","ESCA","1",0.99863201379776,"1"
"Drews","8",20261008,"TCGA-XP-A8T8","ESCA","1",0.999090313911438,"1"
"Drews","8",20261008,"TCGA-Z6-A8JE","ESCA","1",0.999963164329529,"1"
"Drews","8",20261008,"TCGA-06-2562","GBM","2",0.306970179080963,"2"
"Drews","8",20261008,"TCGA-28-5204","GBM","1",0.958623230457306,"1"
"Drews","8",20261008,"TCGA-28-5216","GBM","1",0.941969871520996,"1"
"Drews","8",20261008,"TCGA-32-1970","GBM","1",0.906665027141571,"1"
"Drews","8",20261008,"TCGA-41-3915","GBM","1",0.977971911430359,"1"
"Drews","8",20261008,"TCGA-76-4931","GBM","1",0.695163547992706,"1"
"Drews","8",20261008,"TCGA-BA-4075","HNSC","1",0.974562168121338,"1"
"Drews","8",20261008,"TCGA-BA-5149","HNSC","1",0.990364015102386,"1"
"Drews","8",20261008,"TCGA-BA-6873","HNSC","1",0.98583984375,"1"
"Drews","8",20261008,"TCGA-BB-4224","HNSC","1",0.994075059890747,"1"
"Drews","8",20261008,"TCGA-CN-6011","HNSC","1",0.999622941017151,"1"
"Drews","8",20261008,"TCGA-CN-6024","HNSC","1",0.998268723487854,"1"
"Drews","8",20261008,"TCGA-CN-A6UY","HNSC","2",0.0267502199858427,"2"
"Drews","8",20261008,"TCGA-CQ-5327","HNSC","2",0.0130662713199854,"2"
"Drews","8",20261008,"TCGA-CQ-6228","HNSC","1",0.998671174049377,"1"
"Drews","8",20261008,"TCGA-CQ-A4CI","HNSC","1",0.999146580696106,"1"
"Drews","8",20261008,"TCGA-CR-5247","HNSC","1",0.999267637729645,"1"
"Drews","8",20261008,"TCGA-CV-6948","HNSC","1",0.998700022697449,"1"
"Drews","8",20261008,"TCGA-CV-6960","HNSC","1",0.994397282600403,"1"
"Drews","8",20261008,"TCGA-CV-7418","HNSC","1",0.997262239456177,"1"
"Drews","8",20261008,"TCGA-CV-7430","HNSC","1",0.987650334835052,"1"
"Drews","8",20261008,"TCGA-CV-7437","HNSC","1",0.998978853225708,"1"
"Drews","8",20261008,"TCGA-CV-A6JE","HNSC","1",0.968227982521057,"1"
"Drews","8",20261008,"TCGA-D6-6827","HNSC","1",0.940429627895355,"1"
"Drews","8",20261008,"TCGA-DQ-7591","HNSC","1",0.963286936283112,"1"
"Drews","8",20261008,"TCGA-MZ-A7D7","HNSC","1",0.996888101100922,"1"
"Drews","8",20261008,"TCGA-QK-A6IJ","HNSC","1",0.866061568260193,"1"
"Drews","8",20261008,"TCGA-T3-A92M","HNSC","1",0.998476326465607,"1"
"Drews","8",20261008,"TCGA-UF-A71A","HNSC","1",0.999927282333374,"1"
"Drews","8",20261008,"TCGA-KL-8331","KICH","2",0.0379678942263126,"2"
"Drews","8",20261008,"TCGA-KL-8340","KICH","2",0.00144405080936849,"2"
"Drews","8",20261008,"TCGA-KN-8423","KICH","2",0.000835784827359021,"2"
"Drews","8",20261008,"TCGA-KN-8425","KICH","2",0.000198997862753458,"2"
"Drews","8",20261008,"TCGA-KN-8428","KICH","1",0.461364448070526,"2"
"Drews","8",20261008,"TCGA-KN-8436","KICH","2",0.0868995562195778,"2"
"Drews","8",20261008,"TCGA-KO-8410","KICH","2",0.00476835202425718,"2"
"Drews","8",20261008,"TCGA-A3-3313","KIRC","1",0.0667775049805641,"2"
"Drews","8",20261008,"TCGA-A3-3383","KIRC","2",0.00448491517454386,"2"
"Drews","8",20261008,"TCGA-A3-A6NI","KIRC","2",0.0022152301389724,"2"
"Drews","8",20261008,"TCGA-AS-3777","KIRC","2",0.678173959255219,"1"
"Drews","8",20261008,"TCGA-AS-3778","KIRC","2",0.0027190838009119,"2"
"Drews","8",20261008,"TCGA-B0-5107","KIRC","2",0.00157779396977276,"2"
"Drews","8",20261008,"TCGA-B0-5703","KIRC","2",0.000775261723902076,"2"
"Drews","8",20261008,"TCGA-BP-5168","KIRC","2",0.000195374552276917,"2"
"Drews","8",20261008,"TCGA-BP-5189","KIRC","2",0.00684787845239043,"2"
"Drews","8",20261008,"TCGA-CJ-6033","KIRC","2",0.000832683814223856,"2"
"Drews","8",20261008,"TCGA-CW-5585","KIRC","2",0.000734758388716727,"2"
"Drews","8",20261008,"TCGA-CZ-4866","KIRC","2",0.000844011548906565,"2"
"Drews","8",20261008,"TCGA-CZ-5461","KIRC","2",0.000732211279682815,"2"
"Drews","8",20261008,"TCGA-CZ-5462","KIRC","2",0.00106434698682278,"2"
"Drews","8",20261008,"TCGA-EU-5907","KIRC","2",0.000351357535691932,"2"
"Drews","8",20261008,"TCGA-A4-A5DU","KIRP","2",0.0173084381967783,"2"
"Drews","8",20261008,"TCGA-AL-3466","KIRP","1",0.997380316257477,"1"
"Drews","8",20261008,"TCGA-B9-4117","KIRP","2",0.154955580830574,"2"
"Drews","8",20261008,"TCGA-B9-4617","KIRP","2",0.201978415250778,"2"
"Drews","8",20261008,"TCGA-B9-A69E","KIRP","1",0.0026719244197011,"2"
"Drews","8",20261008,"TCGA-BQ-5893","KIRP","2",0.0784023702144623,"2"
"Drews","8",20261008,"TCGA-G7-A8LC","KIRP","2",0.00721429148688912,"2"
"Drews","8",20261008,"TCGA-P4-A5EB","KIRP","2",0.0233645234256983,"2"
"Drews","8",20261008,"TCGA-Q2-A5QZ","KIRP","1",0.543646693229675,"1"
"Drews","8",20261008,"TCGA-CS-6666","LGG","1",0.241156235337257,"2"
"Drews","8",20261008,"TCGA-DH-A669","LGG","1",0.338933527469635,"2"
"Drews","8",20261008,"TCGA-DH-A7US","LGG","2",0.00565721420571208,"2"
"Drews","8",20261008,"TCGA-DH-A7UV","LGG","2",0.128695830702782,"2"
"Drews","8",20261008,"TCGA-DU-6410","LGG","2",0.0710262134671211,"2"
"Drews","8",20261008,"TCGA-DU-7013","LGG","2",0.938365459442139,"1"
"Drews","8",20261008,"TCGA-DU-A7TA","LGG","1",0.0783261507749557,"2"
"Drews","8",20261008,"TCGA-E1-A7YD","LGG","1",0.99003803730011,"1"
"Drews","8",20261008,"TCGA-E1-A7Z2","LGG","1",0.408340603113174,"2"
"Drews","8",20261008,"TCGA-E1-A7Z3","LGG","2",0.104853972792625,"2"
"Drews","8",20261008,"TCGA-FG-7634","LGG","2",0.01000343170017,"2"
"Drews","8",20261008,"TCGA-FG-A4MX","LGG","2",0.394717454910278,"2"
"Drews","8",20261008,"TCGA-HT-7471","LGG","2",0.00592967495322227,"2"
"Drews","8",20261008,"TCGA-HT-7477","LGG","1",0.996560752391815,"1"
"Drews","8",20261008,"TCGA-HT-7875","LGG","2",0.00386032788082957,"2"
"Drews","8",20261008,"TCGA-HT-A61C","LGG","2",0.888057231903076,"1"
"Drews","8",20261008,"TCGA-P5-A5F4","LGG","2",0.146732598543167,"2"
"Drews","8",20261008,"TCGA-P5-A733","LGG","2",0.050946768373251,"2"
"Drews","8",20261008,"TCGA-QH-A6CW","LGG","2",0.326993525028229,"2"
"Drews","8",20261008,"TCGA-S9-A6TY","LGG","2",0.0205744877457619,"2"
"Drews","8",20261008,"TCGA-S9-A7R8","LGG","1",0.271176248788834,"2"
"Drews","8",20261008,"TCGA-TM-A84G","LGG","2",0.0213305689394474,"2"
"Drews","8",20261008,"TCGA-TM-A84L","LGG","2",0.108538024127483,"2"
"Drews","8",20261008,"TCGA-TM-A84R","LGG","2",0.119664378464222,"2"
"Drews","8",20261008,"TCGA-2Y-A9H4","LIHC","1",0.963635265827179,"1"
"Drews","8",20261008,"TCGA-2Y-A9H9","LIHC","1",0.982272505760193,"1"
"Drews","8",20261008,"TCGA-2Y-A9HA","LIHC","1",0.957133829593658,"1"
"Drews","8",20261008,"TCGA-2Y-A9HB","LIHC","1",0.252847999334335,"2"
"Drews","8",20261008,"TCGA-BC-4073","LIHC","1",0.92592591047287,"1"
"Drews","8",20261008,"TCGA-BC-A10Y","LIHC","1",0.978202998638153,"1"
"Drews","8",20261008,"TCGA-BD-A2L6","LIHC","2",0.980219662189484,"1"
"Drews","8",20261008,"TCGA-BW-A5NP","LIHC","1",0.46418085694313,"2"
"Drews","8",20261008,"TCGA-CC-5260","LIHC","1",0.473559707403183,"2"
"Drews","8",20261008,"TCGA-CC-5263","LIHC","1",0.999872803688049,"1"
"Drews","8",20261008,"TCGA-DD-A4NI","LIHC","2",0.12225291877985,"2"
"Drews","8",20261008,"TCGA-DD-AACE","LIHC","2",0.876991987228394,"1"
"Drews","8",20261008,"TCGA-DD-AACH","LIHC","1",0.99827241897583,"1"
"Drews","8",20261008,"TCGA-DD-AADF","LIHC","1",0.996638655662537,"1"
"Drews","8",20261008,"TCGA-DD-AADN","LIHC","1",0.992328107357025,"1"
"Drews","8",20261008,"TCGA-DD-AADP","LIHC","1",0.812512218952179,"1"
"Drews","8",20261008,"TCGA-DD-AAEI","LIHC","1",0.960678279399872,"1"
"Drews","8",20261008,"TCGA-EP-A2KA","LIHC","1",0.871538519859314,"1"
"Drews","8",20261008,"TCGA-FV-A23B","LIHC","1",0.507367372512817,"1"
"Drews","8",20261008,"TCGA-RC-A7SK","LIHC","1",0.988964796066284,"1"
"Drews","8",20261008,"TCGA-WX-AA44","LIHC","1",0.983781456947327,"1"
"Drews","8",20261008,"TCGA-05-4395","LUAD","1",0.99789822101593,"1"
"Drews","8",20261008,"TCGA-05-4396","LUAD","1",0.993293523788452,"1"
"Drews","8",20261008,"TCGA-05-4426","LUAD","1",0.90081113576889,"1"
"Drews","8",20261008,"TCGA-05-4432","LUAD","1",0.999744594097137,"1"
"Drews","8",20261008,"TCGA-38-4625","LUAD","1",0.999657392501831,"1"
"Drews","8",20261008,"TCGA-44-7660","LUAD","1",0.999955296516418,"1"
"Drews","8",20261008,"TCGA-44-7662","LUAD","1",0.999898314476013,"1"
"Drews","8",20261008,"TCGA-44-7669","LUAD","1",0.999679803848267,"1"
"Drews","8",20261008,"TCGA-49-4486","LUAD","1",0.626761853694916,"1"
"Drews","8",20261008,"TCGA-50-5935","LUAD","1",0.956223130226135,"1"
"Drews","8",20261008,"TCGA-50-7109","LUAD","1",0.999131858348846,"1"
"Drews","8",20261008,"TCGA-55-8507","LUAD","1",0.999754130840302,"1"
"Drews","8",20261008,"TCGA-55-8615","LUAD","1",0.998360335826874,"1"
"Drews","8",20261008,"TCGA-62-A46O","LUAD","1",0.999988198280334,"1"
"Drews","8",20261008,"TCGA-64-1680","LUAD","2",0.681668877601624,"1"
"Drews","8",20261008,"TCGA-64-5775","LUAD","1",0.997835218906403,"1"
"Drews","8",20261008,"TCGA-73-4662","LUAD","1",0.998374700546265,"1"
"Drews","8",20261008,"TCGA-73-4668","LUAD","1",0.999889731407166,"1"
"Drews","8",20261008,"TCGA-73-A9RS","LUAD","1",0.998745083808899,"1"
"Drews","8",20261008,"TCGA-78-7167","LUAD","1",0.988744854927063,"1"
"Drews","8",20261008,"TCGA-86-7713","LUAD","1",0.999587833881378,"1"
"Drews","8",20261008,"TCGA-86-7955","LUAD","1",0.99998664855957,"1"
"Drews","8",20261008,"TCGA-86-8054","LUAD","1",0.999908804893494,"1"
"Drews","8",20261008,"TCGA-97-7546","LUAD","1",0.990940868854523,"1"
"Drews","8",20261008,"TCGA-97-8547","LUAD","1",0.997065842151642,"1"
"Drews","8",20261008,"TCGA-J2-A4AE","LUAD","1",0.59505170583725,"1"
"Drews","8",20261008,"TCGA-MP-A4T8","LUAD","1",0.999391794204712,"1"
"Drews","8",20261008,"TCGA-18-3411","LUSC","1",0.999448955059052,"1"
"Drews","8",20261008,"TCGA-21-5787","LUSC","1",0.997646987438202,"1"
"Drews","8",20261008,"TCGA-21-A5DI","LUSC","1",0.97063136100769,"1"
"Drews","8",20261008,"TCGA-22-1012","LUSC","1",0.99962842464447,"1"
"Drews","8",20261008,"TCGA-22-4591","LUSC","1",0.999994158744812,"1"
"Drews","8",20261008,"TCGA-22-4613","LUSC","1",0.999985694885254,"1"
"Drews","8",20261008,"TCGA-22-5481","LUSC","1",0.999859571456909,"1"
"Drews","8",20261008,"TCGA-22-5491","LUSC","1",0.99653959274292,"1"
"Drews","8",20261008,"TCGA-33-4532","LUSC","1",0.999989151954651,"1"
"Drews","8",20261008,"TCGA-33-4547","LUSC","1",0.999861121177673,"1"
"Drews","8",20261008,"TCGA-34-2600","LUSC","1",0.999589145183563,"1"
"Drews","8",20261008,"TCGA-37-3789","LUSC","1",0.999874711036682,"1"
"Drews","8",20261008,"TCGA-43-6770","LUSC","1",0.99933260679245,"1"
"Drews","8",20261008,"TCGA-56-7223","LUSC","1",0.999787867069244,"1"
"Drews","8",20261008,"TCGA-56-7580","LUSC","1",0.995180249214172,"1"
"Drews","8",20261008,"TCGA-56-8083","LUSC","1",0.99992823600769,"1"
"Drews","8",20261008,"TCGA-56-8626","LUSC","1",0.997923970222473,"1"
"Drews","8",20261008,"TCGA-56-8628","LUSC","1",0.996853411197662,"1"
"Drews","8",20261008,"TCGA-56-A49D","LUSC","1",0.999706089496613,"1"
"Drews","8",20261008,"TCGA-58-8387","LUSC","1",0.999854683876038,"1"
"Drews","8",20261008,"TCGA-60-2708","LUSC","1",0.998899459838867,"1"
"Drews","8",20261008,"TCGA-60-2711","LUSC","1",0.999984622001648,"1"
"Drews","8",20261008,"TCGA-60-2726","LUSC","1",0.999899744987488,"1"
"Drews","8",20261008,"TCGA-66-2754","LUSC","1",0.999884486198425,"1"
"Drews","8",20261008,"TCGA-66-2757","LUSC","1",0.999943733215332,"1"
"Drews","8",20261008,"TCGA-66-2785","LUSC","1",0.999342024326324,"1"
"Drews","8",20261008,"TCGA-77-6845","LUSC","1",0.999915719032288,"1"
"Drews","8",20261008,"TCGA-77-7140","LUSC","1",0.999849915504456,"1"
"Drews","8",20261008,"TCGA-77-7142","LUSC","1",0.999554216861725,"1"
"Drews","8",20261008,"TCGA-85-8277","LUSC","1",0.999945402145386,"1"
"Drews","8",20261008,"TCGA-98-8022","LUSC","1",0.999700903892517,"1"
"Drews","8",20261008,"TCGA-98-8023","LUSC","1",0.997384488582611,"1"
"Drews","8",20261008,"TCGA-98-A53A","LUSC","1",0.999818384647369,"1"
"Drews","8",20261008,"TCGA-NC-A5HT","LUSC","1",0.998867154121399,"1"
"Drews","8",20261008,"TCGA-MQ-A6BS","MESO","1",0.964646577835083,"1"
"Drews","8",20261008,"TCGA-UD-AAC1","MESO","2",0.513138473033905,"1"
"Drews","8",20261008,"TCGA-UD-AAC7","MESO","1",0.998340487480164,"1"
"Drews","8",20261008,"TCGA-ZN-A9VU","MESO","2",0.178267136216164,"2"
"Drews","8",20261008,"TCGA-09-1674","OV","1",0.999868750572205,"1"
"Drews","8",20261008,"TCGA-13-0890","OV","1",0.999748528003693,"1"
"Drews","8",20261008,"TCGA-13-0899","OV","1",0.999313235282898,"1"
"Drews","8",20261008,"TCGA-13-0916","OV","1",0.999945163726807,"1"
"Drews","8",20261008,"TCGA-13-1507","OV","1",0.99923849105835,"1"
"Drews","8",20261008,"TCGA-13-1511","OV","1",0.999119460582733,"1"
"Drews","8",20261008,"TCGA-20-1682","OV","1",0.999888300895691,"1"
"Drews","8",20261008,"TCGA-20-1683","OV","1",0.999953389167786,"1"
"Drews","8",20261008,"TCGA-23-1027","OV","1",0.9997838139534,"1"
"Drews","8",20261008,"TCGA-23-1111","OV","1",0.991388976573944,"1"
"Drews","8",20261008,"TCGA-23-1122","OV","1",0.999944448471069,"1"
"Drews","8",20261008,"TCGA-23-1123","OV","1",0.999889492988586,"1"
"Drews","8",20261008,"TCGA-23-1809","OV","1",0.999972343444824,"1"
"Drews","8",20261008,"TCGA-24-1616","OV","1",0.99947315454483,"1"
"Drews","8",20261008,"TCGA-24-1842","OV","1",0.999972224235535,"1"
"Drews","8",20261008,"TCGA-24-1843","OV","1",0.999975800514221,"1"
"Drews","8",20261008,"TCGA-24-2035","OV","1",0.99986207485199,"1"
"Drews","8",20261008,"TCGA-24-2281","OV","1",0.99997079372406,"1"
"Drews","8",20261008,"TCGA-24-2298","OV","1",0.999739706516266,"1"
"Drews","8",20261008,"TCGA-25-1312","OV","1",0.999962687492371,"1"
"Drews","8",20261008,"TCGA-25-2391","OV","1",0.999470770359039,"1"
"Drews","8",20261008,"TCGA-25-2396","OV","1",0.999939441680908,"1"
"Drews","8",20261008,"TCGA-29-1761","OV","1",0.999930620193481,"1"
"Drews","8",20261008,"TCGA-29-A5NZ","OV","1",0.999754011631012,"1"
"Drews","8",20261008,"TCGA-30-1718","OV","1",0.99998950958252,"1"
"Drews","8",20261008,"TCGA-30-1855","OV","1",0.999989151954651,"1"
"Drews","8",20261008,"TCGA-30-1891","OV","1",0.999602854251862,"1"
"Drews","8",20261008,"TCGA-59-2350","OV","1",0.999942302703857,"1"
"Drews","8",20261008,"TCGA-61-1725","OV","1",0.995758831501007,"1"
"Drews","8",20261008,"TCGA-61-2000","OV","1",0.999949097633362,"1"
"Drews","8",20261008,"TCGA-61-2012","OV","1",0.999906539916992,"1"
"Drews","8",20261008,"TCGA-61-2094","OV","1",0.998009264469147,"1"
"Drews","8",20261008,"TCGA-VG-A8LO","OV","1",0.999832153320312,"1"
"Drews","8",20261008,"TCGA-3A-A9IH","PAAD","1",0.98184871673584,"1"
"Drews","8",20261008,"TCGA-3A-A9IR","PAAD","1",0.947895288467407,"1"
"Drews","8",20261008,"TCGA-FB-AAQ2","PAAD","1",0.999002277851105,"1"
"Drews","8",20261008,"TCGA-IB-7646","PAAD","1",0.967489302158356,"1"
"Drews","8",20261008,"TCGA-YY-A8LH","PAAD","2",0.759514451026917,"1"
"Drews","8",20261008,"TCGA-QR-A70M","PCPG","1",0.0420044623315334,"2"
"Drews","8",20261008,"TCGA-QR-A70P","PCPG","2",0.0608084537088871,"2"
"Drews","8",20261008,"TCGA-QT-A69Q","PCPG","2",0.0299824569374323,"2"
"Drews","8",20261008,"TCGA-RT-A6YA","PCPG","2",0.111877538263798,"2"
"Drews","8",20261008,"TCGA-RW-A68A","PCPG","2",0.0627276748418808,"2"
"Drews","8",20261008,"TCGA-S7-A7WP","PCPG","2",0.0262250415980816,"2"
"Drews","8",20261008,"TCGA-S7-A7X1","PCPG","2",0.0179798193275928,"2"
"Drews","8",20261008,"TCGA-SQ-A6I6","PCPG","2",0.0244787875562906,"2"
"Drews","8",20261008,"TCGA-SR-A6MR","PCPG","1",0.162755534052849,"2"
"Drews","8",20261008,"TCGA-W2-A7H5","PCPG","2",0.0407262928783894,"2"
"Drews","8",20261008,"TCGA-2A-A8W1","PRAD","1",0.975640177726746,"1"
"Drews","8",20261008,"TCGA-EJ-7331","PRAD","2",0.72636753320694,"1"
"Drews","8",20261008,"TCGA-EJ-A65M","PRAD","1",0.946199595928192,"1"
"Drews","8",20261008,"TCGA-HC-7213","PRAD","1",0.995571076869965,"1"
"Drews","8",20261008,"TCGA-HC-7232","PRAD","2",0.935771107673645,"1"
"Drews","8",20261008,"TCGA-HC-A6HY","PRAD","2",0.901257634162903,"1"
"Drews","8",20261008,"TCGA-HC-A76W","PRAD","2",0.977996349334717,"1"
"Drews","8",20261008,"TCGA-HC-A8CY","PRAD","1",0.994358599185944,"1"
"Drews","8",20261008,"TCGA-KK-A6DY","PRAD","2",0.331477642059326,"2"
"Drews","8",20261008,"TCGA-KK-A6E0","PRAD","1",0.921047151088715,"1"
"Drews","8",20261008,"TCGA-KK-A6E6","PRAD","1",0.840736389160156,"1"
"Drews","8",20261008,"TCGA-KK-A8I5","PRAD","1",0.992839217185974,"1"
"Drews","8",20261008,"TCGA-TP-A8TT","PRAD","1",0.967930257320404,"1"
"Drews","8",20261008,"TCGA-V1-A9OL","PRAD","1",0.99890673160553,"1"
"Drews","8",20261008,"TCGA-V1-A9ZR","PRAD","1",0.955672979354858,"1"
"Drews","8",20261008,"TCGA-VN-A943","PRAD","1",0.77717536687851,"1"
"Drews","8",20261008,"TCGA-XQ-A8TB","PRAD","1",0.878867268562317,"1"
"Drews","8",20261008,"TCGA-ZG-A9M4","PRAD","1",0.848040521144867,"1"
"Drews","8",20261008,"TCGA-AF-2693","READ","1",0.967670500278473,"1"
"Drews","8",20261008,"TCGA-AG-3742","READ","1",0.961559653282166,"1"
"Drews","8",20261008,"TCGA-AG-3878","READ","2",0.994343757629395,"1"
"Drews","8",20261008,"TCGA-AG-3890","READ","1",0.712477505207062,"1"
"Drews","8",20261008,"TCGA-AG-A01J","READ","1",0.993212580680847,"1"
"Drews","8",20261008,"TCGA-AG-A01W","READ","1",0.857754111289978,"1"
"Drews","8",20261008,"TCGA-CL-4957","READ","1",0.998854875564575,"1"
"Drews","8",20261008,"TCGA-DY-A1H8","READ","1",0.515990674495697,"1"
"Drews","8",20261008,"TCGA-G5-6233","READ","1",0.993556201457977,"1"
"Drews","8",20261008,"TCGA-3B-A9HX","SARC","1",0.99676787853241,"1"
"Drews","8",20261008,"TCGA-DX-A1L2","SARC","1",0.955156862735748,"1"
"Drews","8",20261008,"TCGA-DX-A3U7","SARC","1",0.999720394611359,"1"
"Drews","8",20261008,"TCGA-DX-A7EF","SARC","1",0.999907970428467,"1"
"Drews","8",20261008,"TCGA-DX-A8BH","SARC","1",0.994799017906189,"1"
"Drews","8",20261008,"TCGA-DX-A8BJ","SARC","1",0.992780148983002,"1"
"Drews","8",20261008,"TCGA-DX-A8BR","SARC","1",0.981867432594299,"1"
"Drews","8",20261008,"TCGA-DX-AB2J","SARC","1",0.476290702819824,"2"
"Drews","8",20261008,"TCGA-DX-AB2W","SARC","1",0.997591137886047,"1"
"Drews","8",20261008,"TCGA-DX-AB35","SARC","1",0.998422741889954,"1"
"Drews","8",20261008,"TCGA-DX-AB3A","SARC","1",0.995245516300201,"1"
"Drews","8",20261008,"TCGA-FX-A3NK","SARC","1",0.988051295280457,"1"
"Drews","8",20261008,"TCGA-FX-A3RE","SARC","1",0.964073300361633,"1"
"Drews","8",20261008,"TCGA-HB-A3YV","SARC","1",0.996308088302612,"1"
"Drews","8",20261008,"TCGA-IE-A3OV","SARC","1",0.912101268768311,"1"
"Drews","8",20261008,"TCGA-IE-A6BZ","SARC","1",0.999373137950897,"1"
"Drews","8",20261008,"TCGA-IS-A3K7","SARC","1",0.998376607894897,"1"
"Drews","8",20261008,"TCGA-K1-A6RU","SARC","1",0.992786705493927,"1"
"Drews","8",20261008,"TCGA-QQ-A5VC","SARC","1",0.998784959316254,"1"
"Drews","8",20261008,"TCGA-QQ-A8VH","SARC","1",0.999732196331024,"1"
"Drews","8",20261008,"TCGA-RN-AAAQ","SARC","1",0.27925443649292,"2"
"Drews","8",20261008,"TCGA-SI-AA8C","SARC","1",0.96709930896759,"1"
"Drews","8",20261008,"TCGA-WK-A8XX","SARC","1",0.972268044948578,"1"
"Drews","8",20261008,"TCGA-Z4-AAPG","SARC","1",0.99740594625473,"1"
"Drews","8",20261008,"TCGA-BF-AAP2","SKCM","1",0.937734365463257,"1"
"Drews","8",20261008,"TCGA-BF-AAP6","SKCM","1",0.920753955841064,"1"
"Drews","8",20261008,"TCGA-EB-A430","SKCM","2",0.664964497089386,"1"
"Drews","8",20261008,"TCGA-EB-A4IS","SKCM","2",0.973639726638794,"1"
"Drews","8",20261008,"TCGA-EB-A82B","SKCM","1",0.921220004558563,"1"
"Drews","8",20261008,"TCGA-EB-A85J","SKCM","2",0.842745780944824,"1"
"Drews","8",20261008,"TCGA-GN-A8LN","SKCM","1",0.899564504623413,"1"
"Drews","8",20261008,"TCGA-XV-AAZW","SKCM","1",0.590652108192444,"1"
"Drews","8",20261008,"TCGA-3M-AB46","STAD","1",0.999685645103455,"1"
"Drews","8",20261008,"TCGA-BR-4257","STAD","2",0.878267705440521,"1"
"Drews","8",20261008,"TCGA-BR-4368","STAD","2",0.987657308578491,"1"
"Drews","8",20261008,"TCGA-BR-7723","STAD","1",0.999902367591858,"1"
"Drews","8",20261008,"TCGA-BR-8687","STAD","1",0.999800860881805,"1"
"Drews","8",20261008,"TCGA-CD-8527","STAD","1",0.999741971492767,"1"
"Drews","8",20261008,"TCGA-CD-8533","STAD","1",0.999887466430664,"1"
"Drews","8",20261008,"TCGA-CD-8535","STAD","1",0.999737083911896,"1"
"Drews","8",20261008,"TCGA-CD-A486","STAD","1",0.999898314476013,"1"
"Drews","8",20261008,"TCGA-CG-5724","STAD","1",0.999289512634277,"1"
"Drews","8",20261008,"TCGA-D7-6526","STAD","1",0.999826371669769,"1"
"Drews","8",20261008,"TCGA-EQ-A4SO","STAD","1",0.996053457260132,"1"
"Drews","8",20261008,"TCGA-HJ-7597","STAD","2",0.99199390411377,"1"
"Drews","8",20261008,"TCGA-HU-8244","STAD","2",0.867034375667572,"1"
"Drews","8",20261008,"TCGA-HU-A4G2","STAD","2",0.447656482458115,"2"
"Drews","8",20261008,"TCGA-HU-A4GH","STAD","1",0.999953746795654,"1"
"Drews","8",20261008,"TCGA-HU-A4GU","STAD","1",0.995039045810699,"1"
"Drews","8",20261008,"TCGA-HU-A4H5","STAD","1",0.99931526184082,"1"
"Drews","8",20261008,"TCGA-IN-A6RI","STAD","1",0.999521970748901,"1"
"Drews","8",20261008,"TCGA-IN-A6RL","STAD","1",0.999946475028992,"1"
"Drews","8",20261008,"TCGA-IN-A6RS","STAD","1",0.976735174655914,"1"
"Drews","8",20261008,"TCGA-VQ-A8DZ","STAD","1",0.999817311763763,"1"
"Drews","8",20261008,"TCGA-VQ-A8PE","STAD","1",0.999937295913696,"1"
"Drews","8",20261008,"TCGA-VQ-A8PJ","STAD","1",0.999819457530975,"1"
"Drews","8",20261008,"TCGA-VQ-A925","STAD","1",0.999938368797302,"1"
"Drews","8",20261008,"TCGA-VQ-AA6I","STAD","1",0.998870074748993,"1"
"Drews","8",20261008,"TCGA-VQ-AA6K","STAD","1",0.999442279338837,"1"
"Drews","8",20261008,"TCGA-2G-AAHL","TGCT","2",0.426364421844482,"2"
"Drews","8",20261008,"TCGA-2G-AAKL","TGCT","1",0.989085614681244,"1"
"Drews","8",20261008,"TCGA-S6-A8JW","TGCT","2",0.23181726038456,"2"
"Drews","8",20261008,"TCGA-YU-A912","TGCT","1",0.43011948466301,"2"
"Drews","8",20261008,"TCGA-DE-A3KN","THCA","2",0.0143553838133812,"2"
"Drews","8",20261008,"TCGA-EM-A2OY","THCA","2",0.0065822247415781,"2"
"Drews","8",20261008,"TCGA-ZB-A96L","THYM","1",0.305082619190216,"2"
"Drews","8",20261008,"TCGA-A5-A3LP","UCEC","1",0.999100208282471,"1"
"Drews","8",20261008,"TCGA-AJ-A23N","UCEC","1",0.998980700969696,"1"
"Drews","8",20261008,"TCGA-AJ-A2QM","UCEC","1",0.992688715457916,"1"
"Drews","8",20261008,"TCGA-AJ-A3QS","UCEC","1",0.982806324958801,"1"
"Drews","8",20261008,"TCGA-AP-A05H","UCEC","1",0.999779880046844,"1"
"Drews","8",20261008,"TCGA-AX-A2HF","UCEC","1",0.999888181686401,"1"
"Drews","8",20261008,"TCGA-AX-A2HJ","UCEC","2",0.108267262578011,"2"
"Drews","8",20261008,"TCGA-AX-A2HK","UCEC","1",0.999660015106201,"1"
"Drews","8",20261008,"TCGA-AX-A3G4","UCEC","1",0.999760210514069,"1"
"Drews","8",20261008,"TCGA-B5-A0K8","UCEC","1",0.998909831047058,"1"
"Drews","8",20261008,"TCGA-B5-A11E","UCEC","2",0.859181761741638,"1"
"Drews","8",20261008,"TCGA-B5-A11Q","UCEC","2",0.0915439501404762,"2"
"Drews","8",20261008,"TCGA-B5-A3FC","UCEC","2",0.488598734140396,"2"
"Drews","8",20261008,"TCGA-BK-A139","UCEC","1",0.999645590782166,"1"
"Drews","8",20261008,"TCGA-D1-A3DH","UCEC","1",0.997373223304749,"1"
"Drews","8",20261008,"TCGA-DI-A2QT","UCEC","1",0.986212253570557,"1"
"Drews","8",20261008,"TCGA-DI-A2QU","UCEC","1",0.978157699108124,"1"
"Drews","8",20261008,"TCGA-EO-A1Y5","UCEC","1",0.999371469020844,"1"
"Drews","8",20261008,"TCGA-EO-A1Y8","UCEC","1",0.955309689044952,"1"
"Drews","8",20261008,"TCGA-EO-A2CG","UCEC","1",0.998830020427704,"1"
"Drews","8",20261008,"TCGA-EY-A1GC","UCEC","1",0.984072864055634,"1"
"Drews","8",20261008,"TCGA-EY-A1GM","UCEC","1",0.999230742454529,"1"
"Drews","8",20261008,"TCGA-EY-A210","UCEC","1",0.902414977550507,"1"
"Drews","8",20261008,"TCGA-EY-A214","UCEC","1",0.999264180660248,"1"
"Drews","8",20261008,"TCGA-EY-A2OQ","UCEC","1",0.996942341327667,"1"
"Drews","8",20261008,"TCGA-EY-A3QX","UCEC","1",0.998021483421326,"1"
"Drews","8",20261008,"TCGA-EY-A4KR","UCEC","1",0.999977588653564,"1"
"Drews","8",20261008,"TCGA-FI-A2EX","UCEC","1",0.99982613325119,"1"
"Drews","8",20261008,"TCGA-FI-A2F9","UCEC","1",0.879996597766876,"1"
"Drews","8",20261008,"TCGA-JU-AAVI","UCEC","1",0.999840140342712,"1"
"Drews","8",20261008,"TCGA-KP-A3VZ","UCEC","1",0.99989128112793,"1"
"Drews","8",20261008,"TCGA-KP-A3W4","UCEC","1",0.983489274978638,"1"
"Drews","8",20261008,"TCGA-PG-A915","UCEC","1",0.999951601028442,"1"
"Drews","8",20261008,"TCGA-SL-A6J9","UCEC","1",0.999896883964539,"1"
"Drews","8",20261008,"TCGA-N5-A4RA","UCS","1",0.997036933898926,"1"
"Drews","8",20261008,"TCGA-N5-A4RO","UCS","1",0.999836206436157,"1"
"Drews","8",20261008,"TCGA-N5-A4RT","UCS","1",0.999989151954651,"1"
"Drews","8",20261008,"TCGA-N6-A4VF","UCS","2",0.882934868335724,"1"
"Drews","8",20261008,"TCGA-N9-A4Q1","UCS","1",0.999949812889099,"1"
"Drews","8",20261008,"TCGA-NA-A5I1","UCS","1",0.99994432926178,"1"
"Drews","8",20261008,"TCGA-ND-A4W6","UCS","1",0.999819099903107,"1"
"Drews","8",20261008,"TCGA-V4-A9E7","UVM","2",0.0436698980629444,"2"
"Drews","8",20261008,"TCGA-VD-A8KM","UVM","2",0.0788119807839394,"2"
"Drews","8",20261008,"TCGA-VD-A8KN","UVM","2",0.00538356136530638,"2"
"Drews","8",20261008,"TCGA-WC-A87W","UVM","2",0.0200506690889597,"2"
"Drews","9",20261009,"TCGA-OR-A5J3","ACC","2",0.301667779684067,"2"
"Drews","9",20261009,"TCGA-OR-A5J8","ACC","1",0.992637753486633,"1"
"Drews","9",20261009,"TCGA-OR-A5JM","ACC","1",0.980733394622803,"1"
"Drews","9",20261009,"TCGA-OR-A5JQ","ACC","2",0.329361259937286,"2"
"Drews","9",20261009,"TCGA-OR-A5KU","ACC","2",0.980038821697235,"1"
"Drews","9",20261009,"TCGA-OR-A5L8","ACC","2",0.0983579009771347,"2"
"Drews","9",20261009,"TCGA-OR-A5LA","ACC","2",0.026302233338356,"2"
"Drews","9",20261009,"TCGA-OR-A5LE","ACC","1",0.983666181564331,"1"
"Drews","9",20261009,"TCGA-4Z-AA7M","BLCA","1",0.999908208847046,"1"
"Drews","9",20261009,"TCGA-4Z-AA7S","BLCA","1",0.993254125118256,"1"
"Drews","9",20261009,"TCGA-4Z-AA82","BLCA","1",0.999934911727905,"1"
"Drews","9",20261009,"TCGA-BT-A20P","BLCA","1",0.641902327537537,"1"
"Drews","9",20261009,"TCGA-BT-A20V","BLCA","1",0.999904036521912,"1"
"Drews","9",20261009,"TCGA-CF-A1HS","BLCA","1",0.999929904937744,"1"
"Drews","9",20261009,"TCGA-CF-A47S","BLCA","2",0.0187891032546759,"2"
"Drews","9",20261009,"TCGA-CF-A8HY","BLCA","1",0.98460465669632,"1"
"Drews","9",20261009,"TCGA-DK-A1AG","BLCA","1",0.375802308320999,"2"
"Drews","9",20261009,"TCGA-DK-AA6M","BLCA","1",0.999221920967102,"1"
"Drews","9",20261009,"TCGA-DK-AA6U","BLCA","1",0.999500155448914,"1"
"Drews","9",20261009,"TCGA-DK-AA75","BLCA","1",0.999636173248291,"1"
"Drews","9",20261009,"TCGA-DK-AA77","BLCA","1",0.9977867603302,"1"
"Drews","9",20261009,"TCGA-E7-A3Y1","BLCA","2",0.120121248066425,"2"
"Drews","9",20261009,"TCGA-E7-A85H","BLCA","1",0.999965071678162,"1"
"Drews","9",20261009,"TCGA-FD-A3NA","BLCA","1",0.999586760997772,"1"
"Drews","9",20261009,"TCGA-FD-A3SJ","BLCA","1",0.999975919723511,"1"
"Drews","9",20261009,"TCGA-FD-A6TA","BLCA","1",0.999149799346924,"1"
"Drews","9",20261009,"TCGA-FJ-A3Z7","BLCA","1",0.882728040218353,"1"
"Drews","9",20261009,"TCGA-GC-A3RB","BLCA","1",0.999941825866699,"1"
"Drews","9",20261009,"TCGA-GD-A2C5","BLCA","1",0.999723494052887,"1"
"Drews","9",20261009,"TCGA-GV-A3JX","BLCA","1",0.99997091293335,"1"
"Drews","9",20261009,"TCGA-KQ-A41N","BLCA","1",0.99627161026001,"1"
"Drews","9",20261009,"TCGA-KQ-A41O","BLCA","1",0.999627828598022,"1"
"Drews","9",20261009,"TCGA-KQ-A41P","BLCA","1",0.999175369739532,"1"
"Drews","9",20261009,"TCGA-LT-A5Z6","BLCA","1",0.999794542789459,"1"
"Drews","9",20261009,"TCGA-MV-A51V","BLCA","1",0.99893718957901,"1"
"Drews","9",20261009,"TCGA-UY-A78O","BLCA","1",0.999130427837372,"1"
"Drews","9",20261009,"TCGA-UY-A9PD","BLCA","1",0.999892950057983,"1"
"Drews","9",20261009,"TCGA-XF-A9SH","BLCA","1",0.112604692578316,"2"
"Drews","9",20261009,"TCGA-XF-AAN3","BLCA","2",0.922612011432648,"1"
"Drews","9",20261009,"TCGA-XF-AAN7","BLCA","1",0.999816000461578,"1"
"Drews","9",20261009,"TCGA-ZF-AA4T","BLCA","1",0.999958157539368,"1"
"Drews","9",20261009,"TCGA-3C-AAAU","BRCA","1",0.998581171035767,"1"
"Drews","9",20261009,"TCGA-A1-A0SI","BRCA","2",0.994330644607544,"1"
"Drews","9",20261009,"TCGA-A1-A0SJ","BRCA","1",0.999894380569458,"1"
"Drews","9",20261009,"TCGA-A1-A0SK","BRCA","1",0.999909400939941,"1"
"Drews","9",20261009,"TCGA-A1-A0SN","BRCA","1",0.999589502811432,"1"
"Drews","9",20261009,"TCGA-A2-A0D4","BRCA","1",0.999965667724609,"1"
"Drews","9",20261009,"TCGA-A2-A0YC","BRCA","2",0.401607245206833,"2"
"Drews","9",20261009,"TCGA-A2-A0YG","BRCA","1",0.999201476573944,"1"
"Drews","9",20261009,"TCGA-A2-A1G4","BRCA","1",0.972269177436829,"1"
"Drews","9",20261009,"TCGA-A2-A25D","BRCA","1",0.990177929401398,"1"
"Drews","9",20261009,"TCGA-A2-A25E","BRCA","1",0.999469101428986,"1"
"Drews","9",20261009,"TCGA-A7-A0CD","BRCA","2",0.872781276702881,"1"
"Drews","9",20261009,"TCGA-A7-A0CE","BRCA","1",0.999486804008484,"1"
"Drews","9",20261009,"TCGA-A7-A0CH","BRCA","2",0.091568611562252,"2"
"Drews","9",20261009,"TCGA-A7-A0DB","BRCA","2",0.81947386264801,"1"
"Drews","9",20261009,"TCGA-A7-A26F","BRCA","1",0.985413253307343,"1"
"Drews","9",20261009,"TCGA-A7-A4SD","BRCA","1",0.999086141586304,"1"
"Drews","9",20261009,"TCGA-A7-A6VV","BRCA","1",0.999398112297058,"1"
"Drews","9",20261009,"TCGA-A8-A06Q","BRCA","1",0.991671860218048,"1"
"Drews","9",20261009,"TCGA-A8-A079","BRCA","1",0.99942672252655,"1"
"Drews","9",20261009,"TCGA-A8-A07C","BRCA","1",0.999958992004395,"1"
"Drews","9",20261009,"TCGA-A8-A086","BRCA","1",0.999023079872131,"1"
"Drews","9",20261009,"TCGA-A8-A090","BRCA","1",0.942940592765808,"1"
"Drews","9",20261009,"TCGA-A8-A099","BRCA","1",0.642771005630493,"1"
"Drews","9",20261009,"TCGA-A8-A09I","BRCA","1",0.99995744228363,"1"
"Drews","9",20261009,"TCGA-A8-A0AD","BRCA","1",0.953766942024231,"1"
"Drews","9",20261009,"TCGA-AC-A23C","BRCA","1",0.909497976303101,"1"
"Drews","9",20261009,"TCGA-AC-A3W5","BRCA","1",0.999621868133545,"1"
"Drews","9",20261009,"TCGA-AC-A5XU","BRCA","1",0.980168700218201,"1"
"Drews","9",20261009,"TCGA-AN-A041","BRCA","1",0.999960541725159,"1"
"Drews","9",20261009,"TCGA-AN-A04C","BRCA","1",0.999968528747559,"1"
"Drews","9",20261009,"TCGA-AN-A04D","BRCA","1",0.99997878074646,"1"
"Drews","9",20261009,"TCGA-AN-A0FD","BRCA","1",0.99656218290329,"1"
"Drews","9",20261009,"TCGA-AN-A0FY","BRCA","1",0.999534726142883,"1"
"Drews","9",20261009,"TCGA-AN-A0XP","BRCA","2",0.700294852256775,"1"
"Drews","9",20261009,"TCGA-AO-A03M","BRCA","1",0.998972773551941,"1"
"Drews","9",20261009,"TCGA-AO-A0J2","BRCA","1",0.999982953071594,"1"
"Drews","9",20261009,"TCGA-AO-A0J3","BRCA","1",0.999949216842651,"1"
"Drews","9",20261009,"TCGA-AO-A0J7","BRCA","2",0.692319929599762,"1"
"Drews","9",20261009,"TCGA-AO-A124","BRCA","1",0.999975323677063,"1"
"Drews","9",20261009,"TCGA-AO-A12B","BRCA","2",0.326888203620911,"2"
"Drews","9",20261009,"TCGA-AQ-A1H2","BRCA","1",0.998219668865204,"1"
"Drews","9",20261009,"TCGA-AR-A0TP","BRCA","1",0.999780833721161,"1"
"Drews","9",20261009,"TCGA-AR-A1AU","BRCA","1",0.99060994386673,"1"
"Drews","9",20261009,"TCGA-AR-A24Z","BRCA","1",0.999524712562561,"1"
"Drews","9",20261009,"TCGA-AR-A254","BRCA","1",0.995168089866638,"1"
"Drews","9",20261009,"TCGA-AR-A255","BRCA","1",0.996205568313599,"1"
"Drews","9",20261009,"TCGA-AR-A2LM","BRCA","1",0.112661309540272,"2"
"Drews","9",20261009,"TCGA-B6-A0IN","BRCA","1",0.999466836452484,"1"
"Drews","9",20261009,"TCGA-B6-A0RE","BRCA","1",0.99998939037323,"1"
"Drews","9",20261009,"TCGA-B6-A0WW","BRCA","1",0.998544812202454,"1"
"Drews","9",20261009,"TCGA-B6-A40C","BRCA","2",0.916425704956055,"1"
"Drews","9",20261009,"TCGA-BH-A0DP","BRCA","2",0.0159339569509029,"2"
"Drews","9",20261009,"TCGA-BH-A0H6","BRCA","2",0.896403610706329,"1"
"Drews","9",20261009,"TCGA-BH-A0HA","BRCA","2",0.982531905174255,"1"
"Drews","9",20261009,"TCGA-BH-A0HX","BRCA","1",0.999893307685852,"1"
"Drews","9",20261009,"TCGA-BH-A0HY","BRCA","1",0.999982118606567,"1"
"Drews","9",20261009,"TCGA-BH-A1FN","BRCA","1",0.99746835231781,"1"
"Drews","9",20261009,"TCGA-BH-A202","BRCA","1",0.997754991054535,"1"
"Drews","9",20261009,"TCGA-C8-A12M","BRCA","1",0.995741248130798,"1"
"Drews","9",20261009,"TCGA-C8-A12Q","BRCA","1",0.999940514564514,"1"
"Drews","9",20261009,"TCGA-C8-A12W","BRCA","1",0.999886035919189,"1"
"Drews","9",20261009,"TCGA-C8-A12Z","BRCA","1",0.999572813510895,"1"
"Drews","9",20261009,"TCGA-C8-A137","BRCA","1",0.998848795890808,"1"
"Drews","9",20261009,"TCGA-C8-A1HN","BRCA","1",0.999816238880157,"1"
"Drews","9",20261009,"TCGA-C8-A26Y","BRCA","1",0.998550951480865,"1"
"Drews","9",20261009,"TCGA-C8-A26Z","BRCA","1",0.998399317264557,"1"
"Drews","9",20261009,"TCGA-D8-A13Y","BRCA","1",0.9999840259552,"1"
"Drews","9",20261009,"TCGA-D8-A1J8","BRCA","2",0.967260360717773,"1"
"Drews","9",20261009,"TCGA-D8-A1X9","BRCA","1",0.99918669462204,"1"
"Drews","9",20261009,"TCGA-D8-A1XZ","BRCA","1",0.993304073810577,"1"
"Drews","9",20261009,"TCGA-D8-A27F","BRCA","1",0.999991655349731,"1"
"Drews","9",20261009,"TCGA-D8-A27M","BRCA","1",0.999423503875732,"1"
"Drews","9",20261009,"TCGA-D8-A27N","BRCA","1",0.999938130378723,"1"
"Drews","9",20261009,"TCGA-E2-A105","BRCA","1",0.999843835830688,"1"
"Drews","9",20261009,"TCGA-E2-A14T","BRCA","1",0.999885082244873,"1"
"Drews","9",20261009,"TCGA-E2-A14Y","BRCA","1",0.997855484485626,"1"
"Drews","9",20261009,"TCGA-E2-A154","BRCA","2",0.171298816800117,"2"
"Drews","9",20261009,"TCGA-E2-A15A","BRCA","1",0.999994039535522,"1"
"Drews","9",20261009,"TCGA-E9-A1NA","BRCA","1",0.999574720859528,"1"
"Drews","9",20261009,"TCGA-E9-A1NC","BRCA","1",0.999324679374695,"1"
"Drews","9",20261009,"TCGA-E9-A1RD","BRCA","2",0.0988294184207916,"2"
"Drews","9",20261009,"TCGA-E9-A22G","BRCA","1",0.99963653087616,"1"
"Drews","9",20261009,"TCGA-EW-A1IY","BRCA","2",0.397969424724579,"2"
"Drews","9",20261009,"TCGA-EW-A1P0","BRCA","1",0.988761723041534,"1"
"Drews","9",20261009,"TCGA-EW-A1P3","BRCA","2",0.983793914318085,"1"
"Drews","9",20261009,"TCGA-EW-A1PA","BRCA","1",0.99970006942749,"1"
"Drews","9",20261009,"TCGA-EW-A6S9","BRCA","1",0.999164462089539,"1"
"Drews","9",20261009,"TCGA-HN-A2NL","BRCA","1",0.996049106121063,"1"
"Drews","9",20261009,"TCGA-LD-A7W5","BRCA","1",0.976086795330048,"1"
"Drews","9",20261009,"TCGA-LL-A740","BRCA","1",0.993661046028137,"1"
"Drews","9",20261009,"TCGA-OL-A5D7","BRCA","1",0.999811232089996,"1"
"Drews","9",20261009,"TCGA-OL-A5RU","BRCA","2",0.15825779736042,"2"
"Drews","9",20261009,"TCGA-OL-A5RW","BRCA","1",0.999917030334473,"1"
"Drews","9",20261009,"TCGA-OL-A6VQ","BRCA","2",0.230709686875343,"2"
"Drews","9",20261009,"TCGA-4J-AA1J","CESC","1",0.968080580234528,"1"
"Drews","9",20261009,"TCGA-C5-A1BM","CESC","2",0.885036706924438,"1"
"Drews","9",20261009,"TCGA-C5-A1ME","CESC","1",0.962520778179169,"1"
"Drews","9",20261009,"TCGA-C5-A7UE","CESC","2",0.967108488082886,"1"
"Drews","9",20261009,"TCGA-C5-A8XH","CESC","1",0.997788071632385,"1"
"Drews","9",20261009,"TCGA-C5-A902","CESC","1",0.793173730373383,"1"
"Drews","9",20261009,"TCGA-DG-A2KK","CESC","2",0.314595818519592,"2"
"Drews","9",20261009,"TCGA-EA-A5O9","CESC","1",0.987652659416199,"1"
"Drews","9",20261009,"TCGA-EK-A2H1","CESC","2",0.965091943740845,"1"
"Drews","9",20261009,"TCGA-EK-A2PG","CESC","1",0.958950996398926,"1"
"Drews","9",20261009,"TCGA-EX-A1H5","CESC","2",0.954262018203735,"1"
"Drews","9",20261009,"TCGA-IR-A3LK","CESC","1",0.936575710773468,"1"
"Drews","9",20261009,"TCGA-JW-A5VI","CESC","1",0.96430903673172,"1"
"Drews","9",20261009,"TCGA-VS-A8QC","CESC","1",0.997014284133911,"1"
"Drews","9",20261009,"TCGA-VS-A9UM","CESC","1",0.983205378055573,"1"
"Drews","9",20261009,"TCGA-ZJ-AAXD","CESC","2",0.625520646572113,"1"
"Drews","9",20261009,"TCGA-W5-AA2Z","CHOL","2",0.0219519846141338,"2"
"Drews","9",20261009,"TCGA-5M-AAT4","COAD","1",0.965728878974915,"1"
"Drews","9",20261009,"TCGA-A6-6648","COAD","1",0.977753162384033,"1"
"Drews","9",20261009,"TCGA-AA-3514","COAD","1",0.546205759048462,"1"
"Drews","9",20261009,"TCGA-AA-3524","COAD","1",0.601700246334076,"1"
"Drews","9",20261009,"TCGA-AA-3663","COAD","2",0.0174863897264004,"2"
"Drews","9",20261009,"TCGA-AA-3664","COAD","1",0.96635901927948,"1"
"Drews","9",20261009,"TCGA-AA-3673","COAD","2",0.533155620098114,"1"
"Drews","9",20261009,"TCGA-AA-3697","COAD","1",0.987686932086945,"1"
"Drews","9",20261009,"TCGA-AU-3779","COAD","1",0.410112470388412,"2"
"Drews","9",20261009,"TCGA-CA-5797","COAD","1",0.986642956733704,"1"
"Drews","9",20261009,"TCGA-CK-5915","COAD","2",0.440452575683594,"2"
"Drews","9",20261009,"TCGA-CM-6161","COAD","2",0.0268451720476151,"2"
"Drews","9",20261009,"TCGA-CM-6168","COAD","2",0.100698240101337,"2"
"Drews","9",20261009,"TCGA-CM-6169","COAD","2",0.96768993139267,"1"
"Drews","9",20261009,"TCGA-CM-6678","COAD","2",0.0196262877434492,"2"
"Drews","9",20261009,"TCGA-D5-5537","COAD","2",0.419640511274338,"2"
"Drews","9",20261009,"TCGA-DM-A1DA","COAD","1",0.663771867752075,"1"
"Drews","9",20261009,"TCGA-DM-A1HA","COAD","1",0.99634051322937,"1"
"Drews","9",20261009,"TCGA-F4-6806","COAD","2",0.00537414336577058,"2"
"Drews","9",20261009,"TCGA-G4-6310","COAD","1",0.899512708187103,"1"
"Drews","9",20261009,"TCGA-QL-A97D","COAD","1",0.770035982131958,"1"
"Drews","9",20261009,"TCGA-GS-A9TY","DLBC","1",0.997431814670563,"1"
"Drews","9",20261009,"TCGA-2H-A9GF","ESCA","1",0.999846816062927,"1"
"Drews","9",20261009,"TCGA-2H-A9GH","ESCA","1",0.999011397361755,"1"
"Drews","9",20261009,"TCGA-2H-A9GL","ESCA","1",0.999811112880707,"1"
"Drews","9",20261009,"TCGA-2H-A9GM","ESCA","1",0.999732673168182,"1"
"Drews","9",20261009,"TCGA-IC-A6RE","ESCA","1",0.99978095293045,"1"
"Drews","9",20261009,"TCGA-IG-A3YB","ESCA","1",0.996243357658386,"1"
"Drews","9",20261009,"TCGA-JY-A6FA","ESCA","1",0.999940156936646,"1"
"Drews","9",20261009,"TCGA-L5-A4OM","ESCA","1",0.999800741672516,"1"
"Drews","9",20261009,"TCGA-L5-A4OO","ESCA","1",0.996816456317902,"1"
"Drews","9",20261009,"TCGA-L5-A4OQ","ESCA","1",0.999643445014954,"1"
"Drews","9",20261009,"TCGA-L5-A8NF","ESCA","1",0.999528884887695,"1"
"Drews","9",20261009,"TCGA-L5-A8NN","ESCA","1",0.99998676776886,"1"
"Drews","9",20261009,"TCGA-L5-A8NR","ESCA","1",0.999822676181793,"1"
"Drews","9",20261009,"TCGA-LN-A4A2","ESCA","1",0.999747097492218,"1"
"Drews","9",20261009,"TCGA-Q9-A6FW","ESCA","1",0.992863357067108,"1"
"Drews","9",20261009,"TCGA-R6-A6DN","ESCA","1",0.99981027841568,"1"
"Drews","9",20261009,"TCGA-R6-A8W8","ESCA","1",0.998861908912659,"1"
"Drews","9",20261009,"TCGA-S8-A6BV","ESCA","1",0.997873663902283,"1"
"Drews","9",20261009,"TCGA-06-2558","GBM","1",0.952930390834808,"1"
"Drews","9",20261009,"TCGA-06-2564","GBM","1",0.809146523475647,"1"
"Drews","9",20261009,"TCGA-19-5960","GBM","1",0.77055150270462,"1"
"Drews","9",20261009,"TCGA-27-1837","GBM","2",0.669029712677002,"1"
"Drews","9",20261009,"TCGA-27-2521","GBM","1",0.994821190834045,"1"
"Drews","9",20261009,"TCGA-32-2616","GBM","2",0.812963366508484,"1"
"Drews","9",20261009,"TCGA-BA-6873","HNSC","1",0.99503231048584,"1"
"Drews","9",20261009,"TCGA-BA-A8YP","HNSC","1",0.999976754188538,"1"
"Drews","9",20261009,"TCGA-BB-4224","HNSC","1",0.998632371425629,"1"
"Drews","9",20261009,"TCGA-BB-A5HY","HNSC","1",0.999855279922485,"1"
"Drews","9",20261009,"TCGA-CN-4741","HNSC","2",0.928297758102417,"1"
"Drews","9",20261009,"TCGA-CN-5363","HNSC","1",0.992283880710602,"1"
"Drews","9",20261009,"TCGA-CR-5247","HNSC","1",0.998645126819611,"1"
"Drews","9",20261009,"TCGA-CR-7371","HNSC","1",0.996291518211365,"1"
"Drews","9",20261009,"TCGA-CV-5444","HNSC","1",0.997858345508575,"1"
"Drews","9",20261009,"TCGA-CV-7097","HNSC","1",0.998551547527313,"1"
"Drews","9",20261009,"TCGA-CV-7177","HNSC","1",0.993039727210999,"1"
"Drews","9",20261009,"TCGA-CV-7243","HNSC","1",0.994429647922516,"1"
"Drews","9",20261009,"TCGA-CV-7245","HNSC","1",0.998911023139954,"1"
"Drews","9",20261009,"TCGA-CV-7434","HNSC","1",0.984799981117249,"1"
"Drews","9",20261009,"TCGA-D6-A6EQ","HNSC","1",0.986834108829498,"1"
"Drews","9",20261009,"TCGA-DQ-7591","HNSC","1",0.990067839622498,"1"
"Drews","9",20261009,"TCGA-IQ-7630","HNSC","1",0.98011976480484,"1"
"Drews","9",20261009,"TCGA-P3-A6T6","HNSC","1",0.96636950969696,"1"
"Drews","9",20261009,"TCGA-QK-A8Z9","HNSC","1",0.999270021915436,"1"
"Drews","9",20261009,"TCGA-QK-A8ZA","HNSC","1",0.999753415584564,"1"
"Drews","9",20261009,"TCGA-UF-A71A","HNSC","1",0.999985218048096,"1"
"Drews","9",20261009,"TCGA-UF-A71D","HNSC","1",0.991480350494385,"1"
"Drews","9",20261009,"TCGA-UF-A7JC","HNSC","1",0.991248965263367,"1"
"Drews","9",20261009,"TCGA-KL-8326","KICH","2",0.000275304832030088,"2"
"Drews","9",20261009,"TCGA-KL-8327","KICH","2",0.0369371548295021,"2"
"Drews","9",20261009,"TCGA-KL-8332","KICH","2",0.0198089256882668,"2"
"Drews","9",20261009,"TCGA-KL-8342","KICH","2",0.0136347124353051,"2"
"Drews","9",20261009,"TCGA-KM-8438","KICH","2",0.0070658721961081,"2"
"Drews","9",20261009,"TCGA-KN-8425","KICH","2",0.00332915154285729,"2"
"Drews","9",20261009,"TCGA-KO-8417","KICH","2",0.00440602004528046,"2"
"Drews","9",20261009,"TCGA-A3-3313","KIRC","1",0.00746112735942006,"2"
"Drews","9",20261009,"TCGA-A3-3380","KIRC","2",0.000325996312312782,"2"
"Drews","9",20261009,"TCGA-A3-3383","KIRC","2",0.014689982868731,"2"
"Drews","9",20261009,"TCGA-A3-3387","KIRC","2",0.000443178956629708,"2"
"Drews","9",20261009,"TCGA-AK-3453","KIRC","2",0.00739980535581708,"2"
"Drews","9",20261009,"TCGA-B0-4712","KIRC","2",0.183477506041527,"2"
"Drews","9",20261009,"TCGA-B8-4620","KIRC","2",0.000800963200163096,"2"
"Drews","9",20261009,"TCGA-BP-4164","KIRC","2",0.0152972368523479,"2"
"Drews","9",20261009,"TCGA-BP-4963","KIRC","2",0.00274411751888692,"2"
"Drews","9",20261009,"TCGA-BP-4992","KIRC","2",0.0442419685423374,"2"
"Drews","9",20261009,"TCGA-CJ-5682","KIRC","2",0.00381549797020853,"2"
"Drews","9",20261009,"TCGA-CJ-6027","KIRC","2",0.0144871696829796,"2"
"Drews","9",20261009,"TCGA-CZ-5989","KIRC","2",0.0229877773672342,"2"
"Drews","9",20261009,"TCGA-DV-5568","KIRC","2",0.0021421245764941,"2"
"Drews","9",20261009,"TCGA-DV-A4VX","KIRC","2",0.0125246699899435,"2"
"Drews","9",20261009,"TCGA-2Z-A9JJ","KIRP","1",0.0557308867573738,"2"
"Drews","9",20261009,"TCGA-4A-A93X","KIRP","2",0.0613431222736835,"2"
"Drews","9",20261009,"TCGA-A4-A4ZT","KIRP","2",0.0391419343650341,"2"
"Drews","9",20261009,"TCGA-BQ-5876","KIRP","2",0.00250907451845706,"2"
"Drews","9",20261009,"TCGA-BQ-5885","KIRP","2",0.110328912734985,"2"
"Drews","9",20261009,"TCGA-EV-5902","KIRP","2",0.173864051699638,"2"
"Drews","9",20261009,"TCGA-F9-A7VF","KIRP","2",0.198093205690384,"2"
"Drews","9",20261009,"TCGA-G7-A8LC","KIRP","2",0.0155546255409718,"2"
"Drews","9",20261009,"TCGA-G7-A8LD","KIRP","1",0.997028172016144,"1"
"Drews","9",20261009,"TCGA-CS-5393","LGG","1",0.116895079612732,"2"
"Drews","9",20261009,"TCGA-DB-5275","LGG","1",0.041724968701601,"2"
"Drews","9",20261009,"TCGA-DB-A4XG","LGG","2",0.00259404466487467,"2"
"Drews","9",20261009,"TCGA-DH-A7US","LGG","2",0.004930654540658,"2"
"Drews","9",20261009,"TCGA-DU-7010","LGG","1",0.948599994182587,"1"
"Drews","9",20261009,"TCGA-DU-7018","LGG","2",0.130957305431366,"2"
"Drews","9",20261009,"TCGA-DU-A5TW","LGG","2",0.702336728572845,"1"
"Drews","9",20261009,"TCGA-DU-A7T8","LGG","2",0.0501591376960278,"2"
"Drews","9",20261009,"TCGA-DU-A7TA","LGG","1",0.19420525431633,"2"
"Drews","9",20261009,"TCGA-E1-5304","LGG","1",0.99835216999054,"1"
"Drews","9",20261009,"TCGA-E1-A7Z2","LGG","1",0.161434039473534,"2"
"Drews","9",20261009,"TCGA-HT-7471","LGG","2",0.0781386941671371,"2"
"Drews","9",20261009,"TCGA-HT-7474","LGG","2",0.00737772742286325,"2"
"Drews","9",20261009,"TCGA-HT-7611","LGG","1",0.0335861779749393,"2"
"Drews","9",20261009,"TCGA-HT-7686","LGG","1",0.144236475229263,"2"
"Drews","9",20261009,"TCGA-HT-7875","LGG","2",0.000456377252703533,"2"
"Drews","9",20261009,"TCGA-HT-8011","LGG","2",0.91062980890274,"1"
"Drews","9",20261009,"TCGA-HT-8564","LGG","2",0.284877926111221,"2"
"Drews","9",20261009,"TCGA-P5-A5F4","LGG","2",0.168203040957451,"2"
"Drews","9",20261009,"TCGA-P5-A77W","LGG","2",0.052154678851366,"2"
"Drews","9",20261009,"TCGA-TM-A84G","LGG","2",0.0722658410668373,"2"
"Drews","9",20261009,"TCGA-TM-A84J","LGG","1",0.968929529190063,"1"
"Drews","9",20261009,"TCGA-TQ-A7RJ","LGG","2",0.0222489982843399,"2"
"Drews","9",20261009,"TCGA-VM-A8CF","LGG","1",0.0461896546185017,"2"
"Drews","9",20261009,"TCGA-3K-AAZ8","LIHC","2",0.810690701007843,"1"
"Drews","9",20261009,"TCGA-BC-A10Y","LIHC","1",0.989598035812378,"1"
"Drews","9",20261009,"TCGA-BC-A216","LIHC","1",0.999035596847534,"1"
"Drews","9",20261009,"TCGA-BC-A69H","LIHC","1",0.999029159545898,"1"
"Drews","9",20261009,"TCGA-BD-A2L6","LIHC","2",0.970703601837158,"1"
"Drews","9",20261009,"TCGA-BW-A5NP","LIHC","1",0.816957116127014,"1"
"Drews","9",20261009,"TCGA-BW-A5NQ","LIHC","2",0.985543370246887,"1"
"Drews","9",20261009,"TCGA-DD-A73G","LIHC","1",0.963449895381927,"1"
"Drews","9",20261009,"TCGA-DD-AADD","LIHC","1",0.985998153686523,"1"
"Drews","9",20261009,"TCGA-DD-AADF","LIHC","1",0.998934686183929,"1"
"Drews","9",20261009,"TCGA-DD-AADL","LIHC","1",0.91812539100647,"1"
"Drews","9",20261009,"TCGA-DD-AAEG","LIHC","1",0.662565171718597,"1"
"Drews","9",20261009,"TCGA-DD-AAVY","LIHC","2",0.044395349919796,"2"
"Drews","9",20261009,"TCGA-ES-A2HT","LIHC","2",0.153452157974243,"2"
"Drews","9",20261009,"TCGA-FV-A23B","LIHC","1",0.803336918354034,"1"
"Drews","9",20261009,"TCGA-FV-A496","LIHC","1",0.949759125709534,"1"
"Drews","9",20261009,"TCGA-G3-A25S","LIHC","1",0.998251736164093,"1"
"Drews","9",20261009,"TCGA-NI-A8LF","LIHC","1",0.871580898761749,"1"
"Drews","9",20261009,"TCGA-RC-A7SK","LIHC","1",0.951512694358826,"1"
"Drews","9",20261009,"TCGA-T1-A6J8","LIHC","1",0.832471907138824,"1"
"Drews","9",20261009,"TCGA-ZS-A9CG","LIHC","2",0.386893838644028,"2"
"Drews","9",20261009,"TCGA-05-4390","LUAD","1",0.999861836433411,"1"
"Drews","9",20261009,"TCGA-05-4396","LUAD","1",0.993043065071106,"1"
"Drews","9",20261009,"TCGA-05-4426","LUAD","1",0.787243247032166,"1"
"Drews","9",20261009,"TCGA-44-7670","LUAD","1",0.999957084655762,"1"
"Drews","9",20261009,"TCGA-44-8117","LUAD","1",0.997933745384216,"1"
"Drews","9",20261009,"TCGA-4B-A93V","LUAD","1",0.996703326702118,"1"
"Drews","9",20261009,"TCGA-50-6594","LUAD","1",0.999774158000946,"1"
"Drews","9",20261009,"TCGA-50-7109","LUAD","1",0.997892200946808,"1"
"Drews","9",20261009,"TCGA-55-7903","LUAD","1",0.999282777309418,"1"
"Drews","9",20261009,"TCGA-55-8620","LUAD","1",0.999232292175293,"1"
"Drews","9",20261009,"TCGA-55-A490","LUAD","1",0.999967694282532,"1"
"Drews","9",20261009,"TCGA-62-A46Y","LUAD","2",0.458224207162857,"2"
"Drews","9",20261009,"TCGA-67-3773","LUAD","1",0.621841371059418,"1"
"Drews","9",20261009,"TCGA-69-7760","LUAD","1",0.999735772609711,"1"
"Drews","9",20261009,"TCGA-78-7150","LUAD","1",0.999942421913147,"1"
"Drews","9",20261009,"TCGA-78-7153","LUAD","1",0.409359663724899,"2"
"Drews","9",20261009,"TCGA-78-7167","LUAD","1",0.962887525558472,"1"
"Drews","9",20261009,"TCGA-78-7220","LUAD","1",0.999242424964905,"1"
"Drews","9",20261009,"TCGA-78-8662","LUAD","1",0.999750912189484,"1"
"Drews","9",20261009,"TCGA-86-7953","LUAD","1",0.999772608280182,"1"
"Drews","9",20261009,"TCGA-86-8054","LUAD","1",0.99955540895462,"1"
"Drews","9",20261009,"TCGA-95-7039","LUAD","1",0.994576930999756,"1"
"Drews","9",20261009,"TCGA-97-7546","LUAD","1",0.781639456748962,"1"
"Drews","9",20261009,"TCGA-L9-A5IP","LUAD","1",0.999311685562134,"1"
"Drews","9",20261009,"TCGA-L9-A7SV","LUAD","1",0.999313950538635,"1"
"Drews","9",20261009,"TCGA-MP-A4T6","LUAD","1",0.963841557502747,"1"
"Drews","9",20261009,"TCGA-O1-A52J","LUAD","1",0.982384324073792,"1"
"Drews","9",20261009,"TCGA-18-3406","LUSC","1",0.993769347667694,"1"
"Drews","9",20261009,"TCGA-18-3421","LUSC","1",0.999249398708344,"1"
"Drews","9",20261009,"TCGA-21-1078","LUSC","2",0.57938951253891,"1"
"Drews","9",20261009,"TCGA-22-4593","LUSC","1",0.999642610549927,"1"
"Drews","9",20261009,"TCGA-22-5471","LUSC","1",0.999934673309326,"1"
"Drews","9",20261009,"TCGA-33-4532","LUSC","1",0.999955415725708,"1"
"Drews","9",20261009,"TCGA-33-AASB","LUSC","1",0.999980449676514,"1"
"Drews","9",20261009,"TCGA-37-4132","LUSC","1",0.999793946743011,"1"
"Drews","9",20261009,"TCGA-37-5819","LUSC","1",0.999706327915192,"1"
"Drews","9",20261009,"TCGA-39-5034","LUSC","1",0.999434888362885,"1"
"Drews","9",20261009,"TCGA-43-3920","LUSC","1",0.999894142150879,"1"
"Drews","9",20261009,"TCGA-43-6143","LUSC","1",0.997071266174316,"1"
"Drews","9",20261009,"TCGA-43-7657","LUSC","1",0.999779284000397,"1"
"Drews","9",20261009,"TCGA-56-7223","LUSC","1",0.999735176563263,"1"
"Drews","9",20261009,"TCGA-56-8083","LUSC","1",0.999723732471466,"1"
"Drews","9",20261009,"TCGA-56-8628","LUSC","1",0.993750989437103,"1"
"Drews","9",20261009,"TCGA-56-A4BW","LUSC","1",0.999009847640991,"1"
"Drews","9",20261009,"TCGA-58-8387","LUSC","1",0.999590933322906,"1"
"Drews","9",20261009,"TCGA-60-2706","LUSC","1",0.999965071678162,"1"
"Drews","9",20261009,"TCGA-63-A5ML","LUSC","1",0.999669790267944,"1"
"Drews","9",20261009,"TCGA-66-2793","LUSC","1",0.999987006187439,"1"
"Drews","9",20261009,"TCGA-70-6723","LUSC","1",0.99953818321228,"1"
"Drews","9",20261009,"TCGA-77-6843","LUSC","1",0.998661756515503,"1"
"Drews","9",20261009,"TCGA-77-7141","LUSC","1",0.999971747398376,"1"
"Drews","9",20261009,"TCGA-77-7337","LUSC","1",0.999873757362366,"1"
"Drews","9",20261009,"TCGA-77-7465","LUSC","1",0.999724805355072,"1"
"Drews","9",20261009,"TCGA-77-8148","LUSC","1",0.999908089637756,"1"
"Drews","9",20261009,"TCGA-77-A5GF","LUSC","1",0.997881829738617,"1"
"Drews","9",20261009,"TCGA-85-8352","LUSC","1",0.999864459037781,"1"
"Drews","9",20261009,"TCGA-96-7544","LUSC","1",0.999861001968384,"1"
"Drews","9",20261009,"TCGA-L3-A524","LUSC","1",0.999995231628418,"1"
"Drews","9",20261009,"TCGA-LA-A446","LUSC","1",0.998946130275726,"1"
"Drews","9",20261009,"TCGA-LA-A7SW","LUSC","1",0.999323487281799,"1"
"Drews","9",20261009,"TCGA-NC-A5HR","LUSC","1",0.999822914600372,"1"
"Drews","9",20261009,"TCGA-3H-AB3K","MESO","2",0.954616546630859,"1"
"Drews","9",20261009,"TCGA-3U-A98E","MESO","2",0.121382057666779,"2"
"Drews","9",20261009,"TCGA-MQ-A4LJ","MESO","1",0.449799120426178,"2"
"Drews","9",20261009,"TCGA-SH-A7BH","MESO","2",0.988333284854889,"1"
"Drews","9",20261009,"TCGA-09-1673","OV","1",0.999499678611755,"1"
"Drews","9",20261009,"TCGA-09-2044","OV","1",0.999860525131226,"1"
"Drews","9",20261009,"TCGA-09-2051","OV","1",0.999980330467224,"1"
"Drews","9",20261009,"TCGA-09-2056","OV","1",0.999691367149353,"1"
"Drews","9",20261009,"TCGA-10-0928","OV","1",0.999696731567383,"1"
"Drews","9",20261009,"TCGA-13-0893","OV","1",0.999961733818054,"1"
"Drews","9",20261009,"TCGA-20-1684","OV","1",0.999955654144287,"1"
"Drews","9",20261009,"TCGA-23-1809","OV","1",0.999784171581268,"1"
"Drews","9",20261009,"TCGA-23-2084","OV","1",0.999974727630615,"1"
"Drews","9",20261009,"TCGA-24-1417","OV","1",0.999937534332275,"1"
"Drews","9",20261009,"TCGA-24-1424","OV","1",0.999991774559021,"1"
"Drews","9",20261009,"TCGA-24-1434","OV","1",0.999587118625641,"1"
"Drews","9",20261009,"TCGA-24-1550","OV","1",0.999985575675964,"1"
"Drews","9",20261009,"TCGA-24-1552","OV","1",0.999837636947632,"1"
"Drews","9",20261009,"TCGA-24-1616","OV","1",0.999903798103333,"1"
"Drews","9",20261009,"TCGA-24-1846","OV","1",0.999924063682556,"1"
"Drews","9",20261009,"TCGA-24-2019","OV","1",0.999843597412109,"1"
"Drews","9",20261009,"TCGA-24-2262","OV","1",0.999918103218079,"1"
"Drews","9",20261009,"TCGA-24-2281","OV","1",0.999937772750854,"1"
"Drews","9",20261009,"TCGA-24-2288","OV","1",0.999987244606018,"1"
"Drews","9",20261009,"TCGA-25-1329","OV","1",0.999813973903656,"1"
"Drews","9",20261009,"TCGA-25-2392","OV","1",0.999965190887451,"1"
"Drews","9",20261009,"TCGA-25-2398","OV","1",0.999878406524658,"1"
"Drews","9",20261009,"TCGA-29-1688","OV","1",0.998908400535583,"1"
"Drews","9",20261009,"TCGA-29-1710","OV","1",0.99755859375,"1"
"Drews","9",20261009,"TCGA-30-1718","OV","1",0.999855637550354,"1"
"Drews","9",20261009,"TCGA-30-1857","OV","1",0.999702394008636,"1"
"Drews","9",20261009,"TCGA-30-1862","OV","1",0.99969482421875,"1"
"Drews","9",20261009,"TCGA-61-1907","OV","1",0.999828815460205,"1"
"Drews","9",20261009,"TCGA-61-1998","OV","1",0.999986886978149,"1"
"Drews","9",20261009,"TCGA-61-2003","OV","1",0.999963164329529,"1"
"Drews","9",20261009,"TCGA-61-2092","OV","1",0.50022566318512,"1"
"Drews","9",20261009,"TCGA-61-2109","OV","1",0.999983429908752,"1"
"Drews","9",20261009,"TCGA-2J-AABE","PAAD","2",0.699507355690002,"1"
"Drews","9",20261009,"TCGA-2L-AAQE","PAAD","1",0.998392760753632,"1"
"Drews","9",20261009,"TCGA-FB-A78T","PAAD","1",0.87016361951828,"1"
"Drews","9",20261009,"TCGA-HZ-A9TJ","PAAD","1",0.969991743564606,"1"
"Drews","9",20261009,"TCGA-YY-A8LH","PAAD","2",0.415684342384338,"2"
"Drews","9",20261009,"TCGA-QR-A708","PCPG","1",0.219800591468811,"2"
"Drews","9",20261009,"TCGA-QR-A70O","PCPG","1",0.411426514387131,"2"
"Drews","9",20261009,"TCGA-RW-A68A","PCPG","2",0.0500704310834408,"2"
"Drews","9",20261009,"TCGA-RW-A68C","PCPG","2",0.0282153505831957,"2"
"Drews","9",20261009,"TCGA-S7-A7WQ","PCPG","2",0.0505911037325859,"2"
"Drews","9",20261009,"TCGA-SR-A6MR","PCPG","1",0.04211500659585,"2"
"Drews","9",20261009,"TCGA-W2-A7H7","PCPG","2",0.0750861465930939,"2"
"Drews","9",20261009,"TCGA-WB-A80K","PCPG","2",0.0767450034618378,"2"
"Drews","9",20261009,"TCGA-WB-A819","PCPG","2",0.043499581515789,"2"
"Drews","9",20261009,"TCGA-WB-A81T","PCPG","2",0.132868617773056,"2"
"Drews","9",20261009,"TCGA-EJ-7331","PRAD","2",0.891121029853821,"1"
"Drews","9",20261009,"TCGA-EJ-7781","PRAD","2",0.976053178310394,"1"
"Drews","9",20261009,"TCGA-EJ-A46G","PRAD","1",0.984680473804474,"1"
"Drews","9",20261009,"TCGA-EJ-A8FN","PRAD","1",0.995150923728943,"1"
"Drews","9",20261009,"TCGA-G9-6384","PRAD","2",0.878435909748077,"1"
"Drews","9",20261009,"TCGA-HC-7080","PRAD","1",0.994917392730713,"1"
"Drews","9",20261009,"TCGA-HC-A6HY","PRAD","2",0.926587820053101,"1"
"Drews","9",20261009,"TCGA-KK-A6E5","PRAD","1",0.974681735038757,"1"
"Drews","9",20261009,"TCGA-KK-A8IB","PRAD","1",0.987392961978912,"1"
"Drews","9",20261009,"TCGA-M7-A722","PRAD","2",0.990739464759827,"1"
"Drews","9",20261009,"TCGA-V1-A9O5","PRAD","1",0.997198581695557,"1"
"Drews","9",20261009,"TCGA-XK-AAJP","PRAD","1",0.991935133934021,"1"
"Drews","9",20261009,"TCGA-YL-A8HM","PRAD","1",0.997964143753052,"1"
"Drews","9",20261009,"TCGA-YL-A8S8","PRAD","1",0.999633193016052,"1"
"Drews","9",20261009,"TCGA-YL-A8SO","PRAD","1",0.999172627925873,"1"
"Drews","9",20261009,"TCGA-ZG-A8QY","PRAD","1",0.993551254272461,"1"
"Drews","9",20261009,"TCGA-ZG-A9LZ","PRAD","1",0.971831440925598,"1"
"Drews","9",20261009,"TCGA-ZG-A9ND","PRAD","1",0.999427616596222,"1"
"Drews","9",20261009,"TCGA-AG-3742","READ","1",0.955203950405121,"1"
"Drews","9",20261009,"TCGA-AG-3878","READ","2",0.93755841255188,"1"
"Drews","9",20261009,"TCGA-AG-3881","READ","1",0.932787358760834,"1"
"Drews","9",20261009,"TCGA-AG-3883","READ","1",0.96453732252121,"1"
"Drews","9",20261009,"TCGA-AG-3893","READ","1",0.993957281112671,"1"
"Drews","9",20261009,"TCGA-AG-A01W","READ","1",0.976740181446075,"1"
"Drews","9",20261009,"TCGA-AG-A02N","READ","2",0.471404641866684,"2"
"Drews","9",20261009,"TCGA-BM-6198","READ","1",0.977310299873352,"1"
"Drews","9",20261009,"TCGA-F5-6863","READ","1",0.994982302188873,"1"
"Drews","9",20261009,"TCGA-DX-A1KX","SARC","1",0.98447197675705,"1"
"Drews","9",20261009,"TCGA-DX-A1L0","SARC","1",0.996505260467529,"1"
"Drews","9",20261009,"TCGA-DX-A23Y","SARC","1",0.995286047458649,"1"
"Drews","9",20261009,"TCGA-DX-A3U5","SARC","1",0.994943916797638,"1"
"Drews","9",20261009,"TCGA-DX-A3U9","SARC","1",0.999664425849915,"1"
"Drews","9",20261009,"TCGA-DX-A48L","SARC","1",0.998684823513031,"1"
"Drews","9",20261009,"TCGA-DX-A6YS","SARC","1",0.927525281906128,"1"
"Drews","9",20261009,"TCGA-DX-AB2H","SARC","1",0.969943523406982,"1"
"Drews","9",20261009,"TCGA-DX-AB2J","SARC","1",0.541459500789642,"1"
"Drews","9",20261009,"TCGA-DX-AB2O","SARC","1",0.999591648578644,"1"
"Drews","9",20261009,"TCGA-DX-AB2Q","SARC","1",0.999900460243225,"1"
"Drews","9",20261009,"TCGA-DX-AB2T","SARC","1",0.999362766742706,"1"
"Drews","9",20261009,"TCGA-DX-AB2W","SARC","1",0.993708252906799,"1"
"Drews","9",20261009,"TCGA-DX-AB35","SARC","1",0.999172210693359,"1"
"Drews","9",20261009,"TCGA-IE-A4EJ","SARC","1",0.99559360742569,"1"
"Drews","9",20261009,"TCGA-JV-A75J","SARC","1",0.996696352958679,"1"
"Drews","9",20261009,"TCGA-K1-A6RV","SARC","1",0.999718606472015,"1"
"Drews","9",20261009,"TCGA-KD-A5QS","SARC","1",0.998660922050476,"1"
"Drews","9",20261009,"TCGA-MB-A5Y8","SARC","1",0.902419567108154,"1"
"Drews","9",20261009,"TCGA-MB-A8JK","SARC","1",0.998279333114624,"1"
"Drews","9",20261009,"TCGA-PC-A5DK","SARC","2",0.839454710483551,"1"
"Drews","9",20261009,"TCGA-QQ-A5VD","SARC","2",0.986703991889954,"1"
"Drews","9",20261009,"TCGA-WK-A8XX","SARC","1",0.978151977062225,"1"
"Drews","9",20261009,"TCGA-X2-A95T","SARC","1",0.998212337493896,"1"
"Drews","9",20261009,"TCGA-BF-AAP4","SKCM","1",0.98291403055191,"1"
"Drews","9",20261009,"TCGA-D9-A4Z2","SKCM","1",0.990803599357605,"1"
"Drews","9",20261009,"TCGA-D9-A4Z3","SKCM","1",0.851872384548187,"1"
"Drews","9",20261009,"TCGA-D9-A4Z5","SKCM","1",0.905152440071106,"1"
"Drews","9",20261009,"TCGA-EB-A3XB","SKCM","2",0.563384592533112,"1"
"Drews","9",20261009,"TCGA-EB-A430","SKCM","2",0.849624931812286,"1"
"Drews","9",20261009,"TCGA-EB-A5UM","SKCM","1",0.597879409790039,"1"
"Drews","9",20261009,"TCGA-EB-A82C","SKCM","1",0.991912364959717,"1"
"Drews","9",20261009,"TCGA-B7-A5TN","STAD","1",0.999936103820801,"1"
"Drews","9",20261009,"TCGA-BR-4257","STAD","2",0.63216769695282,"1"
"Drews","9",20261009,"TCGA-BR-4267","STAD","1",0.916078627109528,"1"
"Drews","9",20261009,"TCGA-BR-4366","STAD","1",0.999346077442169,"1"
"Drews","9",20261009,"TCGA-BR-6455","STAD","2",0.937637448310852,"1"
"Drews","9",20261009,"TCGA-BR-7703","STAD","1",0.0622917823493481,"2"
"Drews","9",20261009,"TCGA-BR-8077","STAD","1",0.997195959091187,"1"
"Drews","9",20261009,"TCGA-BR-8483","STAD","1",0.994292855262756,"1"
"Drews","9",20261009,"TCGA-BR-8487","STAD","2",0.300080060958862,"2"
"Drews","9",20261009,"TCGA-CD-5804","STAD","1",0.999218463897705,"1"
"Drews","9",20261009,"TCGA-CD-8527","STAD","1",0.99951696395874,"1"
"Drews","9",20261009,"TCGA-CD-8528","STAD","1",0.971392571926117,"1"
"Drews","9",20261009,"TCGA-CD-A4MJ","STAD","2",0.214036598801613,"2"
"Drews","9",20261009,"TCGA-CG-4436","STAD","1",0.998867988586426,"1"
"Drews","9",20261009,"TCGA-CG-4449","STAD","1",0.999934315681458,"1"
"Drews","9",20261009,"TCGA-CG-4469","STAD","1",0.758592009544373,"1"
"Drews","9",20261009,"TCGA-CG-5724","STAD","1",0.999793946743011,"1"
"Drews","9",20261009,"TCGA-D7-A6EX","STAD","1",0.96107941865921,"1"
"Drews","9",20261009,"TCGA-FP-7829","STAD","1",0.984227895736694,"1"
"Drews","9",20261009,"TCGA-FP-8099","STAD","1",0.998837053775787,"1"
"Drews","9",20261009,"TCGA-HU-A4GU","STAD","1",0.993669092655182,"1"
"Drews","9",20261009,"TCGA-IN-A6RN","STAD","1",0.999478757381439,"1"
"Drews","9",20261009,"TCGA-IN-A6RS","STAD","1",0.89953351020813,"1"
"Drews","9",20261009,"TCGA-R5-A7ZE","STAD","1",0.999954462051392,"1"
"Drews","9",20261009,"TCGA-VQ-A8DU","STAD","1",0.999819457530975,"1"
"Drews","9",20261009,"TCGA-VQ-A8DZ","STAD","1",0.999381542205811,"1"
"Drews","9",20261009,"TCGA-VQ-AA6D","STAD","1",0.999953866004944,"1"
"Drews","9",20261009,"TCGA-2G-AAEW","TGCT","2",0.340443819761276,"2"
"Drews","9",20261009,"TCGA-XE-AANR","TGCT","2",0.252720594406128,"2"
"Drews","9",20261009,"TCGA-XY-A8S2","TGCT","1",0.989540159702301,"1"
"Drews","9",20261009,"TCGA-YU-A90Y","TGCT","1",0.993669927120209,"1"
"Drews","9",20261009,"TCGA-EL-A3CX","THCA","2",0.0337009057402611,"2"
"Drews","9",20261009,"TCGA-EM-A1YE","THCA","2",0.0018365994328633,"2"
"Drews","9",20261009,"TCGA-ZB-A96L","THYM","1",0.540207326412201,"1"
"Drews","9",20261009,"TCGA-2E-A9G8","UCEC","1",0.999898672103882,"1"
"Drews","9",20261009,"TCGA-A5-A0G5","UCEC","1",0.999587833881378,"1"
"Drews","9",20261009,"TCGA-A5-A0GJ","UCEC","1",0.912587881088257,"1"
"Drews","9",20261009,"TCGA-A5-A0GN","UCEC","2",0.017458550632,"2"
"Drews","9",20261009,"TCGA-A5-A0R7","UCEC","2",0.847384452819824,"1"
"Drews","9",20261009,"TCGA-A5-A1OG","UCEC","1",0.998686015605927,"1"
"Drews","9",20261009,"TCGA-AJ-A3BF","UCEC","1",0.999545872211456,"1"
"Drews","9",20261009,"TCGA-AJ-A3EM","UCEC","1",0.997897505760193,"1"
"Drews","9",20261009,"TCGA-AJ-A3IA","UCEC","1",0.999122798442841,"1"
"Drews","9",20261009,"TCGA-AJ-A3NF","UCEC","1",0.995079040527344,"1"
"Drews","9",20261009,"TCGA-AJ-A3TW","UCEC","1",0.999935865402222,"1"
"Drews","9",20261009,"TCGA-AP-A05A","UCEC","1",0.999657392501831,"1"
"Drews","9",20261009,"TCGA-AX-A2HF","UCEC","1",0.999761879444122,"1"
"Drews","9",20261009,"TCGA-AX-A3FS","UCEC","2",0.97582334280014,"1"
"Drews","9",20261009,"TCGA-AX-A3G4","UCEC","1",0.999897003173828,"1"
"Drews","9",20261009,"TCGA-AX-A3GI","UCEC","1",0.999964833259583,"1"
"Drews","9",20261009,"TCGA-B5-A0JN","UCEC","1",0.999892115592957,"1"
"Drews","9",20261009,"TCGA-B5-A0JV","UCEC","1",0.0413353331387043,"2"
"Drews","9",20261009,"TCGA-B5-A121","UCEC","2",0.0493937693536282,"2"
"Drews","9",20261009,"TCGA-B5-A1MY","UCEC","1",0.999562561511993,"1"
"Drews","9",20261009,"TCGA-B5-A3S1","UCEC","1",0.998195111751556,"1"
"Drews","9",20261009,"TCGA-B5-A5OD","UCEC","1",0.99816220998764,"1"
"Drews","9",20261009,"TCGA-B5-A5OE","UCEC","1",0.999936819076538,"1"
"Drews","9",20261009,"TCGA-BK-A26L","UCEC","1",0.999686598777771,"1"
"Drews","9",20261009,"TCGA-BS-A0V8","UCEC","1",0.951220571994781,"1"
"Drews","9",20261009,"TCGA-DF-A2KS","UCEC","1",0.999703109264374,"1"
"Drews","9",20261009,"TCGA-DI-A2QT","UCEC","1",0.998872339725494,"1"
"Drews","9",20261009,"TCGA-EO-A22Y","UCEC","2",0.342682808637619,"2"
"Drews","9",20261009,"TCGA-EY-A214","UCEC","1",0.999686002731323,"1"
"Drews","9",20261009,"TCGA-EY-A2OO","UCEC","2",0.058670062571764,"2"
"Drews","9",20261009,"TCGA-FI-A2D2","UCEC","1",0.974262177944183,"1"
"Drews","9",20261009,"TCGA-FI-A3PV","UCEC","1",0.999853849411011,"1"
"Drews","9",20261009,"TCGA-JU-AAVI","UCEC","1",0.999618053436279,"1"
"Drews","9",20261009,"TCGA-KP-A3W4","UCEC","1",0.987235367298126,"1"
"Drews","9",20261009,"TCGA-N5-A4RN","UCS","1",0.999193847179413,"1"
"Drews","9",20261009,"TCGA-N5-A59E","UCS","1",0.999713718891144,"1"
"Drews","9",20261009,"TCGA-N8-A4PQ","UCS","1",0.998963236808777,"1"
"Drews","9",20261009,"TCGA-N9-A4Q1","UCS","1",0.999981164932251,"1"
"Drews","9",20261009,"TCGA-N9-A4Q4","UCS","1",0.999930739402771,"1"
"Drews","9",20261009,"TCGA-NA-A4R0","UCS","1",0.998485386371613,"1"
"Drews","9",20261009,"TCGA-NF-A5CP","UCS","1",0.999949932098389,"1"
"Drews","9",20261009,"TCGA-V4-A9F3","UVM","2",0.0433737114071846,"2"
"Drews","9",20261009,"TCGA-V4-A9F5","UVM","2",0.00716843688860536,"2"
"Drews","9",20261009,"TCGA-WC-A87W","UVM","2",0.0173213221132755,"2"
"Drews","9",20261009,"TCGA-YZ-A984","UVM","2",0.00906810536980629,"2"
"Drews","10",20261010,"TCGA-OR-A5J2","ACC","1",0.758604109287262,"1"
"Drews","10",20261010,"TCGA-OR-A5JC","ACC","1",0.408153206110001,"2"
"Drews","10",20261010,"TCGA-OR-A5JI","ACC","2",0.0159687399864197,"2"
"Drews","10",20261010,"TCGA-OR-A5JM","ACC","1",0.997057795524597,"1"
"Drews","10",20261010,"TCGA-OR-A5LA","ACC","2",0.0132753672078252,"2"
"Drews","10",20261010,"TCGA-OR-A5LE","ACC","1",0.998368680477142,"1"
"Drews","10",20261010,"TCGA-OR-A5LG","ACC","1",0.0855234935879707,"2"
"Drews","10",20261010,"TCGA-OR-A5LH","ACC","1",0.0240227784961462,"2"
"Drews","10",20261010,"TCGA-4Z-AA80","BLCA","1",0.999543368816376,"1"
"Drews","10",20261010,"TCGA-BL-A0C8","BLCA","1",0.998151242733002,"1"
"Drews","10",20261010,"TCGA-BL-A13J","BLCA","1",0.999602854251862,"1"
"Drews","10",20261010,"TCGA-BT-A0S7","BLCA","1",0.940391719341278,"1"
"Drews","10",20261010,"TCGA-BT-A20W","BLCA","1",0.999863266944885,"1"
"Drews","10",20261010,"TCGA-CF-A1HR","BLCA","1",0.624051630496979,"1"
"Drews","10",20261010,"TCGA-CF-A1HS","BLCA","1",0.999987006187439,"1"
"Drews","10",20261010,"TCGA-CF-A3MI","BLCA","1",0.954203724861145,"1"
"Drews","10",20261010,"TCGA-CF-A5UA","BLCA","1",0.985092461109161,"1"
"Drews","10",20261010,"TCGA-DK-A1A5","BLCA","1",0.999179661273956,"1"
"Drews","10",20261010,"TCGA-DK-A3IL","BLCA","1",0.998890221118927,"1"
"Drews","10",20261010,"TCGA-DK-A6B6","BLCA","1",0.991979718208313,"1"
"Drews","10",20261010,"TCGA-FD-A3SJ","BLCA","1",0.99985671043396,"1"
"Drews","10",20261010,"TCGA-FD-A3SR","BLCA","1",0.999920010566711,"1"
"Drews","10",20261010,"TCGA-FD-A62O","BLCA","2",0.973804354667664,"1"
"Drews","10",20261010,"TCGA-FD-A6TH","BLCA","1",0.999966979026794,"1"
"Drews","10",20261010,"TCGA-G2-A3VY","BLCA","1",0.999960660934448,"1"
"Drews","10",20261010,"TCGA-G2-AA3F","BLCA","1",0.999866604804993,"1"
"Drews","10",20261010,"TCGA-GC-A3RC","BLCA","1",0.995337247848511,"1"
"Drews","10",20261010,"TCGA-GU-AATO","BLCA","1",0.997878432273865,"1"
"Drews","10",20261010,"TCGA-GV-A40G","BLCA","1",0.999921679496765,"1"
"Drews","10",20261010,"TCGA-MV-A51V","BLCA","1",0.99992835521698,"1"
"Drews","10",20261010,"TCGA-XF-A8HG","BLCA","1",0.993168950080872,"1"
"Drews","10",20261010,"TCGA-XF-A9SK","BLCA","1",0.998386263847351,"1"
"Drews","10",20261010,"TCGA-XF-A9SV","BLCA","1",0.99891185760498,"1"
"Drews","10",20261010,"TCGA-XF-A9SZ","BLCA","1",0.999752342700958,"1"
"Drews","10",20261010,"TCGA-XF-A9T6","BLCA","1",0.998599350452423,"1"
"Drews","10",20261010,"TCGA-XF-AAN3","BLCA","2",0.980323076248169,"1"
"Drews","10",20261010,"TCGA-YF-AA3L","BLCA","1",0.991905093193054,"1"
"Drews","10",20261010,"TCGA-ZF-A9R9","BLCA","1",0.985865950584412,"1"
"Drews","10",20261010,"TCGA-ZF-A9RF","BLCA","1",0.999490857124329,"1"
"Drews","10",20261010,"TCGA-ZF-A9RM","BLCA","1",0.999484300613403,"1"
"Drews","10",20261010,"TCGA-ZF-AA5H","BLCA","1",0.999912977218628,"1"
"Drews","10",20261010,"TCGA-A2-A0T7","BRCA","1",0.990381300449371,"1"
"Drews","10",20261010,"TCGA-A2-A0YM","BRCA","1",0.999956727027893,"1"
"Drews","10",20261010,"TCGA-A2-A259","BRCA","2",0.85765677690506,"1"
"Drews","10",20261010,"TCGA-A7-A0CJ","BRCA","1",0.999463379383087,"1"
"Drews","10",20261010,"TCGA-A7-A0D9","BRCA","1",0.994955122470856,"1"
"Drews","10",20261010,"TCGA-A7-A0DB","BRCA","2",0.239012196660042,"2"
"Drews","10",20261010,"TCGA-A7-A2KD","BRCA","1",0.999406576156616,"1"
"Drews","10",20261010,"TCGA-A7-A6VV","BRCA","1",0.998513877391815,"1"
"Drews","10",20261010,"TCGA-A7-A6VX","BRCA","1",0.999600231647491,"1"
"Drews","10",20261010,"TCGA-A8-A07C","BRCA","1",0.999655246734619,"1"
"Drews","10",20261010,"TCGA-A8-A07E","BRCA","1",0.999144554138184,"1"
"Drews","10",20261010,"TCGA-A8-A07I","BRCA","1",0.999493479728699,"1"
"Drews","10",20261010,"TCGA-A8-A08I","BRCA","1",0.998105406761169,"1"
"Drews","10",20261010,"TCGA-A8-A08O","BRCA","1",0.990465641021729,"1"
"Drews","10",20261010,"TCGA-A8-A09Q","BRCA","1",0.999828100204468,"1"
"Drews","10",20261010,"TCGA-AN-A03X","BRCA","1",0.984067678451538,"1"
"Drews","10",20261010,"TCGA-AN-A041","BRCA","1",0.999432027339935,"1"
"Drews","10",20261010,"TCGA-AN-A04A","BRCA","1",0.993415474891663,"1"
"Drews","10",20261010,"TCGA-AN-A0AJ","BRCA","1",0.99993896484375,"1"
"Drews","10",20261010,"TCGA-AN-A0FL","BRCA","1",0.9979008436203,"1"
"Drews","10",20261010,"TCGA-AN-A0FW","BRCA","1",0.99870491027832,"1"
"Drews","10",20261010,"TCGA-AN-A0G0","BRCA","1",0.999866724014282,"1"
"Drews","10",20261010,"TCGA-AN-A0XN","BRCA","1",0.997277081012726,"1"
"Drews","10",20261010,"TCGA-AN-A0XU","BRCA","1",0.999922156333923,"1"
"Drews","10",20261010,"TCGA-AO-A03M","BRCA","1",0.971274316310883,"1"
"Drews","10",20261010,"TCGA-AO-A03T","BRCA","1",0.997245192527771,"1"
"Drews","10",20261010,"TCGA-AO-A0J2","BRCA","1",0.999886393547058,"1"
"Drews","10",20261010,"TCGA-AO-A0J3","BRCA","1",0.999755918979645,"1"
"Drews","10",20261010,"TCGA-AO-A0JG","BRCA","1",0.875141739845276,"1"
"Drews","10",20261010,"TCGA-AQ-A0Y5","BRCA","1",0.983932375907898,"1"
"Drews","10",20261010,"TCGA-AR-A0TP","BRCA","1",0.999966859817505,"1"
"Drews","10",20261010,"TCGA-AR-A0TY","BRCA","1",0.999790132045746,"1"
"Drews","10",20261010,"TCGA-AR-A0TZ","BRCA","1",0.996380507946014,"1"
"Drews","10",20261010,"TCGA-AR-A1AU","BRCA","1",0.961855590343475,"1"
"Drews","10",20261010,"TCGA-AR-A1AY","BRCA","1",0.998745441436768,"1"
"Drews","10",20261010,"TCGA-AR-A24H","BRCA","1",0.999591648578644,"1"
"Drews","10",20261010,"TCGA-AR-A24R","BRCA","1",0.918605983257294,"1"
"Drews","10",20261010,"TCGA-AR-A254","BRCA","1",0.994961380958557,"1"
"Drews","10",20261010,"TCGA-AR-A256","BRCA","1",0.999780356884003,"1"
"Drews","10",20261010,"TCGA-B6-A0I9","BRCA","1",0.999904990196228,"1"
"Drews","10",20261010,"TCGA-B6-A0IG","BRCA","1",0.994394540786743,"1"
"Drews","10",20261010,"TCGA-B6-A0RN","BRCA","2",0.0781539529561996,"2"
"Drews","10",20261010,"TCGA-BH-A0AW","BRCA","1",0.999889612197876,"1"
"Drews","10",20261010,"TCGA-BH-A0DP","BRCA","2",0.0252893678843975,"2"
"Drews","10",20261010,"TCGA-BH-A0H0","BRCA","2",0.997969448566437,"1"
"Drews","10",20261010,"TCGA-BH-A0H7","BRCA","1",0.999433100223541,"1"
"Drews","10",20261010,"TCGA-BH-A0HL","BRCA","1",0.987236857414246,"1"
"Drews","10",20261010,"TCGA-BH-A1EU","BRCA","1",0.430240899324417,"2"
"Drews","10",20261010,"TCGA-BH-A1EY","BRCA","1",0.973471701145172,"1"
"Drews","10",20261010,"TCGA-BH-A1F6","BRCA","1",0.999196350574493,"1"
"Drews","10",20261010,"TCGA-BH-A1FN","BRCA","1",0.999363005161285,"1"
"Drews","10",20261010,"TCGA-BH-A202","BRCA","1",0.997650921344757,"1"
"Drews","10",20261010,"TCGA-BH-A5J0","BRCA","1",0.990814983844757,"1"
"Drews","10",20261010,"TCGA-C8-A12K","BRCA","1",0.999883890151978,"1"
"Drews","10",20261010,"TCGA-C8-A12W","BRCA","1",0.999935984611511,"1"
"Drews","10",20261010,"TCGA-C8-A1HJ","BRCA","1",0.99981552362442,"1"
"Drews","10",20261010,"TCGA-C8-A1HL","BRCA","1",0.999767243862152,"1"
"Drews","10",20261010,"TCGA-C8-A27A","BRCA","1",0.99993908405304,"1"
"Drews","10",20261010,"TCGA-D8-A13Y","BRCA","1",0.999962091445923,"1"
"Drews","10",20261010,"TCGA-D8-A140","BRCA","1",0.999071955680847,"1"
"Drews","10",20261010,"TCGA-D8-A1J9","BRCA","1",0.99914026260376,"1"
"Drews","10",20261010,"TCGA-D8-A1JA","BRCA","1",0.994255125522614,"1"
"Drews","10",20261010,"TCGA-D8-A1Y0","BRCA","1",0.994837939739227,"1"
"Drews","10",20261010,"TCGA-D8-A27M","BRCA","1",0.996596395969391,"1"
"Drews","10",20261010,"TCGA-E2-A10A","BRCA","1",0.99739021062851,"1"
"Drews","10",20261010,"TCGA-E2-A10F","BRCA","2",0.708310961723328,"1"
"Drews","10",20261010,"TCGA-E2-A14O","BRCA","2",0.962292969226837,"1"
"Drews","10",20261010,"TCGA-E2-A14T","BRCA","1",0.999726831912994,"1"
"Drews","10",20261010,"TCGA-E2-A15T","BRCA","1",0.990728497505188,"1"
"Drews","10",20261010,"TCGA-E2-A1IG","BRCA","1",0.995798051357269,"1"
"Drews","10",20261010,"TCGA-E2-A1LG","BRCA","1",0.998850584030151,"1"
"Drews","10",20261010,"TCGA-E2-A56Z","BRCA","1",0.998839437961578,"1"
"Drews","10",20261010,"TCGA-E2-A574","BRCA","1",0.999977231025696,"1"
"Drews","10",20261010,"TCGA-E9-A1N5","BRCA","1",0.990404963493347,"1"
"Drews","10",20261010,"TCGA-E9-A1NA","BRCA","1",0.999162077903748,"1"
"Drews","10",20261010,"TCGA-E9-A1NC","BRCA","1",0.999505519866943,"1"
"Drews","10",20261010,"TCGA-E9-A1R5","BRCA","1",0.82537180185318,"1"
"Drews","10",20261010,"TCGA-E9-A244","BRCA","1",0.999990701675415,"1"
"Drews","10",20261010,"TCGA-E9-A54Y","BRCA","1",0.99806159734726,"1"
"Drews","10",20261010,"TCGA-EW-A1P6","BRCA","2",0.936441779136658,"1"
"Drews","10",20261010,"TCGA-EW-A1PD","BRCA","1",0.999806821346283,"1"
"Drews","10",20261010,"TCGA-EW-A2FS","BRCA","1",0.994492769241333,"1"
"Drews","10",20261010,"TCGA-EW-A6SA","BRCA","1",0.999232172966003,"1"
"Drews","10",20261010,"TCGA-LD-A7W5","BRCA","1",0.993442535400391,"1"
"Drews","10",20261010,"TCGA-LL-A6FR","BRCA","1",0.999696850776672,"1"
"Drews","10",20261010,"TCGA-LL-A73Y","BRCA","1",0.99882572889328,"1"
"Drews","10",20261010,"TCGA-LL-A740","BRCA","1",0.929066896438599,"1"
"Drews","10",20261010,"TCGA-OL-A5D7","BRCA","1",0.999696254730225,"1"
"Drews","10",20261010,"TCGA-OL-A5D8","BRCA","1",0.437593966722488,"2"
"Drews","10",20261010,"TCGA-OL-A5RU","BRCA","2",0.0304338242858648,"2"
"Drews","10",20261010,"TCGA-OL-A5RW","BRCA","1",0.999481618404388,"1"
"Drews","10",20261010,"TCGA-OL-A6VO","BRCA","1",0.999523758888245,"1"
"Drews","10",20261010,"TCGA-UU-A93S","BRCA","1",0.999966502189636,"1"
"Drews","10",20261010,"TCGA-V7-A7HQ","BRCA","2",0.886601269245148,"1"
"Drews","10",20261010,"TCGA-WT-AB44","BRCA","2",0.46668329834938,"2"
"Drews","10",20261010,"TCGA-C5-A1M6","CESC","1",0.9997438788414,"1"
"Drews","10",20261010,"TCGA-C5-A1M8","CESC","1",0.982263267040253,"1"
"Drews","10",20261010,"TCGA-C5-A1MI","CESC","1",0.989980041980743,"1"
"Drews","10",20261010,"TCGA-C5-A2LY","CESC","1",0.979477047920227,"1"
"Drews","10",20261010,"TCGA-C5-A7UE","CESC","2",0.869146108627319,"1"
"Drews","10",20261010,"TCGA-C5-A7UH","CESC","1",0.958663105964661,"1"
"Drews","10",20261010,"TCGA-EA-A5FO","CESC","2",0.814007103443146,"1"
"Drews","10",20261010,"TCGA-EA-A5O9","CESC","1",0.976137697696686,"1"
"Drews","10",20261010,"TCGA-EK-A2H1","CESC","2",0.876664578914642,"1"
"Drews","10",20261010,"TCGA-EK-A2PG","CESC","1",0.985648393630981,"1"
"Drews","10",20261010,"TCGA-EK-A2RN","CESC","2",0.202909782528877,"2"
"Drews","10",20261010,"TCGA-HM-A6W2","CESC","1",0.986352682113647,"1"
"Drews","10",20261010,"TCGA-UC-A7PD","CESC","1",0.426074683666229,"2"
"Drews","10",20261010,"TCGA-VS-A8EK","CESC","1",0.992691576480865,"1"
"Drews","10",20261010,"TCGA-VS-A8QC","CESC","1",0.950083136558533,"1"
"Drews","10",20261010,"TCGA-VS-A8QF","CESC","1",0.992631554603577,"1"
"Drews","10",20261010,"TCGA-W5-AA2X","CHOL","1",0.999737083911896,"1"
"Drews","10",20261010,"TCGA-A6-2677","COAD","1",0.994816482067108,"1"
"Drews","10",20261010,"TCGA-AA-3660","COAD","1",0.92068874835968,"1"
"Drews","10",20261010,"TCGA-AA-3666","COAD","1",0.991560757160187,"1"
"Drews","10",20261010,"TCGA-AA-3685","COAD","1",0.989396810531616,"1"
"Drews","10",20261010,"TCGA-AA-3814","COAD","2",0.083065390586853,"2"
"Drews","10",20261010,"TCGA-AA-A022","COAD","2",0.0888042226433754,"2"
"Drews","10",20261010,"TCGA-AD-6965","COAD","1",0.992339015007019,"1"
"Drews","10",20261010,"TCGA-AM-5820","COAD","1",0.772595882415771,"1"
"Drews","10",20261010,"TCGA-AZ-4615","COAD","2",0.233974680304527,"2"
"Drews","10",20261010,"TCGA-CA-5254","COAD","1",0.191326171159744,"2"
"Drews","10",20261010,"TCGA-CM-6168","COAD","2",0.0209954790771008,"2"
"Drews","10",20261010,"TCGA-CM-6170","COAD","1",0.632915496826172,"1"
"Drews","10",20261010,"TCGA-CM-6675","COAD","1",0.997390568256378,"1"
"Drews","10",20261010,"TCGA-CM-6676","COAD","2",0.812337577342987,"1"
"Drews","10",20261010,"TCGA-F4-6460","COAD","1",0.803099751472473,"1"
"Drews","10",20261010,"TCGA-G4-6299","COAD","1",0.972636222839355,"1"
"Drews","10",20261010,"TCGA-G4-6303","COAD","1",0.915678262710571,"1"
"Drews","10",20261010,"TCGA-G4-6310","COAD","1",0.517296373844147,"1"
"Drews","10",20261010,"TCGA-G4-6314","COAD","1",0.979097962379456,"1"
"Drews","10",20261010,"TCGA-QG-A5YX","COAD","2",0.525376737117767,"1"
"Drews","10",20261010,"TCGA-QL-A97D","COAD","1",0.794457733631134,"1"
"Drews","10",20261010,"TCGA-FA-A82F","DLBC","1",0.998409569263458,"1"
"Drews","10",20261010,"TCGA-2H-A9GL","ESCA","1",0.999871373176575,"1"
"Drews","10",20261010,"TCGA-2H-A9GM","ESCA","1",0.999806344509125,"1"
"Drews","10",20261010,"TCGA-IC-A6RE","ESCA","1",0.998984754085541,"1"
"Drews","10",20261010,"TCGA-IG-A4QS","ESCA","1",0.999833583831787,"1"
"Drews","10",20261010,"TCGA-JY-A93F","ESCA","2",0.729632079601288,"1"
"Drews","10",20261010,"TCGA-L5-A4OF","ESCA","1",0.999117434024811,"1"
"Drews","10",20261010,"TCGA-L5-A4ON","ESCA","1",0.995059490203857,"1"
"Drews","10",20261010,"TCGA-L5-A891","ESCA","1",0.999940633773804,"1"
"Drews","10",20261010,"TCGA-L5-A8NF","ESCA","1",0.999858975410461,"1"
"Drews","10",20261010,"TCGA-L5-A8NN","ESCA","1",0.999922275543213,"1"
"Drews","10",20261010,"TCGA-LN-A49V","ESCA","1",0.999056994915009,"1"
"Drews","10",20261010,"TCGA-LN-A49Y","ESCA","1",0.999947905540466,"1"
"Drews","10",20261010,"TCGA-LN-A4A4","ESCA","1",0.999875545501709,"1"
"Drews","10",20261010,"TCGA-Q9-A6FW","ESCA","1",0.995982885360718,"1"
"Drews","10",20261010,"TCGA-S8-A6BW","ESCA","1",0.998991191387177,"1"
"Drews","10",20261010,"TCGA-V5-A7RB","ESCA","1",0.999819576740265,"1"
"Drews","10",20261010,"TCGA-VR-A8EY","ESCA","1",0.999042928218842,"1"
"Drews","10",20261010,"TCGA-VR-AA4G","ESCA","1",0.99988579750061,"1"
"Drews","10",20261010,"TCGA-06-2558","GBM","1",0.928964078426361,"1"
"Drews","10",20261010,"TCGA-06-2562","GBM","2",0.41016286611557,"2"
"Drews","10",20261010,"TCGA-06-2564","GBM","1",0.892779767513275,"1"
"Drews","10",20261010,"TCGA-19-2619","GBM","1",0.458311975002289,"2"
"Drews","10",20261010,"TCGA-27-1837","GBM","2",0.837951898574829,"1"
"Drews","10",20261010,"TCGA-32-1970","GBM","1",0.98253321647644,"1"
"Drews","10",20261010,"TCGA-BA-A8YP","HNSC","1",0.999966263771057,"1"
"Drews","10",20261010,"TCGA-BB-4224","HNSC","1",0.998981058597565,"1"
"Drews","10",20261010,"TCGA-CN-4725","HNSC","1",0.982163906097412,"1"
"Drews","10",20261010,"TCGA-CN-6011","HNSC","1",0.997468113899231,"1"
"Drews","10",20261010,"TCGA-CN-6988","HNSC","1",0.943991720676422,"1"
"Drews","10",20261010,"TCGA-CN-A49A","HNSC","1",0.998557269573212,"1"
"Drews","10",20261010,"TCGA-CR-5247","HNSC","1",0.999543309211731,"1"
"Drews","10",20261010,"TCGA-CV-6937","HNSC","1",0.999304413795471,"1"
"Drews","10",20261010,"TCGA-CV-6960","HNSC","1",0.998797297477722,"1"
"Drews","10",20261010,"TCGA-CV-7177","HNSC","1",0.987353086471558,"1"
"Drews","10",20261010,"TCGA-CV-7243","HNSC","1",0.994283020496368,"1"
"Drews","10",20261010,"TCGA-CV-7430","HNSC","1",0.993487000465393,"1"
"Drews","10",20261010,"TCGA-CV-A6K2","HNSC","2",0.654452681541443,"1"
"Drews","10",20261010,"TCGA-D6-6827","HNSC","1",0.965578734874725,"1"
"Drews","10",20261010,"TCGA-HD-8224","HNSC","1",0.989824712276459,"1"
"Drews","10",20261010,"TCGA-KU-A66T","HNSC","1",0.999708592891693,"1"
"Drews","10",20261010,"TCGA-MT-A51X","HNSC","1",0.957364618778229,"1"
"Drews","10",20261010,"TCGA-P3-A6T2","HNSC","2",0.520272433757782,"1"
"Drews","10",20261010,"TCGA-QK-A6IG","HNSC","1",0.986048340797424,"1"
"Drews","10",20261010,"TCGA-QK-A6V9","HNSC","2",0.751274049282074,"1"
"Drews","10",20261010,"TCGA-QK-A8Z9","HNSC","1",0.999087572097778,"1"
"Drews","10",20261010,"TCGA-T2-A6WZ","HNSC","1",0.995080232620239,"1"
"Drews","10",20261010,"TCGA-UF-A7JH","HNSC","1",0.976049184799194,"1"
"Drews","10",20261010,"TCGA-KL-8329","KICH","2",0.00163354002870619,"2"
"Drews","10",20261010,"TCGA-KL-8336","KICH","2",0.0503457114100456,"2"
"Drews","10",20261010,"TCGA-KN-8421","KICH","2",0.0636742264032364,"2"
"Drews","10",20261010,"TCGA-KN-8425","KICH","2",0.00318845361471176,"2"
"Drews","10",20261010,"TCGA-KN-8428","KICH","1",0.808184683322906,"1"
"Drews","10",20261010,"TCGA-KN-8432","KICH","2",0.00487633841112256,"2"
"Drews","10",20261010,"TCGA-KN-8436","KICH","2",0.0812762901186943,"2"
"Drews","10",20261010,"TCGA-A3-3380","KIRC","2",0.0098772719502449,"2"
"Drews","10",20261010,"TCGA-A3-3387","KIRC","2",0.000680853379890323,"2"
"Drews","10",20261010,"TCGA-B0-4710","KIRC","2",0.0153236351907253,"2"
"Drews","10",20261010,"TCGA-B0-5107","KIRC","2",0.0528146326541901,"2"
"Drews","10",20261010,"TCGA-BP-4161","KIRC","2",0.00160580535884947,"2"
"Drews","10",20261010,"TCGA-BP-5173","KIRC","2",0.000612166535574943,"2"
"Drews","10",20261010,"TCGA-BP-5178","KIRC","2",0.00504279136657715,"2"
"Drews","10",20261010,"TCGA-BP-5199","KIRC","2",0.0140328956767917,"2"
"Drews","10",20261010,"TCGA-CJ-4640","KIRC","2",0.00211070291697979,"2"
"Drews","10",20261010,"TCGA-CJ-4903","KIRC","2",0.000638087629340589,"2"
"Drews","10",20261010,"TCGA-CJ-6027","KIRC","2",0.0041631949134171,"2"
"Drews","10",20261010,"TCGA-CJ-6033","KIRC","2",0.00165211490821093,"2"
"Drews","10",20261010,"TCGA-CZ-4866","KIRC","2",0.00365081429481506,"2"
"Drews","10",20261010,"TCGA-CZ-5984","KIRC","2",0.000161286297952756,"2"
"Drews","10",20261010,"TCGA-EU-5907","KIRC","2",0.00254537002183497,"2"
"Drews","10",20261010,"TCGA-2Z-A9JS","KIRP","2",0.0524769425392151,"2"
"Drews","10",20261010,"TCGA-A4-A4ZT","KIRP","2",0.037837591022253,"2"
"Drews","10",20261010,"TCGA-B3-4104","KIRP","1",0.912745535373688,"1"
"Drews","10",20261010,"TCGA-BQ-5878","KIRP","1",0.00426038261502981,"2"
"Drews","10",20261010,"TCGA-BQ-5880","KIRP","2",0.0025632397737354,"2"
"Drews","10",20261010,"TCGA-BQ-5893","KIRP","2",0.41745999455452,"2"
"Drews","10",20261010,"TCGA-G7-A8LB","KIRP","2",0.0499634258449078,"2"
"Drews","10",20261010,"TCGA-P4-A5ED","KIRP","2",0.0182481165975332,"2"
"Drews","10",20261010,"TCGA-SX-A7SS","KIRP","2",0.0164941605180502,"2"
"Drews","10",20261010,"TCGA-CS-6666","LGG","1",0.654564142227173,"1"
"Drews","10",20261010,"TCGA-DH-A7UV","LGG","2",0.0284714121371508,"2"
"Drews","10",20261010,"TCGA-DU-7010","LGG","1",0.996943056583405,"1"
"Drews","10",20261010,"TCGA-DU-7013","LGG","2",0.573036253452301,"1"
"Drews","10",20261010,"TCGA-DU-7019","LGG","1",0.0181083884090185,"2"
"Drews","10",20261010,"TCGA-DU-7294","LGG","2",0.00240205321460962,"2"
"Drews","10",20261010,"TCGA-DU-7301","LGG","2",0.0615042224526405,"2"
"Drews","10",20261010,"TCGA-DU-A5TW","LGG","2",0.379811465740204,"2"
"Drews","10",20261010,"TCGA-DU-A7T6","LGG","1",0.0906549915671349,"2"
"Drews","10",20261010,"TCGA-E1-A7Z2","LGG","1",0.714599668979645,"1"
"Drews","10",20261010,"TCGA-FG-7634","LGG","2",0.00726698711514473,"2"
"Drews","10",20261010,"TCGA-HT-7611","LGG","1",0.00911465380340815,"2"
"Drews","10",20261010,"TCGA-HT-A614","LGG","1",0.084278903901577,"2"
"Drews","10",20261010,"TCGA-IK-8125","LGG","2",0.000589778530411422,"2"
"Drews","10",20261010,"TCGA-QH-A6X5","LGG","2",0.00326932594180107,"2"
"Drews","10",20261010,"TCGA-QH-A6XC","LGG","2",0.0371633470058441,"2"
"Drews","10",20261010,"TCGA-S9-A6TU","LGG","1",0.121051423251629,"2"
"Drews","10",20261010,"TCGA-S9-A6TW","LGG","2",0.00643010111525655,"2"
"Drews","10",20261010,"TCGA-TM-A84J","LGG","1",0.974908828735352,"1"
"Drews","10",20261010,"TCGA-TM-A84L","LGG","2",0.0246091689914465,"2"
"Drews","10",20261010,"TCGA-TQ-A7RO","LGG","2",0.00113860401324928,"2"
"Drews","10",20261010,"TCGA-VM-A8CA","LGG","2",0.0073214266449213,"2"
"Drews","10",20261010,"TCGA-VM-A8CB","LGG","2",0.010903587564826,"2"
"Drews","10",20261010,"TCGA-VM-A8CE","LGG","2",0.00519272685050964,"2"
"Drews","10",20261010,"TCGA-2Y-A9H1","LIHC","1",0.62033748626709,"1"
"Drews","10",20261010,"TCGA-2Y-A9H4","LIHC","1",0.957170724868774,"1"
"Drews","10",20261010,"TCGA-2Y-A9HA","LIHC","1",0.989844441413879,"1"
"Drews","10",20261010,"TCGA-3K-AAZ8","LIHC","2",0.289916723966599,"2"
"Drews","10",20261010,"TCGA-BC-4073","LIHC","1",0.975561559200287,"1"
"Drews","10",20261010,"TCGA-BC-A8YO","LIHC","1",0.996954679489136,"1"
"Drews","10",20261010,"TCGA-CC-5263","LIHC","1",0.999956250190735,"1"
"Drews","10",20261010,"TCGA-DD-A11D","LIHC","1",0.246531009674072,"2"
"Drews","10",20261010,"TCGA-DD-A4NI","LIHC","2",0.129459738731384,"2"
"Drews","10",20261010,"TCGA-DD-A73G","LIHC","1",0.988733291625977,"1"
"Drews","10",20261010,"TCGA-DD-AADP","LIHC","1",0.963943660259247,"1"
"Drews","10",20261010,"TCGA-DD-AAEI","LIHC","1",0.851908266544342,"1"
"Drews","10",20261010,"TCGA-EP-A2KB","LIHC","2",0.36920103430748,"2"
"Drews","10",20261010,"TCGA-EP-A2KC","LIHC","2",0.598043024539948,"1"
"Drews","10",20261010,"TCGA-ES-A2HT","LIHC","2",0.457973152399063,"2"
"Drews","10",20261010,"TCGA-FV-A496","LIHC","1",0.929602265357971,"1"
"Drews","10",20261010,"TCGA-G3-A25S","LIHC","1",0.994209051132202,"1"
"Drews","10",20261010,"TCGA-G3-A6UC","LIHC","1",0.322069734334946,"2"
"Drews","10",20261010,"TCGA-GJ-A6C0","LIHC","1",0.995334565639496,"1"
"Drews","10",20261010,"TCGA-UB-A7ME","LIHC","1",0.973295032978058,"1"
"Drews","10",20261010,"TCGA-WX-AA44","LIHC","1",0.98337733745575,"1"
"Drews","10",20261010,"TCGA-05-4390","LUAD","1",0.995220363140106,"1"
"Drews","10",20261010,"TCGA-05-4422","LUAD","1",0.905453562736511,"1"
"Drews","10",20261010,"TCGA-05-5715","LUAD","1",0.958823084831238,"1"
"Drews","10",20261010,"TCGA-38-4630","LUAD","1",0.999845027923584,"1"
"Drews","10",20261010,"TCGA-44-5644","LUAD","1",0.999761283397675,"1"
"Drews","10",20261010,"TCGA-44-6779","LUAD","1",0.995616436004639,"1"
"Drews","10",20261010,"TCGA-44-7669","LUAD","1",0.99577808380127,"1"
"Drews","10",20261010,"TCGA-44-A47B","LUAD","1",0.994041383266449,"1"
"Drews","10",20261010,"TCGA-44-A4SU","LUAD","1",0.999573051929474,"1"
"Drews","10",20261010,"TCGA-55-1592","LUAD","1",0.999944090843201,"1"
"Drews","10",20261010,"TCGA-55-5899","LUAD","1",0.99993634223938,"1"
"Drews","10",20261010,"TCGA-55-6968","LUAD","1",0.999886512756348,"1"
"Drews","10",20261010,"TCGA-55-7903","LUAD","1",0.999766886234283,"1"
"Drews","10",20261010,"TCGA-55-A48Z","LUAD","1",0.999772608280182,"1"
"Drews","10",20261010,"TCGA-62-A46S","LUAD","1",0.995598316192627,"1"
"Drews","10",20261010,"TCGA-64-1680","LUAD","2",0.961134731769562,"1"
"Drews","10",20261010,"TCGA-67-3772","LUAD","1",0.940423548221588,"1"
"Drews","10",20261010,"TCGA-67-3774","LUAD","1",0.986447691917419,"1"
"Drews","10",20261010,"TCGA-73-4677","LUAD","2",0.899916052818298,"1"
"Drews","10",20261010,"TCGA-78-7161","LUAD","1",0.998403370380402,"1"
"Drews","10",20261010,"TCGA-78-7220","LUAD","1",0.999507784843445,"1"
"Drews","10",20261010,"TCGA-86-8054","LUAD","1",0.999250113964081,"1"
"Drews","10",20261010,"TCGA-86-8279","LUAD","1",0.999890089035034,"1"
"Drews","10",20261010,"TCGA-91-6840","LUAD","1",0.999609768390656,"1"
"Drews","10",20261010,"TCGA-91-6847","LUAD","1",0.999434292316437,"1"
"Drews","10",20261010,"TCGA-L4-A4E5","LUAD","1",0.999924778938293,"1"
"Drews","10",20261010,"TCGA-MP-A4SW","LUAD","1",0.997038245201111,"1"
"Drews","10",20261010,"TCGA-18-3416","LUSC","1",0.998318195343018,"1"
"Drews","10",20261010,"TCGA-18-3421","LUSC","1",0.99453330039978,"1"
"Drews","10",20261010,"TCGA-18-4083","LUSC","1",0.999843955039978,"1"
"Drews","10",20261010,"TCGA-21-1080","LUSC","1",0.999930500984192,"1"
"Drews","10",20261010,"TCGA-22-4591","LUSC","1",0.999976277351379,"1"
"Drews","10",20261010,"TCGA-22-5473","LUSC","1",0.999758303165436,"1"
"Drews","10",20261010,"TCGA-33-4532","LUSC","1",0.999974250793457,"1"
"Drews","10",20261010,"TCGA-34-2600","LUSC","1",0.999695420265198,"1"
"Drews","10",20261010,"TCGA-37-3789","LUSC","1",0.999710619449615,"1"
"Drews","10",20261010,"TCGA-39-5035","LUSC","1",0.994748175144196,"1"
"Drews","10",20261010,"TCGA-39-5037","LUSC","1",0.999922156333923,"1"
"Drews","10",20261010,"TCGA-43-6771","LUSC","1",0.726169347763062,"1"
"Drews","10",20261010,"TCGA-43-A474","LUSC","1",0.998838007450104,"1"
"Drews","10",20261010,"TCGA-46-6025","LUSC","1",0.999901533126831,"1"
"Drews","10",20261010,"TCGA-56-8628","LUSC","1",0.984852492809296,"1"
"Drews","10",20261010,"TCGA-60-2706","LUSC","1",0.999987602233887,"1"
"Drews","10",20261010,"TCGA-60-2708","LUSC","1",0.997652351856232,"1"
"Drews","10",20261010,"TCGA-60-2722","LUSC","1",0.999870419502258,"1"
"Drews","10",20261010,"TCGA-63-A5MB","LUSC","1",0.999915480613708,"1"
"Drews","10",20261010,"TCGA-63-A5MH","LUSC","1",0.998023152351379,"1"
"Drews","10",20261010,"TCGA-63-A5MY","LUSC","1",0.999971628189087,"1"
"Drews","10",20261010,"TCGA-66-2766","LUSC","1",0.999877214431763,"1"
"Drews","10",20261010,"TCGA-6A-AB49","LUSC","1",0.998631536960602,"1"
"Drews","10",20261010,"TCGA-77-7141","LUSC","1",0.999916672706604,"1"
"Drews","10",20261010,"TCGA-85-8070","LUSC","1",0.99995744228363,"1"
"Drews","10",20261010,"TCGA-85-A510","LUSC","1",0.999522566795349,"1"
"Drews","10",20261010,"TCGA-85-A5B5","LUSC","1",0.999539852142334,"1"
"Drews","10",20261010,"TCGA-96-7544","LUSC","1",0.991134643554688,"1"
"Drews","10",20261010,"TCGA-96-A4JK","LUSC","1",0.99985408782959,"1"
"Drews","10",20261010,"TCGA-J1-A4AH","LUSC","1",0.999926328659058,"1"
"Drews","10",20261010,"TCGA-LA-A7SW","LUSC","1",0.999883770942688,"1"
"Drews","10",20261010,"TCGA-NC-A5HD","LUSC","1",0.999929904937744,"1"
"Drews","10",20261010,"TCGA-O2-A52N","LUSC","1",0.996767997741699,"1"
"Drews","10",20261010,"TCGA-O2-A52Q","LUSC","1",0.999605238437653,"1"
"Drews","10",20261010,"TCGA-MQ-A6BS","MESO","1",0.87604695558548,"1"
"Drews","10",20261010,"TCGA-SH-A7BH","MESO","2",0.980197072029114,"1"
"Drews","10",20261010,"TCGA-SH-A9CT","MESO","1",0.986497700214386,"1"
"Drews","10",20261010,"TCGA-TS-A7OZ","MESO","1",0.998896718025208,"1"
"Drews","10",20261010,"TCGA-09-0369","OV","1",0.999377727508545,"1"
"Drews","10",20261010,"TCGA-09-1674","OV","1",0.999874591827393,"1"
"Drews","10",20261010,"TCGA-09-2051","OV","1",0.999990105628967,"1"
"Drews","10",20261010,"TCGA-13-0893","OV","1",0.99998664855957,"1"
"Drews","10",20261010,"TCGA-13-0916","OV","1",0.999763309955597,"1"
"Drews","10",20261010,"TCGA-13-0920","OV","1",0.999967455863953,"1"
"Drews","10",20261010,"TCGA-13-1405","OV","1",0.999718606472015,"1"
"Drews","10",20261010,"TCGA-23-2077","OV","1",0.999985218048096,"1"
"Drews","10",20261010,"TCGA-23-2084","OV","1",0.999950408935547,"1"
"Drews","10",20261010,"TCGA-24-1424","OV","1",0.999985814094543,"1"
"Drews","10",20261010,"TCGA-24-1551","OV","1",0.999808490276337,"1"
"Drews","10",20261010,"TCGA-24-2024","OV","1",0.999652981758118,"1"
"Drews","10",20261010,"TCGA-24-2035","OV","1",0.99995493888855,"1"
"Drews","10",20261010,"TCGA-24-2267","OV","1",0.999864101409912,"1"
"Drews","10",20261010,"TCGA-24-2290","OV","1",0.999981760978699,"1"
"Drews","10",20261010,"TCGA-25-1313","OV","1",0.999939918518066,"1"
"Drews","10",20261010,"TCGA-25-2392","OV","1",0.999976277351379,"1"
"Drews","10",20261010,"TCGA-25-2396","OV","1",0.999286115169525,"1"
"Drews","10",20261010,"TCGA-25-2400","OV","1",0.999887585639954,"1"
"Drews","10",20261010,"TCGA-29-1691","OV","1",0.999937653541565,"1"
"Drews","10",20261010,"TCGA-29-1763","OV","1",0.997989416122437,"1"
"Drews","10",20261010,"TCGA-29-1778","OV","1",0.999707400798798,"1"
"Drews","10",20261010,"TCGA-30-1718","OV","1",0.999979257583618,"1"
"Drews","10",20261010,"TCGA-30-1862","OV","1",0.999883890151978,"1"
"Drews","10",20261010,"TCGA-31-1959","OV","1",0.999974370002747,"1"
"Drews","10",20261010,"TCGA-57-1993","OV","1",0.999973177909851,"1"
"Drews","10",20261010,"TCGA-59-2354","OV","1",0.998547255992889,"1"
"Drews","10",20261010,"TCGA-61-1998","OV","1",0.999957799911499,"1"
"Drews","10",20261010,"TCGA-61-2012","OV","1",0.999974250793457,"1"
"Drews","10",20261010,"TCGA-61-2092","OV","1",0.849221885204315,"1"
"Drews","10",20261010,"TCGA-61-2094","OV","1",0.998046398162842,"1"
"Drews","10",20261010,"TCGA-61-2111","OV","1",0.999967455863953,"1"
"Drews","10",20261010,"TCGA-WR-A838","OV","1",0.999947786331177,"1"
"Drews","10",20261010,"TCGA-3A-A9IB","PAAD","1",0.930417418479919,"1"
"Drews","10",20261010,"TCGA-FB-A78T","PAAD","1",0.41103133559227,"2"
"Drews","10",20261010,"TCGA-HZ-A9TJ","PAAD","1",0.574849724769592,"1"
"Drews","10",20261010,"TCGA-IB-A6UF","PAAD","1",0.977885961532593,"1"
"Drews","10",20261010,"TCGA-IB-AAUO","PAAD","1",0.964161694049835,"1"
"Drews","10",20261010,"TCGA-QR-A6ZZ","PCPG","1",0.0621228329837322,"2"
"Drews","10",20261010,"TCGA-QR-A708","PCPG","1",0.330396264791489,"2"
"Drews","10",20261010,"TCGA-QR-A7IP","PCPG","2",0.0301437173038721,"2"
"Drews","10",20261010,"TCGA-RW-A68C","PCPG","2",0.00408155610784888,"2"
"Drews","10",20261010,"TCGA-RW-A7CZ","PCPG","1",0.0118575664237142,"2"
"Drews","10",20261010,"TCGA-S7-A7WN","PCPG","2",0.178355529904366,"2"
"Drews","10",20261010,"TCGA-SP-A6QD","PCPG","2",0.0928101390600204,"2"
"Drews","10",20261010,"TCGA-SP-A6QK","PCPG","2",0.602242827415466,"1"
"Drews","10",20261010,"TCGA-W2-A7H5","PCPG","2",0.144676759839058,"2"
"Drews","10",20261010,"TCGA-WB-A821","PCPG","2",0.0243841167539358,"2"
"Drews","10",20261010,"TCGA-CH-5737","PRAD","1",0.934755384922028,"1"
"Drews","10",20261010,"TCGA-CH-5788","PRAD","1",0.997890889644623,"1"
"Drews","10",20261010,"TCGA-EJ-8469","PRAD","1",0.972045958042145,"1"
"Drews","10",20261010,"TCGA-EJ-A65M","PRAD","1",0.970302999019623,"1"
"Drews","10",20261010,"TCGA-G9-6384","PRAD","2",0.234883695840836,"2"
"Drews","10",20261010,"TCGA-HC-A76W","PRAD","2",0.942398011684418,"1"
"Drews","10",20261010,"TCGA-HC-A8CY","PRAD","1",0.98148900270462,"1"
"Drews","10",20261010,"TCGA-HC-A9TE","PRAD","1",0.991410732269287,"1"
"Drews","10",20261010,"TCGA-J4-A67N","PRAD","1",0.908014833927155,"1"
"Drews","10",20261010,"TCGA-J9-A8CL","PRAD","1",0.998439490795135,"1"
"Drews","10",20261010,"TCGA-KK-A6E4","PRAD","2",0.877719819545746,"1"
"Drews","10",20261010,"TCGA-KK-A6E5","PRAD","1",0.891948044300079,"1"
"Drews","10",20261010,"TCGA-KK-A6E8","PRAD","1",0.997724115848541,"1"
"Drews","10",20261010,"TCGA-KK-A7AP","PRAD","1",0.997369527816772,"1"
"Drews","10",20261010,"TCGA-V1-A8ML","PRAD","2",0.902490735054016,"1"
"Drews","10",20261010,"TCGA-V1-A9ZR","PRAD","1",0.93876326084137,"1"
"Drews","10",20261010,"TCGA-YL-A8SO","PRAD","1",0.994757294654846,"1"
"Drews","10",20261010,"TCGA-ZG-A9LN","PRAD","1",0.994694650173187,"1"
"Drews","10",20261010,"TCGA-AG-3887","READ","2",0.195946753025055,"2"
"Drews","10",20261010,"TCGA-AG-3893","READ","1",0.997420072555542,"1"
"Drews","10",20261010,"TCGA-AG-3901","READ","2",0.275074779987335,"2"
"Drews","10",20261010,"TCGA-AG-4015","READ","1",0.999650001525879,"1"
"Drews","10",20261010,"TCGA-AG-4022","READ","2",0.386589854955673,"2"
"Drews","10",20261010,"TCGA-AG-A01Y","READ","1",0.997736811637878,"1"
"Drews","10",20261010,"TCGA-AG-A026","READ","1",0.971129298210144,"1"
"Drews","10",20261010,"TCGA-DC-6155","READ","1",0.993686497211456,"1"
"Drews","10",20261010,"TCGA-F5-6813","READ","1",0.991149425506592,"1"
"Drews","10",20261010,"TCGA-3B-A9HL","SARC","1",0.999548494815826,"1"
"Drews","10",20261010,"TCGA-3B-A9HO","SARC","1",0.822418808937073,"1"
"Drews","10",20261010,"TCGA-DX-A1KW","SARC","1",0.998499751091003,"1"
"Drews","10",20261010,"TCGA-DX-A3M1","SARC","1",0.99366295337677,"1"
"Drews","10",20261010,"TCGA-DX-A6B8","SARC","1",0.999858260154724,"1"
"Drews","10",20261010,"TCGA-DX-A6YQ","SARC","1",0.993488669395447,"1"
"Drews","10",20261010,"TCGA-DX-A7EI","SARC","1",0.999958157539368,"1"
"Drews","10",20261010,"TCGA-DX-AB2T","SARC","1",0.999050676822662,"1"
"Drews","10",20261010,"TCGA-DX-AB2W","SARC","1",0.990768611431122,"1"
"Drews","10",20261010,"TCGA-DX-AB37","SARC","1",0.974398136138916,"1"
"Drews","10",20261010,"TCGA-FX-A3TO","SARC","1",0.999088644981384,"1"
"Drews","10",20261010,"TCGA-HB-A3L4","SARC","1",0.998696863651276,"1"
"Drews","10",20261010,"TCGA-HB-A43Z","SARC","1",0.997481048107147,"1"
"Drews","10",20261010,"TCGA-IE-A6BZ","SARC","1",0.999726831912994,"1"
"Drews","10",20261010,"TCGA-K1-A6RU","SARC","1",0.993161916732788,"1"
"Drews","10",20261010,"TCGA-K1-A6RV","SARC","1",0.99982613325119,"1"
"Drews","10",20261010,"TCGA-KD-A5QS","SARC","1",0.999127209186554,"1"
"Drews","10",20261010,"TCGA-MB-A8JK","SARC","1",0.998848438262939,"1"
"Drews","10",20261010,"TCGA-QQ-A5V9","SARC","1",0.941665410995483,"1"
"Drews","10",20261010,"TCGA-QQ-A5VB","SARC","1",0.999873042106628,"1"
"Drews","10",20261010,"TCGA-SG-A6Z7","SARC","1",0.999773442745209,"1"
"Drews","10",20261010,"TCGA-WK-A8XO","SARC","1",0.927530705928802,"1"
"Drews","10",20261010,"TCGA-WK-A8XX","SARC","1",0.988912999629974,"1"
"Drews","10",20261010,"TCGA-Z4-AAPG","SARC","1",0.996532320976257,"1"
"Drews","10",20261010,"TCGA-BF-AAP2","SKCM","1",0.987243592739105,"1"
"Drews","10",20261010,"TCGA-D9-A4Z5","SKCM","1",0.881343603134155,"1"
"Drews","10",20261010,"TCGA-EB-A3Y7","SKCM","2",0.792527258396149,"1"
"Drews","10",20261010,"TCGA-EB-A41A","SKCM","2",0.889201879501343,"1"
"Drews","10",20261010,"TCGA-EB-A41B","SKCM","1",0.909498453140259,"1"
"Drews","10",20261010,"TCGA-EB-A4IS","SKCM","2",0.75090503692627,"1"
"Drews","10",20261010,"TCGA-EB-A57M","SKCM","1",0.963838219642639,"1"
"Drews","10",20261010,"TCGA-EB-A5VU","SKCM","1",0.987710893154144,"1"
"Drews","10",20261010,"TCGA-BR-4191","STAD","1",0.992753207683563,"1"
"Drews","10",20261010,"TCGA-BR-4257","STAD","2",0.744318246841431,"1"
"Drews","10",20261010,"TCGA-BR-4267","STAD","1",0.963523387908936,"1"
"Drews","10",20261010,"TCGA-BR-6455","STAD","2",0.867147505283356,"1"
"Drews","10",20261010,"TCGA-BR-6566","STAD","2",0.69898533821106,"1"
"Drews","10",20261010,"TCGA-BR-7715","STAD","1",0.999335706233978,"1"
"Drews","10",20261010,"TCGA-BR-7723","STAD","1",0.999458491802216,"1"
"Drews","10",20261010,"TCGA-BR-A44U","STAD","1",0.983209669589996,"1"
"Drews","10",20261010,"TCGA-CD-8527","STAD","1",0.998895764350891,"1"
"Drews","10",20261010,"TCGA-CD-8528","STAD","1",0.997367322444916,"1"
"Drews","10",20261010,"TCGA-CD-8535","STAD","1",0.999303340911865,"1"
"Drews","10",20261010,"TCGA-CD-A4MJ","STAD","2",0.513170003890991,"1"
"Drews","10",20261010,"TCGA-CG-4440","STAD","1",0.998814463615417,"1"
"Drews","10",20261010,"TCGA-CG-4474","STAD","2",0.817262053489685,"1"
"Drews","10",20261010,"TCGA-CG-5724","STAD","1",0.99964702129364,"1"
"Drews","10",20261010,"TCGA-HU-8244","STAD","2",0.896952748298645,"1"
"Drews","10",20261010,"TCGA-HU-A4G2","STAD","2",0.959029912948608,"1"
"Drews","10",20261010,"TCGA-HU-A4GF","STAD","1",0.998373866081238,"1"
"Drews","10",20261010,"TCGA-HU-A4GH","STAD","1",0.999659657478333,"1"
"Drews","10",20261010,"TCGA-IN-A6RN","STAD","1",0.999957680702209,"1"
"Drews","10",20261010,"TCGA-IN-A6RR","STAD","1",0.999888062477112,"1"
"Drews","10",20261010,"TCGA-VQ-A8E3","STAD","1",0.959402322769165,"1"
"Drews","10",20261010,"TCGA-VQ-A8P3","STAD","1",0.9939244389534,"1"
"Drews","10",20261010,"TCGA-VQ-A91A","STAD","1",0.999875903129578,"1"
"Drews","10",20261010,"TCGA-VQ-A91U","STAD","1",0.996161222457886,"1"
"Drews","10",20261010,"TCGA-VQ-AA64","STAD","1",0.999968528747559,"1"
"Drews","10",20261010,"TCGA-VQ-AA6D","STAD","1",0.999982833862305,"1"
"Drews","10",20261010,"TCGA-2G-AAGV","TGCT","2",0.597914338111877,"1"
"Drews","10",20261010,"TCGA-2G-AAGW","TGCT","1",0.99407285451889,"1"
"Drews","10",20261010,"TCGA-YU-AA4L","TGCT","1",0.999676465988159,"1"
"Drews","10",20261010,"TCGA-ZM-AA0B","TGCT","1",0.981205224990845,"1"
"Drews","10",20261010,"TCGA-DJ-A2Q0","THCA","2",0.00495592504739761,"2"
"Drews","10",20261010,"TCGA-FY-A3I5","THCA","2",0.0163157880306244,"2"
"Drews","10",20261010,"TCGA-ZB-A966","THYM","2",0.922444522380829,"1"
"Drews","10",20261010,"TCGA-A5-A0R7","UCEC","2",0.898388385772705,"1"
"Drews","10",20261010,"TCGA-A5-A1OG","UCEC","1",0.99917209148407,"1"
"Drews","10",20261010,"TCGA-A5-A2K4","UCEC","1",0.990538954734802,"1"
"Drews","10",20261010,"TCGA-A5-A3LP","UCEC","1",0.994809627532959,"1"
"Drews","10",20261010,"TCGA-AJ-A23N","UCEC","1",0.999760568141937,"1"
"Drews","10",20261010,"TCGA-AP-A053","UCEC","1",0.999735534191132,"1"
"Drews","10",20261010,"TCGA-AP-A05D","UCEC","1",0.999976754188538,"1"
"Drews","10",20261010,"TCGA-AP-A0L9","UCEC","1",0.999991178512573,"1"
"Drews","10",20261010,"TCGA-AX-A2HD","UCEC","2",0.880208969116211,"1"
"Drews","10",20261010,"TCGA-AX-A2HJ","UCEC","2",0.333028376102448,"2"
"Drews","10",20261010,"TCGA-AX-A3FW","UCEC","1",0.925600171089172,"1"
"Drews","10",20261010,"TCGA-AX-A3G4","UCEC","1",0.99913078546524,"1"
"Drews","10",20261010,"TCGA-B5-A0JS","UCEC","1",0.00936685688793659,"2"
"Drews","10",20261010,"TCGA-B5-A121","UCEC","2",0.167578116059303,"2"
"Drews","10",20261010,"TCGA-B5-A1N2","UCEC","1",0.999910950660706,"1"
"Drews","10",20261010,"TCGA-B5-A5OD","UCEC","1",0.999607026576996,"1"
"Drews","10",20261010,"TCGA-BG-A0M6","UCEC","1",0.999752342700958,"1"
"Drews","10",20261010,"TCGA-BG-A18B","UCEC","2",0.0182674154639244,"2"
"Drews","10",20261010,"TCGA-BG-A2AE","UCEC","2",0.99146044254303,"1"
"Drews","10",20261010,"TCGA-BK-A4ZD","UCEC","1",0.982604563236237,"1"
"Drews","10",20261010,"TCGA-D1-A0ZP","UCEC","1",0.999586641788483,"1"
"Drews","10",20261010,"TCGA-D1-A0ZZ","UCEC","1",0.999973297119141,"1"
"Drews","10",20261010,"TCGA-D1-A16O","UCEC","2",0.0360111966729164,"2"
"Drews","10",20261010,"TCGA-D1-A17K","UCEC","1",0.995438158512115,"1"
"Drews","10",20261010,"TCGA-D1-A17M","UCEC","2",0.0344077982008457,"2"
"Drews","10",20261010,"TCGA-D1-A3DG","UCEC","1",0.998206496238708,"1"
"Drews","10",20261010,"TCGA-D1-A3JP","UCEC","1",0.684889256954193,"1"
"Drews","10",20261010,"TCGA-DF-A2KS","UCEC","1",0.999663233757019,"1"
"Drews","10",20261010,"TCGA-DI-A2QY","UCEC","1",0.999805867671967,"1"
"Drews","10",20261010,"TCGA-EO-A3KU","UCEC","1",0.999861836433411,"1"
"Drews","10",20261010,"TCGA-EY-A212","UCEC","1",0.999849200248718,"1"
"Drews","10",20261010,"TCGA-EY-A4KR","UCEC","1",0.999989748001099,"1"
"Drews","10",20261010,"TCGA-FI-A2EY","UCEC","1",0.998480141162872,"1"
"Drews","10",20261010,"TCGA-KP-A3W3","UCEC","1",0.996753036975861,"1"
"Drews","10",20261010,"TCGA-N5-A4R8","UCS","1",0.999930620193481,"1"
"Drews","10",20261010,"TCGA-N5-A4RM","UCS","1",0.997318923473358,"1"
"Drews","10",20261010,"TCGA-N5-A4RT","UCS","1",0.999916195869446,"1"
"Drews","10",20261010,"TCGA-N5-A4RU","UCS","1",0.999943017959595,"1"
"Drews","10",20261010,"TCGA-N5-A59F","UCS","1",0.999762833118439,"1"
"Drews","10",20261010,"TCGA-N9-A4Q4","UCS","1",0.99982088804245,"1"
"Drews","10",20261010,"TCGA-ND-A4W6","UCS","1",0.999874353408813,"1"
"Drews","10",20261010,"TCGA-V4-A9E5","UVM","2",0.0270100403577089,"2"
"Drews","10",20261010,"TCGA-V4-A9EE","UVM","2",0.0486033819615841,"2"
"Drews","10",20261010,"TCGA-V4-A9F5","UVM","2",0.00743644591420889,"2"
"Drews","10",20261010,"TCGA-VD-A8KN","UVM","2",0.00353973056189716,"2"
"Drews","11",20261011,"TCGA-OR-A5JG","ACC","2",0.910630106925964,"1"
"Drews","11",20261011,"TCGA-OR-A5JM","ACC","1",0.998592436313629,"1"
"Drews","11",20261011,"TCGA-OR-A5JS","ACC","1",0.955742657184601,"1"
"Drews","11",20261011,"TCGA-OR-A5K1","ACC","2",0.169014826416969,"2"
"Drews","11",20261011,"TCGA-OR-A5K5","ACC","1",0.996379673480988,"1"
"Drews","11",20261011,"TCGA-OR-A5KV","ACC","2",0.503318846225739,"1"
"Drews","11",20261011,"TCGA-OR-A5LA","ACC","2",0.0621482655405998,"2"
"Drews","11",20261011,"TCGA-OR-A5LJ","ACC","2",0.991982519626617,"1"
"Drews","11",20261011,"TCGA-4Z-AA80","BLCA","1",0.999840974807739,"1"
"Drews","11",20261011,"TCGA-4Z-AA81","BLCA","1",0.994661509990692,"1"
"Drews","11",20261011,"TCGA-4Z-AA82","BLCA","1",0.999617218971252,"1"
"Drews","11",20261011,"TCGA-BL-A0C8","BLCA","1",0.999193727970123,"1"
"Drews","11",20261011,"TCGA-BL-A13J","BLCA","1",0.999873638153076,"1"
"Drews","11",20261011,"TCGA-BT-A42C","BLCA","1",0.999610483646393,"1"
"Drews","11",20261011,"TCGA-CF-A8HY","BLCA","1",0.994797945022583,"1"
"Drews","11",20261011,"TCGA-DK-A1A7","BLCA","1",0.99981826543808,"1"
"Drews","11",20261011,"TCGA-DK-A2HX","BLCA","1",0.993785381317139,"1"
"Drews","11",20261011,"TCGA-DK-A6AV","BLCA","1",0.999779403209686,"1"
"Drews","11",20261011,"TCGA-DK-AA6L","BLCA","1",0.999966740608215,"1"
"Drews","11",20261011,"TCGA-DK-AA71","BLCA","1",0.983628630638123,"1"
"Drews","11",20261011,"TCGA-E7-A6ME","BLCA","1",0.99985682964325,"1"
"Drews","11",20261011,"TCGA-E7-A85H","BLCA","1",0.99988853931427,"1"
"Drews","11",20261011,"TCGA-FD-A3N5","BLCA","1",0.997005045413971,"1"
"Drews","11",20261011,"TCGA-FD-A6TC","BLCA","1",0.999815285205841,"1"
"Drews","11",20261011,"TCGA-FD-A6TH","BLCA","1",0.999992728233337,"1"
"Drews","11",20261011,"TCGA-GV-A3JX","BLCA","1",0.999459803104401,"1"
"Drews","11",20261011,"TCGA-K4-A3WV","BLCA","1",0.999921321868896,"1"
"Drews","11",20261011,"TCGA-K4-A6MB","BLCA","1",0.999993920326233,"1"
"Drews","11",20261011,"TCGA-KQ-A41N","BLCA","1",0.998067080974579,"1"
"Drews","11",20261011,"TCGA-KQ-A41O","BLCA","1",0.999763429164886,"1"
"Drews","11",20261011,"TCGA-UY-A9PD","BLCA","1",0.999881982803345,"1"
"Drews","11",20261011,"TCGA-UY-A9PH","BLCA","1",0.998400509357452,"1"
"Drews","11",20261011,"TCGA-XF-A8HC","BLCA","1",0.999783456325531,"1"
"Drews","11",20261011,"TCGA-XF-A9SJ","BLCA","1",0.996952414512634,"1"
"Drews","11",20261011,"TCGA-XF-A9T6","BLCA","1",0.999534487724304,"1"
"Drews","11",20261011,"TCGA-XF-A9T8","BLCA","1",0.831538081169128,"1"
"Drews","11",20261011,"TCGA-XF-AAMG","BLCA","1",0.999974489212036,"1"
"Drews","11",20261011,"TCGA-XF-AAN7","BLCA","1",0.999590694904327,"1"
"Drews","11",20261011,"TCGA-ZF-A9R4","BLCA","1",0.998006522655487,"1"
"Drews","11",20261011,"TCGA-ZF-A9RE","BLCA","1",0.999801933765411,"1"
"Drews","11",20261011,"TCGA-ZF-AA51","BLCA","1",0.999851703643799,"1"
"Drews","11",20261011,"TCGA-3C-AALJ","BRCA","1",0.999457895755768,"1"
"Drews","11",20261011,"TCGA-A1-A0SI","BRCA","2",0.992424845695496,"1"
"Drews","11",20261011,"TCGA-A1-A0SN","BRCA","1",0.996224880218506,"1"
"Drews","11",20261011,"TCGA-A2-A04T","BRCA","1",0.99997615814209,"1"
"Drews","11",20261011,"TCGA-A2-A0EX","BRCA","1",0.490485697984695,"2"
"Drews","11",20261011,"TCGA-A2-A0EY","BRCA","1",0.997387588024139,"1"
"Drews","11",20261011,"TCGA-A2-A0T2","BRCA","1",0.992446005344391,"1"
"Drews","11",20261011,"TCGA-A2-A0T7","BRCA","1",0.998232424259186,"1"
"Drews","11",20261011,"TCGA-A2-A0YJ","BRCA","1",0.99989640712738,"1"
"Drews","11",20261011,"TCGA-A2-A0YT","BRCA","1",0.999860882759094,"1"
"Drews","11",20261011,"TCGA-A2-A25E","BRCA","1",0.999569952487946,"1"
"Drews","11",20261011,"TCGA-A2-A3Y0","BRCA","1",0.999712526798248,"1"
"Drews","11",20261011,"TCGA-A7-A0CD","BRCA","2",0.808782517910004,"1"
"Drews","11",20261011,"TCGA-A7-A0CJ","BRCA","1",0.999678015708923,"1"
"Drews","11",20261011,"TCGA-A7-A26E","BRCA","2",0.124035000801086,"2"
"Drews","11",20261011,"TCGA-A7-A5ZV","BRCA","1",0.999924302101135,"1"
"Drews","11",20261011,"TCGA-A7-A6VV","BRCA","1",0.999455034732819,"1"
"Drews","11",20261011,"TCGA-A7-A6VY","BRCA","1",0.999562203884125,"1"
"Drews","11",20261011,"TCGA-A8-A06Q","BRCA","1",0.992067456245422,"1"
"Drews","11",20261011,"TCGA-A8-A07G","BRCA","1",0.981908679008484,"1"
"Drews","11",20261011,"TCGA-A8-A094","BRCA","1",0.999685645103455,"1"
"Drews","11",20261011,"TCGA-A8-A097","BRCA","1",0.999927043914795,"1"
"Drews","11",20261011,"TCGA-A8-A099","BRCA","1",0.238034814596176,"2"
"Drews","11",20261011,"TCGA-A8-A09I","BRCA","1",0.999912023544312,"1"
"Drews","11",20261011,"TCGA-AC-A23C","BRCA","1",0.966202974319458,"1"
"Drews","11",20261011,"TCGA-AC-A2BM","BRCA","1",0.98271906375885,"1"
"Drews","11",20261011,"TCGA-AC-A3W5","BRCA","1",0.999256789684296,"1"
"Drews","11",20261011,"TCGA-AC-A5XU","BRCA","1",0.989860475063324,"1"
"Drews","11",20261011,"TCGA-AC-A7VB","BRCA","1",0.999621629714966,"1"
"Drews","11",20261011,"TCGA-AN-A04C","BRCA","1",0.999902486801147,"1"
"Drews","11",20261011,"TCGA-AN-A0FV","BRCA","1",0.999957323074341,"1"
"Drews","11",20261011,"TCGA-AN-A0FW","BRCA","1",0.997844696044922,"1"
"Drews","11",20261011,"TCGA-AN-A0XS","BRCA","2",0.664460718631744,"1"
"Drews","11",20261011,"TCGA-AO-A03L","BRCA","1",0.998732268810272,"1"
"Drews","11",20261011,"TCGA-AO-A03M","BRCA","1",0.998691022396088,"1"
"Drews","11",20261011,"TCGA-AO-A03N","BRCA","1",0.985787034034729,"1"
"Drews","11",20261011,"TCGA-AO-A03O","BRCA","1",0.999697327613831,"1"
"Drews","11",20261011,"TCGA-AR-A0TV","BRCA","1",0.998231470584869,"1"
"Drews","11",20261011,"TCGA-AR-A256","BRCA","1",0.999909162521362,"1"
"Drews","11",20261011,"TCGA-B6-A0I8","BRCA","1",0.999520778656006,"1"
"Drews","11",20261011,"TCGA-B6-A0IA","BRCA","1",0.937312126159668,"1"
"Drews","11",20261011,"TCGA-B6-A0IN","BRCA","1",0.999181687831879,"1"
"Drews","11",20261011,"TCGA-B6-A0RV","BRCA","1",0.312694609165192,"2"
"Drews","11",20261011,"TCGA-BH-A0B5","BRCA","2",0.854708909988403,"1"
"Drews","11",20261011,"TCGA-BH-A0DD","BRCA","1",0.999602019786835,"1"
"Drews","11",20261011,"TCGA-BH-A0DG","BRCA","1",0.999687433242798,"1"
"Drews","11",20261011,"TCGA-BH-A0DZ","BRCA","1",0.99756795167923,"1"
"Drews","11",20261011,"TCGA-BH-A0H6","BRCA","2",0.555894613265991,"1"
"Drews","11",20261011,"TCGA-BH-A0HL","BRCA","1",0.999257266521454,"1"
"Drews","11",20261011,"TCGA-BH-A0HX","BRCA","1",0.999481022357941,"1"
"Drews","11",20261011,"TCGA-BH-A18K","BRCA","1",0.99793952703476,"1"
"Drews","11",20261011,"TCGA-BH-A18N","BRCA","2",0.809643030166626,"1"
"Drews","11",20261011,"TCGA-BH-A1EN","BRCA","1",0.990807592868805,"1"
"Drews","11",20261011,"TCGA-BH-A1EV","BRCA","1",0.989412009716034,"1"
"Drews","11",20261011,"TCGA-BH-A1FE","BRCA","1",0.994119167327881,"1"
"Drews","11",20261011,"TCGA-BH-A1FL","BRCA","2",0.130138918757439,"2"
"Drews","11",20261011,"TCGA-BH-A1FM","BRCA","1",0.999513506889343,"1"
"Drews","11",20261011,"TCGA-BH-A1FN","BRCA","1",0.998039782047272,"1"
"Drews","11",20261011,"TCGA-BH-A5J0","BRCA","1",0.993720769882202,"1"
"Drews","11",20261011,"TCGA-BH-A8FY","BRCA","2",0.791459798812866,"1"
"Drews","11",20261011,"TCGA-C8-A12K","BRCA","1",0.999768435955048,"1"
"Drews","11",20261011,"TCGA-C8-A12L","BRCA","1",0.999859213829041,"1"
"Drews","11",20261011,"TCGA-C8-A134","BRCA","1",0.999856114387512,"1"
"Drews","11",20261011,"TCGA-C8-A137","BRCA","1",0.993156254291534,"1"
"Drews","11",20261011,"TCGA-D8-A147","BRCA","1",0.999937415122986,"1"
"Drews","11",20261011,"TCGA-D8-A1JA","BRCA","1",0.996608018875122,"1"
"Drews","11",20261011,"TCGA-D8-A1XW","BRCA","1",0.998405277729034,"1"
"Drews","11",20261011,"TCGA-D8-A1Y3","BRCA","1",0.996491372585297,"1"
"Drews","11",20261011,"TCGA-D8-A27F","BRCA","1",0.999991178512573,"1"
"Drews","11",20261011,"TCGA-D8-A27H","BRCA","1",0.99999213218689,"1"
"Drews","11",20261011,"TCGA-D8-A27M","BRCA","1",0.999434411525726,"1"
"Drews","11",20261011,"TCGA-D8-A27V","BRCA","1",0.0468540415167809,"2"
"Drews","11",20261011,"TCGA-E2-A150","BRCA","1",0.999929308891296,"1"
"Drews","11",20261011,"TCGA-E2-A155","BRCA","1",0.997810900211334,"1"
"Drews","11",20261011,"TCGA-E2-A1II","BRCA","1",0.997919976711273,"1"
"Drews","11",20261011,"TCGA-E2-A1LA","BRCA","1",0.99497127532959,"1"
"Drews","11",20261011,"TCGA-E9-A1NA","BRCA","1",0.999317049980164,"1"
"Drews","11",20261011,"TCGA-E9-A1R2","BRCA","1",0.999132215976715,"1"
"Drews","11",20261011,"TCGA-E9-A229","BRCA","1",0.966164469718933,"1"
"Drews","11",20261011,"TCGA-E9-A22E","BRCA","1",0.993546307086945,"1"
"Drews","11",20261011,"TCGA-E9-A22G","BRCA","1",0.999402761459351,"1"
"Drews","11",20261011,"TCGA-E9-A5UO","BRCA","1",0.996122300624847,"1"
"Drews","11",20261011,"TCGA-EW-A1J3","BRCA","1",0.956310987472534,"1"
"Drews","11",20261011,"TCGA-EW-A1OX","BRCA","1",0.976005494594574,"1"
"Drews","11",20261011,"TCGA-EW-A1P6","BRCA","2",0.94549685716629,"1"
"Drews","11",20261011,"TCGA-EW-A2FS","BRCA","1",0.998368561267853,"1"
"Drews","11",20261011,"TCGA-EW-A423","BRCA","1",0.911642730236053,"1"
"Drews","11",20261011,"TCGA-EW-A6SC","BRCA","1",0.976358115673065,"1"
"Drews","11",20261011,"TCGA-GM-A2DC","BRCA","1",0.913268327713013,"1"
"Drews","11",20261011,"TCGA-OL-A5D7","BRCA","1",0.999757945537567,"1"
"Drews","11",20261011,"TCGA-OL-A5RU","BRCA","2",0.0790481343865395,"2"
"Drews","11",20261011,"TCGA-OL-A5RV","BRCA","2",0.0887828320264816,"2"
"Drews","11",20261011,"TCGA-S3-AA10","BRCA","1",0.999534606933594,"1"
"Drews","11",20261011,"TCGA-S3-AA14","BRCA","1",0.914103388786316,"1"
"Drews","11",20261011,"TCGA-WT-AB44","BRCA","2",0.333802938461304,"2"
"Drews","11",20261011,"TCGA-C5-A1M6","CESC","1",0.999821126461029,"1"
"Drews","11",20261011,"TCGA-C5-A2LY","CESC","1",0.842772424221039,"1"
"Drews","11",20261011,"TCGA-C5-A7X5","CESC","1",0.999591290950775,"1"
"Drews","11",20261011,"TCGA-C5-A905","CESC","2",0.97850501537323,"1"
"Drews","11",20261011,"TCGA-C5-A907","CESC","1",0.997529089450836,"1"
"Drews","11",20261011,"TCGA-DG-A2KJ","CESC","1",0.658417642116547,"1"
"Drews","11",20261011,"TCGA-EK-A2RE","CESC","2",0.986020863056183,"1"
"Drews","11",20261011,"TCGA-EK-A2RN","CESC","2",0.725855052471161,"1"
"Drews","11",20261011,"TCGA-JX-A3Q0","CESC","2",0.84140932559967,"1"
"Drews","11",20261011,"TCGA-UC-A7PD","CESC","1",0.382404178380966,"2"
"Drews","11",20261011,"TCGA-VS-A8QF","CESC","1",0.995852947235107,"1"
"Drews","11",20261011,"TCGA-VS-A9U5","CESC","1",0.970614194869995,"1"
"Drews","11",20261011,"TCGA-VS-A9UD","CESC","1",0.989828884601593,"1"
"Drews","11",20261011,"TCGA-VS-A9UM","CESC","1",0.980516076087952,"1"
"Drews","11",20261011,"TCGA-ZJ-A8QR","CESC","1",0.999122679233551,"1"
"Drews","11",20261011,"TCGA-ZJ-AAXD","CESC","2",0.632480919361115,"1"
"Drews","11",20261011,"TCGA-W5-AA2X","CHOL","1",0.999603688716888,"1"
"Drews","11",20261011,"TCGA-A6-3807","COAD","1",0.930790424346924,"1"
"Drews","11",20261011,"TCGA-AA-3514","COAD","1",0.778166174888611,"1"
"Drews","11",20261011,"TCGA-AA-3548","COAD","1",0.961362600326538,"1"
"Drews","11",20261011,"TCGA-AA-3549","COAD","1",0.985240995883942,"1"
"Drews","11",20261011,"TCGA-AA-3685","COAD","1",0.954527676105499,"1"
"Drews","11",20261011,"TCGA-AA-3814","COAD","2",0.187645554542542,"2"
"Drews","11",20261011,"TCGA-AA-A00Z","COAD","1",0.956492006778717,"1"
"Drews","11",20261011,"TCGA-AA-A01Z","COAD","1",0.995009779930115,"1"
"Drews","11",20261011,"TCGA-AU-3779","COAD","1",0.791393041610718,"1"
"Drews","11",20261011,"TCGA-AU-6004","COAD","2",0.0874660015106201,"2"
"Drews","11",20261011,"TCGA-CA-6719","COAD","1",0.994803845882416,"1"
"Drews","11",20261011,"TCGA-CK-5914","COAD","1",0.630991101264954,"1"
"Drews","11",20261011,"TCGA-CM-5341","COAD","1",0.279939502477646,"2"
"Drews","11",20261011,"TCGA-CM-5862","COAD","1",0.995196521282196,"1"
"Drews","11",20261011,"TCGA-CM-6168","COAD","2",0.0592275932431221,"2"
"Drews","11",20261011,"TCGA-CM-6170","COAD","1",0.656511127948761,"1"
"Drews","11",20261011,"TCGA-D5-6533","COAD","1",0.966555655002594,"1"
"Drews","11",20261011,"TCGA-D5-6928","COAD","2",0.839473843574524,"1"
"Drews","11",20261011,"TCGA-G4-6309","COAD","2",0.254269301891327,"2"
"Drews","11",20261011,"TCGA-NH-A6GB","COAD","1",0.981195032596588,"1"
"Drews","11",20261011,"TCGA-QG-A5YX","COAD","2",0.513470411300659,"1"
"Drews","11",20261011,"TCGA-GS-A9TY","DLBC","1",0.974367797374725,"1"
"Drews","11",20261011,"TCGA-2H-A9GM","ESCA","1",0.999978542327881,"1"
"Drews","11",20261011,"TCGA-2H-A9GN","ESCA","1",0.999988198280334,"1"
"Drews","11",20261011,"TCGA-IG-A3YB","ESCA","1",0.87617689371109,"1"
"Drews","11",20261011,"TCGA-JY-A6FH","ESCA","1",0.99997889995575,"1"
"Drews","11",20261011,"TCGA-L5-A88S","ESCA","1",0.982647359371185,"1"
"Drews","11",20261011,"TCGA-L5-A88Z","ESCA","2",0.991827487945557,"1"
"Drews","11",20261011,"TCGA-L5-A8NE","ESCA","1",0.999835848808289,"1"
"Drews","11",20261011,"TCGA-L5-A8NR","ESCA","1",0.999917984008789,"1"
"Drews","11",20261011,"TCGA-LN-A49L","ESCA","1",0.99992573261261,"1"
"Drews","11",20261011,"TCGA-LN-A49U","ESCA","1",0.998465061187744,"1"
"Drews","11",20261011,"TCGA-LN-A49V","ESCA","1",0.998781859874725,"1"
"Drews","11",20261011,"TCGA-LN-A4A3","ESCA","1",0.999484658241272,"1"
"Drews","11",20261011,"TCGA-LN-A4A4","ESCA","1",0.999691247940063,"1"
"Drews","11",20261011,"TCGA-LN-A5U5","ESCA","1",0.999416708946228,"1"
"Drews","11",20261011,"TCGA-LN-A7HX","ESCA","1",0.999943971633911,"1"
"Drews","11",20261011,"TCGA-Q9-A6FW","ESCA","1",0.995182812213898,"1"
"Drews","11",20261011,"TCGA-V5-A7RC","ESCA","1",0.999985098838806,"1"
"Drews","11",20261011,"TCGA-VR-A8ER","ESCA","1",0.999942183494568,"1"
"Drews","11",20261011,"TCGA-27-1834","GBM","2",0.700386881828308,"1"
"Drews","11",20261011,"TCGA-28-5204","GBM","1",0.530981600284576,"1"
"Drews","11",20261011,"TCGA-32-2632","GBM","1",0.954697489738464,"1"
"Drews","11",20261011,"TCGA-41-3915","GBM","1",0.862372875213623,"1"
"Drews","11",20261011,"TCGA-76-4925","GBM","1",0.981571793556213,"1"
"Drews","11",20261011,"TCGA-76-4931","GBM","1",0.86355847120285,"1"
"Drews","11",20261011,"TCGA-BA-4076","HNSC","1",0.997442483901978,"1"
"Drews","11",20261011,"TCGA-BA-5149","HNSC","1",0.952184915542603,"1"
"Drews","11",20261011,"TCGA-BA-6873","HNSC","1",0.995303392410278,"1"
"Drews","11",20261011,"TCGA-CN-4741","HNSC","2",0.98778373003006,"1"
"Drews","11",20261011,"TCGA-CQ-5327","HNSC","2",0.018553925678134,"2"
"Drews","11",20261011,"TCGA-CQ-6228","HNSC","1",0.999097347259521,"1"
"Drews","11",20261011,"TCGA-CV-5432","HNSC","1",0.998206853866577,"1"
"Drews","11",20261011,"TCGA-CV-6935","HNSC","1",0.997600495815277,"1"
"Drews","11",20261011,"TCGA-CV-7243","HNSC","1",0.996919631958008,"1"
"Drews","11",20261011,"TCGA-CV-A6K2","HNSC","2",0.815249681472778,"1"
"Drews","11",20261011,"TCGA-CX-7086","HNSC","1",0.995247662067413,"1"
"Drews","11",20261011,"TCGA-CX-A4AQ","HNSC","2",0.997285962104797,"1"
"Drews","11",20261011,"TCGA-D6-A4ZB","HNSC","1",0.99800044298172,"1"
"Drews","11",20261011,"TCGA-F7-8298","HNSC","1",0.999382972717285,"1"
"Drews","11",20261011,"TCGA-HD-8635","HNSC","1",0.999406576156616,"1"
"Drews","11",20261011,"TCGA-IQ-7630","HNSC","1",0.98115462064743,"1"
"Drews","11",20261011,"TCGA-IQ-A6SH","HNSC","1",0.998787820339203,"1"
"Drews","11",20261011,"TCGA-KU-A66T","HNSC","1",0.999978065490723,"1"
"Drews","11",20261011,"TCGA-MT-A51X","HNSC","1",0.936738133430481,"1"
"Drews","11",20261011,"TCGA-P3-A6T2","HNSC","2",0.759155511856079,"1"
"Drews","11",20261011,"TCGA-QK-A6V9","HNSC","2",0.897310733795166,"1"
"Drews","11",20261011,"TCGA-QK-A8Z9","HNSC","1",0.999398589134216,"1"
"Drews","11",20261011,"TCGA-T2-A6WZ","HNSC","1",0.96735417842865,"1"
"Drews","11",20261011,"TCGA-KL-8327","KICH","2",0.0287965200841427,"2"
"Drews","11",20261011,"TCGA-KL-8341","KICH","1",0.160696178674698,"2"
"Drews","11",20261011,"TCGA-KL-8343","KICH","2",0.0121537568047643,"2"
"Drews","11",20261011,"TCGA-KN-8425","KICH","2",0.000465354329207912,"2"
"Drews","11",20261011,"TCGA-KN-8432","KICH","2",0.00299735390581191,"2"
"Drews","11",20261011,"TCGA-KO-8409","KICH","2",0.0334115214645863,"2"
"Drews","11",20261011,"TCGA-KO-8410","KICH","2",0.00107076391577721,"2"
"Drews","11",20261011,"TCGA-AK-3458","KIRC","2",0.001358438632451,"2"
"Drews","11",20261011,"TCGA-B0-5402","KIRC","2",0.00177157844882458,"2"
"Drews","11",20261011,"TCGA-B0-5696","KIRC","2",0.000207654084078968,"2"
"Drews","11",20261011,"TCGA-BP-4164","KIRC","2",0.0198051854968071,"2"
"Drews","11",20261011,"TCGA-BP-4992","KIRC","2",0.10855008661747,"2"
"Drews","11",20261011,"TCGA-BP-5168","KIRC","2",0.000663290091324598,"2"
"Drews","11",20261011,"TCGA-CJ-4902","KIRC","2",0.00072393799200654,"2"
"Drews","11",20261011,"TCGA-CJ-5677","KIRC","2",0.181999012827873,"2"
"Drews","11",20261011,"TCGA-CJ-5678","KIRC","2",0.000648908608127385,"2"
"Drews","11",20261011,"TCGA-CJ-5679","KIRC","2",0.0185061171650887,"2"
"Drews","11",20261011,"TCGA-CJ-6027","KIRC","2",0.0119204521179199,"2"
"Drews","11",20261011,"TCGA-CW-5580","KIRC","2",0.000467088248115033,"2"
"Drews","11",20261011,"TCGA-CZ-5457","KIRC","2",0.00024261701037176,"2"
"Drews","11",20261011,"TCGA-CZ-5985","KIRC","2",0.00130233599338681,"2"
"Drews","11",20261011,"TCGA-CZ-5989","KIRC","2",0.00928874127566814,"2"
"Drews","11",20261011,"TCGA-B9-4114","KIRP","2",0.0581912025809288,"2"
"Drews","11",20261011,"TCGA-B9-A44B","KIRP","1",0.536549746990204,"1"
"Drews","11",20261011,"TCGA-B9-A69E","KIRP","1",0.00325287319719791,"2"
"Drews","11",20261011,"TCGA-BQ-5880","KIRP","2",0.00505709229037166,"2"
"Drews","11",20261011,"TCGA-BQ-5894","KIRP","2",0.58069384098053,"1"
"Drews","11",20261011,"TCGA-HE-A5NJ","KIRP","2",0.0478644780814648,"2"
"Drews","11",20261011,"TCGA-P4-A5E8","KIRP","2",0.0348309502005577,"2"
"Drews","11",20261011,"TCGA-Q2-A5QZ","KIRP","1",0.109713740646839,"2"
"Drews","11",20261011,"TCGA-UZ-A9PZ","KIRP","2",0.090667687356472,"2"
"Drews","11",20261011,"TCGA-CS-6670","LGG","2",0.00423650303855538,"2"
"Drews","11",20261011,"TCGA-DB-5277","LGG","1",0.978931963443756,"1"
"Drews","11",20261011,"TCGA-DB-A4XH","LGG","2",0.0014691490214318,"2"
"Drews","11",20261011,"TCGA-DH-A7UT","LGG","2",0.0702708661556244,"2"
"Drews","11",20261011,"TCGA-DU-7010","LGG","1",0.979239046573639,"1"
"Drews","11",20261011,"TCGA-DU-7013","LGG","2",0.818029463291168,"1"
"Drews","11",20261011,"TCGA-DU-7294","LGG","2",0.00169417087454349,"2"
"Drews","11",20261011,"TCGA-DU-A5TY","LGG","1",0.450463652610779,"2"
"Drews","11",20261011,"TCGA-DU-A7T6","LGG","1",0.107999347150326,"2"
"Drews","11",20261011,"TCGA-DU-A7TA","LGG","1",0.0991054251790047,"2"
"Drews","11",20261011,"TCGA-E1-5304","LGG","1",0.996460139751434,"1"
"Drews","11",20261011,"TCGA-E1-A7YD","LGG","1",0.998435795307159,"1"
"Drews","11",20261011,"TCGA-FG-7634","LGG","2",0.00264732353389263,"2"
"Drews","11",20261011,"TCGA-FG-8191","LGG","2",0.122188530862331,"2"
"Drews","11",20261011,"TCGA-FG-A6J3","LGG","1",0.875865519046783,"1"
"Drews","11",20261011,"TCGA-HT-7471","LGG","2",0.00772641133517027,"2"
"Drews","11",20261011,"TCGA-HT-7611","LGG","1",0.0359881930053234,"2"
"Drews","11",20261011,"TCGA-HT-7693","LGG","2",0.0154101476073265,"2"
"Drews","11",20261011,"TCGA-QH-A6XC","LGG","2",0.0469875074923038,"2"
"Drews","11",20261011,"TCGA-R8-A73M","LGG","2",0.00623445771634579,"2"
"Drews","11",20261011,"TCGA-S9-A6U6","LGG","2",0.112195238471031,"2"
"Drews","11",20261011,"TCGA-S9-A6WH","LGG","2",0.0077353767119348,"2"
"Drews","11",20261011,"TCGA-S9-A7R1","LGG","2",0.000619187951087952,"2"
"Drews","11",20261011,"TCGA-TM-A84J","LGG","1",0.997344195842743,"1"
"Drews","11",20261011,"TCGA-2Y-A9GY","LIHC","1",0.997893631458282,"1"
"Drews","11",20261011,"TCGA-2Y-A9H3","LIHC","1",0.948985457420349,"1"
"Drews","11",20261011,"TCGA-BC-4073","LIHC","1",0.973650634288788,"1"
"Drews","11",20261011,"TCGA-BC-A10R","LIHC","1",0.955869317054749,"1"
"Drews","11",20261011,"TCGA-BC-A8YO","LIHC","1",0.997310400009155,"1"
"Drews","11",20261011,"TCGA-CC-A3MA","LIHC","1",0.994057178497314,"1"
"Drews","11",20261011,"TCGA-CC-A7IJ","LIHC","1",0.999534964561462,"1"
"Drews","11",20261011,"TCGA-DD-AACJ","LIHC","2",0.91466236114502,"1"
"Drews","11",20261011,"TCGA-DD-AACX","LIHC","2",0.652177333831787,"1"
"Drews","11",20261011,"TCGA-DD-AADK","LIHC","2",0.673101305961609,"1"
"Drews","11",20261011,"TCGA-DD-AAVW","LIHC","1",0.824668109416962,"1"
"Drews","11",20261011,"TCGA-DD-AAVY","LIHC","2",0.804612994194031,"1"
"Drews","11",20261011,"TCGA-EP-A2KB","LIHC","2",0.535463809967041,"1"
"Drews","11",20261011,"TCGA-EP-A2KC","LIHC","2",0.205723270773888,"2"
"Drews","11",20261011,"TCGA-G3-A5SL","LIHC","1",0.566049575805664,"1"
"Drews","11",20261011,"TCGA-G3-A7M9","LIHC","1",0.999914765357971,"1"
"Drews","11",20261011,"TCGA-LG-A6GG","LIHC","1",0.637625336647034,"1"
"Drews","11",20261011,"TCGA-RC-A7SK","LIHC","1",0.851899027824402,"1"
"Drews","11",20261011,"TCGA-UB-A7MB","LIHC","1",0.997454822063446,"1"
"Drews","11",20261011,"TCGA-UB-A7MD","LIHC","2",0.965161442756653,"1"
"Drews","11",20261011,"TCGA-WJ-A86L","LIHC","1",0.999888062477112,"1"
"Drews","11",20261011,"TCGA-05-4432","LUAD","1",0.999843955039978,"1"
"Drews","11",20261011,"TCGA-05-4433","LUAD","1",0.972896695137024,"1"
"Drews","11",20261011,"TCGA-05-5715","LUAD","1",0.946287870407104,"1"
"Drews","11",20261011,"TCGA-38-4630","LUAD","1",0.999924659729004,"1"
"Drews","11",20261011,"TCGA-44-7660","LUAD","1",0.999829530715942,"1"
"Drews","11",20261011,"TCGA-44-7670","LUAD","1",0.999758422374725,"1"
"Drews","11",20261011,"TCGA-44-8117","LUAD","1",0.997885406017303,"1"
"Drews","11",20261011,"TCGA-44-A47A","LUAD","2",0.958504498004913,"1"
"Drews","11",20261011,"TCGA-44-A47B","LUAD","1",0.987446844577789,"1"
"Drews","11",20261011,"TCGA-49-4505","LUAD","1",0.997196316719055,"1"
"Drews","11",20261011,"TCGA-49-AAR0","LUAD","1",0.990612208843231,"1"
"Drews","11",20261011,"TCGA-49-AARQ","LUAD","1",0.996886432170868,"1"
"Drews","11",20261011,"TCGA-50-6597","LUAD","1",0.963904917240143,"1"
"Drews","11",20261011,"TCGA-55-7907","LUAD","1",0.991354763507843,"1"
"Drews","11",20261011,"TCGA-55-7910","LUAD","1",0.999956846237183,"1"
"Drews","11",20261011,"TCGA-55-8094","LUAD","1",0.999903798103333,"1"
"Drews","11",20261011,"TCGA-55-A48Z","LUAD","1",0.999394774436951,"1"
"Drews","11",20261011,"TCGA-62-A46O","LUAD","1",0.999958992004395,"1"
"Drews","11",20261011,"TCGA-64-5775","LUAD","1",0.998281359672546,"1"
"Drews","11",20261011,"TCGA-67-3773","LUAD","1",0.297010898590088,"2"
"Drews","11",20261011,"TCGA-78-7220","LUAD","1",0.99957662820816,"1"
"Drews","11",20261011,"TCGA-86-6851","LUAD","1",0.99989914894104,"1"
"Drews","11",20261011,"TCGA-86-7701","LUAD","1",0.990844547748566,"1"
"Drews","11",20261011,"TCGA-86-8056","LUAD","1",0.972136735916138,"1"
"Drews","11",20261011,"TCGA-91-6831","LUAD","1",0.999983072280884,"1"
"Drews","11",20261011,"TCGA-L9-A444","LUAD","1",0.999859094619751,"1"
"Drews","11",20261011,"TCGA-NJ-A4YP","LUAD","2",0.701912105083466,"1"
"Drews","11",20261011,"TCGA-18-3421","LUSC","1",0.989443778991699,"1"
"Drews","11",20261011,"TCGA-18-4721","LUSC","1",0.99979442358017,"1"
"Drews","11",20261011,"TCGA-21-A5DI","LUSC","1",0.977236270904541,"1"
"Drews","11",20261011,"TCGA-22-4613","LUSC","1",0.99996280670166,"1"
"Drews","11",20261011,"TCGA-22-5491","LUSC","1",0.999471366405487,"1"
"Drews","11",20261011,"TCGA-22-A5C4","LUSC","1",0.999748289585114,"1"
"Drews","11",20261011,"TCGA-33-6737","LUSC","1",0.999848127365112,"1"
"Drews","11",20261011,"TCGA-33-AASJ","LUSC","1",0.998933017253876,"1"
"Drews","11",20261011,"TCGA-37-3789","LUSC","1",0.999899625778198,"1"
"Drews","11",20261011,"TCGA-37-4135","LUSC","1",0.999959468841553,"1"
"Drews","11",20261011,"TCGA-39-5035","LUSC","1",0.996464371681213,"1"
"Drews","11",20261011,"TCGA-43-3920","LUSC","1",0.999776542186737,"1"
"Drews","11",20261011,"TCGA-43-6770","LUSC","1",0.999721705913544,"1"
"Drews","11",20261011,"TCGA-43-7657","LUSC","1",0.999902129173279,"1"
"Drews","11",20261011,"TCGA-43-7658","LUSC","1",0.999914288520813,"1"
"Drews","11",20261011,"TCGA-43-A56V","LUSC","1",0.999929070472717,"1"
"Drews","11",20261011,"TCGA-52-7809","LUSC","1",0.999982357025146,"1"
"Drews","11",20261011,"TCGA-56-7580","LUSC","1",0.999362289905548,"1"
"Drews","11",20261011,"TCGA-56-A49D","LUSC","1",0.999718964099884,"1"
"Drews","11",20261011,"TCGA-60-2698","LUSC","1",0.999675273895264,"1"
"Drews","11",20261011,"TCGA-60-2711","LUSC","1",0.999890923500061,"1"
"Drews","11",20261011,"TCGA-60-2722","LUSC","1",0.999674081802368,"1"
"Drews","11",20261011,"TCGA-60-2724","LUSC","1",0.999624133110046,"1"
"Drews","11",20261011,"TCGA-63-A5MW","LUSC","1",0.999973177909851,"1"
"Drews","11",20261011,"TCGA-66-2756","LUSC","1",0.99997091293335,"1"
"Drews","11",20261011,"TCGA-66-2757","LUSC","1",0.999979019165039,"1"
"Drews","11",20261011,"TCGA-66-2793","LUSC","1",0.999943971633911,"1"
"Drews","11",20261011,"TCGA-66-2794","LUSC","1",0.995379567146301,"1"
"Drews","11",20261011,"TCGA-85-6560","LUSC","1",0.998491883277893,"1"
"Drews","11",20261011,"TCGA-85-8071","LUSC","1",0.998453140258789,"1"
"Drews","11",20261011,"TCGA-85-8354","LUSC","1",0.99996280670166,"1"
"Drews","11",20261011,"TCGA-85-A510","LUSC","1",0.999594628810883,"1"
"Drews","11",20261011,"TCGA-NC-A5HQ","LUSC","1",0.998629093170166,"1"
"Drews","11",20261011,"TCGA-O2-A52Q","LUSC","1",0.999496102333069,"1"
"Drews","11",20261011,"TCGA-3U-A98E","MESO","2",0.169215798377991,"2"
"Drews","11",20261011,"TCGA-MQ-A4LJ","MESO","1",0.662766814231873,"1"
"Drews","11",20261011,"TCGA-MQ-A4LP","MESO","1",0.999702870845795,"1"
"Drews","11",20261011,"TCGA-MQ-A6BR","MESO","2",0.0411494448781013,"2"
"Drews","11",20261011,"TCGA-04-1348","OV","1",0.999969363212585,"1"
"Drews","11",20261011,"TCGA-04-1357","OV","1",0.995175957679749,"1"
"Drews","11",20261011,"TCGA-09-2051","OV","1",0.999691963195801,"1"
"Drews","11",20261011,"TCGA-13-1507","OV","1",0.999338567256927,"1"
"Drews","11",20261011,"TCGA-20-1682","OV","1",0.999933123588562,"1"
"Drews","11",20261011,"TCGA-20-1687","OV","1",0.861919224262238,"1"
"Drews","11",20261011,"TCGA-23-1114","OV","1",0.999987244606018,"1"
"Drews","11",20261011,"TCGA-23-1123","OV","1",0.999985218048096,"1"
"Drews","11",20261011,"TCGA-24-1103","OV","1",0.999972939491272,"1"
"Drews","11",20261011,"TCGA-24-1430","OV","1",0.999104201793671,"1"
"Drews","11",20261011,"TCGA-24-1469","OV","1",0.999997854232788,"1"
"Drews","11",20261011,"TCGA-24-1474","OV","1",0.999647855758667,"1"
"Drews","11",20261011,"TCGA-24-2033","OV","1",0.999772608280182,"1"
"Drews","11",20261011,"TCGA-24-2035","OV","1",0.999650478363037,"1"
"Drews","11",20261011,"TCGA-25-1314","OV","1",0.998999774456024,"1"
"Drews","11",20261011,"TCGA-25-1315","OV","1",0.999989867210388,"1"
"Drews","11",20261011,"TCGA-25-1319","OV","1",0.999947309494019,"1"
"Drews","11",20261011,"TCGA-25-2404","OV","1",0.999956846237183,"1"
"Drews","11",20261011,"TCGA-29-1763","OV","1",0.999656438827515,"1"
"Drews","11",20261011,"TCGA-29-1776","OV","1",0.999971985816956,"1"
"Drews","11",20261011,"TCGA-29-1778","OV","1",0.997028052806854,"1"
"Drews","11",20261011,"TCGA-29-1781","OV","1",0.998384594917297,"1"
"Drews","11",20261011,"TCGA-30-1857","OV","1",0.999744951725006,"1"
"Drews","11",20261011,"TCGA-59-2350","OV","1",0.999955892562866,"1"
"Drews","11",20261011,"TCGA-59-2352","OV","1",0.999863147735596,"1"
"Drews","11",20261011,"TCGA-61-1728","OV","1",0.999893665313721,"1"
"Drews","11",20261011,"TCGA-61-1736","OV","1",0.999489188194275,"1"
"Drews","11",20261011,"TCGA-61-2002","OV","1",0.999855041503906,"1"
"Drews","11",20261011,"TCGA-61-2008","OV","1",0.999624848365784,"1"
"Drews","11",20261011,"TCGA-61-2094","OV","1",0.999003946781158,"1"
"Drews","11",20261011,"TCGA-61-2111","OV","1",0.999961137771606,"1"
"Drews","11",20261011,"TCGA-VG-A8LO","OV","1",0.999866008758545,"1"
"Drews","11",20261011,"TCGA-WR-A838","OV","1",0.999952435493469,"1"
"Drews","11",20261011,"TCGA-3A-A9IC","PAAD","1",0.998889863491058,"1"
"Drews","11",20261011,"TCGA-3A-A9IN","PAAD","1",0.305762261152267,"2"
"Drews","11",20261011,"TCGA-3A-A9IO","PAAD","1",0.148585706949234,"2"
"Drews","11",20261011,"TCGA-FB-AAQ2","PAAD","1",0.996515393257141,"1"
"Drews","11",20261011,"TCGA-S4-A8RO","PAAD","1",0.809801876544952,"1"
"Drews","11",20261011,"TCGA-QR-A6GU","PCPG","2",0.150122538208961,"2"
"Drews","11",20261011,"TCGA-QR-A70P","PCPG","2",0.132721796631813,"2"
"Drews","11",20261011,"TCGA-QR-A70V","PCPG","1",0.0668358728289604,"2"
"Drews","11",20261011,"TCGA-QT-A5XK","PCPG","2",0.031837597489357,"2"
"Drews","11",20261011,"TCGA-RM-A68W","PCPG","2",0.112368561327457,"2"
"Drews","11",20261011,"TCGA-RW-A68A","PCPG","2",0.276010662317276,"2"
"Drews","11",20261011,"TCGA-SR-A6MP","PCPG","1",0.012062800116837,"2"
"Drews","11",20261011,"TCGA-SR-A6MR","PCPG","1",0.120246231555939,"2"
"Drews","11",20261011,"TCGA-SR-A6MZ","PCPG","2",0.00250958045944571,"2"
"Drews","11",20261011,"TCGA-TT-A6YK","PCPG","2",0.0593302473425865,"2"
"Drews","11",20261011,"TCGA-CH-5737","PRAD","1",0.699815452098846,"1"
"Drews","11",20261011,"TCGA-CH-5751","PRAD","1",0.999252378940582,"1"
"Drews","11",20261011,"TCGA-EJ-A46G","PRAD","1",0.997003257274628,"1"
"Drews","11",20261011,"TCGA-EJ-A8FN","PRAD","1",0.979931235313416,"1"
"Drews","11",20261011,"TCGA-HC-A4ZV","PRAD","1",0.999863982200623,"1"
"Drews","11",20261011,"TCGA-HC-A76W","PRAD","2",0.742420077323914,"1"
"Drews","11",20261011,"TCGA-J4-A67N","PRAD","1",0.878690600395203,"1"
"Drews","11",20261011,"TCGA-KC-A7F3","PRAD","1",0.924788415431976,"1"
"Drews","11",20261011,"TCGA-KK-A59X","PRAD","1",0.995787680149078,"1"
"Drews","11",20261011,"TCGA-KK-A6E8","PRAD","1",0.996749758720398,"1"
"Drews","11",20261011,"TCGA-KK-A7AQ","PRAD","1",0.999280035495758,"1"
"Drews","11",20261011,"TCGA-KK-A8IK","PRAD","1",0.999959230422974,"1"
"Drews","11",20261011,"TCGA-V1-A8ML","PRAD","2",0.767793953418732,"1"
"Drews","11",20261011,"TCGA-V1-A8WW","PRAD","1",0.999596059322357,"1"
"Drews","11",20261011,"TCGA-XK-AAJA","PRAD","1",0.987628817558289,"1"
"Drews","11",20261011,"TCGA-YL-A8S8","PRAD","1",0.999185860157013,"1"
"Drews","11",20261011,"TCGA-ZG-A9LN","PRAD","1",0.978915750980377,"1"
"Drews","11",20261011,"TCGA-ZG-A9N3","PRAD","1",0.99904865026474,"1"
"Drews","11",20261011,"TCGA-AF-2693","READ","1",0.879941642284393,"1"
"Drews","11",20261011,"TCGA-AG-4022","READ","2",0.217906028032303,"2"
"Drews","11",20261011,"TCGA-AG-A01Y","READ","1",0.999195754528046,"1"
"Drews","11",20261011,"TCGA-AG-A02N","READ","2",0.320702135562897,"2"
"Drews","11",20261011,"TCGA-AG-A02X","READ","1",0.99854564666748,"1"
"Drews","11",20261011,"TCGA-DY-A1DG","READ","1",0.993203520774841,"1"
"Drews","11",20261011,"TCGA-F5-6813","READ","1",0.901051938533783,"1"
"Drews","11",20261011,"TCGA-G5-6233","READ","1",0.97740912437439,"1"
"Drews","11",20261011,"TCGA-G5-6572","READ","2",0.112466834485531,"2"
"Drews","11",20261011,"TCGA-3B-A9HO","SARC","1",0.905767321586609,"1"
"Drews","11",20261011,"TCGA-3B-A9HS","SARC","1",0.998796582221985,"1"
"Drews","11",20261011,"TCGA-3B-A9I1","SARC","1",0.990096211433411,"1"
"Drews","11",20261011,"TCGA-3R-A8YX","SARC","1",0.999524593353271,"1"
"Drews","11",20261011,"TCGA-DX-A1L2","SARC","1",0.951158881187439,"1"
"Drews","11",20261011,"TCGA-DX-A3LY","SARC","1",0.972901880741119,"1"
"Drews","11",20261011,"TCGA-DX-A6B8","SARC","1",0.999947428703308,"1"
"Drews","11",20261011,"TCGA-DX-A6YU","SARC","1",0.991571664810181,"1"
"Drews","11",20261011,"TCGA-DX-AATS","SARC","1",0.999922633171082,"1"
"Drews","11",20261011,"TCGA-DX-AB2T","SARC","1",0.993859112262726,"1"
"Drews","11",20261011,"TCGA-DX-AB2W","SARC","1",0.997244238853455,"1"
"Drews","11",20261011,"TCGA-DX-AB32","SARC","1",0.994317233562469,"1"
"Drews","11",20261011,"TCGA-FX-A3RE","SARC","1",0.998094975948334,"1"
"Drews","11",20261011,"TCGA-HB-A3YV","SARC","1",0.999545753002167,"1"
"Drews","11",20261011,"TCGA-IW-A3M5","SARC","1",0.999612271785736,"1"
"Drews","11",20261011,"TCGA-KD-A5QS","SARC","1",0.9985671043396,"1"
"Drews","11",20261011,"TCGA-KD-A5QT","SARC","1",0.989679098129272,"1"
"Drews","11",20261011,"TCGA-MB-A8JK","SARC","1",0.995686292648315,"1"
"Drews","11",20261011,"TCGA-PC-A5DM","SARC","1",0.999070763587952,"1"
"Drews","11",20261011,"TCGA-SI-A71O","SARC","1",0.99932849407196,"1"
"Drews","11",20261011,"TCGA-SI-A71Q","SARC","1",0.99955552816391,"1"
"Drews","11",20261011,"TCGA-WK-A8XS","SARC","1",0.999306678771973,"1"
"Drews","11",20261011,"TCGA-X6-A7W8","SARC","1",0.99863189458847,"1"
"Drews","11",20261011,"TCGA-Z4-AAPF","SARC","2",0.965498149394989,"1"
"Drews","11",20261011,"TCGA-BF-A5EO","SKCM","2",0.991106927394867,"1"
"Drews","11",20261011,"TCGA-BF-A5EQ","SKCM","1",0.139803066849709,"2"
"Drews","11",20261011,"TCGA-BF-AAP2","SKCM","1",0.968855977058411,"1"
"Drews","11",20261011,"TCGA-D3-A5GT","SKCM","1",0.971098959445953,"1"
"Drews","11",20261011,"TCGA-EB-A42Z","SKCM","1",0.718534052371979,"1"
"Drews","11",20261011,"TCGA-EB-A430","SKCM","2",0.431232184171677,"2"
"Drews","11",20261011,"TCGA-EB-A57M","SKCM","1",0.977416098117828,"1"
"Drews","11",20261011,"TCGA-FR-A726","SKCM","1",0.981557369232178,"1"
"Drews","11",20261011,"TCGA-BR-4257","STAD","2",0.113062888383865,"2"
"Drews","11",20261011,"TCGA-BR-4366","STAD","1",0.998261153697968,"1"
"Drews","11",20261011,"TCGA-BR-6455","STAD","2",0.88185727596283,"1"
"Drews","11",20261011,"TCGA-BR-6458","STAD","1",0.998922526836395,"1"
"Drews","11",20261011,"TCGA-BR-8060","STAD","1",0.999878406524658,"1"
"Drews","11",20261011,"TCGA-BR-8078","STAD","2",0.565723478794098,"1"
"Drews","11",20261011,"TCGA-BR-8361","STAD","1",0.693562388420105,"1"
"Drews","11",20261011,"TCGA-BR-8373","STAD","1",0.99726665019989,"1"
"Drews","11",20261011,"TCGA-BR-A44U","STAD","1",0.919505000114441,"1"
"Drews","11",20261011,"TCGA-BR-A4J1","STAD","1",0.999947309494019,"1"
"Drews","11",20261011,"TCGA-BR-A4J6","STAD","1",0.911073982715607,"1"
"Drews","11",20261011,"TCGA-CD-A4MJ","STAD","2",0.13083228468895,"2"
"Drews","11",20261011,"TCGA-CG-4304","STAD","1",0.983396828174591,"1"
"Drews","11",20261011,"TCGA-CG-4438","STAD","1",0.999714076519012,"1"
"Drews","11",20261011,"TCGA-CG-4440","STAD","1",0.998067438602448,"1"
"Drews","11",20261011,"TCGA-CG-4474","STAD","2",0.327931851148605,"2"
"Drews","11",20261011,"TCGA-D7-6822","STAD","1",0.992062866687775,"1"
"Drews","11",20261011,"TCGA-D7-A4YT","STAD","1",0.99954479932785,"1"
"Drews","11",20261011,"TCGA-D7-A6EV","STAD","1",0.998645842075348,"1"
"Drews","11",20261011,"TCGA-D7-A74A","STAD","1",0.988756120204926,"1"
"Drews","11",20261011,"TCGA-F1-6875","STAD","1",0.999953150749207,"1"
"Drews","11",20261011,"TCGA-HU-A4GH","STAD","1",0.99949836730957,"1"
"Drews","11",20261011,"TCGA-HU-A4H2","STAD","1",0.999458611011505,"1"
"Drews","11",20261011,"TCGA-IN-A6RI","STAD","1",0.999424457550049,"1"
"Drews","11",20261011,"TCGA-IP-7968","STAD","1",0.999670147895813,"1"
"Drews","11",20261011,"TCGA-R5-A805","STAD","1",0.998511612415314,"1"
"Drews","11",20261011,"TCGA-VQ-A8P5","STAD","1",0.999745070934296,"1"
"Drews","11",20261011,"TCGA-2G-AAEW","TGCT","2",0.733193457126617,"1"
"Drews","11",20261011,"TCGA-2G-AAFN","TGCT","1",0.987120449542999,"1"
"Drews","11",20261011,"TCGA-S6-A8JW","TGCT","2",0.732338786125183,"1"
"Drews","11",20261011,"TCGA-YU-A94I","TGCT","1",0.999916076660156,"1"
"Drews","11",20261011,"TCGA-4C-A93U","THCA","2",0.138418778777122,"2"
"Drews","11",20261011,"TCGA-EM-A1YE","THCA","2",0.000145033904118463,"2"
"Drews","11",20261011,"TCGA-4V-A9QI","THYM","2",0.106582432985306,"2"
"Drews","11",20261011,"TCGA-A5-A0GN","UCEC","2",0.0304828248918056,"2"
"Drews","11",20261011,"TCGA-A5-A3LP","UCEC","1",0.962040662765503,"1"
"Drews","11",20261011,"TCGA-AJ-A2QM","UCEC","1",0.949979186058044,"1"
"Drews","11",20261011,"TCGA-AJ-A3EM","UCEC","1",0.99366682767868,"1"
"Drews","11",20261011,"TCGA-AJ-A3NF","UCEC","1",0.941124618053436,"1"
"Drews","11",20261011,"TCGA-AX-A1C4","UCEC","1",0.248737305402756,"2"
"Drews","11",20261011,"TCGA-AX-A2H2","UCEC","1",0.999167561531067,"1"
"Drews","11",20261011,"TCGA-AX-A2HD","UCEC","2",0.891709864139557,"1"
"Drews","11",20261011,"TCGA-AX-A3FV","UCEC","1",0.9998859167099,"1"
"Drews","11",20261011,"TCGA-AX-A3FW","UCEC","1",0.943997085094452,"1"
"Drews","11",20261011,"TCGA-B5-A11S","UCEC","2",0.0912253558635712,"2"
"Drews","11",20261011,"TCGA-B5-A121","UCEC","2",0.17318657040596,"2"
"Drews","11",20261011,"TCGA-B5-A3S1","UCEC","1",0.993915021419525,"1"
"Drews","11",20261011,"TCGA-B5-A5OE","UCEC","1",0.99997866153717,"1"
"Drews","11",20261011,"TCGA-BG-A0YV","UCEC","1",0.998052358627319,"1"
"Drews","11",20261011,"TCGA-BK-A139","UCEC","1",0.999111711978912,"1"
"Drews","11",20261011,"TCGA-BK-A4ZD","UCEC","1",0.968570411205292,"1"
"Drews","11",20261011,"TCGA-BS-A0U5","UCEC","2",0.531233012676239,"1"
"Drews","11",20261011,"TCGA-D1-A0ZZ","UCEC","1",0.99994945526123,"1"
"Drews","11",20261011,"TCGA-D1-A16I","UCEC","1",0.999198853969574,"1"
"Drews","11",20261011,"TCGA-D1-A17K","UCEC","1",0.998400628566742,"1"
"Drews","11",20261011,"TCGA-D1-A17S","UCEC","2",0.136032417416573,"2"
"Drews","11",20261011,"TCGA-D1-A3DH","UCEC","1",0.999349892139435,"1"
"Drews","11",20261011,"TCGA-D1-A3JQ","UCEC","1",0.9993696808815,"1"
"Drews","11",20261011,"TCGA-DI-A1C3","UCEC","2",0.0127286929637194,"2"
"Drews","11",20261011,"TCGA-DI-A2QU","UCEC","1",0.986156463623047,"1"
"Drews","11",20261011,"TCGA-EO-A1Y5","UCEC","1",0.99936455488205,"1"
"Drews","11",20261011,"TCGA-EO-A3AS","UCEC","1",0.990935742855072,"1"
"Drews","11",20261011,"TCGA-EY-A2OO","UCEC","2",0.216575220227242,"2"
"Drews","11",20261011,"TCGA-FI-A2CY","UCEC","1",0.999480783939362,"1"
"Drews","11",20261011,"TCGA-FI-A2EX","UCEC","1",0.99991762638092,"1"
"Drews","11",20261011,"TCGA-FI-A2F9","UCEC","1",0.89178866147995,"1"
"Drews","11",20261011,"TCGA-KP-A3W3","UCEC","1",0.998211622238159,"1"
"Drews","11",20261011,"TCGA-SL-A6J9","UCEC","1",0.99974662065506,"1"
"Drews","11",20261011,"TCGA-N5-A59F","UCS","1",0.999948978424072,"1"
"Drews","11",20261011,"TCGA-N6-A4V9","UCS","1",0.998378276824951,"1"
"Drews","11",20261011,"TCGA-N6-A4VC","UCS","1",0.999865174293518,"1"
"Drews","11",20261011,"TCGA-N8-A4PP","UCS","1",0.999940514564514,"1"
"Drews","11",20261011,"TCGA-N9-A4Q3","UCS","1",0.999894499778748,"1"
"Drews","11",20261011,"TCGA-NA-A5I1","UCS","1",0.999778926372528,"1"
"Drews","11",20261011,"TCGA-NG-A4VU","UCS","1",0.999926924705505,"1"
"Drews","11",20261011,"TCGA-V4-A9EK","UVM","1",0.00755446264520288,"2"
"Drews","11",20261011,"TCGA-VD-A8KL","UVM","2",0.00819283723831177,"2"
"Drews","11",20261011,"TCGA-VD-A8KM","UVM","2",0.0486065559089184,"2"
"Drews","11",20261011,"TCGA-WC-A884","UVM","1",0.0431068725883961,"2"
"Drews","12",20261012,"TCGA-OR-A5J5","ACC","2",0.787401854991913,"1"
"Drews","12",20261012,"TCGA-OR-A5J8","ACC","1",0.995872795581818,"1"
"Drews","12",20261012,"TCGA-OR-A5JC","ACC","1",0.302336275577545,"2"
"Drews","12",20261012,"TCGA-OR-A5JD","ACC","2",0.00311924028210342,"2"
"Drews","12",20261012,"TCGA-OR-A5K9","ACC","1",0.983427047729492,"1"
"Drews","12",20261012,"TCGA-OR-A5KV","ACC","2",0.654359996318817,"1"
"Drews","12",20261012,"TCGA-OR-A5LG","ACC","1",0.784588158130646,"1"
"Drews","12",20261012,"TCGA-PA-A5YG","ACC","2",0.0379004217684269,"2"
"Drews","12",20261012,"TCGA-2F-A9KW","BLCA","1",0.999914169311523,"1"
"Drews","12",20261012,"TCGA-BL-A13J","BLCA","1",0.999895930290222,"1"
"Drews","12",20261012,"TCGA-BT-A20P","BLCA","1",0.844678938388824,"1"
"Drews","12",20261012,"TCGA-CF-A1HR","BLCA","1",0.814230859279633,"1"
"Drews","12",20261012,"TCGA-CF-A1HS","BLCA","1",0.999964833259583,"1"
"Drews","12",20261012,"TCGA-CF-A3MF","BLCA","2",0.611431241035461,"1"
"Drews","12",20261012,"TCGA-CF-A3MI","BLCA","1",0.986418187618256,"1"
"Drews","12",20261012,"TCGA-CF-A47S","BLCA","2",0.0749315768480301,"2"
"Drews","12",20261012,"TCGA-CF-A5UA","BLCA","1",0.994207382202148,"1"
"Drews","12",20261012,"TCGA-DK-A1A3","BLCA","1",0.999677658081055,"1"
"Drews","12",20261012,"TCGA-DK-A1A6","BLCA","1",0.999696612358093,"1"
"Drews","12",20261012,"TCGA-DK-A1AC","BLCA","1",0.999007642269135,"1"
"Drews","12",20261012,"TCGA-DK-A2HX","BLCA","1",0.998540043830872,"1"
"Drews","12",20261012,"TCGA-DK-AA71","BLCA","1",0.984098017215729,"1"
"Drews","12",20261012,"TCGA-DK-AA77","BLCA","1",0.996467351913452,"1"
"Drews","12",20261012,"TCGA-E7-A541","BLCA","1",0.999541044235229,"1"
"Drews","12",20261012,"TCGA-E7-A7PW","BLCA","1",0.999863147735596,"1"
"Drews","12",20261012,"TCGA-FD-A3N5","BLCA","1",0.996725142002106,"1"
"Drews","12",20261012,"TCGA-GV-A3JZ","BLCA","1",0.999917984008789,"1"
"Drews","12",20261012,"TCGA-GV-A3QF","BLCA","1",0.999575078487396,"1"
"Drews","12",20261012,"TCGA-GV-A40E","BLCA","1",0.999645471572876,"1"
"Drews","12",20261012,"TCGA-HQ-A2OE","BLCA","1",0.99737012386322,"1"
"Drews","12",20261012,"TCGA-K4-A6MB","BLCA","1",0.999996304512024,"1"
"Drews","12",20261012,"TCGA-UY-A8OB","BLCA","1",0.999850153923035,"1"
"Drews","12",20261012,"TCGA-XF-A8HC","BLCA","1",0.999883890151978,"1"
"Drews","12",20261012,"TCGA-XF-A8HG","BLCA","1",0.99578058719635,"1"
"Drews","12",20261012,"TCGA-XF-A9SJ","BLCA","1",0.999728739261627,"1"
"Drews","12",20261012,"TCGA-XF-A9SV","BLCA","1",0.997183501720428,"1"
"Drews","12",20261012,"TCGA-XF-AAMW","BLCA","1",0.990144610404968,"1"
"Drews","12",20261012,"TCGA-YF-AA3M","BLCA","1",0.998341202735901,"1"
"Drews","12",20261012,"TCGA-ZF-A9R1","BLCA","1",0.990872979164124,"1"
"Drews","12",20261012,"TCGA-ZF-A9R7","BLCA","1",0.977655291557312,"1"
"Drews","12",20261012,"TCGA-ZF-AA51","BLCA","1",0.998832285404205,"1"
"Drews","12",20261012,"TCGA-3C-AALI","BRCA","1",0.999911665916443,"1"
"Drews","12",20261012,"TCGA-A1-A0SF","BRCA","1",0.53101259469986,"1"
"Drews","12",20261012,"TCGA-A1-A0SI","BRCA","2",0.993342101573944,"1"
"Drews","12",20261012,"TCGA-A1-A0SN","BRCA","1",0.999011397361755,"1"
"Drews","12",20261012,"TCGA-A2-A04P","BRCA","1",0.99999475479126,"1"
"Drews","12",20261012,"TCGA-A2-A04T","BRCA","1",0.999981999397278,"1"
"Drews","12",20261012,"TCGA-A2-A0D2","BRCA","1",0.999950170516968,"1"
"Drews","12",20261012,"TCGA-A2-A0T5","BRCA","1",0.0097996462136507,"2"
"Drews","12",20261012,"TCGA-A2-A0YG","BRCA","1",0.997891247272491,"1"
"Drews","12",20261012,"TCGA-A2-A1G4","BRCA","1",0.965821504592896,"1"
"Drews","12",20261012,"TCGA-A2-A3Y0","BRCA","1",0.999952793121338,"1"
"Drews","12",20261012,"TCGA-A7-A0DA","BRCA","1",0.999987363815308,"1"
"Drews","12",20261012,"TCGA-A7-A13F","BRCA","1",0.797371327877045,"1"
"Drews","12",20261012,"TCGA-A7-A5ZV","BRCA","1",0.999911665916443,"1"
"Drews","12",20261012,"TCGA-A7-A6VY","BRCA","1",0.999596536159515,"1"
"Drews","12",20261012,"TCGA-A8-A06Q","BRCA","1",0.995232403278351,"1"
"Drews","12",20261012,"TCGA-A8-A06R","BRCA","1",0.999919176101685,"1"
"Drews","12",20261012,"TCGA-A8-A06Z","BRCA","1",0.998848915100098,"1"
"Drews","12",20261012,"TCGA-A8-A075","BRCA","1",0.999164342880249,"1"
"Drews","12",20261012,"TCGA-A8-A07L","BRCA","1",0.999993920326233,"1"
"Drews","12",20261012,"TCGA-A8-A086","BRCA","1",0.999696373939514,"1"
"Drews","12",20261012,"TCGA-A8-A08I","BRCA","1",0.995150566101074,"1"
"Drews","12",20261012,"TCGA-A8-A08J","BRCA","1",0.999978065490723,"1"
"Drews","12",20261012,"TCGA-A8-A08O","BRCA","1",0.997777998447418,"1"
"Drews","12",20261012,"TCGA-A8-A096","BRCA","2",0.151341214776039,"2"
"Drews","12",20261012,"TCGA-A8-A099","BRCA","1",0.294384330511093,"2"
"Drews","12",20261012,"TCGA-A8-A09D","BRCA","1",0.999739468097687,"1"
"Drews","12",20261012,"TCGA-A8-A09E","BRCA","1",0.948646068572998,"1"
"Drews","12",20261012,"TCGA-A8-A09G","BRCA","1",0.995344460010529,"1"
"Drews","12",20261012,"TCGA-A8-A09K","BRCA","1",0.99855762720108,"1"
"Drews","12",20261012,"TCGA-A8-A0A6","BRCA","1",0.398124068975449,"2"
"Drews","12",20261012,"TCGA-AC-A23E","BRCA","2",0.438567131757736,"2"
"Drews","12",20261012,"TCGA-AC-A5XU","BRCA","1",0.950589716434479,"1"
"Drews","12",20261012,"TCGA-AN-A0AJ","BRCA","1",0.999729216098785,"1"
"Drews","12",20261012,"TCGA-AO-A03O","BRCA","1",0.999829053878784,"1"
"Drews","12",20261012,"TCGA-AO-A03V","BRCA","1",0.999368846416473,"1"
"Drews","12",20261012,"TCGA-AO-A0J2","BRCA","1",0.999947667121887,"1"
"Drews","12",20261012,"TCGA-AO-A0J5","BRCA","1",0.999339640140533,"1"
"Drews","12",20261012,"TCGA-AO-A0JD","BRCA","1",0.991209506988525,"1"
"Drews","12",20261012,"TCGA-AO-A0JE","BRCA","1",0.998070061206818,"1"
"Drews","12",20261012,"TCGA-AO-A12G","BRCA","1",0.989661574363708,"1"
"Drews","12",20261012,"TCGA-AO-A1KR","BRCA","1",0.999705970287323,"1"
"Drews","12",20261012,"TCGA-AR-A0TV","BRCA","1",0.999314785003662,"1"
"Drews","12",20261012,"TCGA-AR-A24H","BRCA","1",0.999872446060181,"1"
"Drews","12",20261012,"TCGA-AR-A24Q","BRCA","1",0.998311758041382,"1"
"Drews","12",20261012,"TCGA-AR-A251","BRCA","1",0.999933362007141,"1"
"Drews","12",20261012,"TCGA-AR-A254","BRCA","1",0.997502267360687,"1"
"Drews","12",20261012,"TCGA-B6-A0IG","BRCA","1",0.99912029504776,"1"
"Drews","12",20261012,"TCGA-B6-A0IQ","BRCA","1",0.999737083911896,"1"
"Drews","12",20261012,"TCGA-B6-A0RV","BRCA","1",0.892842292785645,"1"
"Drews","12",20261012,"TCGA-B6-A40C","BRCA","2",0.965442895889282,"1"
"Drews","12",20261012,"TCGA-BH-A0BS","BRCA","2",0.134761840105057,"2"
"Drews","12",20261012,"TCGA-BH-A0E2","BRCA","1",0.999784648418427,"1"
"Drews","12",20261012,"TCGA-BH-A0HB","BRCA","1",0.998183071613312,"1"
"Drews","12",20261012,"TCGA-BH-A0HL","BRCA","1",0.999371111392975,"1"
"Drews","12",20261012,"TCGA-BH-A18J","BRCA","1",0.999832153320312,"1"
"Drews","12",20261012,"TCGA-BH-A18K","BRCA","1",0.997914016246796,"1"
"Drews","12",20261012,"TCGA-BH-A18U","BRCA","1",0.999009609222412,"1"
"Drews","12",20261012,"TCGA-BH-A1EN","BRCA","1",0.997677743434906,"1"
"Drews","12",20261012,"TCGA-C8-A12K","BRCA","1",0.999886155128479,"1"
"Drews","12",20261012,"TCGA-C8-A12P","BRCA","1",0.999899983406067,"1"
"Drews","12",20261012,"TCGA-C8-A12Z","BRCA","1",0.999186456203461,"1"
"Drews","12",20261012,"TCGA-C8-A26Z","BRCA","1",0.985212802886963,"1"
"Drews","12",20261012,"TCGA-C8-A275","BRCA","1",0.999553620815277,"1"
"Drews","12",20261012,"TCGA-D8-A140","BRCA","1",0.999251067638397,"1"
"Drews","12",20261012,"TCGA-D8-A142","BRCA","1",0.999936461448669,"1"
"Drews","12",20261012,"TCGA-D8-A1J9","BRCA","1",0.99951446056366,"1"
"Drews","12",20261012,"TCGA-D8-A1JG","BRCA","1",0.999565422534943,"1"
"Drews","12",20261012,"TCGA-D8-A1XJ","BRCA","1",0.999893546104431,"1"
"Drews","12",20261012,"TCGA-D8-A1XW","BRCA","1",0.967347681522369,"1"
"Drews","12",20261012,"TCGA-D8-A1XY","BRCA","1",0.554149627685547,"1"
"Drews","12",20261012,"TCGA-D8-A1Y3","BRCA","1",0.997495830059052,"1"
"Drews","12",20261012,"TCGA-E2-A109","BRCA","1",0.999987483024597,"1"
"Drews","12",20261012,"TCGA-E2-A10A","BRCA","1",0.999765336513519,"1"
"Drews","12",20261012,"TCGA-E2-A150","BRCA","1",0.999918103218079,"1"
"Drews","12",20261012,"TCGA-E2-A156","BRCA","2",0.00958315376192331,"2"
"Drews","12",20261012,"TCGA-E2-A158","BRCA","1",0.999780833721161,"1"
"Drews","12",20261012,"TCGA-E2-A15A","BRCA","1",0.999930858612061,"1"
"Drews","12",20261012,"TCGA-E2-A15F","BRCA","1",0.999390721321106,"1"
"Drews","12",20261012,"TCGA-E2-A15T","BRCA","1",0.995511531829834,"1"
"Drews","12",20261012,"TCGA-E2-A1LA","BRCA","1",0.998271107673645,"1"
"Drews","12",20261012,"TCGA-E2-A1LL","BRCA","1",0.999835848808289,"1"
"Drews","12",20261012,"TCGA-E2-A2P6","BRCA","1",0.977632820606232,"1"
"Drews","12",20261012,"TCGA-E9-A1RG","BRCA","1",0.999787986278534,"1"
"Drews","12",20261012,"TCGA-E9-A2JS","BRCA","1",0.999969124794006,"1"
"Drews","12",20261012,"TCGA-EW-A1IY","BRCA","2",0.488550871610641,"2"
"Drews","12",20261012,"TCGA-EW-A1P0","BRCA","1",0.988239407539368,"1"
"Drews","12",20261012,"TCGA-EW-A6S9","BRCA","1",0.999689340591431,"1"
"Drews","12",20261012,"TCGA-GM-A2DF","BRCA","1",0.999945402145386,"1"
"Drews","12",20261012,"TCGA-GM-A2DK","BRCA","1",0.943496108055115,"1"
"Drews","12",20261012,"TCGA-GM-A2DL","BRCA","1",0.874309957027435,"1"
"Drews","12",20261012,"TCGA-LL-A8F5","BRCA","1",0.999866724014282,"1"
"Drews","12",20261012,"TCGA-OL-A5S0","BRCA","1",0.999600946903229,"1"
"Drews","12",20261012,"TCGA-OL-A66K","BRCA","2",0.476786375045776,"2"
"Drews","12",20261012,"TCGA-S3-AA10","BRCA","1",0.999420285224915,"1"
"Drews","12",20261012,"TCGA-DG-A2KK","CESC","2",0.954939603805542,"1"
"Drews","12",20261012,"TCGA-DS-A0VN","CESC","1",0.804606139659882,"1"
"Drews","12",20261012,"TCGA-EK-A2H1","CESC","2",0.980076372623444,"1"
"Drews","12",20261012,"TCGA-EK-A2PG","CESC","1",0.986914455890656,"1"
"Drews","12",20261012,"TCGA-EX-A69M","CESC","2",0.985331296920776,"1"
"Drews","12",20261012,"TCGA-HM-A6W2","CESC","1",0.936788022518158,"1"
"Drews","12",20261012,"TCGA-IR-A3LB","CESC","1",0.997086822986603,"1"
"Drews","12",20261012,"TCGA-VS-A8EC","CESC","1",0.998260319232941,"1"
"Drews","12",20261012,"TCGA-VS-A8EJ","CESC","1",0.99985682964325,"1"
"Drews","12",20261012,"TCGA-VS-A8QF","CESC","1",0.999191582202911,"1"
"Drews","12",20261012,"TCGA-VS-A9U5","CESC","1",0.99300754070282,"1"
"Drews","12",20261012,"TCGA-VS-A9U6","CESC","1",0.995506286621094,"1"
"Drews","12",20261012,"TCGA-VS-A9UO","CESC","1",0.999347507953644,"1"
"Drews","12",20261012,"TCGA-VS-A9UQ","CESC","1",0.997736096382141,"1"
"Drews","12",20261012,"TCGA-VS-A9V0","CESC","1",0.999972939491272,"1"
"Drews","12",20261012,"TCGA-ZJ-AAXB","CESC","1",0.999138474464417,"1"
"Drews","12",20261012,"TCGA-W6-AA0S","CHOL","1",0.931527972221375,"1"
"Drews","12",20261012,"TCGA-A6-6648","COAD","1",0.978875637054443,"1"
"Drews","12",20261012,"TCGA-AA-3663","COAD","2",0.0674114897847176,"2"
"Drews","12",20261012,"TCGA-AA-3673","COAD","2",0.229512438178062,"2"
"Drews","12",20261012,"TCGA-AA-3854","COAD","1",0.779747247695923,"1"
"Drews","12",20261012,"TCGA-AA-A01S","COAD","1",0.95158576965332,"1"
"Drews","12",20261012,"TCGA-AM-5820","COAD","1",0.771195113658905,"1"
"Drews","12",20261012,"TCGA-CA-6718","COAD","2",0.768049955368042,"1"
"Drews","12",20261012,"TCGA-CK-4947","COAD","2",0.0593750923871994,"2"
"Drews","12",20261012,"TCGA-CK-5915","COAD","2",0.303558707237244,"2"
"Drews","12",20261012,"TCGA-CK-6751","COAD","2",0.0545683726668358,"2"
"Drews","12",20261012,"TCGA-CM-4752","COAD","1",0.995971739292145,"1"
"Drews","12",20261012,"TCGA-CM-5341","COAD","1",0.365541607141495,"2"
"Drews","12",20261012,"TCGA-CM-5344","COAD","2",0.995913088321686,"1"
"Drews","12",20261012,"TCGA-CM-6168","COAD","2",0.0956030264496803,"2"
"Drews","12",20261012,"TCGA-CM-6171","COAD","2",0.658124148845673,"1"
"Drews","12",20261012,"TCGA-D5-5537","COAD","2",0.0446942858397961,"2"
"Drews","12",20261012,"TCGA-D5-6533","COAD","1",0.994697690010071,"1"
"Drews","12",20261012,"TCGA-D5-6535","COAD","1",0.979947924613953,"1"
"Drews","12",20261012,"TCGA-G4-6323","COAD","2",0.00216345908120275,"2"
"Drews","12",20261012,"TCGA-G4-6586","COAD","2",0.250234127044678,"2"
"Drews","12",20261012,"TCGA-G4-6626","COAD","1",0.993076920509338,"1"
"Drews","12",20261012,"TCGA-FF-8042","DLBC","1",0.994005680084229,"1"
"Drews","12",20261012,"TCGA-IG-A4QS","ESCA","1",0.998278737068176,"1"
"Drews","12",20261012,"TCGA-JY-A6FA","ESCA","1",0.999887228012085,"1"
"Drews","12",20261012,"TCGA-JY-A938","ESCA","1",0.999553263187408,"1"
"Drews","12",20261012,"TCGA-L5-A4OF","ESCA","1",0.999767601490021,"1"
"Drews","12",20261012,"TCGA-L5-A4OO","ESCA","1",0.997962594032288,"1"
"Drews","12",20261012,"TCGA-L5-A88V","ESCA","1",0.999935269355774,"1"
"Drews","12",20261012,"TCGA-L5-A8NE","ESCA","1",0.999767243862152,"1"
"Drews","12",20261012,"TCGA-L5-A8NJ","ESCA","1",0.9982870221138,"1"
"Drews","12",20261012,"TCGA-LN-A49O","ESCA","1",0.997690558433533,"1"
"Drews","12",20261012,"TCGA-LN-A49V","ESCA","1",0.997297942638397,"1"
"Drews","12",20261012,"TCGA-LN-A5U6","ESCA","1",0.999929308891296,"1"
"Drews","12",20261012,"TCGA-R6-A6DN","ESCA","1",0.999909520149231,"1"
"Drews","12",20261012,"TCGA-R6-A8W8","ESCA","1",0.999742209911346,"1"
"Drews","12",20261012,"TCGA-V5-A7RC","ESCA","1",0.999875783920288,"1"
"Drews","12",20261012,"TCGA-VR-A8ER","ESCA","1",0.998868882656097,"1"
"Drews","12",20261012,"TCGA-VR-A8EZ","ESCA","1",0.999411582946777,"1"
"Drews","12",20261012,"TCGA-VR-AA4G","ESCA","1",0.999687910079956,"1"
"Drews","12",20261012,"TCGA-VR-AA7B","ESCA","1",0.999953866004944,"1"
"Drews","12",20261012,"TCGA-27-1837","GBM","2",0.924685776233673,"1"
"Drews","12",20261012,"TCGA-27-2528","GBM","1",0.812775909900665,"1"
"Drews","12",20261012,"TCGA-28-5204","GBM","1",0.955847024917603,"1"
"Drews","12",20261012,"TCGA-28-5215","GBM","2",0.935155749320984,"1"
"Drews","12",20261012,"TCGA-41-3915","GBM","1",0.989356458187103,"1"
"Drews","12",20261012,"TCGA-76-4931","GBM","1",0.947141528129578,"1"
"Drews","12",20261012,"TCGA-BA-5559","HNSC","1",0.922653496265411,"1"
"Drews","12",20261012,"TCGA-BB-A5HY","HNSC","1",0.998688519001007,"1"
"Drews","12",20261012,"TCGA-CN-4725","HNSC","1",0.985614717006683,"1"
"Drews","12",20261012,"TCGA-CN-4741","HNSC","2",0.974896848201752,"1"
"Drews","12",20261012,"TCGA-CN-6010","HNSC","1",0.96814751625061,"1"
"Drews","12",20261012,"TCGA-CQ-6228","HNSC","1",0.997951209545135,"1"
"Drews","12",20261012,"TCGA-CV-5432","HNSC","1",0.998847484588623,"1"
"Drews","12",20261012,"TCGA-CV-6936","HNSC","1",0.958221912384033,"1"
"Drews","12",20261012,"TCGA-CV-6937","HNSC","1",0.977710247039795,"1"
"Drews","12",20261012,"TCGA-CV-6960","HNSC","1",0.990871846675873,"1"
"Drews","12",20261012,"TCGA-CV-7102","HNSC","1",0.997657656669617,"1"
"Drews","12",20261012,"TCGA-CV-7178","HNSC","1",0.9704549908638,"1"
"Drews","12",20261012,"TCGA-CV-7245","HNSC","1",0.977058172225952,"1"
"Drews","12",20261012,"TCGA-CV-7424","HNSC","1",0.998138070106506,"1"
"Drews","12",20261012,"TCGA-CV-A6K2","HNSC","2",0.342432528734207,"2"
"Drews","12",20261012,"TCGA-D6-6827","HNSC","1",0.979851424694061,"1"
"Drews","12",20261012,"TCGA-D6-A6ES","HNSC","1",0.986897170543671,"1"
"Drews","12",20261012,"TCGA-F7-A61W","HNSC","1",0.997055053710938,"1"
"Drews","12",20261012,"TCGA-F7-A624","HNSC","2",0.770044088363647,"1"
"Drews","12",20261012,"TCGA-HD-7832","HNSC","1",0.779954373836517,"1"
"Drews","12",20261012,"TCGA-IQ-7630","HNSC","1",0.895273983478546,"1"
"Drews","12",20261012,"TCGA-IQ-A6SH","HNSC","1",0.999655365943909,"1"
"Drews","12",20261012,"TCGA-QK-A8ZA","HNSC","1",0.999535918235779,"1"
"Drews","12",20261012,"TCGA-KL-8326","KICH","2",0.00116024329327047,"2"
"Drews","12",20261012,"TCGA-KL-8329","KICH","2",0.00161925260908902,"2"
"Drews","12",20261012,"TCGA-KL-8331","KICH","2",0.0177957601845264,"2"
"Drews","12",20261012,"TCGA-KL-8332","KICH","2",0.00740324193611741,"2"
"Drews","12",20261012,"TCGA-KN-8424","KICH","2",0.024282418191433,"2"
"Drews","12",20261012,"TCGA-KO-8409","KICH","2",0.0084824962541461,"2"
"Drews","12",20261012,"TCGA-KO-8417","KICH","2",0.0457855612039566,"2"
"Drews","12",20261012,"TCGA-A3-3382","KIRC","2",0.00285765225999057,"2"
"Drews","12",20261012,"TCGA-AK-3440","KIRC","2",0.083403654396534,"2"
"Drews","12",20261012,"TCGA-AK-3453","KIRC","2",0.0127789219841361,"2"
"Drews","12",20261012,"TCGA-AK-3458","KIRC","2",0.00305659300647676,"2"
"Drews","12",20261012,"TCGA-AS-3777","KIRC","2",0.544307231903076,"1"
"Drews","12",20261012,"TCGA-B0-4710","KIRC","2",0.0019294167868793,"2"
"Drews","12",20261012,"TCGA-B0-4810","KIRC","2",0.00122326577547938,"2"
"Drews","12",20261012,"TCGA-B0-5713","KIRC","2",0.000351260910974815,"2"
"Drews","12",20261012,"TCGA-BP-4164","KIRC","2",0.005081697832793,"2"
"Drews","12",20261012,"TCGA-BP-5199","KIRC","2",0.00252147810533643,"2"
"Drews","12",20261012,"TCGA-CJ-4902","KIRC","2",0.0018894171807915,"2"
"Drews","12",20261012,"TCGA-CZ-5985","KIRC","2",0.00523485708981752,"2"
"Drews","12",20261012,"TCGA-CZ-5987","KIRC","2",0.000366035179467872,"2"
"Drews","12",20261012,"TCGA-EU-5907","KIRC","2",0.00186068913899362,"2"
"Drews","12",20261012,"TCGA-G6-A8L6","KIRC","2",0.000437077484093606,"2"
"Drews","12",20261012,"TCGA-5P-A9KH","KIRP","2",0.115124620497227,"2"
"Drews","12",20261012,"TCGA-A4-7287","KIRP","2",0.997564911842346,"1"
"Drews","12",20261012,"TCGA-B9-4114","KIRP","2",0.102845810353756,"2"
"Drews","12",20261012,"TCGA-B9-A44B","KIRP","1",0.10087676346302,"2"
"Drews","12",20261012,"TCGA-B9-A5W9","KIRP","1",0.00368302222341299,"2"
"Drews","12",20261012,"TCGA-B9-A69E","KIRP","1",0.0103121539577842,"2"
"Drews","12",20261012,"TCGA-BQ-5876","KIRP","2",0.00121249374933541,"2"
"Drews","12",20261012,"TCGA-F9-A4JJ","KIRP","2",0.864547610282898,"1"
"Drews","12",20261012,"TCGA-GL-A59T","KIRP","2",0.00197357987053692,"2"
"Drews","12",20261012,"TCGA-DH-A669","LGG","1",0.354920715093613,"2"
"Drews","12",20261012,"TCGA-DU-6393","LGG","2",0.0281511601060629,"2"
"Drews","12",20261012,"TCGA-DU-A7T6","LGG","1",0.734987497329712,"1"
"Drews","12",20261012,"TCGA-DU-A7T8","LGG","2",0.190931856632233,"2"
"Drews","12",20261012,"TCGA-DU-A7TA","LGG","1",0.14005920290947,"2"
"Drews","12",20261012,"TCGA-E1-A7Z2","LGG","1",0.491870701313019,"2"
"Drews","12",20261012,"TCGA-FG-5962","LGG","2",0.00162617897149175,"2"
"Drews","12",20261012,"TCGA-FG-6689","LGG","2",0.0958969220519066,"2"
"Drews","12",20261012,"TCGA-FG-7641","LGG","2",0.00183378928340971,"2"
"Drews","12",20261012,"TCGA-FG-A4MW","LGG","2",0.585116028785706,"1"
"Drews","12",20261012,"TCGA-FG-A4MX","LGG","2",0.646170854568481,"1"
"Drews","12",20261012,"TCGA-FG-A6IZ","LGG","2",0.0433002598583698,"2"
"Drews","12",20261012,"TCGA-FG-A87Q","LGG","1",0.586910307407379,"1"
"Drews","12",20261012,"TCGA-FN-7833","LGG","2",0.331144481897354,"2"
"Drews","12",20261012,"TCGA-HT-7879","LGG","2",0.195497304201126,"2"
"Drews","12",20261012,"TCGA-HT-A5R9","LGG","2",0.0866238251328468,"2"
"Drews","12",20261012,"TCGA-IK-7675","LGG","1",0.967010021209717,"1"
"Drews","12",20261012,"TCGA-P5-A730","LGG","2",0.00743152387440205,"2"
"Drews","12",20261012,"TCGA-QH-A86X","LGG","2",0.00264174467884004,"2"
"Drews","12",20261012,"TCGA-S9-A7R7","LGG","2",0.42247661948204,"2"
"Drews","12",20261012,"TCGA-TM-A84J","LGG","1",0.977046310901642,"1"
"Drews","12",20261012,"TCGA-VM-A8CA","LGG","2",0.00607390282675624,"2"
"Drews","12",20261012,"TCGA-VM-A8CF","LGG","1",0.151404142379761,"2"
"Drews","12",20261012,"TCGA-VV-A86M","LGG","2",0.303268522024155,"2"
"Drews","12",20261012,"TCGA-2Y-A9H0","LIHC","1",0.998457908630371,"1"
"Drews","12",20261012,"TCGA-2Y-A9H2","LIHC","1",0.950656354427338,"1"
"Drews","12",20261012,"TCGA-2Y-A9H3","LIHC","1",0.910853862762451,"1"
"Drews","12",20261012,"TCGA-2Y-A9H6","LIHC","1",0.423929482698441,"2"
"Drews","12",20261012,"TCGA-2Y-A9H9","LIHC","1",0.965470612049103,"1"
"Drews","12",20261012,"TCGA-2Y-A9HB","LIHC","1",0.165507942438126,"2"
"Drews","12",20261012,"TCGA-4R-AA8I","LIHC","1",0.955818355083466,"1"
"Drews","12",20261012,"TCGA-BC-A10Z","LIHC","1",0.994446992874146,"1"
"Drews","12",20261012,"TCGA-BC-A3KF","LIHC","1",0.96826183795929,"1"
"Drews","12",20261012,"TCGA-BC-A69H","LIHC","1",0.99959522485733,"1"
"Drews","12",20261012,"TCGA-DD-A3A7","LIHC","1",0.972961246967316,"1"
"Drews","12",20261012,"TCGA-DD-AAC9","LIHC","2",0.0877387896180153,"2"
"Drews","12",20261012,"TCGA-DD-AADD","LIHC","1",0.984574258327484,"1"
"Drews","12",20261012,"TCGA-DD-AADF","LIHC","1",0.980161488056183,"1"
"Drews","12",20261012,"TCGA-FV-A496","LIHC","1",0.934943675994873,"1"
"Drews","12",20261012,"TCGA-G3-A25Y","LIHC","1",0.973148345947266,"1"
"Drews","12",20261012,"TCGA-G3-A7M7","LIHC","2",0.108387365937233,"2"
"Drews","12",20261012,"TCGA-RC-A6M6","LIHC","1",0.999064385890961,"1"
"Drews","12",20261012,"TCGA-UB-A7ME","LIHC","1",0.996587038040161,"1"
"Drews","12",20261012,"TCGA-WJ-A86L","LIHC","1",0.99946516752243,"1"
"Drews","12",20261012,"TCGA-WQ-AB4B","LIHC","2",0.344786584377289,"2"
"Drews","12",20261012,"TCGA-05-4390","LUAD","1",0.998044490814209,"1"
"Drews","12",20261012,"TCGA-05-4395","LUAD","1",0.991261184215546,"1"
"Drews","12",20261012,"TCGA-05-4396","LUAD","1",0.997134685516357,"1"
"Drews","12",20261012,"TCGA-44-6779","LUAD","1",0.988368570804596,"1"
"Drews","12",20261012,"TCGA-44-A4SU","LUAD","1",0.999076843261719,"1"
"Drews","12",20261012,"TCGA-49-AARE","LUAD","1",0.998903393745422,"1"
"Drews","12",20261012,"TCGA-50-6594","LUAD","1",0.999891042709351,"1"
"Drews","12",20261012,"TCGA-50-8457","LUAD","2",0.302786976099014,"2"
"Drews","12",20261012,"TCGA-55-6968","LUAD","1",0.999642252922058,"1"
"Drews","12",20261012,"TCGA-55-7907","LUAD","1",0.953960716724396,"1"
"Drews","12",20261012,"TCGA-55-7910","LUAD","1",0.999948620796204,"1"
"Drews","12",20261012,"TCGA-55-8620","LUAD","1",0.997502505779266,"1"
"Drews","12",20261012,"TCGA-62-A46S","LUAD","1",0.996190667152405,"1"
"Drews","12",20261012,"TCGA-64-1680","LUAD","2",0.912445604801178,"1"
"Drews","12",20261012,"TCGA-64-5779","LUAD","1",0.999536395072937,"1"
"Drews","12",20261012,"TCGA-67-3774","LUAD","1",0.994895994663239,"1"
"Drews","12",20261012,"TCGA-73-7499","LUAD","1",0.999748766422272,"1"
"Drews","12",20261012,"TCGA-78-7153","LUAD","1",0.863611280918121,"1"
"Drews","12",20261012,"TCGA-78-7154","LUAD","1",0.993789494037628,"1"
"Drews","12",20261012,"TCGA-78-7158","LUAD","2",0.923644423484802,"1"
"Drews","12",20261012,"TCGA-86-8056","LUAD","1",0.975419402122498,"1"
"Drews","12",20261012,"TCGA-91-6831","LUAD","1",0.999963283538818,"1"
"Drews","12",20261012,"TCGA-97-8547","LUAD","1",0.992112398147583,"1"
"Drews","12",20261012,"TCGA-MP-A4SW","LUAD","1",0.994104444980621,"1"
"Drews","12",20261012,"TCGA-MP-A4T6","LUAD","1",0.983565270900726,"1"
"Drews","12",20261012,"TCGA-NJ-A4YF","LUAD","1",0.999977827072144,"1"
"Drews","12",20261012,"TCGA-NJ-A4YP","LUAD","2",0.886033952236176,"1"
"Drews","12",20261012,"TCGA-18-3406","LUSC","1",0.994372367858887,"1"
"Drews","12",20261012,"TCGA-21-1078","LUSC","2",0.629483997821808,"1"
"Drews","12",20261012,"TCGA-21-1080","LUSC","1",0.999860882759094,"1"
"Drews","12",20261012,"TCGA-22-4591","LUSC","1",0.999984979629517,"1"
"Drews","12",20261012,"TCGA-22-5473","LUSC","1",0.998304843902588,"1"
"Drews","12",20261012,"TCGA-22-5491","LUSC","1",0.99984347820282,"1"
"Drews","12",20261012,"TCGA-22-A5C4","LUSC","1",0.999456346035004,"1"
"Drews","12",20261012,"TCGA-33-4532","LUSC","1",0.999901175498962,"1"
"Drews","12",20261012,"TCGA-33-AAS8","LUSC","1",0.999923944473267,"1"
"Drews","12",20261012,"TCGA-34-8456","LUSC","1",0.99884831905365,"1"
"Drews","12",20261012,"TCGA-37-3789","LUSC","1",0.99941074848175,"1"
"Drews","12",20261012,"TCGA-39-5034","LUSC","1",0.999443829059601,"1"
"Drews","12",20261012,"TCGA-43-8115","LUSC","1",0.999875426292419,"1"
"Drews","12",20261012,"TCGA-56-7579","LUSC","1",0.999669075012207,"1"
"Drews","12",20261012,"TCGA-56-7580","LUSC","1",0.994917869567871,"1"
"Drews","12",20261012,"TCGA-56-8083","LUSC","1",0.999920964241028,"1"
"Drews","12",20261012,"TCGA-56-8622","LUSC","1",0.850862741470337,"1"
"Drews","12",20261012,"TCGA-56-A4BW","LUSC","1",0.999481976032257,"1"
"Drews","12",20261012,"TCGA-60-2711","LUSC","1",0.999953746795654,"1"
"Drews","12",20261012,"TCGA-60-2713","LUSC","1",0.999826371669769,"1"
"Drews","12",20261012,"TCGA-66-2756","LUSC","1",0.999921321868896,"1"
"Drews","12",20261012,"TCGA-66-2793","LUSC","1",0.999930381774902,"1"
"Drews","12",20261012,"TCGA-66-2800","LUSC","1",0.999919295310974,"1"
"Drews","12",20261012,"TCGA-70-6723","LUSC","1",0.999425292015076,"1"
"Drews","12",20261012,"TCGA-77-6843","LUSC","1",0.994326055049896,"1"
"Drews","12",20261012,"TCGA-77-6845","LUSC","1",0.999978542327881,"1"
"Drews","12",20261012,"TCGA-77-7142","LUSC","1",0.999328970909119,"1"
"Drews","12",20261012,"TCGA-77-A5G3","LUSC","1",0.999743044376373,"1"
"Drews","12",20261012,"TCGA-77-A5GF","LUSC","1",0.997804343700409,"1"
"Drews","12",20261012,"TCGA-85-8351","LUSC","1",0.98324191570282,"1"
"Drews","12",20261012,"TCGA-85-A4QQ","LUSC","1",0.998687446117401,"1"
"Drews","12",20261012,"TCGA-85-A5B5","LUSC","1",0.999028921127319,"1"
"Drews","12",20261012,"TCGA-98-8020","LUSC","1",0.996905028820038,"1"
"Drews","12",20261012,"TCGA-NC-A5HN","LUSC","1",0.997280716896057,"1"
"Drews","12",20261012,"TCGA-3U-A98I","MESO","1",0.985895335674286,"1"
"Drews","12",20261012,"TCGA-MQ-A4LV","MESO","1",0.943181812763214,"1"
"Drews","12",20261012,"TCGA-SC-A6LM","MESO","1",0.992188215255737,"1"
"Drews","12",20261012,"TCGA-UD-AAC7","MESO","1",0.998993694782257,"1"
"Drews","12",20261012,"TCGA-04-1357","OV","1",0.997850179672241,"1"
"Drews","12",20261012,"TCGA-04-1362","OV","1",0.999858617782593,"1"
"Drews","12",20261012,"TCGA-09-0369","OV","1",0.999680876731873,"1"
"Drews","12",20261012,"TCGA-09-2045","OV","1",0.998060405254364,"1"
"Drews","12",20261012,"TCGA-13-0800","OV","1",0.99955278635025,"1"
"Drews","12",20261012,"TCGA-13-0916","OV","1",0.999969720840454,"1"
"Drews","12",20261012,"TCGA-13-1498","OV","1",0.999768078327179,"1"
"Drews","12",20261012,"TCGA-13-1505","OV","1",0.999989748001099,"1"
"Drews","12",20261012,"TCGA-13-1511","OV","1",0.99910432100296,"1"
"Drews","12",20261012,"TCGA-13-1512","OV","1",0.999992847442627,"1"
"Drews","12",20261012,"TCGA-20-1684","OV","1",0.999927878379822,"1"
"Drews","12",20261012,"TCGA-23-1123","OV","1",0.999916791915894,"1"
"Drews","12",20261012,"TCGA-24-1463","OV","1",0.999985456466675,"1"
"Drews","12",20261012,"TCGA-24-1842","OV","1",0.999978303909302,"1"
"Drews","12",20261012,"TCGA-24-1846","OV","1",0.999945044517517,"1"
"Drews","12",20261012,"TCGA-24-1850","OV","1",0.999933123588562,"1"
"Drews","12",20261012,"TCGA-24-2271","OV","1",0.999627828598022,"1"
"Drews","12",20261012,"TCGA-25-1312","OV","1",0.999961733818054,"1"
"Drews","12",20261012,"TCGA-25-1314","OV","1",0.999899864196777,"1"
"Drews","12",20261012,"TCGA-25-2393","OV","1",0.999975800514221,"1"
"Drews","12",20261012,"TCGA-25-2396","OV","1",0.999920964241028,"1"
"Drews","12",20261012,"TCGA-25-2401","OV","1",0.999390959739685,"1"
"Drews","12",20261012,"TCGA-29-1696","OV","1",0.999923229217529,"1"
"Drews","12",20261012,"TCGA-29-1699","OV","1",0.999950766563416,"1"
"Drews","12",20261012,"TCGA-29-1703","OV","1",0.999953985214233,"1"
"Drews","12",20261012,"TCGA-29-1761","OV","1",0.999881029129028,"1"
"Drews","12",20261012,"TCGA-29-1784","OV","1",0.999980688095093,"1"
"Drews","12",20261012,"TCGA-30-1718","OV","1",0.999988079071045,"1"
"Drews","12",20261012,"TCGA-59-2352","OV","1",0.99999213218689,"1"
"Drews","12",20261012,"TCGA-59-A5PD","OV","1",0.999998569488525,"1"
"Drews","12",20261012,"TCGA-61-1907","OV","1",0.999950051307678,"1"
"Drews","12",20261012,"TCGA-61-2094","OV","1",0.999860644340515,"1"
"Drews","12",20261012,"TCGA-OY-A56P","OV","1",0.994209289550781,"1"
"Drews","12",20261012,"TCGA-FB-AAPZ","PAAD","1",0.971634209156036,"1"
"Drews","12",20261012,"TCGA-IB-7646","PAAD","1",0.861275494098663,"1"
"Drews","12",20261012,"TCGA-IB-A7LX","PAAD","1",0.993752181529999,"1"
"Drews","12",20261012,"TCGA-PZ-A5RE","PAAD","1",0.982886016368866,"1"
"Drews","12",20261012,"TCGA-S4-A8RO","PAAD","1",0.427001923322678,"2"
"Drews","12",20261012,"TCGA-QR-A6GU","PCPG","2",0.158980920910835,"2"
"Drews","12",20261012,"TCGA-QR-A70R","PCPG","1",0.332511305809021,"2"
"Drews","12",20261012,"TCGA-QR-A70V","PCPG","1",0.317602157592773,"2"
"Drews","12",20261012,"TCGA-RM-A68W","PCPG","2",0.081291563808918,"2"
"Drews","12",20261012,"TCGA-RW-A685","PCPG","2",0.0363469496369362,"2"
"Drews","12",20261012,"TCGA-RW-A7CZ","PCPG","1",0.0121409865096211,"2"
"Drews","12",20261012,"TCGA-S7-A7X1","PCPG","2",0.0353000462055206,"2"
"Drews","12",20261012,"TCGA-SR-A6MU","PCPG","2",0.091617725789547,"2"
"Drews","12",20261012,"TCGA-W2-A7H5","PCPG","2",0.0332401990890503,"2"
"Drews","12",20261012,"TCGA-WB-A814","PCPG","2",0.121964909136295,"2"
"Drews","12",20261012,"TCGA-2A-A8VX","PRAD","1",0.996163845062256,"1"
"Drews","12",20261012,"TCGA-CH-5791","PRAD","1",0.995935201644897,"1"
"Drews","12",20261012,"TCGA-EJ-A46G","PRAD","1",0.999334275722504,"1"
"Drews","12",20261012,"TCGA-EJ-A65M","PRAD","1",0.697124302387238,"1"
"Drews","12",20261012,"TCGA-EJ-A8FN","PRAD","1",0.946469902992249,"1"
"Drews","12",20261012,"TCGA-HC-7232","PRAD","2",0.882446110248566,"1"
"Drews","12",20261012,"TCGA-HC-A631","PRAD","1",0.9723060131073,"1"
"Drews","12",20261012,"TCGA-J4-A83J","PRAD","1",0.981490731239319,"1"
"Drews","12",20261012,"TCGA-KC-A7F3","PRAD","1",0.420877873897552,"2"
"Drews","12",20261012,"TCGA-KK-A6E0","PRAD","1",0.95829039812088,"1"
"Drews","12",20261012,"TCGA-KK-A6E8","PRAD","1",0.996216595172882,"1"
"Drews","12",20261012,"TCGA-M7-A724","PRAD","1",0.968636155128479,"1"
"Drews","12",20261012,"TCGA-TP-A8TV","PRAD","1",0.999329209327698,"1"
"Drews","12",20261012,"TCGA-V1-A9Z7","PRAD","1",0.998499274253845,"1"
"Drews","12",20261012,"TCGA-XJ-A83H","PRAD","2",0.808418869972229,"1"
"Drews","12",20261012,"TCGA-XK-AAJA","PRAD","1",0.992630958557129,"1"
"Drews","12",20261012,"TCGA-XQ-A8TB","PRAD","1",0.905973434448242,"1"
"Drews","12",20261012,"TCGA-ZG-A9LN","PRAD","1",0.887175679206848,"1"
"Drews","12",20261012,"TCGA-AG-3731","READ","1",0.102022983133793,"2"
"Drews","12",20261012,"TCGA-AG-3883","READ","1",0.997267961502075,"1"
"Drews","12",20261012,"TCGA-AG-3890","READ","1",0.804372012615204,"1"
"Drews","12",20261012,"TCGA-AG-4022","READ","2",0.808531403541565,"1"
"Drews","12",20261012,"TCGA-AG-A02X","READ","1",0.983074128627777,"1"
"Drews","12",20261012,"TCGA-DT-5265","READ","1",0.984438955783844,"1"
"Drews","12",20261012,"TCGA-DY-A1H8","READ","1",0.747428357601166,"1"
"Drews","12",20261012,"TCGA-F5-6863","READ","1",0.995852589607239,"1"
"Drews","12",20261012,"TCGA-G5-6233","READ","1",0.998115658760071,"1"
"Drews","12",20261012,"TCGA-3B-A9HS","SARC","1",0.99920779466629,"1"
"Drews","12",20261012,"TCGA-DX-A1L2","SARC","1",0.97315526008606,"1"
"Drews","12",20261012,"TCGA-DX-A3LS","SARC","1",0.992936313152313,"1"
"Drews","12",20261012,"TCGA-DX-A3LY","SARC","1",0.929265081882477,"1"
"Drews","12",20261012,"TCGA-DX-A3M1","SARC","1",0.997724592685699,"1"
"Drews","12",20261012,"TCGA-DX-A3UA","SARC","1",0.95983898639679,"1"
"Drews","12",20261012,"TCGA-DX-A6YQ","SARC","1",0.999082207679749,"1"
"Drews","12",20261012,"TCGA-DX-A6YZ","SARC","1",0.991191804409027,"1"
"Drews","12",20261012,"TCGA-DX-A7EI","SARC","1",0.998908400535583,"1"
"Drews","12",20261012,"TCGA-DX-A7EL","SARC","1",0.717378199100494,"1"
"Drews","12",20261012,"TCGA-DX-AB2T","SARC","1",0.999109089374542,"1"
"Drews","12",20261012,"TCGA-DX-AB35","SARC","1",0.997967422008514,"1"
"Drews","12",20261012,"TCGA-DX-AB3B","SARC","1",0.8852618932724,"1"
"Drews","12",20261012,"TCGA-K1-A6RU","SARC","1",0.996437311172485,"1"
"Drews","12",20261012,"TCGA-KD-A5QU","SARC","1",0.998772919178009,"1"
"Drews","12",20261012,"TCGA-MB-A8JK","SARC","1",0.99890124797821,"1"
"Drews","12",20261012,"TCGA-N1-A6IA","SARC","1",0.998833119869232,"1"
"Drews","12",20261012,"TCGA-QQ-A5VB","SARC","1",0.99991238117218,"1"
"Drews","12",20261012,"TCGA-QQ-A5VC","SARC","1",0.999589741230011,"1"
"Drews","12",20261012,"TCGA-QQ-A8VH","SARC","1",0.999956369400024,"1"
"Drews","12",20261012,"TCGA-SI-AA8B","SARC","1",0.999461233615875,"1"
"Drews","12",20261012,"TCGA-X6-A7WC","SARC","1",0.999453008174896,"1"
"Drews","12",20261012,"TCGA-X6-A8C2","SARC","1",0.999672532081604,"1"
"Drews","12",20261012,"TCGA-X6-A8C3","SARC","1",0.992255210876465,"1"
"Drews","12",20261012,"TCGA-BF-A9VF","SKCM","1",0.99382209777832,"1"
"Drews","12",20261012,"TCGA-BF-AAP2","SKCM","1",0.751866042613983,"1"
"Drews","12",20261012,"TCGA-D9-A4Z3","SKCM","1",0.959318399429321,"1"
"Drews","12",20261012,"TCGA-EB-A3XB","SKCM","2",0.903148651123047,"1"
"Drews","12",20261012,"TCGA-EB-A431","SKCM","1",0.98513525724411,"1"
"Drews","12",20261012,"TCGA-EB-A4IQ","SKCM","1",0.980937063694,"1"
"Drews","12",20261012,"TCGA-EB-A553","SKCM","1",0.939877212047577,"1"
"Drews","12",20261012,"TCGA-EB-A5UM","SKCM","1",0.163161501288414,"2"
"Drews","12",20261012,"TCGA-BR-4191","STAD","1",0.999731719493866,"1"
"Drews","12",20261012,"TCGA-BR-4267","STAD","1",0.985845744609833,"1"
"Drews","12",20261012,"TCGA-BR-4371","STAD","2",0.824612319469452,"1"
"Drews","12",20261012,"TCGA-BR-8077","STAD","1",0.999907374382019,"1"
"Drews","12",20261012,"TCGA-BR-A44U","STAD","1",0.967730820178986,"1"
"Drews","12",20261012,"TCGA-CD-A486","STAD","1",0.999956130981445,"1"
"Drews","12",20261012,"TCGA-CG-4438","STAD","1",0.999876618385315,"1"
"Drews","12",20261012,"TCGA-CG-4449","STAD","1",0.99966299533844,"1"
"Drews","12",20261012,"TCGA-CG-4474","STAD","2",0.909765183925629,"1"
"Drews","12",20261012,"TCGA-HJ-7597","STAD","2",0.977121412754059,"1"
"Drews","12",20261012,"TCGA-HU-8243","STAD","1",0.999920845031738,"1"
"Drews","12",20261012,"TCGA-HU-8244","STAD","2",0.829506933689117,"1"
"Drews","12",20261012,"TCGA-HU-A4GH","STAD","1",0.999603807926178,"1"
"Drews","12",20261012,"TCGA-HU-A4GU","STAD","1",0.998270511627197,"1"
"Drews","12",20261012,"TCGA-HU-A4HB","STAD","2",0.995413362979889,"1"
"Drews","12",20261012,"TCGA-HU-A4HD","STAD","1",0.999727666378021,"1"
"Drews","12",20261012,"TCGA-IN-A6RI","STAD","1",0.999789774417877,"1"
"Drews","12",20261012,"TCGA-IP-7968","STAD","1",0.999978184700012,"1"
"Drews","12",20261012,"TCGA-MX-A666","STAD","1",0.999630093574524,"1"
"Drews","12",20261012,"TCGA-R5-A805","STAD","1",0.999352276325226,"1"
"Drews","12",20261012,"TCGA-RD-A8N6","STAD","1",0.999857664108276,"1"
"Drews","12",20261012,"TCGA-VQ-A8DZ","STAD","1",0.999936699867249,"1"
"Drews","12",20261012,"TCGA-VQ-A8E3","STAD","1",0.985127389431,"1"
"Drews","12",20261012,"TCGA-VQ-A8P5","STAD","1",0.999642848968506,"1"
"Drews","12",20261012,"TCGA-VQ-A91U","STAD","1",0.999460637569427,"1"
"Drews","12",20261012,"TCGA-VQ-A91X","STAD","1",0.994047284126282,"1"
"Drews","12",20261012,"TCGA-VQ-AA64","STAD","1",0.99994945526123,"1"
"Drews","12",20261012,"TCGA-2G-AAFN","TGCT","1",0.996046125888824,"1"
"Drews","12",20261012,"TCGA-2G-AAGO","TGCT","1",0.98980987071991,"1"
"Drews","12",20261012,"TCGA-2G-AAGV","TGCT","2",0.201900407671928,"2"
"Drews","12",20261012,"TCGA-2G-AAHL","TGCT","2",0.799219071865082,"1"
"Drews","12",20261012,"TCGA-DJ-A2Q0","THCA","2",0.0217917542904615,"2"
"Drews","12",20261012,"TCGA-EM-A2OY","THCA","2",0.00112652720417827,"2"
"Drews","12",20261012,"TCGA-5K-AAAP","THYM","2",0.429462283849716,"2"
"Drews","12",20261012,"TCGA-A5-A0VQ","UCEC","2",0.0857552513480186,"2"
"Drews","12",20261012,"TCGA-A5-A1OG","UCEC","1",0.999728500843048,"1"
"Drews","12",20261012,"TCGA-AJ-A3IA","UCEC","1",0.999956965446472,"1"
"Drews","12",20261012,"TCGA-AJ-A8CV","UCEC","2",0.0197776649147272,"2"
"Drews","12",20261012,"TCGA-AP-A053","UCEC","1",0.999063432216644,"1"
"Drews","12",20261012,"TCGA-AP-A05D","UCEC","1",0.999970674514771,"1"
"Drews","12",20261012,"TCGA-AP-A05J","UCEC","1",0.999683618545532,"1"
"Drews","12",20261012,"TCGA-AP-A1DQ","UCEC","1",0.993945777416229,"1"
"Drews","12",20261012,"TCGA-AX-A2H4","UCEC","1",0.997748911380768,"1"
"Drews","12",20261012,"TCGA-AX-A2HF","UCEC","1",0.999262988567352,"1"
"Drews","12",20261012,"TCGA-AX-A3FV","UCEC","1",0.999833703041077,"1"
"Drews","12",20261012,"TCGA-AX-A3G6","UCEC","1",0.998909831047058,"1"
"Drews","12",20261012,"TCGA-B5-A0JV","UCEC","1",0.175984367728233,"2"
"Drews","12",20261012,"TCGA-B5-A0K3","UCEC","1",0.998252689838409,"1"
"Drews","12",20261012,"TCGA-B5-A0K8","UCEC","1",0.987631142139435,"1"
"Drews","12",20261012,"TCGA-B5-A11I","UCEC","1",0.999868154525757,"1"
"Drews","12",20261012,"TCGA-B5-A121","UCEC","2",0.0611589513719082,"2"
"Drews","12",20261012,"TCGA-B5-A5OD","UCEC","1",0.997896671295166,"1"
"Drews","12",20261012,"TCGA-B5-A5OE","UCEC","1",0.999986529350281,"1"
"Drews","12",20261012,"TCGA-BS-A0TI","UCEC","1",0.998113870620728,"1"
"Drews","12",20261012,"TCGA-D1-A16I","UCEC","1",0.995715200901031,"1"
"Drews","12",20261012,"TCGA-D1-A3DG","UCEC","1",0.994584023952484,"1"
"Drews","12",20261012,"TCGA-DI-A2QT","UCEC","1",0.996032297611237,"1"
"Drews","12",20261012,"TCGA-EO-A22Y","UCEC","2",0.535631537437439,"1"
"Drews","12",20261012,"TCGA-EO-A3KU","UCEC","1",0.99993360042572,"1"
"Drews","12",20261012,"TCGA-EY-A1GO","UCEC","2",0.990911602973938,"1"
"Drews","12",20261012,"TCGA-EY-A210","UCEC","1",0.944074273109436,"1"
"Drews","12",20261012,"TCGA-EY-A2ON","UCEC","1",0.999804198741913,"1"
"Drews","12",20261012,"TCGA-EY-A3QX","UCEC","1",0.999663233757019,"1"
"Drews","12",20261012,"TCGA-FI-A2CY","UCEC","1",0.99993371963501,"1"
"Drews","12",20261012,"TCGA-FI-A2D2","UCEC","1",0.996908605098724,"1"
"Drews","12",20261012,"TCGA-JU-AAVI","UCEC","1",0.999108016490936,"1"
"Drews","12",20261012,"TCGA-PG-A7D5","UCEC","1",0.999298095703125,"1"
"Drews","12",20261012,"TCGA-QS-A8F1","UCEC","1",0.996916174888611,"1"
"Drews","12",20261012,"TCGA-N5-A4R8","UCS","1",0.999790132045746,"1"
"Drews","12",20261012,"TCGA-N5-A4RN","UCS","1",0.999851822853088,"1"
"Drews","12",20261012,"TCGA-N6-A4VC","UCS","1",0.999988317489624,"1"
"Drews","12",20261012,"TCGA-N8-A4PN","UCS","1",0.999822676181793,"1"
"Drews","12",20261012,"TCGA-N8-A4PO","UCS","1",0.999715149402618,"1"
"Drews","12",20261012,"TCGA-N8-A4PQ","UCS","1",0.999299168586731,"1"
"Drews","12",20261012,"TCGA-N9-A4Q4","UCS","1",0.999909162521362,"1"
"Drews","12",20261012,"TCGA-V4-A9E7","UVM","2",0.0695483610033989,"2"
"Drews","12",20261012,"TCGA-VD-A8KA","UVM","2",0.0671016275882721,"2"
"Drews","12",20261012,"TCGA-VD-A8KM","UVM","2",0.0337000675499439,"2"
"Drews","12",20261012,"TCGA-YZ-A984","UVM","2",0.0310187190771103,"2"
"Drews","13",20261013,"TCGA-OR-A5JM","ACC","1",0.995995402336121,"1"
"Drews","13",20261013,"TCGA-OR-A5JQ","ACC","2",0.016412228345871,"2"
"Drews","13",20261013,"TCGA-OR-A5JS","ACC","1",0.974129736423492,"1"
"Drews","13",20261013,"TCGA-OR-A5K1","ACC","2",0.104543454945087,"2"
"Drews","13",20261013,"TCGA-OR-A5K5","ACC","1",0.987868070602417,"1"
"Drews","13",20261013,"TCGA-OR-A5KV","ACC","2",0.861997425556183,"1"
"Drews","13",20261013,"TCGA-OR-A5LG","ACC","1",0.325706958770752,"2"
"Drews","13",20261013,"TCGA-PA-A5YG","ACC","2",0.0216157361865044,"2"
"Drews","13",20261013,"TCGA-4Z-AA7M","BLCA","1",0.999683618545532,"1"
"Drews","13",20261013,"TCGA-4Z-AA7S","BLCA","1",0.994716465473175,"1"
"Drews","13",20261013,"TCGA-BL-A0C8","BLCA","1",0.992895185947418,"1"
"Drews","13",20261013,"TCGA-BT-A20T","BLCA","1",0.997190415859222,"1"
"Drews","13",20261013,"TCGA-BT-A3PJ","BLCA","1",0.995493292808533,"1"
"Drews","13",20261013,"TCGA-CF-A1HR","BLCA","1",0.917144000530243,"1"
"Drews","13",20261013,"TCGA-DK-A3IM","BLCA","1",0.999975204467773,"1"
"Drews","13",20261013,"TCGA-DK-A3X1","BLCA","1",0.99687272310257,"1"
"Drews","13",20261013,"TCGA-DK-A6B1","BLCA","1",0.997209370136261,"1"
"Drews","13",20261013,"TCGA-DK-AA6R","BLCA","1",0.999928832054138,"1"
"Drews","13",20261013,"TCGA-DK-AA6W","BLCA","1",0.998280048370361,"1"
"Drews","13",20261013,"TCGA-E7-A3Y1","BLCA","2",0.015138603746891,"2"
"Drews","13",20261013,"TCGA-E7-A7PW","BLCA","1",0.999780118465424,"1"
"Drews","13",20261013,"TCGA-E7-A85H","BLCA","1",0.999878287315369,"1"
"Drews","13",20261013,"TCGA-FD-A3B5","BLCA","1",0.999984622001648,"1"
"Drews","13",20261013,"TCGA-FD-A3SJ","BLCA","1",0.999905347824097,"1"
"Drews","13",20261013,"TCGA-G2-A3IE","BLCA","1",0.922371387481689,"1"
"Drews","13",20261013,"TCGA-GC-A3YS","BLCA","1",0.999985575675964,"1"
"Drews","13",20261013,"TCGA-GD-A6C6","BLCA","1",0.997874140739441,"1"
"Drews","13",20261013,"TCGA-GV-A3JZ","BLCA","1",0.999899744987488,"1"
"Drews","13",20261013,"TCGA-GV-A3QH","BLCA","1",0.999922871589661,"1"
"Drews","13",20261013,"TCGA-GV-A40E","BLCA","1",0.999890923500061,"1"
"Drews","13",20261013,"TCGA-HQ-A2OE","BLCA","1",0.996283829212189,"1"
"Drews","13",20261013,"TCGA-UY-A78L","BLCA","1",0.999551236629486,"1"
"Drews","13",20261013,"TCGA-UY-A78N","BLCA","1",0.895208835601807,"1"
"Drews","13",20261013,"TCGA-XF-A9SH","BLCA","1",0.497917890548706,"2"
"Drews","13",20261013,"TCGA-XF-A9ST","BLCA","1",0.999436438083649,"1"
"Drews","13",20261013,"TCGA-XF-A9SZ","BLCA","1",0.998681247234344,"1"
"Drews","13",20261013,"TCGA-XF-AAML","BLCA","1",0.999912738800049,"1"
"Drews","13",20261013,"TCGA-YF-AA3L","BLCA","1",0.98621678352356,"1"
"Drews","13",20261013,"TCGA-ZF-A9R4","BLCA","1",0.996975779533386,"1"
"Drews","13",20261013,"TCGA-ZF-AA4T","BLCA","1",0.999922275543213,"1"
"Drews","13",20261013,"TCGA-ZF-AA5H","BLCA","1",0.999943256378174,"1"
"Drews","13",20261013,"TCGA-3C-AALK","BRCA","1",0.967324256896973,"1"
"Drews","13",20261013,"TCGA-A1-A0SN","BRCA","1",0.999314665794373,"1"
"Drews","13",20261013,"TCGA-A2-A04T","BRCA","1",0.999989151954651,"1"
"Drews","13",20261013,"TCGA-A2-A04X","BRCA","1",0.998920321464539,"1"
"Drews","13",20261013,"TCGA-A2-A0D4","BRCA","1",0.999812662601471,"1"
"Drews","13",20261013,"TCGA-A2-A0EX","BRCA","1",0.390918165445328,"2"
"Drews","13",20261013,"TCGA-A2-A0SX","BRCA","1",0.999210834503174,"1"
"Drews","13",20261013,"TCGA-A2-A0YC","BRCA","2",0.2807377576828,"2"
"Drews","13",20261013,"TCGA-A2-A0YG","BRCA","1",0.999609291553497,"1"
"Drews","13",20261013,"TCGA-A2-A0YM","BRCA","1",0.999966621398926,"1"
"Drews","13",20261013,"TCGA-A2-A1FX","BRCA","1",0.998550832271576,"1"
"Drews","13",20261013,"TCGA-A2-A259","BRCA","2",0.747659862041473,"1"
"Drews","13",20261013,"TCGA-A2-A25E","BRCA","1",0.999836206436157,"1"
"Drews","13",20261013,"TCGA-A2-A3Y0","BRCA","1",0.999468147754669,"1"
"Drews","13",20261013,"TCGA-A7-A5ZV","BRCA","1",0.999979138374329,"1"
"Drews","13",20261013,"TCGA-A8-A06N","BRCA","1",0.995137631893158,"1"
"Drews","13",20261013,"TCGA-A8-A06Q","BRCA","1",0.99236273765564,"1"
"Drews","13",20261013,"TCGA-A8-A07B","BRCA","1",0.998761773109436,"1"
"Drews","13",20261013,"TCGA-A8-A08O","BRCA","1",0.982971489429474,"1"
"Drews","13",20261013,"TCGA-A8-A093","BRCA","1",0.357874542474747,"2"
"Drews","13",20261013,"TCGA-A8-A094","BRCA","1",0.999304056167603,"1"
"Drews","13",20261013,"TCGA-A8-A096","BRCA","2",0.0294823534786701,"2"
"Drews","13",20261013,"TCGA-A8-A09W","BRCA","1",0.999554693698883,"1"
"Drews","13",20261013,"TCGA-AC-A2QH","BRCA","1",0.999539613723755,"1"
"Drews","13",20261013,"TCGA-AC-A3OD","BRCA","1",0.870804727077484,"1"
"Drews","13",20261013,"TCGA-AC-A3W5","BRCA","1",0.999873280525208,"1"
"Drews","13",20261013,"TCGA-AC-A6IX","BRCA","1",0.960125386714935,"1"
"Drews","13",20261013,"TCGA-AN-A03Y","BRCA","1",0.992808222770691,"1"
"Drews","13",20261013,"TCGA-AN-A041","BRCA","1",0.998283922672272,"1"
"Drews","13",20261013,"TCGA-AN-A049","BRCA","1",0.999629020690918,"1"
"Drews","13",20261013,"TCGA-AN-A0AS","BRCA","1",0.999459564685822,"1"
"Drews","13",20261013,"TCGA-AN-A0FV","BRCA","1",0.999388813972473,"1"
"Drews","13",20261013,"TCGA-AN-A0G0","BRCA","1",0.999659657478333,"1"
"Drews","13",20261013,"TCGA-AN-A0XP","BRCA","2",0.0613804794847965,"2"
"Drews","13",20261013,"TCGA-AO-A03M","BRCA","1",0.999153852462769,"1"
"Drews","13",20261013,"TCGA-AO-A0J3","BRCA","1",0.99957150220871,"1"
"Drews","13",20261013,"TCGA-AO-A0J5","BRCA","1",0.995261371135712,"1"
"Drews","13",20261013,"TCGA-AO-A0JM","BRCA","1",0.999978065490723,"1"
"Drews","13",20261013,"TCGA-AQ-A04H","BRCA","1",0.999590694904327,"1"
"Drews","13",20261013,"TCGA-AR-A0TR","BRCA","2",0.218150109052658,"2"
"Drews","13",20261013,"TCGA-AR-A0TY","BRCA","1",0.999651074409485,"1"
"Drews","13",20261013,"TCGA-AR-A0TZ","BRCA","1",0.998606622219086,"1"
"Drews","13",20261013,"TCGA-AR-A0U3","BRCA","1",0.998767495155334,"1"
"Drews","13",20261013,"TCGA-AR-A1AQ","BRCA","1",0.993497967720032,"1"
"Drews","13",20261013,"TCGA-AR-A24H","BRCA","1",0.998089015483856,"1"
"Drews","13",20261013,"TCGA-AR-A24R","BRCA","1",0.995691955089569,"1"
"Drews","13",20261013,"TCGA-AR-A24X","BRCA","2",0.0658615380525589,"2"
"Drews","13",20261013,"TCGA-B6-A0I9","BRCA","1",0.999840021133423,"1"
"Drews","13",20261013,"TCGA-B6-A0IE","BRCA","1",0.998050570487976,"1"
"Drews","13",20261013,"TCGA-B6-A0IQ","BRCA","1",0.999980211257935,"1"
"Drews","13",20261013,"TCGA-B6-A0RE","BRCA","1",0.999970674514771,"1"
"Drews","13",20261013,"TCGA-B6-A0RS","BRCA","1",0.999771058559418,"1"
"Drews","13",20261013,"TCGA-B6-A409","BRCA","1",0.999857425689697,"1"
"Drews","13",20261013,"TCGA-B6-A40C","BRCA","2",0.996442139148712,"1"
"Drews","13",20261013,"TCGA-BH-A0AU","BRCA","1",0.997997343540192,"1"
"Drews","13",20261013,"TCGA-BH-A0AW","BRCA","1",0.999859809875488,"1"
"Drews","13",20261013,"TCGA-BH-A0BP","BRCA","1",0.996386170387268,"1"
"Drews","13",20261013,"TCGA-BH-A0BW","BRCA","1",0.999388933181763,"1"
"Drews","13",20261013,"TCGA-BH-A0C1","BRCA","1",0.201442822813988,"2"
"Drews","13",20261013,"TCGA-BH-A0HB","BRCA","1",0.999407529830933,"1"
"Drews","13",20261013,"TCGA-BH-A18T","BRCA","1",0.999872207641602,"1"
"Drews","13",20261013,"TCGA-C8-A12Z","BRCA","1",0.999550879001617,"1"
"Drews","13",20261013,"TCGA-C8-A137","BRCA","1",0.997771918773651,"1"
"Drews","13",20261013,"TCGA-C8-A1HO","BRCA","1",0.999894499778748,"1"
"Drews","13",20261013,"TCGA-C8-A273","BRCA","1",0.991343975067139,"1"
"Drews","13",20261013,"TCGA-C8-A275","BRCA","1",0.998970150947571,"1"
"Drews","13",20261013,"TCGA-D8-A1JA","BRCA","1",0.984464824199677,"1"
"Drews","13",20261013,"TCGA-D8-A1JD","BRCA","1",0.999692678451538,"1"
"Drews","13",20261013,"TCGA-D8-A1JG","BRCA","1",0.999382853507996,"1"
"Drews","13",20261013,"TCGA-D8-A1JM","BRCA","1",0.999622702598572,"1"
"Drews","13",20261013,"TCGA-D8-A1X5","BRCA","1",0.999813854694366,"1"
"Drews","13",20261013,"TCGA-D8-A1Y3","BRCA","1",0.999105751514435,"1"
"Drews","13",20261013,"TCGA-D8-A27F","BRCA","1",0.999992847442627,"1"
"Drews","13",20261013,"TCGA-E2-A10A","BRCA","1",0.999146699905396,"1"
"Drews","13",20261013,"TCGA-E2-A15H","BRCA","1",0.999545156955719,"1"
"Drews","13",20261013,"TCGA-E2-A15K","BRCA","1",0.986336350440979,"1"
"Drews","13",20261013,"TCGA-E2-A1LL","BRCA","1",0.999095439910889,"1"
"Drews","13",20261013,"TCGA-E9-A1NC","BRCA","1",0.999305963516235,"1"
"Drews","13",20261013,"TCGA-E9-A1RC","BRCA","1",0.350191116333008,"2"
"Drews","13",20261013,"TCGA-E9-A22E","BRCA","1",0.999498248100281,"1"
"Drews","13",20261013,"TCGA-E9-A54Y","BRCA","1",0.976365923881531,"1"
"Drews","13",20261013,"TCGA-EW-A1IY","BRCA","2",0.480545610189438,"2"
"Drews","13",20261013,"TCGA-EW-A1OY","BRCA","1",0.999973058700562,"1"
"Drews","13",20261013,"TCGA-EW-A1P3","BRCA","2",0.841984570026398,"1"
"Drews","13",20261013,"TCGA-EW-A2FS","BRCA","1",0.994867324829102,"1"
"Drews","13",20261013,"TCGA-EW-A423","BRCA","1",0.991267740726471,"1"
"Drews","13",20261013,"TCGA-EW-A6S9","BRCA","1",0.998739898204803,"1"
"Drews","13",20261013,"TCGA-EW-A6SD","BRCA","1",0.999969840049744,"1"
"Drews","13",20261013,"TCGA-GM-A2DC","BRCA","1",0.611070990562439,"1"
"Drews","13",20261013,"TCGA-GM-A2DK","BRCA","1",0.869759619235992,"1"
"Drews","13",20261013,"TCGA-LL-A6FQ","BRCA","1",0.811784207820892,"1"
"Drews","13",20261013,"TCGA-LL-A7T0","BRCA","1",0.999657034873962,"1"
"Drews","13",20261013,"TCGA-S3-A6ZF","BRCA","1",0.996545851230621,"1"
"Drews","13",20261013,"TCGA-UU-A93S","BRCA","1",0.999936938285828,"1"
"Drews","13",20261013,"TCGA-W8-A86G","BRCA","2",0.0319231823086739,"2"
"Drews","13",20261013,"TCGA-4J-AA1J","CESC","1",0.957092106342316,"1"
"Drews","13",20261013,"TCGA-C5-A2LV","CESC","1",0.992931246757507,"1"
"Drews","13",20261013,"TCGA-C5-A7UE","CESC","2",0.972116351127625,"1"
"Drews","13",20261013,"TCGA-C5-A8YQ","CESC","1",0.935077786445618,"1"
"Drews","13",20261013,"TCGA-C5-A901","CESC","2",0.999543190002441,"1"
"Drews","13",20261013,"TCGA-C5-A902","CESC","1",0.963492512702942,"1"
"Drews","13",20261013,"TCGA-C5-A907","CESC","1",0.998717546463013,"1"
"Drews","13",20261013,"TCGA-DS-A3LQ","CESC","1",0.998900890350342,"1"
"Drews","13",20261013,"TCGA-HM-A3JK","CESC","2",0.45785316824913,"2"
"Drews","13",20261013,"TCGA-JW-A5VI","CESC","1",0.917069017887115,"1"
"Drews","13",20261013,"TCGA-VS-A8Q9","CESC","1",0.814053475856781,"1"
"Drews","13",20261013,"TCGA-VS-A8QA","CESC","1",0.997538208961487,"1"
"Drews","13",20261013,"TCGA-VS-A9UD","CESC","1",0.97675484418869,"1"
"Drews","13",20261013,"TCGA-VS-A9UM","CESC","1",0.984633207321167,"1"
"Drews","13",20261013,"TCGA-VS-A9UP","CESC","1",0.99893182516098,"1"
"Drews","13",20261013,"TCGA-ZJ-A8QO","CESC","1",0.968157470226288,"1"
"Drews","13",20261013,"TCGA-W5-AA2Z","CHOL","2",0.113884344696999,"2"
"Drews","13",20261013,"TCGA-AA-3517","COAD","1",0.952138185501099,"1"
"Drews","13",20261013,"TCGA-AA-3524","COAD","1",0.630543112754822,"1"
"Drews","13",20261013,"TCGA-AA-3549","COAD","1",0.990355134010315,"1"
"Drews","13",20261013,"TCGA-AA-3663","COAD","2",0.0268366970121861,"2"
"Drews","13",20261013,"TCGA-AA-3679","COAD","1",0.991628766059875,"1"
"Drews","13",20261013,"TCGA-AA-3837","COAD","2",0.0898653864860535,"2"
"Drews","13",20261013,"TCGA-AA-3867","COAD","1",0.99192351102829,"1"
"Drews","13",20261013,"TCGA-AA-3968","COAD","1",0.851378440856934,"1"
"Drews","13",20261013,"TCGA-AA-A01S","COAD","1",0.975531935691833,"1"
"Drews","13",20261013,"TCGA-AA-A022","COAD","2",0.108851991593838,"2"
"Drews","13",20261013,"TCGA-AA-A02O","COAD","1",0.652417063713074,"1"
"Drews","13",20261013,"TCGA-AZ-4615","COAD","2",0.0274250507354736,"2"
"Drews","13",20261013,"TCGA-CA-5254","COAD","1",0.134368166327477,"2"
"Drews","13",20261013,"TCGA-CK-6751","COAD","2",0.0739004015922546,"2"
"Drews","13",20261013,"TCGA-CM-6168","COAD","2",0.0658356696367264,"2"
"Drews","13",20261013,"TCGA-DM-A28M","COAD","2",0.0955605059862137,"2"
"Drews","13",20261013,"TCGA-F4-6806","COAD","2",0.0670195147395134,"2"
"Drews","13",20261013,"TCGA-G4-6303","COAD","1",0.964489281177521,"1"
"Drews","13",20261013,"TCGA-G4-6315","COAD","2",0.984241425991058,"1"
"Drews","13",20261013,"TCGA-G4-6323","COAD","2",0.00318642822094262,"2"
"Drews","13",20261013,"TCGA-QL-A97D","COAD","1",0.946702301502228,"1"
"Drews","13",20261013,"TCGA-FA-A82F","DLBC","1",0.994429230690002,"1"
"Drews","13",20261013,"TCGA-2H-A9GH","ESCA","1",0.999489665031433,"1"
"Drews","13",20261013,"TCGA-2H-A9GI","ESCA","1",0.992088377475739,"1"
"Drews","13",20261013,"TCGA-2H-A9GL","ESCA","1",0.999783217906952,"1"
"Drews","13",20261013,"TCGA-2H-A9GM","ESCA","1",0.999897241592407,"1"
"Drews","13",20261013,"TCGA-IC-A6RE","ESCA","1",0.999868988990784,"1"
"Drews","13",20261013,"TCGA-IG-A8O2","ESCA","1",0.997830212116241,"1"
"Drews","13",20261013,"TCGA-JY-A6F8","ESCA","1",0.965939939022064,"1"
"Drews","13",20261013,"TCGA-L5-A4OP","ESCA","1",0.992161095142365,"1"
"Drews","13",20261013,"TCGA-L5-A4OX","ESCA","1",0.995521545410156,"1"
"Drews","13",20261013,"TCGA-LN-A49M","ESCA","1",0.999165654182434,"1"
"Drews","13",20261013,"TCGA-LN-A49V","ESCA","1",0.989128768444061,"1"
"Drews","13",20261013,"TCGA-LN-A49Y","ESCA","1",0.999724686145782,"1"
"Drews","13",20261013,"TCGA-LN-A4A3","ESCA","1",0.999878764152527,"1"
"Drews","13",20261013,"TCGA-R6-A6XQ","ESCA","1",0.99981278181076,"1"
"Drews","13",20261013,"TCGA-V5-A7RB","ESCA","1",0.99984335899353,"1"
"Drews","13",20261013,"TCGA-V5-A7RC","ESCA","1",0.999908685684204,"1"
"Drews","13",20261013,"TCGA-VR-A8EY","ESCA","1",0.995369255542755,"1"
"Drews","13",20261013,"TCGA-VR-AA4G","ESCA","1",0.999190986156464,"1"
"Drews","13",20261013,"TCGA-06-2564","GBM","1",0.39856681227684,"2"
"Drews","13",20261013,"TCGA-19-5960","GBM","1",0.731140434741974,"1"
"Drews","13",20261013,"TCGA-27-2521","GBM","1",0.971167504787445,"1"
"Drews","13",20261013,"TCGA-28-2514","GBM","1",0.648848176002502,"1"
"Drews","13",20261013,"TCGA-28-5216","GBM","1",0.62749183177948,"1"
"Drews","13",20261013,"TCGA-76-4925","GBM","1",0.973712682723999,"1"
"Drews","13",20261013,"TCGA-BA-4076","HNSC","1",0.999241232872009,"1"
"Drews","13",20261013,"TCGA-BA-6870","HNSC","1",0.999820053577423,"1"
"Drews","13",20261013,"TCGA-BA-7269","HNSC","1",0.999261319637299,"1"
"Drews","13",20261013,"TCGA-BA-A8YP","HNSC","1",0.999877214431763,"1"
"Drews","13",20261013,"TCGA-CN-4741","HNSC","2",0.990018963813782,"1"
"Drews","13",20261013,"TCGA-CN-6024","HNSC","1",0.999484062194824,"1"
"Drews","13",20261013,"TCGA-CN-6988","HNSC","1",0.995833516120911,"1"
"Drews","13",20261013,"TCGA-CQ-A4CI","HNSC","1",0.99917334318161,"1"
"Drews","13",20261013,"TCGA-CV-5430","HNSC","1",0.999966979026794,"1"
"Drews","13",20261013,"TCGA-CV-5978","HNSC","1",0.999723255634308,"1"
"Drews","13",20261013,"TCGA-CV-5979","HNSC","1",0.970965266227722,"1"
"Drews","13",20261013,"TCGA-CV-6960","HNSC","1",0.99533599615097,"1"
"Drews","13",20261013,"TCGA-CV-7263","HNSC","2",0.914571404457092,"1"
"Drews","13",20261013,"TCGA-CV-7437","HNSC","1",0.9989954829216,"1"
"Drews","13",20261013,"TCGA-D6-A6EN","HNSC","2",0.456867843866348,"2"
"Drews","13",20261013,"TCGA-IQ-7630","HNSC","1",0.982141971588135,"1"
"Drews","13",20261013,"TCGA-MT-A7BN","HNSC","1",0.999334514141083,"1"
"Drews","13",20261013,"TCGA-QK-A6IG","HNSC","1",0.991270661354065,"1"
"Drews","13",20261013,"TCGA-QK-A6IJ","HNSC","1",0.991442382335663,"1"
"Drews","13",20261013,"TCGA-T2-A6WX","HNSC","2",0.0953836441040039,"2"
"Drews","13",20261013,"TCGA-T2-A6WZ","HNSC","1",0.997103989124298,"1"
"Drews","13",20261013,"TCGA-T3-A92M","HNSC","1",0.999911189079285,"1"
"Drews","13",20261013,"TCGA-UF-A7JC","HNSC","1",0.910114467144012,"1"
"Drews","13",20261013,"TCGA-KL-8336","KICH","2",0.0677288025617599,"2"
"Drews","13",20261013,"TCGA-KL-8346","KICH","2",0.0600356124341488,"2"
"Drews","13",20261013,"TCGA-KN-8422","KICH","2",0.0347757376730442,"2"
"Drews","13",20261013,"TCGA-KN-8424","KICH","2",0.0209741853177547,"2"
"Drews","13",20261013,"TCGA-KN-8429","KICH","2",0.0201390404254198,"2"
"Drews","13",20261013,"TCGA-KN-8434","KICH","2",0.00604870589450002,"2"
"Drews","13",20261013,"TCGA-KO-8408","KICH","2",0.0231006350368261,"2"
"Drews","13",20261013,"TCGA-A3-3363","KIRC","1",0.0821623504161835,"2"
"Drews","13",20261013,"TCGA-AK-3440","KIRC","2",0.0223781038075686,"2"
"Drews","13",20261013,"TCGA-AK-3453","KIRC","2",0.0207036565989256,"2"
"Drews","13",20261013,"TCGA-B0-4810","KIRC","2",0.0032778955064714,"2"
"Drews","13",20261013,"TCGA-B0-5116","KIRC","2",0.00300525454804301,"2"
"Drews","13",20261013,"TCGA-BP-4164","KIRC","2",0.00469118449836969,"2"
"Drews","13",20261013,"TCGA-BP-4963","KIRC","2",0.0121800173074007,"2"
"Drews","13",20261013,"TCGA-CJ-4902","KIRC","2",0.00548956636339426,"2"
"Drews","13",20261013,"TCGA-CJ-4903","KIRC","2",0.000974122260231525,"2"
"Drews","13",20261013,"TCGA-CJ-5678","KIRC","2",0.00787813775241375,"2"
"Drews","13",20261013,"TCGA-CJ-5679","KIRC","2",0.0101273525506258,"2"
"Drews","13",20261013,"TCGA-CW-5591","KIRC","2",0.00166442024055868,"2"
"Drews","13",20261013,"TCGA-CZ-4866","KIRC","2",0.00440120743587613,"2"
"Drews","13",20261013,"TCGA-CZ-5989","KIRC","2",0.0289840716868639,"2"
"Drews","13",20261013,"TCGA-EU-5907","KIRC","2",0.00292140431702137,"2"
"Drews","13",20261013,"TCGA-2Z-A9JS","KIRP","2",0.0834307819604874,"2"
"Drews","13",20261013,"TCGA-A4-7287","KIRP","2",0.98719984292984,"1"
"Drews","13",20261013,"TCGA-B9-4114","KIRP","2",0.0676443055272102,"2"
"Drews","13",20261013,"TCGA-BQ-5885","KIRP","2",0.149534940719604,"2"
"Drews","13",20261013,"TCGA-BQ-5893","KIRP","2",0.409778922796249,"2"
"Drews","13",20261013,"TCGA-BQ-7056","KIRP","2",0.412596493959427,"2"
"Drews","13",20261013,"TCGA-F9-A7VF","KIRP","2",0.0763220489025116,"2"
"Drews","13",20261013,"TCGA-G7-6793","KIRP","1",0.873266994953156,"1"
"Drews","13",20261013,"TCGA-P4-A5EB","KIRP","2",0.0506607554852962,"2"
"Drews","13",20261013,"TCGA-CS-5393","LGG","1",0.106984354555607,"2"
"Drews","13",20261013,"TCGA-CS-6666","LGG","1",0.290786296129227,"2"
"Drews","13",20261013,"TCGA-DB-5275","LGG","1",0.113070294260979,"2"
"Drews","13",20261013,"TCGA-DB-A4XE","LGG","2",0.0691528022289276,"2"
"Drews","13",20261013,"TCGA-DB-A4XG","LGG","2",0.00334564060904086,"2"
"Drews","13",20261013,"TCGA-DH-A669","LGG","1",0.0787481740117073,"2"
"Drews","13",20261013,"TCGA-DH-A7UV","LGG","2",0.052016232162714,"2"
"Drews","13",20261013,"TCGA-DU-5853","LGG","2",0.0394034087657928,"2"
"Drews","13",20261013,"TCGA-DU-5855","LGG","2",0.0287986155599356,"2"
"Drews","13",20261013,"TCGA-DU-7018","LGG","2",0.0217184815555811,"2"
"Drews","13",20261013,"TCGA-E1-5307","LGG","1",0.0499044470489025,"2"
"Drews","13",20261013,"TCGA-E1-A7YS","LGG","2",0.00659204740077257,"2"
"Drews","13",20261013,"TCGA-E1-A7YW","LGG","2",0.0103307943791151,"2"
"Drews","13",20261013,"TCGA-E1-A7Z2","LGG","1",0.469260305166245,"2"
"Drews","13",20261013,"TCGA-E1-A7Z3","LGG","2",0.00331067084334791,"2"
"Drews","13",20261013,"TCGA-FG-A6IZ","LGG","2",0.0381760410964489,"2"
"Drews","13",20261013,"TCGA-FN-7833","LGG","2",0.306593179702759,"2"
"Drews","13",20261013,"TCGA-HT-7616","LGG","2",0.0225878339260817,"2"
"Drews","13",20261013,"TCGA-HT-A61B","LGG","1",0.214482069015503,"2"
"Drews","13",20261013,"TCGA-P5-A780","LGG","1",0.301973849534988,"2"
"Drews","13",20261013,"TCGA-QH-A6XC","LGG","2",0.0284186750650406,"2"
"Drews","13",20261013,"TCGA-S9-A6TW","LGG","2",0.0128503246232867,"2"
"Drews","13",20261013,"TCGA-TQ-A7RS","LGG","2",0.0099751939997077,"2"
"Drews","13",20261013,"TCGA-VM-A8CF","LGG","1",0.0643478110432625,"2"
"Drews","13",20261013,"TCGA-2Y-A9H9","LIHC","1",0.988758325576782,"1"
"Drews","13",20261013,"TCGA-2Y-A9HB","LIHC","1",0.0457109250128269,"2"
"Drews","13",20261013,"TCGA-3K-AAZ8","LIHC","2",0.532103002071381,"1"
"Drews","13",20261013,"TCGA-BC-A10Q","LIHC","2",0.942572236061096,"1"
"Drews","13",20261013,"TCGA-BC-A3KF","LIHC","1",0.988610029220581,"1"
"Drews","13",20261013,"TCGA-BC-A69H","LIHC","1",0.997894465923309,"1"
"Drews","13",20261013,"TCGA-CC-5263","LIHC","1",0.999798238277435,"1"
"Drews","13",20261013,"TCGA-CC-A3MA","LIHC","1",0.993061125278473,"1"
"Drews","13",20261013,"TCGA-DD-A11D","LIHC","1",0.142054229974747,"2"
"Drews","13",20261013,"TCGA-DD-AAC9","LIHC","2",0.325602740049362,"2"
"Drews","13",20261013,"TCGA-DD-AADN","LIHC","1",0.948824405670166,"1"
"Drews","13",20261013,"TCGA-DD-AADO","LIHC","1",0.900363624095917,"1"
"Drews","13",20261013,"TCGA-DD-AAEG","LIHC","1",0.968236029148102,"1"
"Drews","13",20261013,"TCGA-ES-A2HT","LIHC","2",0.22862109541893,"2"
"Drews","13",20261013,"TCGA-G3-A5SL","LIHC","1",0.0650802254676819,"2"
"Drews","13",20261013,"TCGA-LG-A6GG","LIHC","1",0.508180379867554,"1"
"Drews","13",20261013,"TCGA-PD-A5DF","LIHC","1",0.970312297344208,"1"
"Drews","13",20261013,"TCGA-RC-A6M6","LIHC","1",0.999471962451935,"1"
"Drews","13",20261013,"TCGA-RC-A7SK","LIHC","1",0.864648878574371,"1"
"Drews","13",20261013,"TCGA-WX-AA44","LIHC","1",0.994465887546539,"1"
"Drews","13",20261013,"TCGA-ZS-A9CF","LIHC","1",0.995138764381409,"1"
"Drews","13",20261013,"TCGA-05-4389","LUAD","1",0.999949097633362,"1"
"Drews","13",20261013,"TCGA-05-4396","LUAD","1",0.974966168403625,"1"
"Drews","13",20261013,"TCGA-05-4422","LUAD","1",0.899077892303467,"1"
"Drews","13",20261013,"TCGA-44-6779","LUAD","1",0.967887580394745,"1"
"Drews","13",20261013,"TCGA-44-7660","LUAD","1",0.999931573867798,"1"
"Drews","13",20261013,"TCGA-49-4501","LUAD","1",0.999678254127502,"1"
"Drews","13",20261013,"TCGA-49-AARE","LUAD","1",0.992040812969208,"1"
"Drews","13",20261013,"TCGA-49-AARQ","LUAD","1",0.997779190540314,"1"
"Drews","13",20261013,"TCGA-4B-A93V","LUAD","1",0.998239755630493,"1"
"Drews","13",20261013,"TCGA-50-5944","LUAD","1",0.995925068855286,"1"
"Drews","13",20261013,"TCGA-53-7624","LUAD","1",0.99995744228363,"1"
"Drews","13",20261013,"TCGA-55-1595","LUAD","1",0.999667048454285,"1"
"Drews","13",20261013,"TCGA-55-5899","LUAD","1",0.99995756149292,"1"
"Drews","13",20261013,"TCGA-64-5774","LUAD","1",0.999215602874756,"1"
"Drews","13",20261013,"TCGA-78-7145","LUAD","1",0.99982362985611,"1"
"Drews","13",20261013,"TCGA-78-7146","LUAD","1",0.996939778327942,"1"
"Drews","13",20261013,"TCGA-78-7149","LUAD","1",0.988663971424103,"1"
"Drews","13",20261013,"TCGA-78-7154","LUAD","1",0.999056041240692,"1"
"Drews","13",20261013,"TCGA-78-7158","LUAD","2",0.974184274673462,"1"
"Drews","13",20261013,"TCGA-78-7220","LUAD","1",0.998995840549469,"1"
"Drews","13",20261013,"TCGA-78-7539","LUAD","1",0.992117464542389,"1"
"Drews","13",20261013,"TCGA-78-8662","LUAD","1",0.999944925308228,"1"
"Drews","13",20261013,"TCGA-86-7713","LUAD","1",0.996071338653564,"1"
"Drews","13",20261013,"TCGA-91-6847","LUAD","1",0.999652028083801,"1"
"Drews","13",20261013,"TCGA-97-7546","LUAD","1",0.914474904537201,"1"
"Drews","13",20261013,"TCGA-MP-A4T6","LUAD","1",0.982073903083801,"1"
"Drews","13",20261013,"TCGA-NJ-A4YF","LUAD","1",0.99984085559845,"1"
"Drews","13",20261013,"TCGA-18-3421","LUSC","1",0.998353838920593,"1"
"Drews","13",20261013,"TCGA-18-4721","LUSC","1",0.998863458633423,"1"
"Drews","13",20261013,"TCGA-22-4593","LUSC","1",0.999816238880157,"1"
"Drews","13",20261013,"TCGA-22-4613","LUSC","1",0.999979734420776,"1"
"Drews","13",20261013,"TCGA-22-5481","LUSC","1",0.998685777187347,"1"
"Drews","13",20261013,"TCGA-33-4547","LUSC","1",0.999648094177246,"1"
"Drews","13",20261013,"TCGA-33-4566","LUSC","1",0.953140735626221,"1"
"Drews","13",20261013,"TCGA-37-4133","LUSC","1",0.999173581600189,"1"
"Drews","13",20261013,"TCGA-37-5819","LUSC","1",0.999655246734619,"1"
"Drews","13",20261013,"TCGA-43-6771","LUSC","1",0.931838512420654,"1"
"Drews","13",20261013,"TCGA-43-8115","LUSC","1",0.999687075614929,"1"
"Drews","13",20261013,"TCGA-52-7812","LUSC","1",0.999398708343506,"1"
"Drews","13",20261013,"TCGA-56-7223","LUSC","1",0.999201595783234,"1"
"Drews","13",20261013,"TCGA-56-7579","LUSC","1",0.999931573867798,"1"
"Drews","13",20261013,"TCGA-56-8629","LUSC","1",0.999948740005493,"1"
"Drews","13",20261013,"TCGA-60-2706","LUSC","1",0.999753415584564,"1"
"Drews","13",20261013,"TCGA-60-2726","LUSC","1",0.999842047691345,"1"
"Drews","13",20261013,"TCGA-63-A5ML","LUSC","1",0.998521149158478,"1"
"Drews","13",20261013,"TCGA-63-A5MY","LUSC","1",0.99997889995575,"1"
"Drews","13",20261013,"TCGA-66-2766","LUSC","1",0.999959230422974,"1"
"Drews","13",20261013,"TCGA-77-7141","LUSC","1",0.999963283538818,"1"
"Drews","13",20261013,"TCGA-77-8133","LUSC","1",0.999340236186981,"1"
"Drews","13",20261013,"TCGA-77-A5G3","LUSC","1",0.999877572059631,"1"
"Drews","13",20261013,"TCGA-85-8354","LUSC","1",0.999893188476562,"1"
"Drews","13",20261013,"TCGA-85-8584","LUSC","1",0.999065697193146,"1"
"Drews","13",20261013,"TCGA-94-7557","LUSC","1",0.998481452465057,"1"
"Drews","13",20261013,"TCGA-98-8021","LUSC","1",0.998808264732361,"1"
"Drews","13",20261013,"TCGA-98-8022","LUSC","1",0.999794065952301,"1"
"Drews","13",20261013,"TCGA-98-8023","LUSC","1",0.979818820953369,"1"
"Drews","13",20261013,"TCGA-98-A53A","LUSC","1",0.999769151210785,"1"
"Drews","13",20261013,"TCGA-J1-A4AH","LUSC","1",0.999977588653564,"1"
"Drews","13",20261013,"TCGA-LA-A7SW","LUSC","1",0.999755442142487,"1"
"Drews","13",20261013,"TCGA-NC-A5HN","LUSC","1",0.993062078952789,"1"
"Drews","13",20261013,"TCGA-NC-A5HQ","LUSC","1",0.999267041683197,"1"
"Drews","13",20261013,"TCGA-3H-AB3K","MESO","2",0.439253062009811,"2"
"Drews","13",20261013,"TCGA-3U-A98E","MESO","2",0.0287936739623547,"2"
"Drews","13",20261013,"TCGA-MQ-A4LV","MESO","1",0.990920424461365,"1"
"Drews","13",20261013,"TCGA-MQ-A6BS","MESO","1",0.791332185268402,"1"
"Drews","13",20261013,"TCGA-04-1362","OV","1",0.999945878982544,"1"
"Drews","13",20261013,"TCGA-09-1673","OV","1",0.999909162521362,"1"
"Drews","13",20261013,"TCGA-09-2051","OV","1",0.999993920326233,"1"
"Drews","13",20261013,"TCGA-10-0928","OV","1",0.999922633171082,"1"
"Drews","13",20261013,"TCGA-13-0913","OV","1",0.999874591827393,"1"
"Drews","13",20261013,"TCGA-13-1498","OV","1",0.999857187271118,"1"
"Drews","13",20261013,"TCGA-13-1506","OV","1",0.999921798706055,"1"
"Drews","13",20261013,"TCGA-13-2060","OV","1",0.999992847442627,"1"
"Drews","13",20261013,"TCGA-20-1684","OV","1",0.999785840511322,"1"
"Drews","13",20261013,"TCGA-23-2078","OV","1",0.999887108802795,"1"
"Drews","13",20261013,"TCGA-24-1418","OV","1",0.999951481819153,"1"
"Drews","13",20261013,"TCGA-24-1842","OV","1",0.99997866153717,"1"
"Drews","13",20261013,"TCGA-24-1844","OV","1",0.999588549137115,"1"
"Drews","13",20261013,"TCGA-24-1850","OV","1",0.999582588672638,"1"
"Drews","13",20261013,"TCGA-24-2019","OV","1",0.999492287635803,"1"
"Drews","13",20261013,"TCGA-25-1312","OV","1",0.999930620193481,"1"
"Drews","13",20261013,"TCGA-25-2391","OV","1",0.999823749065399,"1"
"Drews","13",20261013,"TCGA-25-2392","OV","1",0.999989986419678,"1"
"Drews","13",20261013,"TCGA-25-2393","OV","1",0.99995481967926,"1"
"Drews","13",20261013,"TCGA-25-2400","OV","1",0.999976992607117,"1"
"Drews","13",20261013,"TCGA-25-2404","OV","1",0.999964475631714,"1"
"Drews","13",20261013,"TCGA-29-1761","OV","1",0.999805152416229,"1"
"Drews","13",20261013,"TCGA-29-1776","OV","1",0.999956369400024,"1"
"Drews","13",20261013,"TCGA-30-1718","OV","1",0.999991536140442,"1"
"Drews","13",20261013,"TCGA-31-1959","OV","1",0.9999920129776,"1"
"Drews","13",20261013,"TCGA-59-2348","OV","1",0.999990940093994,"1"
"Drews","13",20261013,"TCGA-61-1728","OV","1",0.999933123588562,"1"
"Drews","13",20261013,"TCGA-61-1738","OV","1",0.999769985675812,"1"
"Drews","13",20261013,"TCGA-61-1900","OV","1",0.999979615211487,"1"
"Drews","13",20261013,"TCGA-61-2003","OV","1",0.999821603298187,"1"
"Drews","13",20261013,"TCGA-61-2088","OV","1",0.999877333641052,"1"
"Drews","13",20261013,"TCGA-VG-A8LO","OV","1",0.99982362985611,"1"
"Drews","13",20261013,"TCGA-WR-A838","OV","1",0.999733984470367,"1"
"Drews","13",20261013,"TCGA-3A-A9IC","PAAD","1",0.998223006725311,"1"
"Drews","13",20261013,"TCGA-HV-A7OP","PAAD","2",0.952194273471832,"1"
"Drews","13",20261013,"TCGA-HZ-A9TJ","PAAD","1",0.8306804895401,"1"
"Drews","13",20261013,"TCGA-IB-A7LX","PAAD","1",0.996992707252502,"1"
"Drews","13",20261013,"TCGA-S4-A8RO","PAAD","1",0.511988461017609,"1"
"Drews","13",20261013,"TCGA-QR-A700","PCPG","1",0.926198422908783,"1"
"Drews","13",20261013,"TCGA-QR-A70N","PCPG","2",0.566305100917816,"1"
"Drews","13",20261013,"TCGA-QR-A70V","PCPG","1",0.0832933038473129,"2"
"Drews","13",20261013,"TCGA-RW-A68A","PCPG","2",0.154284417629242,"2"
"Drews","13",20261013,"TCGA-RW-A68C","PCPG","2",0.0434335432946682,"2"
"Drews","13",20261013,"TCGA-S7-A7WQ","PCPG","2",0.0150760607793927,"2"
"Drews","13",20261013,"TCGA-SR-A6MR","PCPG","1",0.0132807223126292,"2"
"Drews","13",20261013,"TCGA-W2-A7H5","PCPG","2",0.105374366044998,"2"
"Drews","13",20261013,"TCGA-W2-A7HB","PCPG","2",0.0119342422112823,"2"
"Drews","13",20261013,"TCGA-WB-A80K","PCPG","2",0.0267657283693552,"2"
"Drews","13",20261013,"TCGA-CH-5751","PRAD","1",0.999242544174194,"1"
"Drews","13",20261013,"TCGA-CH-5765","PRAD","2",0.987195074558258,"1"
"Drews","13",20261013,"TCGA-CH-5769","PRAD","1",0.760537385940552,"1"
"Drews","13",20261013,"TCGA-HC-7232","PRAD","2",0.988031983375549,"1"
"Drews","13",20261013,"TCGA-HC-8265","PRAD","1",0.891873478889465,"1"
"Drews","13",20261013,"TCGA-J4-A83J","PRAD","1",0.96155571937561,"1"
"Drews","13",20261013,"TCGA-J9-A8CL","PRAD","1",0.999598801136017,"1"
"Drews","13",20261013,"TCGA-KK-A6E2","PRAD","2",0.945563137531281,"1"
"Drews","13",20261013,"TCGA-M7-A724","PRAD","1",0.984338223934174,"1"
"Drews","13",20261013,"TCGA-TP-A8TV","PRAD","1",0.998361885547638,"1"
"Drews","13",20261013,"TCGA-V1-A8ML","PRAD","2",0.90386837720871,"1"
"Drews","13",20261013,"TCGA-V1-A8WW","PRAD","1",0.999702274799347,"1"
"Drews","13",20261013,"TCGA-V1-A9OL","PRAD","1",0.999842405319214,"1"
"Drews","13",20261013,"TCGA-XQ-A8TB","PRAD","1",0.940100073814392,"1"
"Drews","13",20261013,"TCGA-YJ-A8SW","PRAD","1",0.999685645103455,"1"
"Drews","13",20261013,"TCGA-ZG-A8QX","PRAD","1",0.991261065006256,"1"
"Drews","13",20261013,"TCGA-ZG-A9LN","PRAD","1",0.979840576648712,"1"
"Drews","13",20261013,"TCGA-ZG-A9LZ","PRAD","1",0.972696006298065,"1"
"Drews","13",20261013,"TCGA-AG-3581","READ","2",0.933148443698883,"1"
"Drews","13",20261013,"TCGA-AG-3885","READ","1",0.842634439468384,"1"
"Drews","13",20261013,"TCGA-AG-3890","READ","1",0.938609540462494,"1"
"Drews","13",20261013,"TCGA-AG-3901","READ","2",0.151219204068184,"2"
"Drews","13",20261013,"TCGA-AG-A01W","READ","1",0.963658332824707,"1"
"Drews","13",20261013,"TCGA-AG-A01Y","READ","1",0.997849941253662,"1"
"Drews","13",20261013,"TCGA-AH-6643","READ","1",0.636029660701752,"1"
"Drews","13",20261013,"TCGA-DC-4745","READ","1",0.997371196746826,"1"
"Drews","13",20261013,"TCGA-DC-6682","READ","1",0.999238610267639,"1"
"Drews","13",20261013,"TCGA-3B-A9HI","SARC","1",0.995568931102753,"1"
"Drews","13",20261013,"TCGA-3B-A9HX","SARC","1",0.997305154800415,"1"
"Drews","13",20261013,"TCGA-DX-A1KW","SARC","1",0.999620914459229,"1"
"Drews","13",20261013,"TCGA-DX-A3LY","SARC","1",0.980470895767212,"1"
"Drews","13",20261013,"TCGA-DX-A3M1","SARC","1",0.999307632446289,"1"
"Drews","13",20261013,"TCGA-DX-A48L","SARC","1",0.99257904291153,"1"
"Drews","13",20261013,"TCGA-DX-A6YU","SARC","1",0.99740207195282,"1"
"Drews","13",20261013,"TCGA-DX-A7EF","SARC","1",0.999921679496765,"1"
"Drews","13",20261013,"TCGA-DX-AB2W","SARC","1",0.996464729309082,"1"
"Drews","13",20261013,"TCGA-DX-AB3B","SARC","1",0.924858570098877,"1"
"Drews","13",20261013,"TCGA-HB-A43Z","SARC","1",0.998859167098999,"1"
"Drews","13",20261013,"TCGA-IE-A6BZ","SARC","1",0.999443829059601,"1"
"Drews","13",20261013,"TCGA-JV-A5VF","SARC","1",0.998578310012817,"1"
"Drews","13",20261013,"TCGA-K1-A6RV","SARC","1",0.999936103820801,"1"
"Drews","13",20261013,"TCGA-KD-A5QS","SARC","1",0.99979954957962,"1"
"Drews","13",20261013,"TCGA-KD-A5QU","SARC","1",0.99702125787735,"1"
"Drews","13",20261013,"TCGA-PC-A5DK","SARC","2",0.38629886507988,"2"
"Drews","13",20261013,"TCGA-QQ-A5VD","SARC","2",0.985930442810059,"1"
"Drews","13",20261013,"TCGA-RN-AAAQ","SARC","1",0.879030168056488,"1"
"Drews","13",20261013,"TCGA-SG-A6Z7","SARC","1",0.999981045722961,"1"
"Drews","13",20261013,"TCGA-SI-AA8C","SARC","1",0.987859547138214,"1"
"Drews","13",20261013,"TCGA-VT-A80G","SARC","1",0.999986290931702,"1"
"Drews","13",20261013,"TCGA-X6-A7WB","SARC","1",0.98725950717926,"1"
"Drews","13",20261013,"TCGA-X6-A8C2","SARC","1",0.998728096485138,"1"
"Drews","13",20261013,"TCGA-BF-AAP4","SKCM","1",0.484036892652512,"2"
"Drews","13",20261013,"TCGA-EB-A4IQ","SKCM","1",0.988061428070068,"1"
"Drews","13",20261013,"TCGA-EB-A4OY","SKCM","1",0.973178744316101,"1"
"Drews","13",20261013,"TCGA-EB-A5SF","SKCM","1",0.109009273350239,"2"
"Drews","13",20261013,"TCGA-EB-A5UM","SKCM","1",0.213716521859169,"2"
"Drews","13",20261013,"TCGA-EB-A82C","SKCM","1",0.989469766616821,"1"
"Drews","13",20261013,"TCGA-EB-A85J","SKCM","2",0.804338753223419,"1"
"Drews","13",20261013,"TCGA-GN-A8LN","SKCM","1",0.933470368385315,"1"
"Drews","13",20261013,"TCGA-3M-AB46","STAD","1",0.999894142150879,"1"
"Drews","13",20261013,"TCGA-BR-4191","STAD","1",0.997627079486847,"1"
"Drews","13",20261013,"TCGA-BR-4368","STAD","2",0.662650108337402,"1"
"Drews","13",20261013,"TCGA-BR-7715","STAD","1",0.999639630317688,"1"
"Drews","13",20261013,"TCGA-BR-8361","STAD","1",0.391195178031921,"2"
"Drews","13",20261013,"TCGA-BR-8486","STAD","1",0.997097611427307,"1"
"Drews","13",20261013,"TCGA-BR-A4QI","STAD","1",0.997182488441467,"1"
"Drews","13",20261013,"TCGA-CD-8528","STAD","1",0.848863542079926,"1"
"Drews","13",20261013,"TCGA-CD-8535","STAD","1",0.99808794260025,"1"
"Drews","13",20261013,"TCGA-CD-A486","STAD","1",0.999933481216431,"1"
"Drews","13",20261013,"TCGA-CD-A4MJ","STAD","2",0.390500158071518,"2"
"Drews","13",20261013,"TCGA-CG-4449","STAD","1",0.999809920787811,"1"
"Drews","13",20261013,"TCGA-CG-4466","STAD","1",0.997662425041199,"1"
"Drews","13",20261013,"TCGA-CG-4469","STAD","1",0.159648776054382,"2"
"Drews","13",20261013,"TCGA-CG-5724","STAD","1",0.999099850654602,"1"
"Drews","13",20261013,"TCGA-D7-6822","STAD","1",0.998183786869049,"1"
"Drews","13",20261013,"TCGA-D7-A6EV","STAD","1",0.999286234378815,"1"
"Drews","13",20261013,"TCGA-F1-6875","STAD","1",0.999878168106079,"1"
"Drews","13",20261013,"TCGA-FP-7829","STAD","1",0.994279503822327,"1"
"Drews","13",20261013,"TCGA-HU-A4G2","STAD","2",0.652692914009094,"1"
"Drews","13",20261013,"TCGA-IN-8663","STAD","1",0.996592581272125,"1"
"Drews","13",20261013,"TCGA-KB-A93J","STAD","1",0.999909281730652,"1"
"Drews","13",20261013,"TCGA-VQ-A8PE","STAD","1",0.999926924705505,"1"
"Drews","13",20261013,"TCGA-VQ-A91S","STAD","1",0.993408679962158,"1"
"Drews","13",20261013,"TCGA-VQ-A91U","STAD","1",0.999531865119934,"1"
"Drews","13",20261013,"TCGA-VQ-A92D","STAD","1",0.997210443019867,"1"
"Drews","13",20261013,"TCGA-VQ-AA6K","STAD","1",0.998635590076447,"1"
"Drews","13",20261013,"TCGA-2G-AAGW","TGCT","1",0.998269200325012,"1"
"Drews","13",20261013,"TCGA-XE-AAOC","TGCT","2",0.559534013271332,"1"
"Drews","13",20261013,"TCGA-YU-A912","TGCT","1",0.288546353578568,"2"
"Drews","13",20261013,"TCGA-ZM-AA0B","TGCT","1",0.577006757259369,"1"
"Drews","13",20261013,"TCGA-DE-A3KN","THCA","2",0.0215804688632488,"2"
"Drews","13",20261013,"TCGA-DJ-A2Q0","THCA","2",0.0241541881114244,"2"
"Drews","13",20261013,"TCGA-4V-A9QI","THYM","2",0.214565053582191,"2"
"Drews","13",20261013,"TCGA-A5-A0G3","UCEC","1",0.999961376190186,"1"
"Drews","13",20261013,"TCGA-A5-A2K4","UCEC","1",0.997235238552094,"1"
"Drews","13",20261013,"TCGA-AJ-A23M","UCEC","1",0.999755084514618,"1"
"Drews","13",20261013,"TCGA-AJ-A3BF","UCEC","1",0.999783337116241,"1"
"Drews","13",20261013,"TCGA-AJ-A3I9","UCEC","1",0.974672913551331,"1"
"Drews","13",20261013,"TCGA-AP-A053","UCEC","1",0.999670028686523,"1"
"Drews","13",20261013,"TCGA-AP-A05D","UCEC","1",0.999743521213531,"1"
"Drews","13",20261013,"TCGA-AP-A0L9","UCEC","1",0.999958157539368,"1"
"Drews","13",20261013,"TCGA-AX-A1C7","UCEC","1",0.999346554279327,"1"
"Drews","13",20261013,"TCGA-AX-A1CA","UCEC","1",0.998914122581482,"1"
"Drews","13",20261013,"TCGA-AX-A3FS","UCEC","2",0.570955097675323,"1"
"Drews","13",20261013,"TCGA-B5-A11E","UCEC","2",0.350534588098526,"2"
"Drews","13",20261013,"TCGA-BS-A0V8","UCEC","1",0.955415785312653,"1"
"Drews","13",20261013,"TCGA-D1-A0ZZ","UCEC","1",0.999749720096588,"1"
"Drews","13",20261013,"TCGA-D1-A17K","UCEC","1",0.996426999568939,"1"
"Drews","13",20261013,"TCGA-D1-A17M","UCEC","2",0.0774523839354515,"2"
"Drews","13",20261013,"TCGA-D1-A17R","UCEC","2",0.18172313272953,"2"
"Drews","13",20261013,"TCGA-D1-A1NU","UCEC","1",0.999943971633911,"1"
"Drews","13",20261013,"TCGA-D1-A3DG","UCEC","1",0.998480141162872,"1"
"Drews","13",20261013,"TCGA-D1-A3DH","UCEC","1",0.999388456344604,"1"
"Drews","13",20261013,"TCGA-D1-A3JP","UCEC","1",0.954889953136444,"1"
"Drews","13",20261013,"TCGA-D1-A3JQ","UCEC","1",0.99759966135025,"1"
"Drews","13",20261013,"TCGA-DF-A2KR","UCEC","1",0.985321581363678,"1"
"Drews","13",20261013,"TCGA-DI-A1C3","UCEC","2",0.020639143884182,"2"
"Drews","13",20261013,"TCGA-EO-A1Y5","UCEC","1",0.999836444854736,"1"
"Drews","13",20261013,"TCGA-EO-A3AS","UCEC","1",0.997867226600647,"1"
"Drews","13",20261013,"TCGA-EY-A212","UCEC","1",0.999907493591309,"1"
"Drews","13",20261013,"TCGA-EY-A2OQ","UCEC","1",0.997952163219452,"1"
"Drews","13",20261013,"TCGA-EY-A72D","UCEC","1",0.997517228126526,"1"
"Drews","13",20261013,"TCGA-FI-A2CY","UCEC","1",0.998183906078339,"1"
"Drews","13",20261013,"TCGA-FI-A3PV","UCEC","1",0.999902486801147,"1"
"Drews","13",20261013,"TCGA-FI-A3PX","UCEC","1",0.999943494796753,"1"
"Drews","13",20261013,"TCGA-JU-AAVI","UCEC","1",0.99942421913147,"1"
"Drews","13",20261013,"TCGA-PG-A915","UCEC","1",0.999776780605316,"1"
"Drews","13",20261013,"TCGA-N5-A4R8","UCS","1",0.999739706516266,"1"
"Drews","13",20261013,"TCGA-N5-A4RU","UCS","1",0.999990105628967,"1"
"Drews","13",20261013,"TCGA-N6-A4V9","UCS","1",0.996020495891571,"1"
"Drews","13",20261013,"TCGA-N7-A4Y8","UCS","1",0.994762241840363,"1"
"Drews","13",20261013,"TCGA-N9-A4PZ","UCS","1",0.999823391437531,"1"
"Drews","13",20261013,"TCGA-NA-A4QV","UCS","1",0.999868750572205,"1"
"Drews","13",20261013,"TCGA-NG-A4VU","UCS","1",0.999278843402863,"1"
"Drews","13",20261013,"TCGA-V4-A9F3","UVM","2",0.0842100530862808,"2"
"Drews","13",20261013,"TCGA-VD-A8K8","UVM","2",0.0172739066183567,"2"
"Drews","13",20261013,"TCGA-VD-A8KF","UVM","2",0.00357276783324778,"2"
"Drews","13",20261013,"TCGA-VD-A8KL","UVM","2",0.0180845707654953,"2"
"Drews","14",20261014,"TCGA-OR-A5J5","ACC","2",0.896764636039734,"1"
"Drews","14",20261014,"TCGA-OR-A5J6","ACC","2",0.404299736022949,"2"
"Drews","14",20261014,"TCGA-OR-A5JG","ACC","2",0.743230164051056,"1"
"Drews","14",20261014,"TCGA-OR-A5JQ","ACC","2",0.0539692379534245,"2"
"Drews","14",20261014,"TCGA-OR-A5K5","ACC","1",0.992890357971191,"1"
"Drews","14",20261014,"TCGA-OR-A5K6","ACC","1",0.0565028041601181,"2"
"Drews","14",20261014,"TCGA-OR-A5K9","ACC","1",0.506750762462616,"1"
"Drews","14",20261014,"TCGA-OR-A5KT","ACC","1",0.724294126033783,"1"
"Drews","14",20261014,"TCGA-2F-A9KW","BLCA","1",0.999560296535492,"1"
"Drews","14",20261014,"TCGA-4Z-AA81","BLCA","1",0.983690321445465,"1"
"Drews","14",20261014,"TCGA-BL-A0C8","BLCA","1",0.987500011920929,"1"
"Drews","14",20261014,"TCGA-BL-A13J","BLCA","1",0.999911665916443,"1"
"Drews","14",20261014,"TCGA-BT-A0S7","BLCA","1",0.975705683231354,"1"
"Drews","14",20261014,"TCGA-BT-A42E","BLCA","1",0.998998582363129,"1"
"Drews","14",20261014,"TCGA-CF-A8HY","BLCA","1",0.986664891242981,"1"
"Drews","14",20261014,"TCGA-DK-A2I1","BLCA","1",0.999964356422424,"1"
"Drews","14",20261014,"TCGA-DK-A3IK","BLCA","1",0.9997838139534,"1"
"Drews","14",20261014,"TCGA-DK-A3IV","BLCA","1",0.999757945537567,"1"
"Drews","14",20261014,"TCGA-DK-A6B6","BLCA","1",0.992252290248871,"1"
"Drews","14",20261014,"TCGA-DK-AA6U","BLCA","1",0.999299883842468,"1"
"Drews","14",20261014,"TCGA-DK-AA6W","BLCA","1",0.999245047569275,"1"
"Drews","14",20261014,"TCGA-DK-AA76","BLCA","1",0.999621868133545,"1"
"Drews","14",20261014,"TCGA-E7-A3Y1","BLCA","2",0.183824256062508,"2"
"Drews","14",20261014,"TCGA-E7-A7PW","BLCA","1",0.999761641025543,"1"
"Drews","14",20261014,"TCGA-E7-A85H","BLCA","1",0.999939918518066,"1"
"Drews","14",20261014,"TCGA-FD-A3SJ","BLCA","1",0.999862194061279,"1"
"Drews","14",20261014,"TCGA-FD-A6TC","BLCA","1",0.999143838882446,"1"
"Drews","14",20261014,"TCGA-FJ-A3ZE","BLCA","1",0.999154925346375,"1"
"Drews","14",20261014,"TCGA-G2-AA3D","BLCA","1",0.999422907829285,"1"
"Drews","14",20261014,"TCGA-GC-A3RB","BLCA","1",0.999764382839203,"1"
"Drews","14",20261014,"TCGA-GV-A3QF","BLCA","1",0.995716392993927,"1"
"Drews","14",20261014,"TCGA-GV-A40E","BLCA","1",0.999453961849213,"1"
"Drews","14",20261014,"TCGA-KQ-A41N","BLCA","1",0.998859763145447,"1"
"Drews","14",20261014,"TCGA-UY-A78N","BLCA","1",0.934415817260742,"1"
"Drews","14",20261014,"TCGA-UY-A9PH","BLCA","1",0.997678697109222,"1"
"Drews","14",20261014,"TCGA-XF-A8HC","BLCA","1",0.999033808708191,"1"
"Drews","14",20261014,"TCGA-XF-AAMG","BLCA","1",0.999992609024048,"1"
"Drews","14",20261014,"TCGA-XF-AAN2","BLCA","1",0.999326705932617,"1"
"Drews","14",20261014,"TCGA-ZF-A9R4","BLCA","1",0.997959733009338,"1"
"Drews","14",20261014,"TCGA-ZF-A9RF","BLCA","1",0.998818576335907,"1"
"Drews","14",20261014,"TCGA-ZF-AA4R","BLCA","1",0.999984979629517,"1"
"Drews","14",20261014,"TCGA-3C-AAAU","BRCA","1",0.994336664676666,"1"
"Drews","14",20261014,"TCGA-3C-AALJ","BRCA","1",0.999855995178223,"1"
"Drews","14",20261014,"TCGA-3C-AALK","BRCA","1",0.537140846252441,"1"
"Drews","14",20261014,"TCGA-A1-A0SJ","BRCA","1",0.9997518658638,"1"
"Drews","14",20261014,"TCGA-A1-A0SM","BRCA","1",0.998096764087677,"1"
"Drews","14",20261014,"TCGA-A2-A0EP","BRCA","1",0.0563291981816292,"2"
"Drews","14",20261014,"TCGA-A2-A0YC","BRCA","2",0.527752101421356,"1"
"Drews","14",20261014,"TCGA-A2-A0YG","BRCA","1",0.999417424201965,"1"
"Drews","14",20261014,"TCGA-A2-A1FW","BRCA","1",0.999959707260132,"1"
"Drews","14",20261014,"TCGA-A2-A1FX","BRCA","1",0.999001085758209,"1"
"Drews","14",20261014,"TCGA-A2-A1G4","BRCA","1",0.991307079792023,"1"
"Drews","14",20261014,"TCGA-A7-A0CE","BRCA","1",0.998967409133911,"1"
"Drews","14",20261014,"TCGA-A7-A0CJ","BRCA","1",0.999533891677856,"1"
"Drews","14",20261014,"TCGA-A7-A0D9","BRCA","1",0.995458006858826,"1"
"Drews","14",20261014,"TCGA-A7-A26I","BRCA","1",0.999387621879578,"1"
"Drews","14",20261014,"TCGA-A7-A6VW","BRCA","1",0.999594867229462,"1"
"Drews","14",20261014,"TCGA-A8-A06N","BRCA","1",0.998956680297852,"1"
"Drews","14",20261014,"TCGA-A8-A06U","BRCA","1",0.999934077262878,"1"
"Drews","14",20261014,"TCGA-A8-A06X","BRCA","1",0.999916195869446,"1"
"Drews","14",20261014,"TCGA-A8-A081","BRCA","1",0.999562084674835,"1"
"Drews","14",20261014,"TCGA-A8-A086","BRCA","1",0.999519824981689,"1"
"Drews","14",20261014,"TCGA-A8-A08F","BRCA","1",0.999922752380371,"1"
"Drews","14",20261014,"TCGA-A8-A08O","BRCA","1",0.997075796127319,"1"
"Drews","14",20261014,"TCGA-A8-A09D","BRCA","1",0.998607933521271,"1"
"Drews","14",20261014,"TCGA-A8-A0A6","BRCA","1",0.807416200637817,"1"
"Drews","14",20261014,"TCGA-AC-A2BM","BRCA","1",0.944397807121277,"1"
"Drews","14",20261014,"TCGA-AC-A3OD","BRCA","1",0.814695060253143,"1"
"Drews","14",20261014,"TCGA-AC-A5EH","BRCA","1",0.992742657661438,"1"
"Drews","14",20261014,"TCGA-AN-A041","BRCA","1",0.999285280704498,"1"
"Drews","14",20261014,"TCGA-AN-A049","BRCA","1",0.999722421169281,"1"
"Drews","14",20261014,"TCGA-AN-A0FY","BRCA","1",0.999865174293518,"1"
"Drews","14",20261014,"TCGA-AN-A0XN","BRCA","1",0.99729186296463,"1"
"Drews","14",20261014,"TCGA-AO-A03L","BRCA","1",0.997414469718933,"1"
"Drews","14",20261014,"TCGA-AO-A03P","BRCA","1",0.999271214008331,"1"
"Drews","14",20261014,"TCGA-AO-A0J3","BRCA","1",0.999568045139313,"1"
"Drews","14",20261014,"TCGA-AO-A0J6","BRCA","1",0.999939441680908,"1"
"Drews","14",20261014,"TCGA-AO-A0JG","BRCA","1",0.843361735343933,"1"
"Drews","14",20261014,"TCGA-AR-A0TP","BRCA","1",0.999984622001648,"1"
"Drews","14",20261014,"TCGA-AR-A0TQ","BRCA","1",0.999773323535919,"1"
"Drews","14",20261014,"TCGA-AR-A0TV","BRCA","1",0.99994969367981,"1"
"Drews","14",20261014,"TCGA-AR-A24H","BRCA","1",0.999828815460205,"1"
"Drews","14",20261014,"TCGA-AR-A24N","BRCA","2",0.807151317596436,"1"
"Drews","14",20261014,"TCGA-AR-A24X","BRCA","2",0.311626046895981,"2"
"Drews","14",20261014,"TCGA-AR-A251","BRCA","1",0.999830842018127,"1"
"Drews","14",20261014,"TCGA-AR-A255","BRCA","1",0.995452582836151,"1"
"Drews","14",20261014,"TCGA-B6-A0IJ","BRCA","1",0.999969124794006,"1"
"Drews","14",20261014,"TCGA-B6-A0RE","BRCA","1",0.999952554702759,"1"
"Drews","14",20261014,"TCGA-B6-A0WW","BRCA","1",0.999826729297638,"1"
"Drews","14",20261014,"TCGA-BH-A0B4","BRCA","1",0.997091054916382,"1"
"Drews","14",20261014,"TCGA-BH-A0B5","BRCA","2",0.548984110355377,"1"
"Drews","14",20261014,"TCGA-BH-A0DD","BRCA","1",0.999737083911896,"1"
"Drews","14",20261014,"TCGA-BH-A0HA","BRCA","2",0.739886105060577,"1"
"Drews","14",20261014,"TCGA-BH-A0HB","BRCA","1",0.999017834663391,"1"
"Drews","14",20261014,"TCGA-BH-A0HY","BRCA","1",0.999970078468323,"1"
"Drews","14",20261014,"TCGA-BH-A18N","BRCA","2",0.732184588909149,"1"
"Drews","14",20261014,"TCGA-BH-A18T","BRCA","1",0.99993371963501,"1"
"Drews","14",20261014,"TCGA-BH-A1FG","BRCA","2",0.782437562942505,"1"
"Drews","14",20261014,"TCGA-BH-A202","BRCA","1",0.998396217823029,"1"
"Drews","14",20261014,"TCGA-C8-A12L","BRCA","1",0.999964475631714,"1"
"Drews","14",20261014,"TCGA-C8-A12Z","BRCA","1",0.999777376651764,"1"
"Drews","14",20261014,"TCGA-C8-A132","BRCA","1",0.999844908714294,"1"
"Drews","14",20261014,"TCGA-D8-A140","BRCA","1",0.998368680477142,"1"
"Drews","14",20261014,"TCGA-D8-A1J8","BRCA","2",0.974428236484528,"1"
"Drews","14",20261014,"TCGA-D8-A1JA","BRCA","1",0.993530929088593,"1"
"Drews","14",20261014,"TCGA-D8-A1JC","BRCA","1",0.999933123588562,"1"
"Drews","14",20261014,"TCGA-D8-A1JL","BRCA","1",0.999919295310974,"1"
"Drews","14",20261014,"TCGA-D8-A1X9","BRCA","1",0.999783337116241,"1"
"Drews","14",20261014,"TCGA-D8-A1XQ","BRCA","1",0.999943971633911,"1"
"Drews","14",20261014,"TCGA-D8-A1Y3","BRCA","1",0.998472511768341,"1"
"Drews","14",20261014,"TCGA-E2-A10A","BRCA","1",0.999850630760193,"1"
"Drews","14",20261014,"TCGA-E2-A10C","BRCA","1",0.999271333217621,"1"
"Drews","14",20261014,"TCGA-E2-A150","BRCA","1",0.999992728233337,"1"
"Drews","14",20261014,"TCGA-E2-A156","BRCA","2",0.333410710096359,"2"
"Drews","14",20261014,"TCGA-E2-A15A","BRCA","1",0.999987244606018,"1"
"Drews","14",20261014,"TCGA-E2-A15H","BRCA","1",0.999638676643372,"1"
"Drews","14",20261014,"TCGA-E2-A15I","BRCA","2",0.264025777578354,"2"
"Drews","14",20261014,"TCGA-E2-A15T","BRCA","1",0.98643571138382,"1"
"Drews","14",20261014,"TCGA-E2-A1LK","BRCA","1",0.999816954135895,"1"
"Drews","14",20261014,"TCGA-E2-A574","BRCA","1",0.999945640563965,"1"
"Drews","14",20261014,"TCGA-E2-A576","BRCA","1",0.996549725532532,"1"
"Drews","14",20261014,"TCGA-E9-A1N8","BRCA","1",0.999965071678162,"1"
"Drews","14",20261014,"TCGA-E9-A1NC","BRCA","1",0.998486280441284,"1"
"Drews","14",20261014,"TCGA-E9-A1RC","BRCA","1",0.921667993068695,"1"
"Drews","14",20261014,"TCGA-E9-A1RE","BRCA","1",0.998915076255798,"1"
"Drews","14",20261014,"TCGA-E9-A22A","BRCA","1",0.993709087371826,"1"
"Drews","14",20261014,"TCGA-E9-A249","BRCA","2",0.0611414164304733,"2"
"Drews","14",20261014,"TCGA-E9-A24A","BRCA","2",0.411998778581619,"2"
"Drews","14",20261014,"TCGA-EW-A1IY","BRCA","2",0.91093772649765,"1"
"Drews","14",20261014,"TCGA-EW-A1PA","BRCA","1",0.999957203865051,"1"
"Drews","14",20261014,"TCGA-EW-A2FS","BRCA","1",0.997506558895111,"1"
"Drews","14",20261014,"TCGA-GI-A2C8","BRCA","1",0.851191401481628,"1"
"Drews","14",20261014,"TCGA-GM-A3XL","BRCA","1",0.998938500881195,"1"
"Drews","14",20261014,"TCGA-LL-A73Y","BRCA","1",0.998476088047028,"1"
"Drews","14",20261014,"TCGA-LL-A8F5","BRCA","1",0.999957799911499,"1"
"Drews","14",20261014,"TCGA-OL-A5D7","BRCA","1",0.999772250652313,"1"
"Drews","14",20261014,"TCGA-C5-A1BK","CESC","1",0.558657348155975,"1"
"Drews","14",20261014,"TCGA-C5-A1BM","CESC","2",0.787766516208649,"1"
"Drews","14",20261014,"TCGA-C5-A1ME","CESC","1",0.964743733406067,"1"
"Drews","14",20261014,"TCGA-C5-A2LV","CESC","1",0.981235086917877,"1"
"Drews","14",20261014,"TCGA-C5-A8YQ","CESC","1",0.943551540374756,"1"
"Drews","14",20261014,"TCGA-C5-A905","CESC","2",0.985693335533142,"1"
"Drews","14",20261014,"TCGA-EA-A5FO","CESC","2",0.625786423683167,"1"
"Drews","14",20261014,"TCGA-EK-A2H1","CESC","2",0.723948240280151,"1"
"Drews","14",20261014,"TCGA-EK-A2RN","CESC","2",0.872178018093109,"1"
"Drews","14",20261014,"TCGA-FU-A5XV","CESC","2",0.874442398548126,"1"
"Drews","14",20261014,"TCGA-JX-A3Q0","CESC","2",0.818061292171478,"1"
"Drews","14",20261014,"TCGA-VS-A8Q8","CESC","2",0.945899248123169,"1"
"Drews","14",20261014,"TCGA-VS-A8Q9","CESC","1",0.901244699954987,"1"
"Drews","14",20261014,"TCGA-VS-A94Z","CESC","1",0.976381063461304,"1"
"Drews","14",20261014,"TCGA-VS-A9U5","CESC","1",0.995947062969208,"1"
"Drews","14",20261014,"TCGA-VS-A9UO","CESC","1",0.999746263027191,"1"
"Drews","14",20261014,"TCGA-W6-AA0S","CHOL","1",0.617468118667603,"1"
"Drews","14",20261014,"TCGA-AA-3517","COAD","1",0.916895985603333,"1"
"Drews","14",20261014,"TCGA-AA-3673","COAD","2",0.306790679693222,"2"
"Drews","14",20261014,"TCGA-AA-3814","COAD","2",0.46712389588356,"2"
"Drews","14",20261014,"TCGA-AA-3949","COAD","2",0.169815316796303,"2"
"Drews","14",20261014,"TCGA-AA-A022","COAD","2",0.716934323310852,"1"
"Drews","14",20261014,"TCGA-AD-6965","COAD","1",0.993104159832001,"1"
"Drews","14",20261014,"TCGA-AZ-4615","COAD","2",0.0418270826339722,"2"
"Drews","14",20261014,"TCGA-CA-5254","COAD","1",0.14391465485096,"2"
"Drews","14",20261014,"TCGA-CK-5913","COAD","2",0.0244844611734152,"2"
"Drews","14",20261014,"TCGA-CM-4752","COAD","1",0.997698605060577,"1"
"Drews","14",20261014,"TCGA-CM-5341","COAD","1",0.817291796207428,"1"
"Drews","14",20261014,"TCGA-CM-5862","COAD","1",0.99909782409668,"1"
"Drews","14",20261014,"TCGA-CM-6161","COAD","2",0.0350381396710873,"2"
"Drews","14",20261014,"TCGA-CM-6168","COAD","2",0.00442152144387364,"2"
"Drews","14",20261014,"TCGA-D5-6533","COAD","1",0.997707009315491,"1"
"Drews","14",20261014,"TCGA-DM-A1DA","COAD","1",0.444775581359863,"2"
"Drews","14",20261014,"TCGA-G4-6299","COAD","1",0.987540125846863,"1"
"Drews","14",20261014,"TCGA-G4-6306","COAD","2",0.986926078796387,"1"
"Drews","14",20261014,"TCGA-G4-6311","COAD","1",0.997376203536987,"1"
"Drews","14",20261014,"TCGA-G4-6315","COAD","2",0.956363320350647,"1"
"Drews","14",20261014,"TCGA-NH-A50V","COAD","2",0.94680380821228,"1"
"Drews","14",20261014,"TCGA-FA-A7DS","DLBC","1",0.972005307674408,"1"
"Drews","14",20261014,"TCGA-2H-A9GH","ESCA","1",0.999806463718414,"1"
"Drews","14",20261014,"TCGA-IG-A3I8","ESCA","1",0.998295605182648,"1"
"Drews","14",20261014,"TCGA-IG-A4QS","ESCA","1",0.999179780483246,"1"
"Drews","14",20261014,"TCGA-JY-A93E","ESCA","1",0.994935214519501,"1"
"Drews","14",20261014,"TCGA-L5-A4OH","ESCA","1",0.999616742134094,"1"
"Drews","14",20261014,"TCGA-L5-A8NF","ESCA","1",0.99992561340332,"1"
"Drews","14",20261014,"TCGA-L5-A8NN","ESCA","1",0.999828696250916,"1"
"Drews","14",20261014,"TCGA-L5-A8NR","ESCA","1",0.999838829040527,"1"
"Drews","14",20261014,"TCGA-L5-A8NS","ESCA","1",0.995294868946075,"1"
"Drews","14",20261014,"TCGA-LN-A49O","ESCA","1",0.996458113193512,"1"
"Drews","14",20261014,"TCGA-LN-A49V","ESCA","1",0.998254358768463,"1"
"Drews","14",20261014,"TCGA-LN-A49Y","ESCA","1",0.999938488006592,"1"
"Drews","14",20261014,"TCGA-Q9-A6FW","ESCA","1",0.993890047073364,"1"
"Drews","14",20261014,"TCGA-R6-A6DN","ESCA","1",0.999129354953766,"1"
"Drews","14",20261014,"TCGA-S8-A6BW","ESCA","1",0.999906659126282,"1"
"Drews","14",20261014,"TCGA-VR-A8EU","ESCA","1",0.999887466430664,"1"
"Drews","14",20261014,"TCGA-VR-A8EY","ESCA","1",0.99349057674408,"1"
"Drews","14",20261014,"TCGA-VR-AA7D","ESCA","1",0.997912585735321,"1"
"Drews","14",20261014,"TCGA-19-2619","GBM","1",0.0889083445072174,"2"
"Drews","14",20261014,"TCGA-26-5139","GBM","2",0.312469661235809,"2"
"Drews","14",20261014,"TCGA-27-1832","GBM","1",0.752609431743622,"1"
"Drews","14",20261014,"TCGA-27-1835","GBM","1",0.655558884143829,"1"
"Drews","14",20261014,"TCGA-28-5204","GBM","1",0.746576189994812,"1"
"Drews","14",20261014,"TCGA-28-5216","GBM","1",0.916485488414764,"1"
"Drews","14",20261014,"TCGA-BA-4075","HNSC","1",0.89567893743515,"1"
"Drews","14",20261014,"TCGA-BA-5149","HNSC","1",0.945312857627869,"1"
"Drews","14",20261014,"TCGA-BA-5559","HNSC","1",0.924325942993164,"1"
"Drews","14",20261014,"TCGA-BA-6873","HNSC","1",0.983304619789124,"1"
"Drews","14",20261014,"TCGA-BB-A5HY","HNSC","1",0.999190032482147,"1"
"Drews","14",20261014,"TCGA-CN-A49A","HNSC","1",0.999053299427032,"1"
"Drews","14",20261014,"TCGA-CN-A63W","HNSC","1",0.996130585670471,"1"
"Drews","14",20261014,"TCGA-CQ-6228","HNSC","1",0.999840021133423,"1"
"Drews","14",20261014,"TCGA-CV-5441","HNSC","1",0.998006403446198,"1"
"Drews","14",20261014,"TCGA-CV-7263","HNSC","2",0.976802825927734,"1"
"Drews","14",20261014,"TCGA-CV-7406","HNSC","1",0.998503565788269,"1"
"Drews","14",20261014,"TCGA-CV-7418","HNSC","1",0.99427855014801,"1"
"Drews","14",20261014,"TCGA-CV-7430","HNSC","1",0.988808453083038,"1"
"Drews","14",20261014,"TCGA-CV-A6JM","HNSC","1",0.991208553314209,"1"
"Drews","14",20261014,"TCGA-D6-A4Z9","HNSC","1",0.997265458106995,"1"
"Drews","14",20261014,"TCGA-F7-A61W","HNSC","1",0.998818695545197,"1"
"Drews","14",20261014,"TCGA-HD-7754","HNSC","2",0.99691903591156,"1"
"Drews","14",20261014,"TCGA-HD-7832","HNSC","1",0.794341444969177,"1"
"Drews","14",20261014,"TCGA-MT-A7BN","HNSC","1",0.999814331531525,"1"
"Drews","14",20261014,"TCGA-QK-A6IG","HNSC","1",0.986720263957977,"1"
"Drews","14",20261014,"TCGA-QK-A6V9","HNSC","2",0.926320433616638,"1"
"Drews","14",20261014,"TCGA-UF-A71A","HNSC","1",0.999865174293518,"1"
"Drews","14",20261014,"TCGA-UF-A7JH","HNSC","1",0.995532274246216,"1"
"Drews","14",20261014,"TCGA-KL-8326","KICH","2",0.00047872491995804,"2"
"Drews","14",20261014,"TCGA-KL-8327","KICH","2",0.0151052689179778,"2"
"Drews","14",20261014,"TCGA-KM-8438","KICH","2",0.000941489066462964,"2"
"Drews","14",20261014,"TCGA-KN-8424","KICH","2",0.0186266433447599,"2"
"Drews","14",20261014,"TCGA-KN-8425","KICH","2",0.0128262126818299,"2"
"Drews","14",20261014,"TCGA-KO-8413","KICH","2",0.0105408215895295,"2"
"Drews","14",20261014,"TCGA-KO-8417","KICH","2",0.0338857583701611,"2"
"Drews","14",20261014,"TCGA-A3-3313","KIRC","1",0.0249204151332378,"2"
"Drews","14",20261014,"TCGA-A3-3317","KIRC","2",0.0116348741576076,"2"
"Drews","14",20261014,"TCGA-A3-3347","KIRC","2",0.0671375468373299,"2"
"Drews","14",20261014,"TCGA-A3-A6NI","KIRC","2",0.000663590442854911,"2"
"Drews","14",20261014,"TCGA-AK-3453","KIRC","2",0.0739580541849136,"2"
"Drews","14",20261014,"TCGA-AK-3458","KIRC","2",0.00636174669489264,"2"
"Drews","14",20261014,"TCGA-B0-4710","KIRC","2",0.00181155919563025,"2"
"Drews","14",20261014,"TCGA-B8-5549","KIRC","2",0.00281763658858836,"2"
"Drews","14",20261014,"TCGA-BP-4161","KIRC","2",0.0010839372407645,"2"
"Drews","14",20261014,"TCGA-BP-4977","KIRC","2",0.00327521865256131,"2"
"Drews","14",20261014,"TCGA-BP-5199","KIRC","2",0.00277422345243394,"2"
"Drews","14",20261014,"TCGA-CJ-4903","KIRC","2",0.00354105792939663,"2"
"Drews","14",20261014,"TCGA-CJ-5682","KIRC","2",0.00693184649571776,"2"
"Drews","14",20261014,"TCGA-CZ-5989","KIRC","2",0.343458026647568,"2"
"Drews","14",20261014,"TCGA-DV-5566","KIRC","2",0.0027360999956727,"2"
"Drews","14",20261014,"TCGA-4A-A93X","KIRP","2",0.0195783525705338,"2"
"Drews","14",20261014,"TCGA-B9-4117","KIRP","2",0.21664260327816,"2"
"Drews","14",20261014,"TCGA-BQ-5894","KIRP","2",0.754024505615234,"1"
"Drews","14",20261014,"TCGA-F9-A4JJ","KIRP","2",0.825152933597565,"1"
"Drews","14",20261014,"TCGA-HE-A5NJ","KIRP","2",0.246805116534233,"2"
"Drews","14",20261014,"TCGA-P4-A5E8","KIRP","2",0.531703352928162,"1"
"Drews","14",20261014,"TCGA-P4-A5EB","KIRP","2",0.0407345853745937,"2"
"Drews","14",20261014,"TCGA-Q2-A5QZ","KIRP","1",0.590651869773865,"1"
"Drews","14",20261014,"TCGA-UZ-A9PZ","KIRP","2",0.0398142226040363,"2"
"Drews","14",20261014,"TCGA-CS-4943","LGG","1",0.997027218341827,"1"
"Drews","14",20261014,"TCGA-CS-6670","LGG","2",0.0126951262354851,"2"
"Drews","14",20261014,"TCGA-DU-5853","LGG","2",0.0300802644342184,"2"
"Drews","14",20261014,"TCGA-DU-6393","LGG","2",0.0138527462258935,"2"
"Drews","14",20261014,"TCGA-DU-7010","LGG","1",0.989098429679871,"1"
"Drews","14",20261014,"TCGA-E1-5307","LGG","1",0.0525810904800892,"2"
"Drews","14",20261014,"TCGA-E1-A7YD","LGG","1",0.985546231269836,"1"
"Drews","14",20261014,"TCGA-E1-A7YS","LGG","2",0.00698438519611955,"2"
"Drews","14",20261014,"TCGA-FG-6689","LGG","2",0.144821062684059,"2"
"Drews","14",20261014,"TCGA-FG-7634","LGG","2",0.0132126091048121,"2"
"Drews","14",20261014,"TCGA-FG-A4MX","LGG","2",0.175058275461197,"2"
"Drews","14",20261014,"TCGA-HT-7474","LGG","2",0.0796505361795425,"2"
"Drews","14",20261014,"TCGA-HT-7477","LGG","1",0.968796133995056,"1"
"Drews","14",20261014,"TCGA-HW-8319","LGG","2",0.28009220957756,"2"
"Drews","14",20261014,"TCGA-P5-A5F4","LGG","2",0.519823729991913,"1"
"Drews","14",20261014,"TCGA-P5-A5F6","LGG","2",0.0365851260721684,"2"
"Drews","14",20261014,"TCGA-P5-A733","LGG","2",0.0572152808308601,"2"
"Drews","14",20261014,"TCGA-QH-A6CW","LGG","2",0.543963372707367,"1"
"Drews","14",20261014,"TCGA-QH-A6X5","LGG","2",0.00182930519804358,"2"
"Drews","14",20261014,"TCGA-QH-A86X","LGG","2",0.000322832667734474,"2"
"Drews","14",20261014,"TCGA-S9-A6UB","LGG","2",0.00278914230875671,"2"
"Drews","14",20261014,"TCGA-S9-A6WM","LGG","1",0.723350286483765,"1"
"Drews","14",20261014,"TCGA-S9-A7R8","LGG","1",0.197078749537468,"2"
"Drews","14",20261014,"TCGA-TQ-A7RM","LGG","1",0.996367216110229,"1"
"Drews","14",20261014,"TCGA-2Y-A9H0","LIHC","1",0.998496413230896,"1"
"Drews","14",20261014,"TCGA-2Y-A9H2","LIHC","1",0.87660551071167,"1"
"Drews","14",20261014,"TCGA-2Y-A9H4","LIHC","1",0.959701836109161,"1"
"Drews","14",20261014,"TCGA-BC-A10R","LIHC","1",0.995790421962738,"1"
"Drews","14",20261014,"TCGA-BC-A10Y","LIHC","1",0.996127426624298,"1"
"Drews","14",20261014,"TCGA-BC-A69H","LIHC","1",0.999565541744232,"1"
"Drews","14",20261014,"TCGA-CC-5263","LIHC","1",0.99993371963501,"1"
"Drews","14",20261014,"TCGA-CC-A3MA","LIHC","1",0.991333305835724,"1"
"Drews","14",20261014,"TCGA-CC-A3MB","LIHC","1",0.977847754955292,"1"
"Drews","14",20261014,"TCGA-DD-A11B","LIHC","2",0.641313374042511,"1"
"Drews","14",20261014,"TCGA-DD-A1EE","LIHC","2",0.47494900226593,"2"
"Drews","14",20261014,"TCGA-DD-A39Z","LIHC","2",0.830718815326691,"1"
"Drews","14",20261014,"TCGA-DD-A3A3","LIHC","2",0.871220827102661,"1"
"Drews","14",20261014,"TCGA-DD-A73G","LIHC","1",0.982111394405365,"1"
"Drews","14",20261014,"TCGA-DD-AACX","LIHC","2",0.365988314151764,"2"
"Drews","14",20261014,"TCGA-DD-AADC","LIHC","1",0.994427800178528,"1"
"Drews","14",20261014,"TCGA-ED-A459","LIHC","1",0.996849834918976,"1"
"Drews","14",20261014,"TCGA-FV-A23B","LIHC","1",0.928602039813995,"1"
"Drews","14",20261014,"TCGA-RC-A6M6","LIHC","1",0.999383211135864,"1"
"Drews","14",20261014,"TCGA-UB-A7MB","LIHC","1",0.994409739971161,"1"
"Drews","14",20261014,"TCGA-WQ-AB4B","LIHC","2",0.77386611700058,"1"
"Drews","14",20261014,"TCGA-05-4250","LUAD","1",0.993105828762054,"1"
"Drews","14",20261014,"TCGA-05-4432","LUAD","1",0.999857664108276,"1"
"Drews","14",20261014,"TCGA-05-4433","LUAD","1",0.982111155986786,"1"
"Drews","14",20261014,"TCGA-38-4630","LUAD","1",0.999796450138092,"1"
"Drews","14",20261014,"TCGA-44-6779","LUAD","1",0.993925034999847,"1"
"Drews","14",20261014,"TCGA-44-7660","LUAD","1",0.999945282936096,"1"
"Drews","14",20261014,"TCGA-44-A47B","LUAD","1",0.970609962940216,"1"
"Drews","14",20261014,"TCGA-49-4488","LUAD","1",0.998023152351379,"1"
"Drews","14",20261014,"TCGA-49-4501","LUAD","1",0.997749269008636,"1"
"Drews","14",20261014,"TCGA-50-6594","LUAD","1",0.999708592891693,"1"
"Drews","14",20261014,"TCGA-55-7570","LUAD","1",0.999049603939056,"1"
"Drews","14",20261014,"TCGA-55-7994","LUAD","1",0.97699385881424,"1"
"Drews","14",20261014,"TCGA-55-8615","LUAD","1",0.999459326267242,"1"
"Drews","14",20261014,"TCGA-55-A490","LUAD","1",0.999789535999298,"1"
"Drews","14",20261014,"TCGA-64-1680","LUAD","2",0.837976813316345,"1"
"Drews","14",20261014,"TCGA-67-3774","LUAD","1",0.995352506637573,"1"
"Drews","14",20261014,"TCGA-78-7153","LUAD","1",0.82962030172348,"1"
"Drews","14",20261014,"TCGA-78-7220","LUAD","1",0.99977034330368,"1"
"Drews","14",20261014,"TCGA-86-7953","LUAD","1",0.99939239025116,"1"
"Drews","14",20261014,"TCGA-86-8054","LUAD","1",0.999294996261597,"1"
"Drews","14",20261014,"TCGA-86-8280","LUAD","1",0.995753765106201,"1"
"Drews","14",20261014,"TCGA-91-6840","LUAD","1",0.999910235404968,"1"
"Drews","14",20261014,"TCGA-97-7546","LUAD","1",0.905369639396667,"1"
"Drews","14",20261014,"TCGA-97-8547","LUAD","1",0.980627834796906,"1"
"Drews","14",20261014,"TCGA-J2-A4AE","LUAD","1",0.744514763355255,"1"
"Drews","14",20261014,"TCGA-MN-A4N1","LUAD","1",0.999569237232208,"1"
"Drews","14",20261014,"TCGA-MP-A4T8","LUAD","1",0.997470259666443,"1"
"Drews","14",20261014,"TCGA-18-3416","LUSC","1",0.999225616455078,"1"
"Drews","14",20261014,"TCGA-21-1080","LUSC","1",0.999799430370331,"1"
"Drews","14",20261014,"TCGA-21-5787","LUSC","1",0.998298585414886,"1"
"Drews","14",20261014,"TCGA-21-A5DI","LUSC","1",0.983671844005585,"1"
"Drews","14",20261014,"TCGA-22-4591","LUSC","1",0.999993681907654,"1"
"Drews","14",20261014,"TCGA-22-4613","LUSC","1",0.999993085861206,"1"
"Drews","14",20261014,"TCGA-22-5472","LUSC","2",0.794403791427612,"1"
"Drews","14",20261014,"TCGA-33-4532","LUSC","1",0.999931573867798,"1"
"Drews","14",20261014,"TCGA-33-AASJ","LUSC","1",0.976303339004517,"1"
"Drews","14",20261014,"TCGA-34-8456","LUSC","1",0.998864769935608,"1"
"Drews","14",20261014,"TCGA-39-5016","LUSC","1",0.997385323047638,"1"
"Drews","14",20261014,"TCGA-43-5670","LUSC","1",0.999371349811554,"1"
"Drews","14",20261014,"TCGA-43-8116","LUSC","1",0.99997341632843,"1"
"Drews","14",20261014,"TCGA-43-8118","LUSC","1",0.984794437885284,"1"
"Drews","14",20261014,"TCGA-43-A56V","LUSC","1",0.999677419662476,"1"
"Drews","14",20261014,"TCGA-46-3769","LUSC","1",0.999825894832611,"1"
"Drews","14",20261014,"TCGA-56-8622","LUSC","1",0.4371537566185,"2"
"Drews","14",20261014,"TCGA-58-A46L","LUSC","1",0.999687075614929,"1"
"Drews","14",20261014,"TCGA-66-2768","LUSC","1",0.999965310096741,"1"
"Drews","14",20261014,"TCGA-66-2789","LUSC","1",0.999978065490723,"1"
"Drews","14",20261014,"TCGA-66-2793","LUSC","1",0.999986529350281,"1"
"Drews","14",20261014,"TCGA-66-2794","LUSC","1",0.99375969171524,"1"
"Drews","14",20261014,"TCGA-66-2795","LUSC","1",0.999674677848816,"1"
"Drews","14",20261014,"TCGA-66-2800","LUSC","1",0.999959945678711,"1"
"Drews","14",20261014,"TCGA-68-8250","LUSC","1",0.999884963035583,"1"
"Drews","14",20261014,"TCGA-77-6843","LUSC","1",0.999510765075684,"1"
"Drews","14",20261014,"TCGA-77-A5GH","LUSC","1",0.999550759792328,"1"
"Drews","14",20261014,"TCGA-85-8070","LUSC","1",0.99997091293335,"1"
"Drews","14",20261014,"TCGA-85-8071","LUSC","1",0.999624252319336,"1"
"Drews","14",20261014,"TCGA-85-8354","LUSC","1",0.999892950057983,"1"
"Drews","14",20261014,"TCGA-J1-A4AH","LUSC","1",0.999909520149231,"1"
"Drews","14",20261014,"TCGA-NC-A5HT","LUSC","1",0.999604403972626,"1"
"Drews","14",20261014,"TCGA-O2-A52N","LUSC","1",0.99472963809967,"1"
"Drews","14",20261014,"TCGA-O2-A52S","LUSC","1",0.999619364738464,"1"
"Drews","14",20261014,"TCGA-3H-AB3M","MESO","1",0.940733909606934,"1"
"Drews","14",20261014,"TCGA-MQ-A6BR","MESO","2",0.570783317089081,"1"
"Drews","14",20261014,"TCGA-SC-A6LP","MESO","2",0.962041556835175,"1"
"Drews","14",20261014,"TCGA-XT-AASU","MESO","1",0.937712073326111,"1"
"Drews","14",20261014,"TCGA-04-1362","OV","1",0.99996280670166,"1"
"Drews","14",20261014,"TCGA-13-0800","OV","1",0.997536540031433,"1"
"Drews","14",20261014,"TCGA-13-1506","OV","1",0.999987959861755,"1"
"Drews","14",20261014,"TCGA-13-1507","OV","1",0.999966144561768,"1"
"Drews","14",20261014,"TCGA-13-1512","OV","1",0.999994516372681,"1"
"Drews","14",20261014,"TCGA-20-1683","OV","1",0.999904870986938,"1"
"Drews","14",20261014,"TCGA-23-1111","OV","1",0.998732626438141,"1"
"Drews","14",20261014,"TCGA-23-1123","OV","1",0.999901056289673,"1"
"Drews","14",20261014,"TCGA-23-2077","OV","1",0.999965667724609,"1"
"Drews","14",20261014,"TCGA-23-2078","OV","1",0.999908328056335,"1"
"Drews","14",20261014,"TCGA-24-1425","OV","1",0.999681711196899,"1"
"Drews","14",20261014,"TCGA-24-1427","OV","1",0.99998140335083,"1"
"Drews","14",20261014,"TCGA-24-1436","OV","1",0.999992251396179,"1"
"Drews","14",20261014,"TCGA-24-1552","OV","1",0.999940037727356,"1"
"Drews","14",20261014,"TCGA-24-2267","OV","1",0.999633550643921,"1"
"Drews","14",20261014,"TCGA-24-2271","OV","1",0.99912041425705,"1"
"Drews","14",20261014,"TCGA-24-2281","OV","1",0.999961495399475,"1"
"Drews","14",20261014,"TCGA-24-2288","OV","1",0.999895572662354,"1"
"Drews","14",20261014,"TCGA-24-2298","OV","1",0.999826371669769,"1"
"Drews","14",20261014,"TCGA-25-2396","OV","1",0.999708950519562,"1"
"Drews","14",20261014,"TCGA-25-2400","OV","1",0.999961256980896,"1"
"Drews","14",20261014,"TCGA-25-2401","OV","1",0.999151825904846,"1"
"Drews","14",20261014,"TCGA-25-2404","OV","1",0.999988317489624,"1"
"Drews","14",20261014,"TCGA-29-1688","OV","1",0.999866008758545,"1"
"Drews","14",20261014,"TCGA-29-1703","OV","1",0.99982625246048,"1"
"Drews","14",20261014,"TCGA-29-1710","OV","1",0.999472677707672,"1"
"Drews","14",20261014,"TCGA-29-1761","OV","1",0.999467432498932,"1"
"Drews","14",20261014,"TCGA-29-1763","OV","1",0.999607622623444,"1"
"Drews","14",20261014,"TCGA-31-1959","OV","1",0.999994158744812,"1"
"Drews","14",20261014,"TCGA-61-1728","OV","1",0.999957680702209,"1"
"Drews","14",20261014,"TCGA-61-1998","OV","1",0.999994277954102,"1"
"Drews","14",20261014,"TCGA-61-2008","OV","1",0.999875903129578,"1"
"Drews","14",20261014,"TCGA-61-2095","OV","2",0.831605315208435,"1"
"Drews","14",20261014,"TCGA-FB-AAPU","PAAD","1",0.959832310676575,"1"
"Drews","14",20261014,"TCGA-FB-AAQ2","PAAD","1",0.989428579807281,"1"
"Drews","14",20261014,"TCGA-HV-A5A6","PAAD","1",0.999639272689819,"1"
"Drews","14",20261014,"TCGA-IB-A6UF","PAAD","1",0.992193043231964,"1"
"Drews","14",20261014,"TCGA-S4-A8RO","PAAD","1",0.608597218990326,"1"
"Drews","14",20261014,"TCGA-QR-A6H6","PCPG","2",0.00514143798500299,"2"
"Drews","14",20261014,"TCGA-QR-A708","PCPG","1",0.544069826602936,"1"
"Drews","14",20261014,"TCGA-QR-A70M","PCPG","1",0.0547689273953438,"2"
"Drews","14",20261014,"TCGA-QR-A70O","PCPG","1",0.416819602251053,"2"
"Drews","14",20261014,"TCGA-QR-A70T","PCPG","1",0.640612721443176,"1"
"Drews","14",20261014,"TCGA-QR-A7IN","PCPG","2",0.129762127995491,"2"
"Drews","14",20261014,"TCGA-SP-A6QK","PCPG","2",0.286926299333572,"2"
"Drews","14",20261014,"TCGA-SR-A6MR","PCPG","1",0.0833576768636703,"2"
"Drews","14",20261014,"TCGA-WB-A814","PCPG","2",0.0600968450307846,"2"
"Drews","14",20261014,"TCGA-WB-A819","PCPG","2",0.0187124758958817,"2"
"Drews","14",20261014,"TCGA-CH-5791","PRAD","1",0.989123582839966,"1"
"Drews","14",20261014,"TCGA-EJ-7789","PRAD","1",0.997025430202484,"1"
"Drews","14",20261014,"TCGA-EJ-A8FN","PRAD","1",0.861055552959442,"1"
"Drews","14",20261014,"TCGA-FC-A4JI","PRAD","1",0.998924434185028,"1"
"Drews","14",20261014,"TCGA-HC-7213","PRAD","1",0.99810117483139,"1"
"Drews","14",20261014,"TCGA-HC-7232","PRAD","2",0.960405826568604,"1"
"Drews","14",20261014,"TCGA-HC-7748","PRAD","1",0.701613426208496,"1"
"Drews","14",20261014,"TCGA-HC-A6HY","PRAD","2",0.905890166759491,"1"
"Drews","14",20261014,"TCGA-KC-A4BV","PRAD","1",0.942687690258026,"1"
"Drews","14",20261014,"TCGA-KK-A6DY","PRAD","2",0.160132899880409,"2"
"Drews","14",20261014,"TCGA-KK-A6E5","PRAD","1",0.961800634860992,"1"
"Drews","14",20261014,"TCGA-KK-A7AP","PRAD","1",0.999831676483154,"1"
"Drews","14",20261014,"TCGA-KK-A8IB","PRAD","1",0.984419882297516,"1"
"Drews","14",20261014,"TCGA-KK-A8ID","PRAD","1",0.999654769897461,"1"
"Drews","14",20261014,"TCGA-TP-A8TT","PRAD","1",0.84993040561676,"1"
"Drews","14",20261014,"TCGA-V1-A8ML","PRAD","2",0.965859532356262,"1"
"Drews","14",20261014,"TCGA-XJ-A9DX","PRAD","1",0.997326612472534,"1"
"Drews","14",20261014,"TCGA-ZG-A9LN","PRAD","1",0.859402656555176,"1"
"Drews","14",20261014,"TCGA-AG-3591","READ","1",0.997352361679077,"1"
"Drews","14",20261014,"TCGA-AG-3594","READ","1",0.994866013526917,"1"
"Drews","14",20261014,"TCGA-AG-3881","READ","1",0.965370118618011,"1"
"Drews","14",20261014,"TCGA-AG-4015","READ","1",0.999870777130127,"1"
"Drews","14",20261014,"TCGA-AG-4022","READ","2",0.691698014736176,"1"
"Drews","14",20261014,"TCGA-AG-A02X","READ","1",0.996651351451874,"1"
"Drews","14",20261014,"TCGA-AG-A036","READ","2",0.999154090881348,"1"
"Drews","14",20261014,"TCGA-DC-5869","READ","2",0.973633468151093,"1"
"Drews","14",20261014,"TCGA-DT-5265","READ","1",0.980886936187744,"1"
"Drews","14",20261014,"TCGA-3B-A9HO","SARC","1",0.958647310733795,"1"
"Drews","14",20261014,"TCGA-3B-A9HS","SARC","1",0.998901963233948,"1"
"Drews","14",20261014,"TCGA-3B-A9HV","SARC","1",0.998958706855774,"1"
"Drews","14",20261014,"TCGA-3B-A9HX","SARC","1",0.999135911464691,"1"
"Drews","14",20261014,"TCGA-DX-A3U5","SARC","1",0.998125612735748,"1"
"Drews","14",20261014,"TCGA-DX-A6YZ","SARC","1",0.966763734817505,"1"
"Drews","14",20261014,"TCGA-DX-A7EF","SARC","1",0.999707400798798,"1"
"Drews","14",20261014,"TCGA-DX-A8BH","SARC","1",0.999481618404388,"1"
"Drews","14",20261014,"TCGA-DX-A8BR","SARC","1",0.990458130836487,"1"
"Drews","14",20261014,"TCGA-DX-AB2F","SARC","1",0.998546242713928,"1"
"Drews","14",20261014,"TCGA-DX-AB2X","SARC","1",0.997916281223297,"1"
"Drews","14",20261014,"TCGA-FX-A3NK","SARC","1",0.987884819507599,"1"
"Drews","14",20261014,"TCGA-FX-A3RE","SARC","1",0.986792206764221,"1"
"Drews","14",20261014,"TCGA-HB-A3YV","SARC","1",0.999642372131348,"1"
"Drews","14",20261014,"TCGA-IE-A6BZ","SARC","1",0.999834418296814,"1"
"Drews","14",20261014,"TCGA-JV-A5VE","SARC","1",0.998164474964142,"1"
"Drews","14",20261014,"TCGA-LI-A67I","SARC","1",0.999541640281677,"1"
"Drews","14",20261014,"TCGA-N1-A6IA","SARC","1",0.998435199260712,"1"
"Drews","14",20261014,"TCGA-QC-A6FX","SARC","1",0.996864974498749,"1"
"Drews","14",20261014,"TCGA-QQ-A5VB","SARC","1",0.999565660953522,"1"
"Drews","14",20261014,"TCGA-SI-AA8B","SARC","1",0.999905109405518,"1"
"Drews","14",20261014,"TCGA-VT-A80G","SARC","1",0.999864816665649,"1"
"Drews","14",20261014,"TCGA-X6-A7W8","SARC","1",0.998694837093353,"1"
"Drews","14",20261014,"TCGA-X6-A8C2","SARC","1",0.999692916870117,"1"
"Drews","14",20261014,"TCGA-BF-A1PV","SKCM","2",0.523277044296265,"1"
"Drews","14",20261014,"TCGA-BF-A5EO","SKCM","2",0.737402200698853,"1"
"Drews","14",20261014,"TCGA-BF-AAP6","SKCM","1",0.965992033481598,"1"
"Drews","14",20261014,"TCGA-D3-A5GT","SKCM","1",0.874612152576447,"1"
"Drews","14",20261014,"TCGA-DA-A960","SKCM","2",0.984115242958069,"1"
"Drews","14",20261014,"TCGA-EB-A4IS","SKCM","2",0.83135986328125,"1"
"Drews","14",20261014,"TCGA-EB-A4OY","SKCM","1",0.974066853523254,"1"
"Drews","14",20261014,"TCGA-EB-A57M","SKCM","1",0.999546945095062,"1"
"Drews","14",20261014,"TCGA-BR-4191","STAD","1",0.97201406955719,"1"
"Drews","14",20261014,"TCGA-BR-4357","STAD","1",0.998123705387115,"1"
"Drews","14",20261014,"TCGA-BR-7703","STAD","1",0.316693067550659,"2"
"Drews","14",20261014,"TCGA-BR-8078","STAD","2",0.220459938049316,"2"
"Drews","14",20261014,"TCGA-BR-8361","STAD","1",0.801628053188324,"1"
"Drews","14",20261014,"TCGA-BR-A4J1","STAD","1",0.999795377254486,"1"
"Drews","14",20261014,"TCGA-BR-A4PE","STAD","1",0.988240361213684,"1"
"Drews","14",20261014,"TCGA-CG-4304","STAD","1",0.806571185588837,"1"
"Drews","14",20261014,"TCGA-CG-4469","STAD","1",0.611295163631439,"1"
"Drews","14",20261014,"TCGA-CG-4475","STAD","1",0.999680638313293,"1"
"Drews","14",20261014,"TCGA-D7-A6F2","STAD","1",0.999971270561218,"1"
"Drews","14",20261014,"TCGA-EQ-A4SO","STAD","1",0.988760650157928,"1"
"Drews","14",20261014,"TCGA-HU-8249","STAD","1",0.986504197120667,"1"
"Drews","14",20261014,"TCGA-IN-8462","STAD","1",0.998700380325317,"1"
"Drews","14",20261014,"TCGA-IN-8663","STAD","1",0.999846339225769,"1"
"Drews","14",20261014,"TCGA-R5-A7ZE","STAD","1",0.999918222427368,"1"
"Drews","14",20261014,"TCGA-RD-A7BT","STAD","1",0.999433815479279,"1"
"Drews","14",20261014,"TCGA-RD-A8NB","STAD","1",0.0948211178183556,"2"
"Drews","14",20261014,"TCGA-VQ-A8E7","STAD","1",0.999662160873413,"1"
"Drews","14",20261014,"TCGA-VQ-A8P3","STAD","1",0.944776177406311,"1"
"Drews","14",20261014,"TCGA-VQ-A8PE","STAD","1",0.999666810035706,"1"
"Drews","14",20261014,"TCGA-VQ-A91N","STAD","1",0.999235153198242,"1"
"Drews","14",20261014,"TCGA-VQ-A91S","STAD","1",0.996214210987091,"1"
"Drews","14",20261014,"TCGA-VQ-A91U","STAD","1",0.999124348163605,"1"
"Drews","14",20261014,"TCGA-VQ-A91Z","STAD","1",0.999982118606567,"1"
"Drews","14",20261014,"TCGA-VQ-A94O","STAD","1",0.999663472175598,"1"
"Drews","14",20261014,"TCGA-VQ-AA64","STAD","1",0.999976515769958,"1"
"Drews","14",20261014,"TCGA-2G-AAFN","TGCT","1",0.999349176883698,"1"
"Drews","14",20261014,"TCGA-XE-AAOF","TGCT","2",0.391407489776611,"2"
"Drews","14",20261014,"TCGA-YU-A90W","TGCT","1",0.844401597976685,"1"
"Drews","14",20261014,"TCGA-YU-A912","TGCT","1",0.389654129743576,"2"
"Drews","14",20261014,"TCGA-EL-A3CX","THCA","2",0.154049754142761,"2"
"Drews","14",20261014,"TCGA-EL-A3GP","THCA","2",0.260357141494751,"2"
"Drews","14",20261014,"TCGA-ZB-A966","THYM","2",0.909171402454376,"1"
"Drews","14",20261014,"TCGA-A5-A0G3","UCEC","1",0.999869465827942,"1"
"Drews","14",20261014,"TCGA-A5-A0VQ","UCEC","2",0.443785816431046,"2"
"Drews","14",20261014,"TCGA-A5-A2K2","UCEC","1",0.997834861278534,"1"
"Drews","14",20261014,"TCGA-AJ-A3BF","UCEC","1",0.999623537063599,"1"
"Drews","14",20261014,"TCGA-AP-A05J","UCEC","1",0.999701678752899,"1"
"Drews","14",20261014,"TCGA-AX-A1C8","UCEC","1",0.999926447868347,"1"
"Drews","14",20261014,"TCGA-AX-A2H4","UCEC","1",0.996876120567322,"1"
"Drews","14",20261014,"TCGA-B5-A11I","UCEC","1",0.999906539916992,"1"
"Drews","14",20261014,"TCGA-B5-A11Q","UCEC","2",0.141239508986473,"2"
"Drews","14",20261014,"TCGA-B5-A11S","UCEC","2",0.0445597283542156,"2"
"Drews","14",20261014,"TCGA-B5-A3FC","UCEC","2",0.547097146511078,"1"
"Drews","14",20261014,"TCGA-B5-A3FD","UCEC","1",0.960099935531616,"1"
"Drews","14",20261014,"TCGA-BG-A2AE","UCEC","2",0.972403526306152,"1"
"Drews","14",20261014,"TCGA-BK-A4ZD","UCEC","1",0.991534411907196,"1"
"Drews","14",20261014,"TCGA-BS-A0TC","UCEC","2",0.368541121482849,"2"
"Drews","14",20261014,"TCGA-BS-A0TI","UCEC","1",0.952914476394653,"1"
"Drews","14",20261014,"TCGA-D1-A0ZZ","UCEC","1",0.999822914600372,"1"
"Drews","14",20261014,"TCGA-D1-A16O","UCEC","2",0.222820103168488,"2"
"Drews","14",20261014,"TCGA-D1-A16S","UCEC","1",0.999305367469788,"1"
"Drews","14",20261014,"TCGA-D1-A1NU","UCEC","1",0.999972105026245,"1"
"Drews","14",20261014,"TCGA-D1-A1NW","UCEC","1",0.99957948923111,"1"
"Drews","14",20261014,"TCGA-D1-A3DH","UCEC","1",0.998231947422028,"1"
"Drews","14",20261014,"TCGA-D1-A3JP","UCEC","1",0.852774083614349,"1"
"Drews","14",20261014,"TCGA-DI-A1C3","UCEC","2",0.012201813980937,"2"
"Drews","14",20261014,"TCGA-DI-A1NO","UCEC","1",0.999989867210388,"1"
"Drews","14",20261014,"TCGA-EO-A1Y5","UCEC","1",0.99992573261261,"1"
"Drews","14",20261014,"TCGA-EO-A1Y8","UCEC","1",0.995112836360931,"1"
"Drews","14",20261014,"TCGA-EO-A3B1","UCEC","1",0.953517556190491,"1"
"Drews","14",20261014,"TCGA-EY-A1GC","UCEC","1",0.984098374843597,"1"
"Drews","14",20261014,"TCGA-EY-A212","UCEC","1",0.999927878379822,"1"
"Drews","14",20261014,"TCGA-EY-A3L3","UCEC","1",0.998184263706207,"1"
"Drews","14",20261014,"TCGA-FI-A2D2","UCEC","1",0.997665643692017,"1"
"Drews","14",20261014,"TCGA-FI-A3PV","UCEC","1",0.999156594276428,"1"
"Drews","14",20261014,"TCGA-QS-A8F1","UCEC","1",0.99824321269989,"1"
"Drews","14",20261014,"TCGA-N5-A4RJ","UCS","1",0.999677181243896,"1"
"Drews","14",20261014,"TCGA-N5-A4RN","UCS","1",0.999959707260132,"1"
"Drews","14",20261014,"TCGA-N5-A4RO","UCS","1",0.99996030330658,"1"
"Drews","14",20261014,"TCGA-N5-A4RU","UCS","1",0.999972343444824,"1"
"Drews","14",20261014,"TCGA-N8-A4PO","UCS","1",0.999948740005493,"1"
"Drews","14",20261014,"TCGA-N9-A4Q3","UCS","1",0.99997091293335,"1"
"Drews","14",20261014,"TCGA-NA-A5I1","UCS","1",0.999986290931702,"1"
"Drews","14",20261014,"TCGA-V4-A9E5","UVM","2",0.0654801875352859,"2"
"Drews","14",20261014,"TCGA-VD-A8K8","UVM","2",0.0311960987746716,"2"
"Drews","14",20261014,"TCGA-VD-A8KM","UVM","2",0.0763547718524933,"2"
"Drews","14",20261014,"TCGA-YZ-A984","UVM","2",0.0172850638628006,"2"
"Drews","15",20261015,"TCGA-OR-A5J3","ACC","2",0.0985270291566849,"2"
"Drews","15",20261015,"TCGA-OR-A5J6","ACC","2",0.207404568791389,"2"
"Drews","15",20261015,"TCGA-OR-A5JS","ACC","1",0.962967813014984,"1"
"Drews","15",20261015,"TCGA-OR-A5JY","ACC","1",0.97244518995285,"1"
"Drews","15",20261015,"TCGA-OR-A5KT","ACC","1",0.633076608181,"1"
"Drews","15",20261015,"TCGA-OR-A5L8","ACC","2",0.0241445563733578,"2"
"Drews","15",20261015,"TCGA-OR-A5LA","ACC","2",0.0361085385084152,"2"
"Drews","15",20261015,"TCGA-OR-A5LD","ACC","1",0.777583837509155,"1"
"Drews","15",20261015,"TCGA-BT-A20V","BLCA","1",0.999081254005432,"1"
"Drews","15",20261015,"TCGA-BT-A3PJ","BLCA","1",0.999233961105347,"1"
"Drews","15",20261015,"TCGA-CF-A1HR","BLCA","1",0.621503710746765,"1"
"Drews","15",20261015,"TCGA-CF-A5UA","BLCA","1",0.97967803478241,"1"
"Drews","15",20261015,"TCGA-CF-A8HY","BLCA","1",0.992470741271973,"1"
"Drews","15",20261015,"TCGA-DK-A1AB","BLCA","2",0.992777347564697,"1"
"Drews","15",20261015,"TCGA-DK-A2HX","BLCA","1",0.999103486537933,"1"
"Drews","15",20261015,"TCGA-DK-A3X2","BLCA","1",0.992429196834564,"1"
"Drews","15",20261015,"TCGA-DK-AA6U","BLCA","1",0.999798595905304,"1"
"Drews","15",20261015,"TCGA-E5-A4U1","BLCA","1",0.998826920986176,"1"
"Drews","15",20261015,"TCGA-E7-A5KE","BLCA","1",0.999879837036133,"1"
"Drews","15",20261015,"TCGA-FD-A5C0","BLCA","1",0.999174773693085,"1"
"Drews","15",20261015,"TCGA-FD-A62O","BLCA","2",0.930659234523773,"1"
"Drews","15",20261015,"TCGA-FJ-A3ZE","BLCA","1",0.999901056289673,"1"
"Drews","15",20261015,"TCGA-G2-A2EL","BLCA","1",0.998659491539001,"1"
"Drews","15",20261015,"TCGA-G2-A3VY","BLCA","1",0.999958515167236,"1"
"Drews","15",20261015,"TCGA-G2-AA3D","BLCA","1",0.999046981334686,"1"
"Drews","15",20261015,"TCGA-GC-A3RD","BLCA","1",0.999969244003296,"1"
"Drews","15",20261015,"TCGA-GU-AATO","BLCA","1",0.999041616916656,"1"
"Drews","15",20261015,"TCGA-GV-A3JX","BLCA","1",0.999958992004395,"1"
"Drews","15",20261015,"TCGA-GV-A3JZ","BLCA","1",0.999933481216431,"1"
"Drews","15",20261015,"TCGA-GV-A3QF","BLCA","1",0.999609053134918,"1"
"Drews","15",20261015,"TCGA-GV-A3QI","BLCA","1",0.997440576553345,"1"
"Drews","15",20261015,"TCGA-GV-A6ZA","BLCA","1",0.998295962810516,"1"
"Drews","15",20261015,"TCGA-UY-A78N","BLCA","1",0.972642779350281,"1"
"Drews","15",20261015,"TCGA-XF-A8HG","BLCA","1",0.999525904655457,"1"
"Drews","15",20261015,"TCGA-XF-A9SH","BLCA","1",0.675499260425568,"1"
"Drews","15",20261015,"TCGA-XF-A9SK","BLCA","1",0.999307155609131,"1"
"Drews","15",20261015,"TCGA-XF-AAMQ","BLCA","1",0.999513030052185,"1"
"Drews","15",20261015,"TCGA-YF-AA3M","BLCA","1",0.994267165660858,"1"
"Drews","15",20261015,"TCGA-ZF-A9R4","BLCA","1",0.997984766960144,"1"
"Drews","15",20261015,"TCGA-ZF-A9RE","BLCA","1",0.999181807041168,"1"
"Drews","15",20261015,"TCGA-ZF-A9RL","BLCA","1",0.999030351638794,"1"
"Drews","15",20261015,"TCGA-3C-AALK","BRCA","1",0.673826992511749,"1"
"Drews","15",20261015,"TCGA-A1-A0SI","BRCA","2",0.992923259735107,"1"
"Drews","15",20261015,"TCGA-A1-A0SP","BRCA","1",0.99959534406662,"1"
"Drews","15",20261015,"TCGA-A2-A0CW","BRCA","1",0.99989926815033,"1"
"Drews","15",20261015,"TCGA-A2-A0SX","BRCA","1",0.999898672103882,"1"
"Drews","15",20261015,"TCGA-A2-A0T5","BRCA","1",0.0097285769879818,"2"
"Drews","15",20261015,"TCGA-A2-A0YE","BRCA","1",0.999989748001099,"1"
"Drews","15",20261015,"TCGA-A2-A1FV","BRCA","1",0.915825068950653,"1"
"Drews","15",20261015,"TCGA-A2-A3Y0","BRCA","1",0.999803602695465,"1"
"Drews","15",20261015,"TCGA-A7-A0DA","BRCA","1",0.99997079372406,"1"
"Drews","15",20261015,"TCGA-A7-A13G","BRCA","1",0.32459881901741,"2"
"Drews","15",20261015,"TCGA-A8-A06O","BRCA","1",0.999772369861603,"1"
"Drews","15",20261015,"TCGA-A8-A06Q","BRCA","1",0.995701849460602,"1"
"Drews","15",20261015,"TCGA-A8-A075","BRCA","1",0.998623967170715,"1"
"Drews","15",20261015,"TCGA-A8-A07G","BRCA","1",0.946138978004456,"1"
"Drews","15",20261015,"TCGA-A8-A08J","BRCA","1",0.999910593032837,"1"
"Drews","15",20261015,"TCGA-A8-A094","BRCA","1",0.99976772069931,"1"
"Drews","15",20261015,"TCGA-A8-A096","BRCA","2",0.117208756506443,"2"
"Drews","15",20261015,"TCGA-A8-A099","BRCA","1",0.241278812289238,"2"
"Drews","15",20261015,"TCGA-A8-A09G","BRCA","1",0.999181687831879,"1"
"Drews","15",20261015,"TCGA-A8-A09M","BRCA","1",0.999952673912048,"1"
"Drews","15",20261015,"TCGA-A8-A09R","BRCA","1",0.999524831771851,"1"
"Drews","15",20261015,"TCGA-A8-A0A1","BRCA","2",0.432163417339325,"2"
"Drews","15",20261015,"TCGA-A8-A0AD","BRCA","1",0.673152565956116,"1"
"Drews","15",20261015,"TCGA-AN-A04A","BRCA","1",0.999755442142487,"1"
"Drews","15",20261015,"TCGA-AN-A04D","BRCA","1",0.999809324741364,"1"
"Drews","15",20261015,"TCGA-AN-A0FJ","BRCA","1",0.999842524528503,"1"
"Drews","15",20261015,"TCGA-AN-A0FW","BRCA","1",0.99977320432663,"1"
"Drews","15",20261015,"TCGA-AN-A0XR","BRCA","1",0.898475825786591,"1"
"Drews","15",20261015,"TCGA-AO-A03L","BRCA","1",0.996780395507812,"1"
"Drews","15",20261015,"TCGA-AO-A0J2","BRCA","1",0.999750077724457,"1"
"Drews","15",20261015,"TCGA-AO-A0JE","BRCA","1",0.943671762943268,"1"
"Drews","15",20261015,"TCGA-AO-A0JM","BRCA","1",0.999855279922485,"1"
"Drews","15",20261015,"TCGA-AR-A0TR","BRCA","2",0.384573638439178,"2"
"Drews","15",20261015,"TCGA-AR-A0TV","BRCA","1",0.997110843658447,"1"
"Drews","15",20261015,"TCGA-AR-A0TW","BRCA","1",0.997942626476288,"1"
"Drews","15",20261015,"TCGA-AR-A0U2","BRCA","1",0.999891400337219,"1"
"Drews","15",20261015,"TCGA-AR-A0U4","BRCA","1",0.99984085559845,"1"
"Drews","15",20261015,"TCGA-AR-A1AQ","BRCA","1",0.998683631420135,"1"
"Drews","15",20261015,"TCGA-AR-A254","BRCA","1",0.994386911392212,"1"
"Drews","15",20261015,"TCGA-AR-A2LR","BRCA","1",0.999965071678162,"1"
"Drews","15",20261015,"TCGA-B6-A0RH","BRCA","1",0.997914373874664,"1"
"Drews","15",20261015,"TCGA-B6-A0RL","BRCA","1",0.999616622924805,"1"
"Drews","15",20261015,"TCGA-B6-A0RP","BRCA","2",0.0165385268628597,"2"
"Drews","15",20261015,"TCGA-B6-A0RS","BRCA","1",0.999904990196228,"1"
"Drews","15",20261015,"TCGA-B6-A0RV","BRCA","1",0.835106313228607,"1"
"Drews","15",20261015,"TCGA-B6-A0WS","BRCA","1",0.986602663993835,"1"
"Drews","15",20261015,"TCGA-B6-A1KN","BRCA","1",0.999698162078857,"1"
"Drews","15",20261015,"TCGA-BH-A0AW","BRCA","1",0.999952912330627,"1"
"Drews","15",20261015,"TCGA-BH-A0BS","BRCA","2",0.128247931599617,"2"
"Drews","15",20261015,"TCGA-BH-A0DG","BRCA","1",0.999200642108917,"1"
"Drews","15",20261015,"TCGA-BH-A0GY","BRCA","1",0.996924698352814,"1"
"Drews","15",20261015,"TCGA-BH-A0H7","BRCA","1",0.999672532081604,"1"
"Drews","15",20261015,"TCGA-BH-A0HB","BRCA","1",0.997927188873291,"1"
"Drews","15",20261015,"TCGA-BH-A0HX","BRCA","1",0.999699950218201,"1"
"Drews","15",20261015,"TCGA-BH-A0HY","BRCA","1",0.999972581863403,"1"
"Drews","15",20261015,"TCGA-BH-A18J","BRCA","1",0.999913692474365,"1"
"Drews","15",20261015,"TCGA-BH-A18N","BRCA","2",0.691988587379456,"1"
"Drews","15",20261015,"TCGA-BH-A18R","BRCA","1",0.997637629508972,"1"
"Drews","15",20261015,"TCGA-BH-A5IZ","BRCA","1",0.999820172786713,"1"
"Drews","15",20261015,"TCGA-C8-A12T","BRCA","1",0.964764177799225,"1"
"Drews","15",20261015,"TCGA-C8-A12U","BRCA","1",0.999658584594727,"1"
"Drews","15",20261015,"TCGA-C8-A1HG","BRCA","1",0.999878525733948,"1"
"Drews","15",20261015,"TCGA-C8-A26Z","BRCA","1",0.992043793201447,"1"
"Drews","15",20261015,"TCGA-D8-A142","BRCA","1",0.999967455863953,"1"
"Drews","15",20261015,"TCGA-D8-A1JJ","BRCA","1",0.997394204139709,"1"
"Drews","15",20261015,"TCGA-D8-A1JM","BRCA","1",0.999129712581635,"1"
"Drews","15",20261015,"TCGA-D8-A1JU","BRCA","2",0.0291414819657803,"2"
"Drews","15",20261015,"TCGA-D8-A1XY","BRCA","1",0.584291160106659,"1"
"Drews","15",20261015,"TCGA-D8-A1Y0","BRCA","1",0.99501770734787,"1"
"Drews","15",20261015,"TCGA-D8-A1Y3","BRCA","1",0.998056948184967,"1"
"Drews","15",20261015,"TCGA-E2-A10A","BRCA","1",0.999785959720612,"1"
"Drews","15",20261015,"TCGA-E2-A10B","BRCA","2",0.262692481279373,"2"
"Drews","15",20261015,"TCGA-E2-A15T","BRCA","1",0.992784261703491,"1"
"Drews","15",20261015,"TCGA-E2-A1LL","BRCA","1",0.998375415802002,"1"
"Drews","15",20261015,"TCGA-E9-A1N5","BRCA","1",0.977582931518555,"1"
"Drews","15",20261015,"TCGA-E9-A1NF","BRCA","1",0.952596545219421,"1"
"Drews","15",20261015,"TCGA-E9-A1RD","BRCA","2",0.073060929775238,"2"
"Drews","15",20261015,"TCGA-E9-A1RF","BRCA","1",0.999853253364563,"1"
"Drews","15",20261015,"TCGA-E9-A228","BRCA","1",0.999594390392303,"1"
"Drews","15",20261015,"TCGA-E9-A22A","BRCA","1",0.993553161621094,"1"
"Drews","15",20261015,"TCGA-E9-A22G","BRCA","1",0.99984610080719,"1"
"Drews","15",20261015,"TCGA-E9-A24A","BRCA","2",0.0717513188719749,"2"
"Drews","15",20261015,"TCGA-EW-A1J3","BRCA","1",0.95939165353775,"1"
"Drews","15",20261015,"TCGA-EW-A1PA","BRCA","1",0.999895215034485,"1"
"Drews","15",20261015,"TCGA-EW-A1PD","BRCA","1",0.999952435493469,"1"
"Drews","15",20261015,"TCGA-EW-A2FV","BRCA","1",0.998243927955627,"1"
"Drews","15",20261015,"TCGA-EW-A6SC","BRCA","1",0.993395030498505,"1"
"Drews","15",20261015,"TCGA-LL-A6FQ","BRCA","1",0.582487761974335,"1"
"Drews","15",20261015,"TCGA-LL-A740","BRCA","1",0.97178441286087,"1"
"Drews","15",20261015,"TCGA-LL-A7T0","BRCA","1",0.999787986278534,"1"
"Drews","15",20261015,"TCGA-PE-A5DE","BRCA","1",0.863440871238708,"1"
"Drews","15",20261015,"TCGA-UL-AAZ6","BRCA","1",0.999773681163788,"1"
"Drews","15",20261015,"TCGA-UU-A93S","BRCA","1",0.99997079372406,"1"
"Drews","15",20261015,"TCGA-WT-AB44","BRCA","2",0.112478539347649,"2"
"Drews","15",20261015,"TCGA-4J-AA1J","CESC","1",0.996287941932678,"1"
"Drews","15",20261015,"TCGA-C5-A2LY","CESC","1",0.984153568744659,"1"
"Drews","15",20261015,"TCGA-DR-A0ZM","CESC","2",0.742044568061829,"1"
"Drews","15",20261015,"TCGA-EA-A5FO","CESC","2",0.53340208530426,"1"
"Drews","15",20261015,"TCGA-EA-A5O9","CESC","1",0.985930263996124,"1"
"Drews","15",20261015,"TCGA-EK-A2RN","CESC","2",0.825774490833282,"1"
"Drews","15",20261015,"TCGA-EX-A69M","CESC","2",0.996119856834412,"1"
"Drews","15",20261015,"TCGA-HM-A6W2","CESC","1",0.996907532215118,"1"
"Drews","15",20261015,"TCGA-VS-A8EK","CESC","1",0.999275743961334,"1"
"Drews","15",20261015,"TCGA-VS-A8QA","CESC","1",0.998758673667908,"1"
"Drews","15",20261015,"TCGA-VS-A953","CESC","1",0.842773139476776,"1"
"Drews","15",20261015,"TCGA-VS-A9U5","CESC","1",0.997768044471741,"1"
"Drews","15",20261015,"TCGA-VS-A9U6","CESC","1",0.999709904193878,"1"
"Drews","15",20261015,"TCGA-VS-A9UM","CESC","1",0.957710266113281,"1"
"Drews","15",20261015,"TCGA-VS-A9V0","CESC","1",0.999267280101776,"1"
"Drews","15",20261015,"TCGA-ZJ-AB0I","CESC","1",0.994644165039062,"1"
"Drews","15",20261015,"TCGA-3X-AAVC","CHOL","1",0.942800939083099,"1"
"Drews","15",20261015,"TCGA-AA-3496","COAD","2",0.999271929264069,"1"
"Drews","15",20261015,"TCGA-AA-3679","COAD","1",0.996993899345398,"1"
"Drews","15",20261015,"TCGA-AA-3837","COAD","2",0.130839049816132,"2"
"Drews","15",20261015,"TCGA-AA-3952","COAD","1",0.997995615005493,"1"
"Drews","15",20261015,"TCGA-AA-A01S","COAD","1",0.993639290332794,"1"
"Drews","15",20261015,"TCGA-AA-A01Z","COAD","1",0.99668675661087,"1"
"Drews","15",20261015,"TCGA-AA-A022","COAD","2",0.209183245897293,"2"
"Drews","15",20261015,"TCGA-AD-6965","COAD","1",0.982811093330383,"1"
"Drews","15",20261015,"TCGA-AZ-6603","COAD","2",0.997693359851837,"1"
"Drews","15",20261015,"TCGA-CA-6719","COAD","1",0.998174667358398,"1"
"Drews","15",20261015,"TCGA-CK-5913","COAD","2",0.0380198732018471,"2"
"Drews","15",20261015,"TCGA-CM-4746","COAD","2",0.422104775905609,"2"
"Drews","15",20261015,"TCGA-CM-5344","COAD","2",0.998979091644287,"1"
"Drews","15",20261015,"TCGA-CM-6168","COAD","2",0.0209495015442371,"2"
"Drews","15",20261015,"TCGA-CM-6675","COAD","1",0.992075204849243,"1"
"Drews","15",20261015,"TCGA-D5-6533","COAD","1",0.987227439880371,"1"
"Drews","15",20261015,"TCGA-DM-A1D7","COAD","1",0.951744437217712,"1"
"Drews","15",20261015,"TCGA-F4-6806","COAD","2",0.0026729628443718,"2"
"Drews","15",20261015,"TCGA-G4-6306","COAD","2",0.905493557453156,"1"
"Drews","15",20261015,"TCGA-G4-6311","COAD","1",0.994480609893799,"1"
"Drews","15",20261015,"TCGA-QL-A97D","COAD","1",0.935150742530823,"1"
"Drews","15",20261015,"TCGA-FF-8042","DLBC","1",0.94397360086441,"1"
"Drews","15",20261015,"TCGA-2H-A9GH","ESCA","1",0.999822318553925,"1"
"Drews","15",20261015,"TCGA-2H-A9GM","ESCA","1",0.999951601028442,"1"
"Drews","15",20261015,"TCGA-2H-A9GQ","ESCA","1",0.999632358551025,"1"
"Drews","15",20261015,"TCGA-IC-A6RE","ESCA","1",0.997438073158264,"1"
"Drews","15",20261015,"TCGA-L5-A43J","ESCA","1",0.998718857765198,"1"
"Drews","15",20261015,"TCGA-L5-A4OH","ESCA","1",0.999857664108276,"1"
"Drews","15",20261015,"TCGA-L5-A4OO","ESCA","1",0.999872446060181,"1"
"Drews","15",20261015,"TCGA-L5-A4OR","ESCA","1",0.997286558151245,"1"
"Drews","15",20261015,"TCGA-L5-A88V","ESCA","1",0.999932885169983,"1"
"Drews","15",20261015,"TCGA-L5-A8NE","ESCA","1",0.99806410074234,"1"
"Drews","15",20261015,"TCGA-L5-A8NH","ESCA","1",0.999686717987061,"1"
"Drews","15",20261015,"TCGA-L5-A8NR","ESCA","1",0.999960422515869,"1"
"Drews","15",20261015,"TCGA-LN-A49M","ESCA","1",0.999884247779846,"1"
"Drews","15",20261015,"TCGA-LN-A4A9","ESCA","1",0.997886598110199,"1"
"Drews","15",20261015,"TCGA-LN-A5U5","ESCA","1",0.998826324939728,"1"
"Drews","15",20261015,"TCGA-LN-A5U7","ESCA","1",0.999833345413208,"1"
"Drews","15",20261015,"TCGA-R6-A6XQ","ESCA","1",0.998816609382629,"1"
"Drews","15",20261015,"TCGA-Z6-A9VB","ESCA","1",0.999907612800598,"1"
"Drews","15",20261015,"TCGA-06-2562","GBM","2",0.767084956169128,"1"
"Drews","15",20261015,"TCGA-19-2619","GBM","1",0.75534188747406,"1"
"Drews","15",20261015,"TCGA-26-5133","GBM","1",0.974354565143585,"1"
"Drews","15",20261015,"TCGA-28-5216","GBM","1",0.666768491268158,"1"
"Drews","15",20261015,"TCGA-41-3915","GBM","1",0.976025700569153,"1"
"Drews","15",20261015,"TCGA-76-4931","GBM","1",0.737290382385254,"1"
"Drews","15",20261015,"TCGA-BA-4075","HNSC","1",0.950599789619446,"1"
"Drews","15",20261015,"TCGA-BA-6873","HNSC","1",0.990419566631317,"1"
"Drews","15",20261015,"TCGA-BA-7269","HNSC","1",0.999729096889496,"1"
"Drews","15",20261015,"TCGA-BA-A6DE","HNSC","1",0.999737918376923,"1"
"Drews","15",20261015,"TCGA-CN-6988","HNSC","1",0.993548452854156,"1"
"Drews","15",20261015,"TCGA-CN-A642","HNSC","2",0.171313419938087,"2"
"Drews","15",20261015,"TCGA-CV-5441","HNSC","1",0.997928857803345,"1"
"Drews","15",20261015,"TCGA-CV-6935","HNSC","1",0.994856595993042,"1"
"Drews","15",20261015,"TCGA-CV-7097","HNSC","1",0.997302770614624,"1"
"Drews","15",20261015,"TCGA-CV-7177","HNSC","1",0.979065179824829,"1"
"Drews","15",20261015,"TCGA-CV-7178","HNSC","1",0.998492121696472,"1"
"Drews","15",20261015,"TCGA-CV-7263","HNSC","2",0.974268078804016,"1"
"Drews","15",20261015,"TCGA-CV-7430","HNSC","1",0.979021549224854,"1"
"Drews","15",20261015,"TCGA-CV-7434","HNSC","1",0.993694603443146,"1"
"Drews","15",20261015,"TCGA-CV-A6JE","HNSC","1",0.994197249412537,"1"
"Drews","15",20261015,"TCGA-CV-A6K2","HNSC","2",0.411398500204086,"2"
"Drews","15",20261015,"TCGA-CX-7086","HNSC","1",0.993479132652283,"1"
"Drews","15",20261015,"TCGA-D6-A4Z9","HNSC","1",0.991335213184357,"1"
"Drews","15",20261015,"TCGA-D6-A4ZB","HNSC","1",0.998762249946594,"1"
"Drews","15",20261015,"TCGA-D6-A6EN","HNSC","2",0.782240152359009,"1"
"Drews","15",20261015,"TCGA-QK-A6V9","HNSC","2",0.770023465156555,"1"
"Drews","15",20261015,"TCGA-T2-A6WX","HNSC","2",0.0518295429646969,"2"
"Drews","15",20261015,"TCGA-T2-A6WZ","HNSC","1",0.996822595596313,"1"
"Drews","15",20261015,"TCGA-KL-8340","KICH","2",0.00137018121313304,"2"
"Drews","15",20261015,"TCGA-KM-8438","KICH","2",0.0124682923778892,"2"
"Drews","15",20261015,"TCGA-KN-8432","KICH","2",0.00858271401375532,"2"
"Drews","15",20261015,"TCGA-KN-8434","KICH","2",0.0219414010643959,"2"
"Drews","15",20261015,"TCGA-KO-8404","KICH","1",0.993375599384308,"1"
"Drews","15",20261015,"TCGA-KO-8408","KICH","2",0.0333954878151417,"2"
"Drews","15",20261015,"TCGA-KO-8415","KICH","2",0.00778553681448102,"2"
"Drews","15",20261015,"TCGA-A3-3358","KIRC","2",0.00143849418964237,"2"
"Drews","15",20261015,"TCGA-A3-A6NI","KIRC","2",0.00208350992761552,"2"
"Drews","15",20261015,"TCGA-AK-3440","KIRC","2",0.0202341433614492,"2"
"Drews","15",20261015,"TCGA-AK-3458","KIRC","2",0.00359549140557647,"2"
"Drews","15",20261015,"TCGA-AS-3778","KIRC","2",0.0214550420641899,"2"
"Drews","15",20261015,"TCGA-B0-4710","KIRC","2",0.00974020175635815,"2"
"Drews","15",20261015,"TCGA-B2-4102","KIRC","2",0.000912884599529207,"2"
"Drews","15",20261015,"TCGA-B8-4143","KIRC","2",0.135872378945351,"2"
"Drews","15",20261015,"TCGA-BP-4977","KIRC","2",0.0119187273085117,"2"
"Drews","15",20261015,"TCGA-CJ-5677","KIRC","2",0.0649792030453682,"2"
"Drews","15",20261015,"TCGA-CW-5580","KIRC","2",0.00193931953981519,"2"
"Drews","15",20261015,"TCGA-CZ-5456","KIRC","2",0.00952864531427622,"2"
"Drews","15",20261015,"TCGA-CZ-5460","KIRC","2",0.00114967557601631,"2"
"Drews","15",20261015,"TCGA-CZ-5462","KIRC","2",0.00283423392102122,"2"
"Drews","15",20261015,"TCGA-CZ-5987","KIRC","2",0.00034411542583257,"2"
"Drews","15",20261015,"TCGA-2Z-A9JE","KIRP","2",0.0187592841684818,"2"
"Drews","15",20261015,"TCGA-2Z-A9JP","KIRP","2",0.0608905181288719,"2"
"Drews","15",20261015,"TCGA-5P-A9JZ","KIRP","1",0.0167287979274988,"2"
"Drews","15",20261015,"TCGA-A4-7287","KIRP","2",0.979795455932617,"1"
"Drews","15",20261015,"TCGA-AL-3466","KIRP","1",0.971343278884888,"1"
"Drews","15",20261015,"TCGA-B9-4617","KIRP","2",0.00598076079040766,"2"
"Drews","15",20261015,"TCGA-B9-A44B","KIRP","1",0.0620461963117123,"2"
"Drews","15",20261015,"TCGA-EV-5902","KIRP","2",0.270257771015167,"2"
"Drews","15",20261015,"TCGA-HE-A5NJ","KIRP","2",0.106992460787296,"2"
"Drews","15",20261015,"TCGA-DB-5275","LGG","1",0.0474084280431271,"2"
"Drews","15",20261015,"TCGA-DB-5279","LGG","2",0.0533496513962746,"2"
"Drews","15",20261015,"TCGA-DB-A4XG","LGG","2",0.00141212844755501,"2"
"Drews","15",20261015,"TCGA-DB-A4XH","LGG","2",0.0248298682272434,"2"
"Drews","15",20261015,"TCGA-DH-A669","LGG","1",0.728544473648071,"1"
"Drews","15",20261015,"TCGA-DU-6393","LGG","2",0.0943069085478783,"2"
"Drews","15",20261015,"TCGA-DU-6410","LGG","2",0.0799613371491432,"2"
"Drews","15",20261015,"TCGA-DU-7010","LGG","1",0.98052579164505,"1"
"Drews","15",20261015,"TCGA-DU-7294","LGG","2",0.00510409753769636,"2"
"Drews","15",20261015,"TCGA-DU-A5TY","LGG","1",0.507301390171051,"1"
"Drews","15",20261015,"TCGA-E1-A7YW","LGG","2",0.0129549261182547,"2"
"Drews","15",20261015,"TCGA-FG-A6J1","LGG","2",0.0243611615151167,"2"
"Drews","15",20261015,"TCGA-HT-7616","LGG","2",0.00834133382886648,"2"
"Drews","15",20261015,"TCGA-HT-A614","LGG","1",0.198567897081375,"2"
"Drews","15",20261015,"TCGA-IK-7675","LGG","1",0.968952119350433,"1"
"Drews","15",20261015,"TCGA-IK-8125","LGG","2",0.00049340317491442,"2"
"Drews","15",20261015,"TCGA-P5-A5F6","LGG","2",0.0645391494035721,"2"
"Drews","15",20261015,"TCGA-P5-A733","LGG","2",0.0675962939858437,"2"
"Drews","15",20261015,"TCGA-S9-A6TY","LGG","2",0.00344549305737019,"2"
"Drews","15",20261015,"TCGA-S9-A6UB","LGG","2",0.0253055784851313,"2"
"Drews","15",20261015,"TCGA-S9-A7R7","LGG","2",0.336576879024506,"2"
"Drews","15",20261015,"TCGA-TM-A84L","LGG","2",0.248333379626274,"2"
"Drews","15",20261015,"TCGA-TQ-A7RJ","LGG","2",0.0497199557721615,"2"
"Drews","15",20261015,"TCGA-VM-A8CA","LGG","2",0.0165083538740873,"2"
"Drews","15",20261015,"TCGA-2Y-A9H4","LIHC","1",0.954767823219299,"1"
"Drews","15",20261015,"TCGA-2Y-A9H5","LIHC","1",0.977272272109985,"1"
"Drews","15",20261015,"TCGA-2Y-A9H6","LIHC","1",0.863377869129181,"1"
"Drews","15",20261015,"TCGA-4R-AA8I","LIHC","1",0.678557336330414,"1"
"Drews","15",20261015,"TCGA-5C-A9VH","LIHC","2",0.950959205627441,"1"
"Drews","15",20261015,"TCGA-BC-A10T","LIHC","1",0.965473115444183,"1"
"Drews","15",20261015,"TCGA-BC-A10Y","LIHC","1",0.993628561496735,"1"
"Drews","15",20261015,"TCGA-BC-A216","LIHC","1",0.992597341537476,"1"
"Drews","15",20261015,"TCGA-CC-5260","LIHC","1",0.364511132240295,"2"
"Drews","15",20261015,"TCGA-DD-A11A","LIHC","1",0.999145150184631,"1"
"Drews","15",20261015,"TCGA-DD-A3A3","LIHC","2",0.983208954334259,"1"
"Drews","15",20261015,"TCGA-DD-A3A5","LIHC","1",0.833400428295135,"1"
"Drews","15",20261015,"TCGA-DD-A73F","LIHC","1",0.896165490150452,"1"
"Drews","15",20261015,"TCGA-DD-AACE","LIHC","2",0.949540019035339,"1"
"Drews","15",20261015,"TCGA-DD-AADK","LIHC","2",0.976660668849945,"1"
"Drews","15",20261015,"TCGA-DD-AAEI","LIHC","1",0.915546417236328,"1"
"Drews","15",20261015,"TCGA-DD-AAVX","LIHC","2",0.110268406569958,"2"
"Drews","15",20261015,"TCGA-EP-A2KB","LIHC","2",0.198351308703423,"2"
"Drews","15",20261015,"TCGA-EP-A2KC","LIHC","2",0.652341067790985,"1"
"Drews","15",20261015,"TCGA-ES-A2HT","LIHC","2",0.352896362543106,"2"
"Drews","15",20261015,"TCGA-RC-A6M3","LIHC","1",0.910655796527863,"1"
"Drews","15",20261015,"TCGA-05-4420","LUAD","1",0.999979257583618,"1"
"Drews","15",20261015,"TCGA-05-4432","LUAD","1",0.999947190284729,"1"
"Drews","15",20261015,"TCGA-38-4625","LUAD","1",0.999664425849915,"1"
"Drews","15",20261015,"TCGA-44-6774","LUAD","1",0.999591052532196,"1"
"Drews","15",20261015,"TCGA-44-6779","LUAD","1",0.985428392887115,"1"
"Drews","15",20261015,"TCGA-44-7662","LUAD","1",0.999905943870544,"1"
"Drews","15",20261015,"TCGA-44-A4SU","LUAD","1",0.999768674373627,"1"
"Drews","15",20261015,"TCGA-49-4488","LUAD","1",0.995954275131226,"1"
"Drews","15",20261015,"TCGA-49-4505","LUAD","1",0.999618649482727,"1"
"Drews","15",20261015,"TCGA-4B-A93V","LUAD","1",0.99779736995697,"1"
"Drews","15",20261015,"TCGA-50-5932","LUAD","1",0.998751759529114,"1"
"Drews","15",20261015,"TCGA-55-1592","LUAD","1",0.999824106693268,"1"
"Drews","15",20261015,"TCGA-55-7570","LUAD","1",0.999918818473816,"1"
"Drews","15",20261015,"TCGA-55-7903","LUAD","1",0.99935120344162,"1"
"Drews","15",20261015,"TCGA-55-8094","LUAD","1",0.999985933303833,"1"
"Drews","15",20261015,"TCGA-55-8615","LUAD","1",0.998400747776031,"1"
"Drews","15",20261015,"TCGA-64-1680","LUAD","2",0.73988926410675,"1"
"Drews","15",20261015,"TCGA-67-3771","LUAD","1",0.999882817268372,"1"
"Drews","15",20261015,"TCGA-67-6217","LUAD","1",0.997050523757935,"1"
"Drews","15",20261015,"TCGA-73-7499","LUAD","1",0.999739944934845,"1"
"Drews","15",20261015,"TCGA-78-7146","LUAD","1",0.999905467033386,"1"
"Drews","15",20261015,"TCGA-78-7153","LUAD","1",0.910629510879517,"1"
"Drews","15",20261015,"TCGA-78-7154","LUAD","1",0.99727326631546,"1"
"Drews","15",20261015,"TCGA-78-7536","LUAD","1",0.99991500377655,"1"
"Drews","15",20261015,"TCGA-86-8056","LUAD","1",0.920314133167267,"1"
"Drews","15",20261015,"TCGA-95-7039","LUAD","1",0.997738242149353,"1"
"Drews","15",20261015,"TCGA-J2-A4AE","LUAD","1",0.916432321071625,"1"
"Drews","15",20261015,"TCGA-18-3406","LUSC","1",0.987891554832458,"1"
"Drews","15",20261015,"TCGA-18-3411","LUSC","1",0.99575412273407,"1"
"Drews","15",20261015,"TCGA-21-1080","LUSC","1",0.999828100204468,"1"
"Drews","15",20261015,"TCGA-21-5783","LUSC","1",0.99982738494873,"1"
"Drews","15",20261015,"TCGA-22-4594","LUSC","1",0.999953031539917,"1"
"Drews","15",20261015,"TCGA-22-4601","LUSC","1",0.999902367591858,"1"
"Drews","15",20261015,"TCGA-22-5491","LUSC","1",0.999231457710266,"1"
"Drews","15",20261015,"TCGA-22-A5C4","LUSC","1",0.999914884567261,"1"
"Drews","15",20261015,"TCGA-34-8456","LUSC","1",0.999692797660828,"1"
"Drews","15",20261015,"TCGA-37-4133","LUSC","1",0.999635577201843,"1"
"Drews","15",20261015,"TCGA-43-6770","LUSC","1",0.999459326267242,"1"
"Drews","15",20261015,"TCGA-43-A474","LUSC","1",0.999787867069244,"1"
"Drews","15",20261015,"TCGA-52-7809","LUSC","1",0.999981164932251,"1"
"Drews","15",20261015,"TCGA-56-7579","LUSC","1",0.99959272146225,"1"
"Drews","15",20261015,"TCGA-56-8308","LUSC","1",0.999754965305328,"1"
"Drews","15",20261015,"TCGA-56-A4BW","LUSC","1",0.999834775924683,"1"
"Drews","15",20261015,"TCGA-60-2722","LUSC","1",0.999676108360291,"1"
"Drews","15",20261015,"TCGA-66-2766","LUSC","1",0.999665379524231,"1"
"Drews","15",20261015,"TCGA-66-2800","LUSC","1",0.999831199645996,"1"
"Drews","15",20261015,"TCGA-77-6845","LUSC","1",0.9998779296875,"1"
"Drews","15",20261015,"TCGA-77-7337","LUSC","1",0.999774873256683,"1"
"Drews","15",20261015,"TCGA-77-7465","LUSC","1",0.999531507492065,"1"
"Drews","15",20261015,"TCGA-77-A5GF","LUSC","1",0.999059617519379,"1"
"Drews","15",20261015,"TCGA-77-A5GH","LUSC","1",0.999766886234283,"1"
"Drews","15",20261015,"TCGA-85-8071","LUSC","1",0.997206509113312,"1"
"Drews","15",20261015,"TCGA-85-A4QR","LUSC","1",0.99999213218689,"1"
"Drews","15",20261015,"TCGA-94-A4VJ","LUSC","1",0.999810755252838,"1"
"Drews","15",20261015,"TCGA-96-7544","LUSC","1",0.999938607215881,"1"
"Drews","15",20261015,"TCGA-98-8020","LUSC","1",0.999244213104248,"1"
"Drews","15",20261015,"TCGA-98-8023","LUSC","1",0.99543708562851,"1"
"Drews","15",20261015,"TCGA-98-A538","LUSC","1",0.999816000461578,"1"
"Drews","15",20261015,"TCGA-J1-A4AH","LUSC","1",0.999924540519714,"1"
"Drews","15",20261015,"TCGA-NC-A5HD","LUSC","1",0.999885320663452,"1"
"Drews","15",20261015,"TCGA-O2-A52Q","LUSC","1",0.99673455953598,"1"
"Drews","15",20261015,"TCGA-SC-A6LM","MESO","1",0.996821880340576,"1"
"Drews","15",20261015,"TCGA-SH-A9CT","MESO","1",0.9983069896698,"1"
"Drews","15",20261015,"TCGA-UD-AAC7","MESO","1",0.982823729515076,"1"
"Drews","15",20261015,"TCGA-ZN-A9VU","MESO","2",0.0715736746788025,"2"
"Drews","15",20261015,"TCGA-04-1348","OV","1",0.99998939037323,"1"
"Drews","15",20261015,"TCGA-09-0364","OV","1",0.999210953712463,"1"
"Drews","15",20261015,"TCGA-13-0893","OV","1",0.999968409538269,"1"
"Drews","15",20261015,"TCGA-13-1498","OV","1",0.999689698219299,"1"
"Drews","15",20261015,"TCGA-23-1027","OV","1",0.999443113803864,"1"
"Drews","15",20261015,"TCGA-23-1114","OV","1",0.999975442886353,"1"
"Drews","15",20261015,"TCGA-23-1123","OV","1",0.999842166900635,"1"
"Drews","15",20261015,"TCGA-24-1434","OV","1",0.999430596828461,"1"
"Drews","15",20261015,"TCGA-24-1436","OV","1",0.999964714050293,"1"
"Drews","15",20261015,"TCGA-24-1463","OV","1",0.999757707118988,"1"
"Drews","15",20261015,"TCGA-24-1551","OV","1",0.999740421772003,"1"
"Drews","15",20261015,"TCGA-24-1564","OV","1",0.999883532524109,"1"
"Drews","15",20261015,"TCGA-24-1849","OV","1",0.999754846096039,"1"
"Drews","15",20261015,"TCGA-24-2035","OV","1",0.99980753660202,"1"
"Drews","15",20261015,"TCGA-24-2261","OV","1",0.999986052513123,"1"
"Drews","15",20261015,"TCGA-24-2290","OV","1",0.999983787536621,"1"
"Drews","15",20261015,"TCGA-25-1313","OV","1",0.999983310699463,"1"
"Drews","15",20261015,"TCGA-25-1315","OV","1",0.999943375587463,"1"
"Drews","15",20261015,"TCGA-25-1319","OV","1",0.999857544898987,"1"
"Drews","15",20261015,"TCGA-25-1329","OV","1",0.999867558479309,"1"
"Drews","15",20261015,"TCGA-25-2392","OV","1",0.999978303909302,"1"
"Drews","15",20261015,"TCGA-29-1696","OV","1",0.997702896595001,"1"
"Drews","15",20261015,"TCGA-29-1711","OV","1",0.999967932701111,"1"
"Drews","15",20261015,"TCGA-30-1857","OV","1",0.999930739402771,"1"
"Drews","15",20261015,"TCGA-59-2348","OV","1",0.999988794326782,"1"
"Drews","15",20261015,"TCGA-59-2350","OV","1",0.999896168708801,"1"
"Drews","15",20261015,"TCGA-5X-AA5U","OV","1",0.99916398525238,"1"
"Drews","15",20261015,"TCGA-61-1738","OV","1",0.99982100725174,"1"
"Drews","15",20261015,"TCGA-61-1900","OV","1",0.999994397163391,"1"
"Drews","15",20261015,"TCGA-61-2002","OV","1",0.99935394525528,"1"
"Drews","15",20261015,"TCGA-61-2088","OV","1",0.999855041503906,"1"
"Drews","15",20261015,"TCGA-61-2094","OV","1",0.999639868736267,"1"
"Drews","15",20261015,"TCGA-61-2109","OV","1",0.99985671043396,"1"
"Drews","15",20261015,"TCGA-3A-A9IB","PAAD","1",0.996075212955475,"1"
"Drews","15",20261015,"TCGA-3A-A9IO","PAAD","1",0.506951451301575,"1"
"Drews","15",20261015,"TCGA-FB-AAPU","PAAD","1",0.813505172729492,"1"
"Drews","15",20261015,"TCGA-HV-A5A6","PAAD","1",0.999767005443573,"1"
"Drews","15",20261015,"TCGA-IB-AAUO","PAAD","1",0.979536890983582,"1"
"Drews","15",20261015,"TCGA-QR-A6GU","PCPG","2",0.175948575139046,"2"
"Drews","15",20261015,"TCGA-QR-A6ZZ","PCPG","1",0.0613132193684578,"2"
"Drews","15",20261015,"TCGA-QR-A70T","PCPG","1",0.564224660396576,"1"
"Drews","15",20261015,"TCGA-QR-A7IP","PCPG","2",0.199164897203445,"2"
"Drews","15",20261015,"TCGA-S7-A7WN","PCPG","2",0.0383234061300755,"2"
"Drews","15",20261015,"TCGA-S7-A7X1","PCPG","2",0.102586306631565,"2"
"Drews","15",20261015,"TCGA-SQ-A6I6","PCPG","2",0.0587741173803806,"2"
"Drews","15",20261015,"TCGA-TT-A6YK","PCPG","2",0.120096333324909,"2"
"Drews","15",20261015,"TCGA-WB-A80K","PCPG","2",0.0300077963620424,"2"
"Drews","15",20261015,"TCGA-WB-A814","PCPG","2",0.124768748879433,"2"
"Drews","15",20261015,"TCGA-2A-A8VX","PRAD","1",0.997768640518188,"1"
"Drews","15",20261015,"TCGA-EJ-5524","PRAD","1",0.963607370853424,"1"
"Drews","15",20261015,"TCGA-EJ-7783","PRAD","2",0.735321640968323,"1"
"Drews","15",20261015,"TCGA-EJ-A8FN","PRAD","1",0.769537806510925,"1"
"Drews","15",20261015,"TCGA-HC-7232","PRAD","2",0.969555735588074,"1"
"Drews","15",20261015,"TCGA-HC-A9TE","PRAD","1",0.996814072132111,"1"
"Drews","15",20261015,"TCGA-KC-A4BV","PRAD","1",0.985151827335358,"1"
"Drews","15",20261015,"TCGA-KK-A6E0","PRAD","1",0.859539806842804,"1"
"Drews","15",20261015,"TCGA-KK-A6E4","PRAD","2",0.92363965511322,"1"
"Drews","15",20261015,"TCGA-KK-A6E6","PRAD","1",0.53272944688797,"1"
"Drews","15",20261015,"TCGA-KK-A7AP","PRAD","1",0.998812317848206,"1"
"Drews","15",20261015,"TCGA-KK-A8ID","PRAD","1",0.998969197273254,"1"
"Drews","15",20261015,"TCGA-KK-A8IK","PRAD","1",0.999760568141937,"1"
"Drews","15",20261015,"TCGA-M7-A724","PRAD","1",0.983669877052307,"1"
"Drews","15",20261015,"TCGA-TP-A8TT","PRAD","1",0.897260248661041,"1"
"Drews","15",20261015,"TCGA-V1-A8ML","PRAD","2",0.593999862670898,"1"
"Drews","15",20261015,"TCGA-VP-A875","PRAD","1",0.98565149307251,"1"
"Drews","15",20261015,"TCGA-YL-A8HM","PRAD","1",0.998055696487427,"1"
"Drews","15",20261015,"TCGA-AF-3913","READ","1",0.997737050056458,"1"
"Drews","15",20261015,"TCGA-AG-3581","READ","2",0.978328824043274,"1"
"Drews","15",20261015,"TCGA-AG-3592","READ","1",0.996267855167389,"1"
"Drews","15",20261015,"TCGA-AG-3893","READ","1",0.997238993644714,"1"
"Drews","15",20261015,"TCGA-AG-4022","READ","2",0.986149907112122,"1"
"Drews","15",20261015,"TCGA-AG-A026","READ","1",0.991625249385834,"1"
"Drews","15",20261015,"TCGA-AG-A02X","READ","1",0.993679881095886,"1"
"Drews","15",20261015,"TCGA-DC-4745","READ","1",0.987724959850311,"1"
"Drews","15",20261015,"TCGA-DY-A1H8","READ","1",0.569561183452606,"1"
"Drews","15",20261015,"TCGA-3B-A9I0","SARC","1",0.97954398393631,"1"
"Drews","15",20261015,"TCGA-DX-A1KW","SARC","1",0.999422907829285,"1"
"Drews","15",20261015,"TCGA-DX-A3LY","SARC","1",0.957411408424377,"1"
"Drews","15",20261015,"TCGA-DX-A3U7","SARC","1",0.999632358551025,"1"
"Drews","15",20261015,"TCGA-DX-A7EF","SARC","1",0.999876022338867,"1"
"Drews","15",20261015,"TCGA-DX-A7EI","SARC","1",0.999554932117462,"1"
"Drews","15",20261015,"TCGA-DX-AATS","SARC","1",0.999985098838806,"1"
"Drews","15",20261015,"TCGA-DX-AB2P","SARC","1",0.999875545501709,"1"
"Drews","15",20261015,"TCGA-DX-AB2T","SARC","1",0.999560177326202,"1"
"Drews","15",20261015,"TCGA-DX-AB2X","SARC","1",0.997886002063751,"1"
"Drews","15",20261015,"TCGA-DX-AB32","SARC","1",0.996009588241577,"1"
"Drews","15",20261015,"TCGA-DX-AB35","SARC","1",0.999336183071136,"1"
"Drews","15",20261015,"TCGA-K1-A6RU","SARC","1",0.985029399394989,"1"
"Drews","15",20261015,"TCGA-KD-A5QS","SARC","1",0.999591410160065,"1"
"Drews","15",20261015,"TCGA-LI-A9QH","SARC","1",0.999698400497437,"1"
"Drews","15",20261015,"TCGA-MB-A5Y8","SARC","1",0.986894845962524,"1"
"Drews","15",20261015,"TCGA-MB-A8JL","SARC","1",0.993746519088745,"1"
"Drews","15",20261015,"TCGA-PC-A5DK","SARC","2",0.890819251537323,"1"
"Drews","15",20261015,"TCGA-QC-A7B5","SARC","2",0.928137838840485,"1"
"Drews","15",20261015,"TCGA-QQ-A5V9","SARC","1",0.961065888404846,"1"
"Drews","15",20261015,"TCGA-SG-A6Z7","SARC","1",0.999839544296265,"1"
"Drews","15",20261015,"TCGA-SI-A71Q","SARC","1",0.999124705791473,"1"
"Drews","15",20261015,"TCGA-SI-AA8C","SARC","1",0.974357724189758,"1"
"Drews","15",20261015,"TCGA-X6-A7WB","SARC","1",0.997316539287567,"1"
"Drews","15",20261015,"TCGA-D9-A4Z2","SKCM","1",0.915140986442566,"1"
"Drews","15",20261015,"TCGA-EB-A42Z","SKCM","1",0.902805626392365,"1"
"Drews","15",20261015,"TCGA-EB-A431","SKCM","1",0.745717406272888,"1"
"Drews","15",20261015,"TCGA-EB-A4IQ","SKCM","1",0.94083696603775,"1"
"Drews","15",20261015,"TCGA-ER-A19T","SKCM","1",0.99987530708313,"1"
"Drews","15",20261015,"TCGA-FR-A2OS","SKCM","1",0.962014853954315,"1"
"Drews","15",20261015,"TCGA-GN-A8LN","SKCM","1",0.911045014858246,"1"
"Drews","15",20261015,"TCGA-XV-AAZY","SKCM","1",0.467057675123215,"2"
"Drews","15",20261015,"TCGA-BR-4257","STAD","2",0.719480574131012,"1"
"Drews","15",20261015,"TCGA-BR-4267","STAD","1",0.946227431297302,"1"
"Drews","15",20261015,"TCGA-BR-4368","STAD","2",0.698832988739014,"1"
"Drews","15",20261015,"TCGA-BR-6455","STAD","2",0.5516237616539,"1"
"Drews","15",20261015,"TCGA-BR-6458","STAD","1",0.997198343276978,"1"
"Drews","15",20261015,"TCGA-BR-8060","STAD","1",0.999871611595154,"1"
"Drews","15",20261015,"TCGA-BR-8077","STAD","1",0.999685168266296,"1"
"Drews","15",20261015,"TCGA-BR-8078","STAD","2",0.403996467590332,"2"
"Drews","15",20261015,"TCGA-BR-8361","STAD","1",0.938719868659973,"1"
"Drews","15",20261015,"TCGA-CD-8527","STAD","1",0.999632835388184,"1"
"Drews","15",20261015,"TCGA-CD-A4MJ","STAD","2",0.130436137318611,"2"
"Drews","15",20261015,"TCGA-CG-4436","STAD","1",0.999325752258301,"1"
"Drews","15",20261015,"TCGA-CG-4444","STAD","1",0.999318957328796,"1"
"Drews","15",20261015,"TCGA-CG-4469","STAD","1",0.931066870689392,"1"
"Drews","15",20261015,"TCGA-CG-5718","STAD","1",0.999485492706299,"1"
"Drews","15",20261015,"TCGA-D7-6526","STAD","1",0.999829053878784,"1"
"Drews","15",20261015,"TCGA-D7-6815","STAD","1",0.995719134807587,"1"
"Drews","15",20261015,"TCGA-D7-A6EX","STAD","1",0.989022135734558,"1"
"Drews","15",20261015,"TCGA-F1-6875","STAD","1",0.999740064144135,"1"
"Drews","15",20261015,"TCGA-FP-7829","STAD","1",0.996606707572937,"1"
"Drews","15",20261015,"TCGA-HU-A4GH","STAD","1",0.999550402164459,"1"
"Drews","15",20261015,"TCGA-IN-A6RI","STAD","1",0.997903108596802,"1"
"Drews","15",20261015,"TCGA-IN-A6RO","STAD","1",0.998285830020905,"1"
"Drews","15",20261015,"TCGA-RD-A8N6","STAD","1",0.999864101409912,"1"
"Drews","15",20261015,"TCGA-VQ-A91V","STAD","1",0.999286353588104,"1"
"Drews","15",20261015,"TCGA-VQ-A94R","STAD","1",0.998854279518127,"1"
"Drews","15",20261015,"TCGA-VQ-AA6I","STAD","1",0.997569620609283,"1"
"Drews","15",20261015,"TCGA-XE-AAOC","TGCT","2",0.309563934803009,"2"
"Drews","15",20261015,"TCGA-XY-A8S2","TGCT","1",0.980379343032837,"1"
"Drews","15",20261015,"TCGA-YU-A912","TGCT","1",0.595134258270264,"1"
"Drews","15",20261015,"TCGA-YU-A94I","TGCT","1",0.997983455657959,"1"
"Drews","15",20261015,"TCGA-EL-A3GP","THCA","2",0.650295615196228,"1"
"Drews","15",20261015,"TCGA-EM-A2OY","THCA","2",0.0281625371426344,"2"
"Drews","15",20261015,"TCGA-XU-A931","THYM","2",0.0416950546205044,"2"
"Drews","15",20261015,"TCGA-2E-A9G8","UCEC","1",0.999776542186737,"1"
"Drews","15",20261015,"TCGA-A5-A0G5","UCEC","1",0.996601343154907,"1"
"Drews","15",20261015,"TCGA-A5-A0GJ","UCEC","1",0.809543967247009,"1"
"Drews","15",20261015,"TCGA-A5-A0VQ","UCEC","2",0.0776207074522972,"2"
"Drews","15",20261015,"TCGA-AJ-A23M","UCEC","1",0.999892711639404,"1"
"Drews","15",20261015,"TCGA-AJ-A3IA","UCEC","1",0.999915599822998,"1"
"Drews","15",20261015,"TCGA-AJ-A3NF","UCEC","1",0.985116064548492,"1"
"Drews","15",20261015,"TCGA-AJ-A3QS","UCEC","1",0.99863213300705,"1"
"Drews","15",20261015,"TCGA-AP-A05D","UCEC","1",0.999892711639404,"1"
"Drews","15",20261015,"TCGA-AP-A0L9","UCEC","1",0.999975919723511,"1"
"Drews","15",20261015,"TCGA-AX-A0IU","UCEC","1",0.999801576137543,"1"
"Drews","15",20261015,"TCGA-AX-A1C7","UCEC","1",0.999146103858948,"1"
"Drews","15",20261015,"TCGA-AX-A1C8","UCEC","1",0.999917507171631,"1"
"Drews","15",20261015,"TCGA-AX-A2HK","UCEC","1",0.998812317848206,"1"
"Drews","15",20261015,"TCGA-AX-A2IN","UCEC","2",0.90479588508606,"1"
"Drews","15",20261015,"TCGA-AX-A3FX","UCEC","1",0.987134158611298,"1"
"Drews","15",20261015,"TCGA-B5-A0KB","UCEC","1",0.996948301792145,"1"
"Drews","15",20261015,"TCGA-BK-A0C9","UCEC","2",0.165357306599617,"2"
"Drews","15",20261015,"TCGA-BS-A0TI","UCEC","1",0.976159274578094,"1"
"Drews","15",20261015,"TCGA-BS-A0V8","UCEC","1",0.94272780418396,"1"
"Drews","15",20261015,"TCGA-D1-A169","UCEC","2",0.69889110326767,"1"
"Drews","15",20261015,"TCGA-D1-A16N","UCEC","1",0.971790373325348,"1"
"Drews","15",20261015,"TCGA-D1-A17M","UCEC","2",0.0530544221401215,"2"
"Drews","15",20261015,"TCGA-D1-A2G7","UCEC","1",0.998097956180573,"1"
"Drews","15",20261015,"TCGA-D1-A3JQ","UCEC","1",0.986884832382202,"1"
"Drews","15",20261015,"TCGA-DI-A1NN","UCEC","1",0.999613344669342,"1"
"Drews","15",20261015,"TCGA-DI-A2QU","UCEC","1",0.950911104679108,"1"
"Drews","15",20261015,"TCGA-EO-A3KW","UCEC","1",0.998522460460663,"1"
"Drews","15",20261015,"TCGA-EY-A1GC","UCEC","1",0.987089574337006,"1"
"Drews","15",20261015,"TCGA-EY-A212","UCEC","1",0.999881863594055,"1"
"Drews","15",20261015,"TCGA-EY-A214","UCEC","1",0.999559342861176,"1"
"Drews","15",20261015,"TCGA-FI-A2F9","UCEC","1",0.969368398189545,"1"
"Drews","15",20261015,"TCGA-PG-A5BC","UCEC","1",0.999746143817902,"1"
"Drews","15",20261015,"TCGA-SL-A6J9","UCEC","1",0.999988198280334,"1"
"Drews","15",20261015,"TCGA-N5-A4RA","UCS","1",0.999084115028381,"1"
"Drews","15",20261015,"TCGA-N5-A4RN","UCS","1",0.999820411205292,"1"
"Drews","15",20261015,"TCGA-N7-A4Y5","UCS","1",0.999902963638306,"1"
"Drews","15",20261015,"TCGA-N7-A4Y8","UCS","1",0.99465137720108,"1"
"Drews","15",20261015,"TCGA-N8-A4PP","UCS","1",0.999935865402222,"1"
"Drews","15",20261015,"TCGA-NA-A4QW","UCS","1",0.999643325805664,"1"
"Drews","15",20261015,"TCGA-ND-A4WF","UCS","1",0.999758899211884,"1"
"Drews","15",20261015,"TCGA-V4-A9E5","UVM","2",0.20624540746212,"2"
"Drews","15",20261015,"TCGA-V4-A9F3","UVM","2",0.0112246973440051,"2"
"Drews","15",20261015,"TCGA-VD-A8KN","UVM","2",0.000719807285349816,"2"
"Drews","15",20261015,"TCGA-WC-A884","UVM","1",0.0885719209909439,"2"
"Drews","16",20261016,"TCGA-OR-A5JB","ACC","1",0.991745412349701,"1"
"Drews","16",20261016,"TCGA-OR-A5JI","ACC","2",0.164879783987999,"2"
"Drews","16",20261016,"TCGA-OR-A5JM","ACC","1",0.997701942920685,"1"
"Drews","16",20261016,"TCGA-OR-A5JQ","ACC","2",0.0177536625415087,"2"
"Drews","16",20261016,"TCGA-OR-A5K2","ACC","1",0.981974422931671,"1"
"Drews","16",20261016,"TCGA-OR-A5KV","ACC","2",0.491985470056534,"2"
"Drews","16",20261016,"TCGA-OR-A5LD","ACC","1",0.774571657180786,"1"
"Drews","16",20261016,"TCGA-OR-A5LL","ACC","1",0.258601158857346,"2"
"Drews","16",20261016,"TCGA-4Z-AA7M","BLCA","1",0.999804794788361,"1"
"Drews","16",20261016,"TCGA-4Z-AA80","BLCA","1",0.999548971652985,"1"
"Drews","16",20261016,"TCGA-BT-A20P","BLCA","1",0.836061060428619,"1"
"Drews","16",20261016,"TCGA-BT-A2LA","BLCA","1",0.999374806880951,"1"
"Drews","16",20261016,"TCGA-CF-A8HY","BLCA","1",0.975803256034851,"1"
"Drews","16",20261016,"TCGA-DK-A1A7","BLCA","1",0.999735176563263,"1"
"Drews","16",20261016,"TCGA-DK-A1AB","BLCA","2",0.956985235214233,"1"
"Drews","16",20261016,"TCGA-DK-A2HX","BLCA","1",0.99797385931015,"1"
"Drews","16",20261016,"TCGA-DK-A2I1","BLCA","1",0.99987518787384,"1"
"Drews","16",20261016,"TCGA-DK-A2I6","BLCA","1",0.999865770339966,"1"
"Drews","16",20261016,"TCGA-FD-A3B5","BLCA","1",0.999918937683105,"1"
"Drews","16",20261016,"TCGA-FD-A3SJ","BLCA","1",0.999912977218628,"1"
"Drews","16",20261016,"TCGA-FD-A43Y","BLCA","1",0.999609768390656,"1"
"Drews","16",20261016,"TCGA-G2-AA3D","BLCA","1",0.998957514762878,"1"
"Drews","16",20261016,"TCGA-GC-A3RB","BLCA","1",0.99981564283371,"1"
"Drews","16",20261016,"TCGA-GC-A3RD","BLCA","1",0.999857187271118,"1"
"Drews","16",20261016,"TCGA-GU-AATP","BLCA","1",0.999977707862854,"1"
"Drews","16",20261016,"TCGA-GV-A3JV","BLCA","1",0.708189010620117,"1"
"Drews","16",20261016,"TCGA-GV-A3JW","BLCA","1",0.999882936477661,"1"
"Drews","16",20261016,"TCGA-GV-A3JZ","BLCA","1",0.999891877174377,"1"
"Drews","16",20261016,"TCGA-GV-A6ZA","BLCA","1",0.999504327774048,"1"
"Drews","16",20261016,"TCGA-KQ-A41O","BLCA","1",0.99790620803833,"1"
"Drews","16",20261016,"TCGA-KQ-A41P","BLCA","1",0.999339282512665,"1"
"Drews","16",20261016,"TCGA-LT-A5Z6","BLCA","1",0.990168213844299,"1"
"Drews","16",20261016,"TCGA-UY-A78L","BLCA","1",0.999870181083679,"1"
"Drews","16",20261016,"TCGA-UY-A8OB","BLCA","1",0.999857783317566,"1"
"Drews","16",20261016,"TCGA-XF-A8HG","BLCA","1",0.996475636959076,"1"
"Drews","16",20261016,"TCGA-XF-A9SH","BLCA","1",0.5682333111763,"1"
"Drews","16",20261016,"TCGA-XF-AAMG","BLCA","1",0.999981284141541,"1"
"Drews","16",20261016,"TCGA-XF-AAMW","BLCA","1",0.999095797538757,"1"
"Drews","16",20261016,"TCGA-XF-AAMX","BLCA","1",0.999981760978699,"1"
"Drews","16",20261016,"TCGA-YF-AA3L","BLCA","1",0.995827853679657,"1"
"Drews","16",20261016,"TCGA-ZF-AA4T","BLCA","1",0.999956130981445,"1"
"Drews","16",20261016,"TCGA-A1-A0SF","BRCA","1",0.920691668987274,"1"
"Drews","16",20261016,"TCGA-A1-A0SK","BRCA","1",0.999967932701111,"1"
"Drews","16",20261016,"TCGA-A1-A0SO","BRCA","1",0.999992251396179,"1"
"Drews","16",20261016,"TCGA-A2-A04P","BRCA","1",0.999962210655212,"1"
"Drews","16",20261016,"TCGA-A2-A04R","BRCA","1",0.998885929584503,"1"
"Drews","16",20261016,"TCGA-A2-A0EP","BRCA","1",0.110442407429218,"2"
"Drews","16",20261016,"TCGA-A2-A0T0","BRCA","1",0.999934315681458,"1"
"Drews","16",20261016,"TCGA-A2-A0YE","BRCA","1",0.999958872795105,"1"
"Drews","16",20261016,"TCGA-A2-A25E","BRCA","1",0.999828696250916,"1"
"Drews","16",20261016,"TCGA-A7-A0CD","BRCA","2",0.899945676326752,"1"
"Drews","16",20261016,"TCGA-A7-A0CH","BRCA","2",0.0275714471936226,"2"
"Drews","16",20261016,"TCGA-A7-A26I","BRCA","1",0.999800503253937,"1"
"Drews","16",20261016,"TCGA-A7-A5ZV","BRCA","1",0.999862313270569,"1"
"Drews","16",20261016,"TCGA-A7-A6VV","BRCA","1",0.999160051345825,"1"
"Drews","16",20261016,"TCGA-A7-A6VX","BRCA","1",0.998970985412598,"1"
"Drews","16",20261016,"TCGA-A8-A079","BRCA","1",0.998459458351135,"1"
"Drews","16",20261016,"TCGA-A8-A07O","BRCA","1",0.999983310699463,"1"
"Drews","16",20261016,"TCGA-A8-A086","BRCA","1",0.998614430427551,"1"
"Drews","16",20261016,"TCGA-A8-A08R","BRCA","1",0.999990582466125,"1"
"Drews","16",20261016,"TCGA-A8-A09D","BRCA","1",0.999214172363281,"1"
"Drews","16",20261016,"TCGA-A8-A09R","BRCA","1",0.999374449253082,"1"
"Drews","16",20261016,"TCGA-AC-A2BM","BRCA","1",0.994172751903534,"1"
"Drews","16",20261016,"TCGA-AC-A2QH","BRCA","1",0.99930727481842,"1"
"Drews","16",20261016,"TCGA-AC-A5EH","BRCA","1",0.994047164916992,"1"
"Drews","16",20261016,"TCGA-AC-A6IX","BRCA","1",0.944073438644409,"1"
"Drews","16",20261016,"TCGA-AC-A7VB","BRCA","1",0.999718487262726,"1"
"Drews","16",20261016,"TCGA-AN-A04C","BRCA","1",0.999822556972504,"1"
"Drews","16",20261016,"TCGA-AN-A04D","BRCA","1",0.999866962432861,"1"
"Drews","16",20261016,"TCGA-AN-A0FJ","BRCA","1",0.999589025974274,"1"
"Drews","16",20261016,"TCGA-AN-A0FW","BRCA","1",0.999062836170197,"1"
"Drews","16",20261016,"TCGA-AN-A0XS","BRCA","2",0.564611256122589,"1"
"Drews","16",20261016,"TCGA-AN-A0XV","BRCA","1",0.935198307037354,"1"
"Drews","16",20261016,"TCGA-AO-A03M","BRCA","1",0.99821811914444,"1"
"Drews","16",20261016,"TCGA-AO-A03T","BRCA","1",0.995192527770996,"1"
"Drews","16",20261016,"TCGA-AO-A0JD","BRCA","1",0.997316896915436,"1"
"Drews","16",20261016,"TCGA-AO-A0JG","BRCA","1",0.909204304218292,"1"
"Drews","16",20261016,"TCGA-AO-A1KR","BRCA","1",0.999522566795349,"1"
"Drews","16",20261016,"TCGA-AQ-A1H2","BRCA","1",0.998455286026001,"1"
"Drews","16",20261016,"TCGA-AR-A0U4","BRCA","1",0.999764740467072,"1"
"Drews","16",20261016,"TCGA-AR-A24X","BRCA","2",0.0742649957537651,"2"
"Drews","16",20261016,"TCGA-B6-A0RH","BRCA","1",0.999666213989258,"1"
"Drews","16",20261016,"TCGA-B6-A0RP","BRCA","2",0.028348546475172,"2"
"Drews","16",20261016,"TCGA-B6-A0WW","BRCA","1",0.999776542186737,"1"
"Drews","16",20261016,"TCGA-BH-A0AU","BRCA","1",0.999224185943604,"1"
"Drews","16",20261016,"TCGA-BH-A0B3","BRCA","1",0.999974608421326,"1"
"Drews","16",20261016,"TCGA-BH-A0B5","BRCA","2",0.753639817237854,"1"
"Drews","16",20261016,"TCGA-BH-A0BP","BRCA","1",0.999259769916534,"1"
"Drews","16",20261016,"TCGA-BH-A0BR","BRCA","1",0.999894976615906,"1"
"Drews","16",20261016,"TCGA-BH-A0C7","BRCA","1",0.999644160270691,"1"
"Drews","16",20261016,"TCGA-BH-A0DZ","BRCA","1",0.998171448707581,"1"
"Drews","16",20261016,"TCGA-BH-A0EE","BRCA","1",0.999586164951324,"1"
"Drews","16",20261016,"TCGA-BH-A0GY","BRCA","1",0.999186098575592,"1"
"Drews","16",20261016,"TCGA-BH-A0H0","BRCA","2",0.989243865013123,"1"
"Drews","16",20261016,"TCGA-BH-A18J","BRCA","1",0.999539017677307,"1"
"Drews","16",20261016,"TCGA-BH-A1EN","BRCA","1",0.998776018619537,"1"
"Drews","16",20261016,"TCGA-BH-A1FE","BRCA","1",0.981573402881622,"1"
"Drews","16",20261016,"TCGA-BH-A1FN","BRCA","1",0.99988317489624,"1"
"Drews","16",20261016,"TCGA-BH-A5J0","BRCA","1",0.996738612651825,"1"
"Drews","16",20261016,"TCGA-C8-A26Z","BRCA","1",0.994197010993958,"1"
"Drews","16",20261016,"TCGA-C8-A275","BRCA","1",0.997216105461121,"1"
"Drews","16",20261016,"TCGA-D8-A142","BRCA","1",0.999976754188538,"1"
"Drews","16",20261016,"TCGA-D8-A1JU","BRCA","2",0.081466518342495,"2"
"Drews","16",20261016,"TCGA-D8-A1XJ","BRCA","1",0.999902009963989,"1"
"Drews","16",20261016,"TCGA-D8-A1XS","BRCA","1",0.934456765651703,"1"
"Drews","16",20261016,"TCGA-D8-A27V","BRCA","1",0.281939297914505,"2"
"Drews","16",20261016,"TCGA-E2-A109","BRCA","1",0.999976754188538,"1"
"Drews","16",20261016,"TCGA-E2-A14O","BRCA","2",0.985863983631134,"1"
"Drews","16",20261016,"TCGA-E2-A14R","BRCA","1",0.999952077865601,"1"
"Drews","16",20261016,"TCGA-E2-A14X","BRCA","1",0.999883532524109,"1"
"Drews","16",20261016,"TCGA-E2-A150","BRCA","1",0.999995946884155,"1"
"Drews","16",20261016,"TCGA-E2-A15I","BRCA","2",0.357181549072266,"2"
"Drews","16",20261016,"TCGA-E2-A1II","BRCA","1",0.995392203330994,"1"
"Drews","16",20261016,"TCGA-E2-A1L7","BRCA","1",0.998380064964294,"1"
"Drews","16",20261016,"TCGA-E2-A576","BRCA","1",0.992204964160919,"1"
"Drews","16",20261016,"TCGA-E9-A1NA","BRCA","1",0.998038470745087,"1"
"Drews","16",20261016,"TCGA-E9-A1R2","BRCA","1",0.999847412109375,"1"
"Drews","16",20261016,"TCGA-E9-A1R7","BRCA","1",0.996979892253876,"1"
"Drews","16",20261016,"TCGA-E9-A1RC","BRCA","1",0.628607153892517,"1"
"Drews","16",20261016,"TCGA-E9-A1RF","BRCA","1",0.999885201454163,"1"
"Drews","16",20261016,"TCGA-E9-A244","BRCA","1",0.999914050102234,"1"
"Drews","16",20261016,"TCGA-E9-A247","BRCA","1",0.992204964160919,"1"
"Drews","16",20261016,"TCGA-E9-A5UO","BRCA","1",0.999557197093964,"1"
"Drews","16",20261016,"TCGA-EW-A1J3","BRCA","1",0.987663090229034,"1"
"Drews","16",20261016,"TCGA-EW-A1P3","BRCA","2",0.963110208511353,"1"
"Drews","16",20261016,"TCGA-EW-A1PD","BRCA","1",0.99946790933609,"1"
"Drews","16",20261016,"TCGA-EW-A2FS","BRCA","1",0.996468782424927,"1"
"Drews","16",20261016,"TCGA-EW-A6SC","BRCA","1",0.992799282073975,"1"
"Drews","16",20261016,"TCGA-GM-A2DC","BRCA","1",0.860538363456726,"1"
"Drews","16",20261016,"TCGA-LL-A5YM","BRCA","1",0.981497883796692,"1"
"Drews","16",20261016,"TCGA-LL-A6FQ","BRCA","1",0.57487028837204,"1"
"Drews","16",20261016,"TCGA-OL-A5RV","BRCA","2",0.0515588074922562,"2"
"Drews","16",20261016,"TCGA-OL-A6VQ","BRCA","2",0.518061578273773,"1"
"Drews","16",20261016,"TCGA-UU-A93S","BRCA","1",0.999878764152527,"1"
"Drews","16",20261016,"TCGA-V7-A7HQ","BRCA","2",0.299196779727936,"2"
"Drews","16",20261016,"TCGA-WT-AB41","BRCA","1",0.921357989311218,"1"
"Drews","16",20261016,"TCGA-C5-A1M9","CESC","1",0.979009330272675,"1"
"Drews","16",20261016,"TCGA-C5-A1ME","CESC","1",0.993926584720612,"1"
"Drews","16",20261016,"TCGA-C5-A1MF","CESC","1",0.995312213897705,"1"
"Drews","16",20261016,"TCGA-C5-A8YQ","CESC","1",0.982666254043579,"1"
"Drews","16",20261016,"TCGA-C5-A907","CESC","1",0.994613707065582,"1"
"Drews","16",20261016,"TCGA-EK-A2RL","CESC","1",0.941269814968109,"1"
"Drews","16",20261016,"TCGA-IR-A3LB","CESC","1",0.996066391468048,"1"
"Drews","16",20261016,"TCGA-Q1-A5R1","CESC","2",0.858792245388031,"1"
"Drews","16",20261016,"TCGA-UC-A7PD","CESC","1",0.834763765335083,"1"
"Drews","16",20261016,"TCGA-VS-A8EH","CESC","1",0.983188331127167,"1"
"Drews","16",20261016,"TCGA-VS-A8QA","CESC","1",0.978264570236206,"1"
"Drews","16",20261016,"TCGA-VS-A8QF","CESC","1",0.999644041061401,"1"
"Drews","16",20261016,"TCGA-VS-A8QH","CESC","1",0.965703010559082,"1"
"Drews","16",20261016,"TCGA-VS-A9V0","CESC","1",0.999226093292236,"1"
"Drews","16",20261016,"TCGA-ZJ-A8QO","CESC","1",0.912404417991638,"1"
"Drews","16",20261016,"TCGA-ZJ-AAXB","CESC","1",0.999721467494965,"1"
"Drews","16",20261016,"TCGA-W5-AA38","CHOL","2",0.219474628567696,"2"
"Drews","16",20261016,"TCGA-A6-2675","COAD","1",0.856722712516785,"1"
"Drews","16",20261016,"TCGA-A6-5656","COAD","1",0.994942963123322,"1"
"Drews","16",20261016,"TCGA-A6-6648","COAD","1",0.995652437210083,"1"
"Drews","16",20261016,"TCGA-AA-3548","COAD","1",0.973273456096649,"1"
"Drews","16",20261016,"TCGA-AA-3679","COAD","1",0.993071258068085,"1"
"Drews","16",20261016,"TCGA-AA-3685","COAD","1",0.980266749858856,"1"
"Drews","16",20261016,"TCGA-AA-3867","COAD","1",0.998828709125519,"1"
"Drews","16",20261016,"TCGA-AA-A02O","COAD","1",0.758819043636322,"1"
"Drews","16",20261016,"TCGA-CK-5913","COAD","2",0.0442169047892094,"2"
"Drews","16",20261016,"TCGA-CM-5341","COAD","1",0.462212294340134,"2"
"Drews","16",20261016,"TCGA-CM-5862","COAD","1",0.974924921989441,"1"
"Drews","16",20261016,"TCGA-CM-6170","COAD","1",0.379985362291336,"2"
"Drews","16",20261016,"TCGA-CM-6675","COAD","1",0.995051681995392,"1"
"Drews","16",20261016,"TCGA-D5-5537","COAD","2",0.478866726160049,"2"
"Drews","16",20261016,"TCGA-D5-6928","COAD","2",0.654592156410217,"1"
"Drews","16",20261016,"TCGA-DM-A28M","COAD","2",0.0592455565929413,"2"
"Drews","16",20261016,"TCGA-G4-6299","COAD","1",0.976444602012634,"1"
"Drews","16",20261016,"TCGA-G4-6303","COAD","1",0.992884933948517,"1"
"Drews","16",20261016,"TCGA-G4-6306","COAD","2",0.968833923339844,"1"
"Drews","16",20261016,"TCGA-G4-6314","COAD","1",0.949544131755829,"1"
"Drews","16",20261016,"TCGA-NH-A8F7","COAD","2",0.902714788913727,"1"
"Drews","16",20261016,"TCGA-FA-A82F","DLBC","1",0.995437443256378,"1"
"Drews","16",20261016,"TCGA-2H-A9GN","ESCA","1",0.999955892562866,"1"
"Drews","16",20261016,"TCGA-IC-A6RE","ESCA","1",0.994521260261536,"1"
"Drews","16",20261016,"TCGA-JY-A6F8","ESCA","1",0.945212602615356,"1"
"Drews","16",20261016,"TCGA-JY-A6FA","ESCA","1",0.998708724975586,"1"
"Drews","16",20261016,"TCGA-JY-A93F","ESCA","2",0.887607038021088,"1"
"Drews","16",20261016,"TCGA-L5-A4OF","ESCA","1",0.999518871307373,"1"
"Drews","16",20261016,"TCGA-L5-A4OH","ESCA","1",0.999810039997101,"1"
"Drews","16",20261016,"TCGA-L5-A8NE","ESCA","1",0.997012615203857,"1"
"Drews","16",20261016,"TCGA-L5-A8NS","ESCA","1",0.999504327774048,"1"
"Drews","16",20261016,"TCGA-LN-A49Y","ESCA","1",0.999813735485077,"1"
"Drews","16",20261016,"TCGA-LN-A4A3","ESCA","1",0.999480187892914,"1"
"Drews","16",20261016,"TCGA-LN-A4A4","ESCA","1",0.99862539768219,"1"
"Drews","16",20261016,"TCGA-Q9-A6FW","ESCA","1",0.99695098400116,"1"
"Drews","16",20261016,"TCGA-R6-A8W8","ESCA","1",0.997772514820099,"1"
"Drews","16",20261016,"TCGA-S8-A6BV","ESCA","1",0.989400565624237,"1"
"Drews","16",20261016,"TCGA-V5-AASW","ESCA","1",0.999563157558441,"1"
"Drews","16",20261016,"TCGA-VR-A8EY","ESCA","1",0.992613792419434,"1"
"Drews","16",20261016,"TCGA-VR-AA7D","ESCA","1",0.9996178150177,"1"
"Drews","16",20261016,"TCGA-06-0129","GBM","1",0.979948282241821,"1"
"Drews","16",20261016,"TCGA-19-5960","GBM","1",0.840770959854126,"1"
"Drews","16",20261016,"TCGA-26-5133","GBM","1",0.935218095779419,"1"
"Drews","16",20261016,"TCGA-27-2521","GBM","1",0.97984778881073,"1"
"Drews","16",20261016,"TCGA-28-5204","GBM","1",0.754575073719025,"1"
"Drews","16",20261016,"TCGA-32-1970","GBM","1",0.976314544677734,"1"
"Drews","16",20261016,"TCGA-BA-6873","HNSC","1",0.998195111751556,"1"
"Drews","16",20261016,"TCGA-BA-A8YP","HNSC","1",0.999975919723511,"1"
"Drews","16",20261016,"TCGA-CN-4730","HNSC","2",0.902383267879486,"1"
"Drews","16",20261016,"TCGA-CN-4741","HNSC","2",0.973225355148315,"1"
"Drews","16",20261016,"TCGA-CN-6011","HNSC","1",0.999322772026062,"1"
"Drews","16",20261016,"TCGA-CN-A642","HNSC","2",0.303358197212219,"2"
"Drews","16",20261016,"TCGA-CR-6478","HNSC","1",0.999069273471832,"1"
"Drews","16",20261016,"TCGA-CV-5430","HNSC","1",0.999874949455261,"1"
"Drews","16",20261016,"TCGA-CV-5441","HNSC","1",0.992892265319824,"1"
"Drews","16",20261016,"TCGA-CV-5978","HNSC","1",0.998752474784851,"1"
"Drews","16",20261016,"TCGA-CV-6941","HNSC","1",0.990214824676514,"1"
"Drews","16",20261016,"TCGA-CV-7097","HNSC","1",0.990716338157654,"1"
"Drews","16",20261016,"TCGA-CV-7243","HNSC","1",0.999423384666443,"1"
"Drews","16",20261016,"TCGA-CX-7086","HNSC","1",0.995548248291016,"1"
"Drews","16",20261016,"TCGA-D6-A6EN","HNSC","2",0.918895721435547,"1"
"Drews","16",20261016,"TCGA-D6-A6EO","HNSC","1",0.936604559421539,"1"
"Drews","16",20261016,"TCGA-F7-A61W","HNSC","1",0.999119937419891,"1"
"Drews","16",20261016,"TCGA-IQ-7630","HNSC","1",0.99680894613266,"1"
"Drews","16",20261016,"TCGA-P3-A6T2","HNSC","2",0.724955201148987,"1"
"Drews","16",20261016,"TCGA-QK-A6IG","HNSC","1",0.995395004749298,"1"
"Drews","16",20261016,"TCGA-T2-A6WX","HNSC","2",0.107922293245792,"2"
"Drews","16",20261016,"TCGA-UF-A71A","HNSC","1",0.999780595302582,"1"
"Drews","16",20261016,"TCGA-UF-A71D","HNSC","1",0.998590409755707,"1"
"Drews","16",20261016,"TCGA-KL-8341","KICH","1",0.0610210821032524,"2"
"Drews","16",20261016,"TCGA-KN-8423","KICH","2",0.00361653557047248,"2"
"Drews","16",20261016,"TCGA-KN-8425","KICH","2",0.00473288632929325,"2"
"Drews","16",20261016,"TCGA-KN-8428","KICH","1",0.741697788238525,"1"
"Drews","16",20261016,"TCGA-KN-8432","KICH","2",0.000650975678581744,"2"
"Drews","16",20261016,"TCGA-KN-8435","KICH","1",0.0225707534700632,"2"
"Drews","16",20261016,"TCGA-KO-8408","KICH","2",0.0132325869053602,"2"
"Drews","16",20261016,"TCGA-A3-3347","KIRC","2",0.291605353355408,"2"
"Drews","16",20261016,"TCGA-A3-3358","KIRC","2",0.000205925505724736,"2"
"Drews","16",20261016,"TCGA-A3-3383","KIRC","2",0.0256977863609791,"2"
"Drews","16",20261016,"TCGA-A3-3387","KIRC","2",0.00183860841207206,"2"
"Drews","16",20261016,"TCGA-AS-3777","KIRC","2",0.722780764102936,"1"
"Drews","16",20261016,"TCGA-B0-5703","KIRC","2",0.000478665315313265,"2"
"Drews","16",20261016,"TCGA-BP-4977","KIRC","2",0.00797950476408005,"2"
"Drews","16",20261016,"TCGA-CJ-4903","KIRC","2",0.00229443702846766,"2"
"Drews","16",20261016,"TCGA-CJ-5679","KIRC","2",0.00498090591281652,"2"
"Drews","16",20261016,"TCGA-CJ-5682","KIRC","2",0.0105433184653521,"2"
"Drews","16",20261016,"TCGA-CW-5585","KIRC","2",0.000671126181259751,"2"
"Drews","16",20261016,"TCGA-CW-5591","KIRC","2",0.0025076128076762,"2"
"Drews","16",20261016,"TCGA-CW-6090","KIRC","2",0.000655306212138385,"2"
"Drews","16",20261016,"TCGA-CZ-5456","KIRC","2",0.0223923847079277,"2"
"Drews","16",20261016,"TCGA-CZ-5985","KIRC","2",0.00254981592297554,"2"
"Drews","16",20261016,"TCGA-2Z-A9JR","KIRP","2",0.0013140911469236,"2"
"Drews","16",20261016,"TCGA-5P-A9JZ","KIRP","1",0.00501759443432093,"2"
"Drews","16",20261016,"TCGA-A4-A5DU","KIRP","2",0.0216860715299845,"2"
"Drews","16",20261016,"TCGA-B9-4117","KIRP","2",0.127068474888802,"2"
"Drews","16",20261016,"TCGA-B9-4617","KIRP","2",0.0525087080895901,"2"
"Drews","16",20261016,"TCGA-B9-A44B","KIRP","1",0.0345158651471138,"2"
"Drews","16",20261016,"TCGA-BQ-5880","KIRP","2",0.00095396424876526,"2"
"Drews","16",20261016,"TCGA-BQ-5894","KIRP","2",0.308386713266373,"2"
"Drews","16",20261016,"TCGA-UZ-A9PZ","KIRP","2",0.0375312715768814,"2"
"Drews","16",20261016,"TCGA-CS-4943","LGG","1",0.948098123073578,"1"
"Drews","16",20261016,"TCGA-DB-5277","LGG","1",0.984285652637482,"1"
"Drews","16",20261016,"TCGA-DB-A4XE","LGG","2",0.116021350026131,"2"
"Drews","16",20261016,"TCGA-DH-A669","LGG","1",0.205879211425781,"2"
"Drews","16",20261016,"TCGA-DU-A5TW","LGG","2",0.309933602809906,"2"
"Drews","16",20261016,"TCGA-DU-A7T6","LGG","1",0.353023439645767,"2"
"Drews","16",20261016,"TCGA-DU-A7T8","LGG","2",0.0121605321764946,"2"
"Drews","16",20261016,"TCGA-E1-5304","LGG","1",0.959100127220154,"1"
"Drews","16",20261016,"TCGA-FG-7634","LGG","2",0.00734763452783227,"2"
"Drews","16",20261016,"TCGA-FG-7641","LGG","2",0.00618855142965913,"2"
"Drews","16",20261016,"TCGA-FG-8191","LGG","2",0.0721343830227852,"2"
"Drews","16",20261016,"TCGA-FG-A4MW","LGG","2",0.679608643054962,"1"
"Drews","16",20261016,"TCGA-FG-A6IZ","LGG","2",0.0146658811718225,"2"
"Drews","16",20261016,"TCGA-HT-7477","LGG","1",0.84138822555542,"1"
"Drews","16",20261016,"TCGA-HT-7693","LGG","2",0.357177555561066,"2"
"Drews","16",20261016,"TCGA-HT-7875","LGG","2",0.00204487424343824,"2"
"Drews","16",20261016,"TCGA-IK-7675","LGG","1",0.882482826709747,"1"
"Drews","16",20261016,"TCGA-P5-A5EZ","LGG","1",0.213220983743668,"2"
"Drews","16",20261016,"TCGA-P5-A5F4","LGG","2",0.104569278657436,"2"
"Drews","16",20261016,"TCGA-P5-A780","LGG","1",0.131960421800613,"2"
"Drews","16",20261016,"TCGA-QH-A6X5","LGG","2",0.00800465606153011,"2"
"Drews","16",20261016,"TCGA-TM-A84J","LGG","1",0.958906948566437,"1"
"Drews","16",20261016,"TCGA-TQ-A7RM","LGG","1",0.968257904052734,"1"
"Drews","16",20261016,"TCGA-VM-A8CB","LGG","2",0.00477787433192134,"2"
"Drews","16",20261016,"TCGA-2Y-A9H5","LIHC","1",0.947096526622772,"1"
"Drews","16",20261016,"TCGA-2Y-A9HA","LIHC","1",0.989294946193695,"1"
"Drews","16",20261016,"TCGA-4R-AA8I","LIHC","1",0.888406693935394,"1"
"Drews","16",20261016,"TCGA-BC-4073","LIHC","1",0.988190412521362,"1"
"Drews","16",20261016,"TCGA-BC-A216","LIHC","1",0.998205304145813,"1"
"Drews","16",20261016,"TCGA-BC-A69H","LIHC","1",0.997195363044739,"1"
"Drews","16",20261016,"TCGA-CC-5260","LIHC","1",0.727618813514709,"1"
"Drews","16",20261016,"TCGA-CC-A3MA","LIHC","1",0.998856425285339,"1"
"Drews","16",20261016,"TCGA-CC-A7IJ","LIHC","1",0.999024391174316,"1"
"Drews","16",20261016,"TCGA-DD-A1EE","LIHC","2",0.650596499443054,"1"
"Drews","16",20261016,"TCGA-DD-A73F","LIHC","1",0.914325356483459,"1"
"Drews","16",20261016,"TCGA-DD-AACH","LIHC","1",0.99809068441391,"1"
"Drews","16",20261016,"TCGA-DD-AADC","LIHC","1",0.994739592075348,"1"
"Drews","16",20261016,"TCGA-DD-AAVW","LIHC","1",0.888681173324585,"1"
"Drews","16",20261016,"TCGA-EP-A2KB","LIHC","2",0.813015341758728,"1"
"Drews","16",20261016,"TCGA-G3-A6UC","LIHC","1",0.586468875408173,"1"
"Drews","16",20261016,"TCGA-G3-A7M7","LIHC","2",0.0718944519758224,"2"
"Drews","16",20261016,"TCGA-LG-A6GG","LIHC","1",0.808550477027893,"1"
"Drews","16",20261016,"TCGA-RC-A6M3","LIHC","1",0.908717751502991,"1"
"Drews","16",20261016,"TCGA-RC-A7SK","LIHC","1",0.80437034368515,"1"
"Drews","16",20261016,"TCGA-WX-AA44","LIHC","1",0.974912583827972,"1"
"Drews","16",20261016,"TCGA-05-4433","LUAD","1",0.994220972061157,"1"
"Drews","16",20261016,"TCGA-05-5429","LUAD","2",0.745867729187012,"1"
"Drews","16",20261016,"TCGA-05-5715","LUAD","1",0.962875366210938,"1"
"Drews","16",20261016,"TCGA-44-5644","LUAD","1",0.999963641166687,"1"
"Drews","16",20261016,"TCGA-44-6779","LUAD","1",0.989725530147552,"1"
"Drews","16",20261016,"TCGA-44-A47A","LUAD","2",0.900009632110596,"1"
"Drews","16",20261016,"TCGA-49-4488","LUAD","1",0.995542943477631,"1"
"Drews","16",20261016,"TCGA-49-4501","LUAD","1",0.997696220874786,"1"
"Drews","16",20261016,"TCGA-49-AARE","LUAD","1",0.998341798782349,"1"
"Drews","16",20261016,"TCGA-50-8457","LUAD","2",0.790553271770477,"1"
"Drews","16",20261016,"TCGA-55-1594","LUAD","1",0.999934315681458,"1"
"Drews","16",20261016,"TCGA-55-7570","LUAD","1",0.999555289745331,"1"
"Drews","16",20261016,"TCGA-55-7903","LUAD","1",0.999895453453064,"1"
"Drews","16",20261016,"TCGA-55-7994","LUAD","1",0.99628758430481,"1"
"Drews","16",20261016,"TCGA-55-8620","LUAD","1",0.993292927742004,"1"
"Drews","16",20261016,"TCGA-64-1680","LUAD","2",0.917448222637177,"1"
"Drews","16",20261016,"TCGA-67-3771","LUAD","1",0.999881148338318,"1"
"Drews","16",20261016,"TCGA-67-3774","LUAD","1",0.985725402832031,"1"
"Drews","16",20261016,"TCGA-73-4670","LUAD","1",0.999331116676331,"1"
"Drews","16",20261016,"TCGA-78-8662","LUAD","1",0.999885320663452,"1"
"Drews","16",20261016,"TCGA-86-6851","LUAD","1",0.999853014945984,"1"
"Drews","16",20261016,"TCGA-86-7953","LUAD","1",0.999873518943787,"1"
"Drews","16",20261016,"TCGA-86-8279","LUAD","1",0.999852299690247,"1"
"Drews","16",20261016,"TCGA-86-8280","LUAD","1",0.991899251937866,"1"
"Drews","16",20261016,"TCGA-86-8669","LUAD","1",0.999641895294189,"1"
"Drews","16",20261016,"TCGA-L9-A7SV","LUAD","1",0.999876379966736,"1"
"Drews","16",20261016,"TCGA-MP-A4SW","LUAD","1",0.994155764579773,"1"
"Drews","16",20261016,"TCGA-18-3421","LUSC","1",0.999709904193878,"1"
"Drews","16",20261016,"TCGA-18-4083","LUSC","1",0.99994683265686,"1"
"Drews","16",20261016,"TCGA-21-1078","LUSC","2",0.83623743057251,"1"
"Drews","16",20261016,"TCGA-22-4593","LUSC","1",0.99923574924469,"1"
"Drews","16",20261016,"TCGA-22-5478","LUSC","1",0.999919056892395,"1"
"Drews","16",20261016,"TCGA-22-A5C4","LUSC","1",0.999817430973053,"1"
"Drews","16",20261016,"TCGA-33-4566","LUSC","1",0.991751849651337,"1"
"Drews","16",20261016,"TCGA-34-8456","LUSC","1",0.999932050704956,"1"
"Drews","16",20261016,"TCGA-37-3789","LUSC","1",0.999933958053589,"1"
"Drews","16",20261016,"TCGA-37-4132","LUSC","1",0.999929070472717,"1"
"Drews","16",20261016,"TCGA-37-4135","LUSC","1",0.999927759170532,"1"
"Drews","16",20261016,"TCGA-39-5016","LUSC","1",0.996145129203796,"1"
"Drews","16",20261016,"TCGA-39-5034","LUSC","1",0.996096193790436,"1"
"Drews","16",20261016,"TCGA-43-6770","LUSC","1",0.999493837356567,"1"
"Drews","16",20261016,"TCGA-43-8116","LUSC","1",0.999978303909302,"1"
"Drews","16",20261016,"TCGA-52-7809","LUSC","1",0.999890804290771,"1"
"Drews","16",20261016,"TCGA-56-8628","LUSC","1",0.998898148536682,"1"
"Drews","16",20261016,"TCGA-56-8629","LUSC","1",0.999949812889099,"1"
"Drews","16",20261016,"TCGA-60-2698","LUSC","1",0.999764263629913,"1"
"Drews","16",20261016,"TCGA-60-2711","LUSC","1",0.999985575675964,"1"
"Drews","16",20261016,"TCGA-60-2724","LUSC","1",0.998151123523712,"1"
"Drews","16",20261016,"TCGA-63-A5MB","LUSC","1",0.999731957912445,"1"
"Drews","16",20261016,"TCGA-63-A5ML","LUSC","1",0.999878883361816,"1"
"Drews","16",20261016,"TCGA-63-A5MW","LUSC","1",0.999910116195679,"1"
"Drews","16",20261016,"TCGA-66-2794","LUSC","1",0.992956280708313,"1"
"Drews","16",20261016,"TCGA-66-2795","LUSC","1",0.999672651290894,"1"
"Drews","16",20261016,"TCGA-77-7141","LUSC","1",0.99984884262085,"1"
"Drews","16",20261016,"TCGA-85-8071","LUSC","1",0.999740421772003,"1"
"Drews","16",20261016,"TCGA-85-8354","LUSC","1",0.999904990196228,"1"
"Drews","16",20261016,"TCGA-96-7544","LUSC","1",0.998249471187592,"1"
"Drews","16",20261016,"TCGA-98-8020","LUSC","1",0.998160064220428,"1"
"Drews","16",20261016,"TCGA-J1-A4AH","LUSC","1",0.999980330467224,"1"
"Drews","16",20261016,"TCGA-O2-A52N","LUSC","1",0.999135792255402,"1"
"Drews","16",20261016,"TCGA-O2-A52S","LUSC","1",0.999948740005493,"1"
"Drews","16",20261016,"TCGA-MQ-A4LP","MESO","1",0.996129989624023,"1"
"Drews","16",20261016,"TCGA-TS-A8AY","MESO","1",0.726912081241608,"1"
"Drews","16",20261016,"TCGA-UD-AAC7","MESO","1",0.99733966588974,"1"
"Drews","16",20261016,"TCGA-XT-AASU","MESO","1",0.96901535987854,"1"
"Drews","16",20261016,"TCGA-04-1362","OV","1",0.999954223632812,"1"
"Drews","16",20261016,"TCGA-09-2045","OV","1",0.999728739261627,"1"
"Drews","16",20261016,"TCGA-13-0890","OV","1",0.99995493888855,"1"
"Drews","16",20261016,"TCGA-13-1403","OV","1",0.999988317489624,"1"
"Drews","16",20261016,"TCGA-13-1498","OV","1",0.999778807163239,"1"
"Drews","16",20261016,"TCGA-13-1507","OV","1",0.999863386154175,"1"
"Drews","16",20261016,"TCGA-13-2060","OV","1",0.999993920326233,"1"
"Drews","16",20261016,"TCGA-13-A5FT","OV","1",0.999990582466125,"1"
"Drews","16",20261016,"TCGA-20-1683","OV","1",0.999910116195679,"1"
"Drews","16",20261016,"TCGA-23-1809","OV","1",0.999924778938293,"1"
"Drews","16",20261016,"TCGA-23-2078","OV","1",0.99991774559021,"1"
"Drews","16",20261016,"TCGA-23-2084","OV","1",0.999950766563416,"1"
"Drews","16",20261016,"TCGA-24-1425","OV","1",0.999057114124298,"1"
"Drews","16",20261016,"TCGA-24-1430","OV","1",0.99603682756424,"1"
"Drews","16",20261016,"TCGA-24-1469","OV","1",0.99998927116394,"1"
"Drews","16",20261016,"TCGA-24-1550","OV","1",0.99993097782135,"1"
"Drews","16",20261016,"TCGA-24-1552","OV","1",0.999994993209839,"1"
"Drews","16",20261016,"TCGA-24-1564","OV","1",0.999520540237427,"1"
"Drews","16",20261016,"TCGA-24-1844","OV","1",0.999905228614807,"1"
"Drews","16",20261016,"TCGA-24-1849","OV","1",0.998860716819763,"1"
"Drews","16",20261016,"TCGA-25-2391","OV","1",0.999959707260132,"1"
"Drews","16",20261016,"TCGA-25-2392","OV","1",0.999929904937744,"1"
"Drews","16",20261016,"TCGA-25-2400","OV","1",0.999978303909302,"1"
"Drews","16",20261016,"TCGA-25-2401","OV","1",0.999790132045746,"1"
"Drews","16",20261016,"TCGA-29-1696","OV","1",0.999252140522003,"1"
"Drews","16",20261016,"TCGA-29-1702","OV","1",0.999953985214233,"1"
"Drews","16",20261016,"TCGA-29-1703","OV","1",0.999961853027344,"1"
"Drews","16",20261016,"TCGA-29-1710","OV","1",0.999313712120056,"1"
"Drews","16",20261016,"TCGA-29-1763","OV","1",0.99985146522522,"1"
"Drews","16",20261016,"TCGA-29-1770","OV","1",0.99967634677887,"1"
"Drews","16",20261016,"TCGA-61-2000","OV","1",0.999984264373779,"1"
"Drews","16",20261016,"TCGA-OY-A56P","OV","1",0.995860517024994,"1"
"Drews","16",20261016,"TCGA-WR-A838","OV","1",0.999937057495117,"1"
"Drews","16",20261016,"TCGA-3A-A9IR","PAAD","1",0.929552495479584,"1"
"Drews","16",20261016,"TCGA-3A-A9IZ","PAAD","1",0.999815762042999,"1"
"Drews","16",20261016,"TCGA-3A-A9J0","PAAD","1",0.998532652854919,"1"
"Drews","16",20261016,"TCGA-IB-AAUO","PAAD","1",0.914164185523987,"1"
"Drews","16",20261016,"TCGA-PZ-A5RE","PAAD","1",0.996752262115479,"1"
"Drews","16",20261016,"TCGA-QR-A6GU","PCPG","2",0.0610348768532276,"2"
"Drews","16",20261016,"TCGA-QR-A70T","PCPG","1",0.238146781921387,"2"
"Drews","16",20261016,"TCGA-QR-A70V","PCPG","1",0.117462925612926,"2"
"Drews","16",20261016,"TCGA-QT-A5XM","PCPG","2",0.0121013494208455,"2"
"Drews","16",20261016,"TCGA-QT-A69Q","PCPG","2",0.0866641998291016,"2"
"Drews","16",20261016,"TCGA-RW-A68A","PCPG","2",0.0537896454334259,"2"
"Drews","16",20261016,"TCGA-S7-A7WN","PCPG","2",0.0591792054474354,"2"
"Drews","16",20261016,"TCGA-S7-A7WP","PCPG","2",0.175823107361794,"2"
"Drews","16",20261016,"TCGA-SR-A6MZ","PCPG","2",0.0171502381563187,"2"
"Drews","16",20261016,"TCGA-WB-A81T","PCPG","2",0.082450732588768,"2"
"Drews","16",20261016,"TCGA-2A-A8W1","PRAD","1",0.988320887088776,"1"
"Drews","16",20261016,"TCGA-EJ-5524","PRAD","1",0.388257801532745,"2"
"Drews","16",20261016,"TCGA-EJ-A46G","PRAD","1",0.997330784797668,"1"
"Drews","16",20261016,"TCGA-EJ-A65M","PRAD","1",0.865455090999603,"1"
"Drews","16",20261016,"TCGA-HC-A4ZV","PRAD","1",0.999766647815704,"1"
"Drews","16",20261016,"TCGA-HC-A9TE","PRAD","1",0.995265483856201,"1"
"Drews","16",20261016,"TCGA-J4-A83J","PRAD","1",0.990229189395905,"1"
"Drews","16",20261016,"TCGA-J9-A8CL","PRAD","1",0.996910154819489,"1"
"Drews","16",20261016,"TCGA-KK-A59X","PRAD","1",0.970113456249237,"1"
"Drews","16",20261016,"TCGA-KK-A6DY","PRAD","2",0.483899384737015,"2"
"Drews","16",20261016,"TCGA-KK-A6E0","PRAD","1",0.965231537818909,"1"
"Drews","16",20261016,"TCGA-KK-A6E2","PRAD","2",0.207727000117302,"2"
"Drews","16",20261016,"TCGA-KK-A8IB","PRAD","1",0.997340023517609,"1"
"Drews","16",20261016,"TCGA-KK-A8IK","PRAD","1",0.99979692697525,"1"
"Drews","16",20261016,"TCGA-TP-A8TT","PRAD","1",0.872880458831787,"1"
"Drews","16",20261016,"TCGA-VP-A87D","PRAD","1",0.943787813186646,"1"
"Drews","16",20261016,"TCGA-ZG-A8QY","PRAD","1",0.983258366584778,"1"
"Drews","16",20261016,"TCGA-ZG-A9N3","PRAD","1",0.999911904335022,"1"
"Drews","16",20261016,"TCGA-AF-2693","READ","1",0.936106324195862,"1"
"Drews","16",20261016,"TCGA-AG-3878","READ","2",0.854033470153809,"1"
"Drews","16",20261016,"TCGA-AG-3887","READ","2",0.16989378631115,"2"
"Drews","16",20261016,"TCGA-AG-3893","READ","1",0.975675582885742,"1"
"Drews","16",20261016,"TCGA-AG-A026","READ","1",0.999287307262421,"1"
"Drews","16",20261016,"TCGA-AG-A02N","READ","2",0.205028638243675,"2"
"Drews","16",20261016,"TCGA-AG-A02X","READ","1",0.99007111787796,"1"
"Drews","16",20261016,"TCGA-DT-5265","READ","1",0.96036285161972,"1"
"Drews","16",20261016,"TCGA-DY-A1DG","READ","1",0.999185502529144,"1"
"Drews","16",20261016,"TCGA-3B-A9I0","SARC","1",0.895200312137604,"1"
"Drews","16",20261016,"TCGA-DX-A2J0","SARC","1",0.995278835296631,"1"
"Drews","16",20261016,"TCGA-DX-A3LY","SARC","1",0.766694188117981,"1"
"Drews","16",20261016,"TCGA-DX-A6BF","SARC","1",0.994196891784668,"1"
"Drews","16",20261016,"TCGA-DX-A6YS","SARC","1",0.885183691978455,"1"
"Drews","16",20261016,"TCGA-DX-A7EL","SARC","1",0.79470682144165,"1"
"Drews","16",20261016,"TCGA-DX-AATS","SARC","1",0.999965667724609,"1"
"Drews","16",20261016,"TCGA-DX-AB2H","SARC","1",0.949109017848969,"1"
"Drews","16",20261016,"TCGA-DX-AB2V","SARC","1",0.790772140026093,"1"
"Drews","16",20261016,"TCGA-IE-A4EJ","SARC","1",0.996862411499023,"1"
"Drews","16",20261016,"TCGA-IS-A3KA","SARC","1",0.941680133342743,"1"
"Drews","16",20261016,"TCGA-JV-A5VE","SARC","1",0.99395763874054,"1"
"Drews","16",20261016,"TCGA-LI-A67I","SARC","1",0.999193012714386,"1"
"Drews","16",20261016,"TCGA-MB-A8JK","SARC","1",0.994706809520721,"1"
"Drews","16",20261016,"TCGA-N1-A6IA","SARC","1",0.997719347476959,"1"
"Drews","16",20261016,"TCGA-PC-A5DK","SARC","2",0.939967155456543,"1"
"Drews","16",20261016,"TCGA-QQ-A5VC","SARC","1",0.999783575534821,"1"
"Drews","16",20261016,"TCGA-QQ-A5VD","SARC","2",0.924651026725769,"1"
"Drews","16",20261016,"TCGA-SG-A6Z4","SARC","1",0.999088525772095,"1"
"Drews","16",20261016,"TCGA-VT-A80G","SARC","1",0.999842047691345,"1"
"Drews","16",20261016,"TCGA-WK-A8XS","SARC","1",0.998128354549408,"1"
"Drews","16",20261016,"TCGA-X6-A7W8","SARC","1",0.999331653118134,"1"
"Drews","16",20261016,"TCGA-X6-A8C3","SARC","1",0.998931705951691,"1"
"Drews","16",20261016,"TCGA-X9-A971","SARC","1",0.998505473136902,"1"
"Drews","16",20261016,"TCGA-BF-A3DJ","SKCM","2",0.904660940170288,"1"
"Drews","16",20261016,"TCGA-BF-A5EQ","SKCM","1",0.470210403203964,"2"
"Drews","16",20261016,"TCGA-BF-AAP2","SKCM","1",0.95608001947403,"1"
"Drews","16",20261016,"TCGA-EB-A3XB","SKCM","2",0.405320763587952,"2"
"Drews","16",20261016,"TCGA-EB-A4OY","SKCM","1",0.945080041885376,"1"
"Drews","16",20261016,"TCGA-EB-A5SF","SKCM","1",0.316529005765915,"2"
"Drews","16",20261016,"TCGA-EB-A82C","SKCM","1",0.985460340976715,"1"
"Drews","16",20261016,"TCGA-XV-A9W5","SKCM","1",0.995669841766357,"1"
"Drews","16",20261016,"TCGA-BR-4362","STAD","2",0.173880338668823,"2"
"Drews","16",20261016,"TCGA-BR-6458","STAD","1",0.996666133403778,"1"
"Drews","16",20261016,"TCGA-BR-7723","STAD","1",0.999866604804993,"1"
"Drews","16",20261016,"TCGA-BR-8483","STAD","1",0.997069954872131,"1"
"Drews","16",20261016,"TCGA-BR-A44U","STAD","1",0.966976463794708,"1"
"Drews","16",20261016,"TCGA-CD-5800","STAD","1",0.99995493888855,"1"
"Drews","16",20261016,"TCGA-CD-5804","STAD","1",0.999292373657227,"1"
"Drews","16",20261016,"TCGA-CG-4443","STAD","1",0.999061763286591,"1"
"Drews","16",20261016,"TCGA-CG-4469","STAD","1",0.512515544891357,"1"
"Drews","16",20261016,"TCGA-CG-5718","STAD","1",0.999776184558868,"1"
"Drews","16",20261016,"TCGA-D7-6526","STAD","1",0.999821960926056,"1"
"Drews","16",20261016,"TCGA-HU-8243","STAD","1",0.997832238674164,"1"
"Drews","16",20261016,"TCGA-HU-A4GP","STAD","1",0.997968137264252,"1"
"Drews","16",20261016,"TCGA-HU-A4HD","STAD","1",0.999892592430115,"1"
"Drews","16",20261016,"TCGA-IN-8663","STAD","1",0.9998379945755,"1"
"Drews","16",20261016,"TCGA-IN-A6RS","STAD","1",0.952093482017517,"1"
"Drews","16",20261016,"TCGA-IN-AB1X","STAD","1",0.915350198745728,"1"
"Drews","16",20261016,"TCGA-IP-7968","STAD","1",0.999866962432861,"1"
"Drews","16",20261016,"TCGA-R5-A805","STAD","1",0.99538642168045,"1"
"Drews","16",20261016,"TCGA-RD-A8NB","STAD","1",0.0265674442052841,"2"
"Drews","16",20261016,"TCGA-VQ-A8E7","STAD","1",0.999494671821594,"1"
"Drews","16",20261016,"TCGA-VQ-A8P3","STAD","1",0.956261157989502,"1"
"Drews","16",20261016,"TCGA-VQ-A91N","STAD","1",0.999267041683197,"1"
"Drews","16",20261016,"TCGA-VQ-A91S","STAD","1",0.994838654994965,"1"
"Drews","16",20261016,"TCGA-VQ-AA68","STAD","1",0.999384045600891,"1"
"Drews","16",20261016,"TCGA-VQ-AA6I","STAD","1",0.994353294372559,"1"
"Drews","16",20261016,"TCGA-VQ-AA6K","STAD","1",0.997863471508026,"1"
"Drews","16",20261016,"TCGA-2G-AAEW","TGCT","2",0.356840133666992,"2"
"Drews","16",20261016,"TCGA-S6-A8JW","TGCT","2",0.813515484333038,"1"
"Drews","16",20261016,"TCGA-XY-A8S2","TGCT","1",0.97991943359375,"1"
"Drews","16",20261016,"TCGA-ZM-AA0B","TGCT","1",0.880599439144135,"1"
"Drews","16",20261016,"TCGA-DE-A3KN","THCA","2",0.0233078375458717,"2"
"Drews","16",20261016,"TCGA-EM-A1YE","THCA","2",0.00923800375312567,"2"
"Drews","16",20261016,"TCGA-XU-A931","THYM","2",0.0251783560961485,"2"
"Drews","16",20261016,"TCGA-A5-A0R7","UCEC","2",0.969622194766998,"1"
"Drews","16",20261016,"TCGA-A5-A2K4","UCEC","1",0.99813324213028,"1"
"Drews","16",20261016,"TCGA-A5-A3LP","UCEC","1",0.99477756023407,"1"
"Drews","16",20261016,"TCGA-AJ-A23M","UCEC","1",0.999978542327881,"1"
"Drews","16",20261016,"TCGA-AJ-A3IA","UCEC","1",0.999210476875305,"1"
"Drews","16",20261016,"TCGA-AJ-A3NG","UCEC","2",0.482881963253021,"2"
"Drews","16",20261016,"TCGA-AP-A05A","UCEC","1",0.999825298786163,"1"
"Drews","16",20261016,"TCGA-AX-A1C8","UCEC","1",0.999952793121338,"1"
"Drews","16",20261016,"TCGA-AX-A2H2","UCEC","1",0.99997079372406,"1"
"Drews","16",20261016,"TCGA-AX-A2IO","UCEC","1",0.991249322891235,"1"
"Drews","16",20261016,"TCGA-B5-A0K3","UCEC","1",0.999152660369873,"1"
"Drews","16",20261016,"TCGA-B5-A121","UCEC","2",0.420204043388367,"2"
"Drews","16",20261016,"TCGA-BS-A0TC","UCEC","2",0.454239249229431,"2"
"Drews","16",20261016,"TCGA-BS-A0U5","UCEC","2",0.785737633705139,"1"
"Drews","16",20261016,"TCGA-D1-A0ZP","UCEC","1",0.998240351676941,"1"
"Drews","16",20261016,"TCGA-D1-A17K","UCEC","1",0.996181011199951,"1"
"Drews","16",20261016,"TCGA-D1-A17M","UCEC","2",0.0118910912424326,"2"
"Drews","16",20261016,"TCGA-D1-A17S","UCEC","2",0.145315364003181,"2"
"Drews","16",20261016,"TCGA-D1-A2G7","UCEC","1",0.97929859161377,"1"
"Drews","16",20261016,"TCGA-DF-A2KR","UCEC","1",0.985227704048157,"1"
"Drews","16",20261016,"TCGA-DI-A2QU","UCEC","1",0.98681378364563,"1"
"Drews","16",20261016,"TCGA-DI-A2QY","UCEC","1",0.999440968036652,"1"
"Drews","16",20261016,"TCGA-EO-A3KU","UCEC","1",0.999912977218628,"1"
"Drews","16",20261016,"TCGA-EY-A1GR","UCEC","1",0.99953305721283,"1"
"Drews","16",20261016,"TCGA-EY-A210","UCEC","1",0.949577569961548,"1"
"Drews","16",20261016,"TCGA-EY-A212","UCEC","1",0.999929666519165,"1"
"Drews","16",20261016,"TCGA-EY-A2OO","UCEC","2",0.205415397882462,"2"
"Drews","16",20261016,"TCGA-EY-A4KR","UCEC","1",0.999846220016479,"1"
"Drews","16",20261016,"TCGA-FI-A2EW","UCEC","1",0.996617257595062,"1"
"Drews","16",20261016,"TCGA-FI-A2EY","UCEC","1",0.997570216655731,"1"
"Drews","16",20261016,"TCGA-FI-A3PV","UCEC","1",0.999913573265076,"1"
"Drews","16",20261016,"TCGA-FI-A3PX","UCEC","1",0.999908685684204,"1"
"Drews","16",20261016,"TCGA-KP-A3W3","UCEC","1",0.999551355838776,"1"
"Drews","16",20261016,"TCGA-PG-A5BC","UCEC","1",0.999360263347626,"1"
"Drews","16",20261016,"TCGA-N5-A4R8","UCS","1",0.999916434288025,"1"
"Drews","16",20261016,"TCGA-N5-A4RA","UCS","1",0.996429026126862,"1"
"Drews","16",20261016,"TCGA-N5-A59F","UCS","1",0.999847292900085,"1"
"Drews","16",20261016,"TCGA-N7-A4Y5","UCS","1",0.999401211738586,"1"
"Drews","16",20261016,"TCGA-N8-A4PO","UCS","1",0.99994957447052,"1"
"Drews","16",20261016,"TCGA-N8-A4PQ","UCS","1",0.999685645103455,"1"
"Drews","16",20261016,"TCGA-NA-A4QW","UCS","1",0.997829496860504,"1"
"Drews","16",20261016,"TCGA-V4-A9EX","UVM","2",0.263201236724854,"2"
"Drews","16",20261016,"TCGA-V4-A9EZ","UVM","2",0.369333416223526,"2"
"Drews","16",20261016,"TCGA-VD-A8KA","UVM","2",0.164195775985718,"2"
"Drews","16",20261016,"TCGA-YZ-A984","UVM","2",0.0653382018208504,"2"
"Drews","17",20261017,"TCGA-OR-A5J6","ACC","2",0.101226389408112,"2"
"Drews","17",20261017,"TCGA-OR-A5JI","ACC","2",0.0463495627045631,"2"
"Drews","17",20261017,"TCGA-OR-A5K4","ACC","2",0.73298591375351,"1"
"Drews","17",20261017,"TCGA-OR-A5K9","ACC","1",0.39331579208374,"2"
"Drews","17",20261017,"TCGA-OR-A5KV","ACC","2",0.712420701980591,"1"
"Drews","17",20261017,"TCGA-OR-A5LD","ACC","1",0.597346305847168,"1"
"Drews","17",20261017,"TCGA-OR-A5LK","ACC","2",0.725085258483887,"1"
"Drews","17",20261017,"TCGA-OR-A5LL","ACC","1",0.347526133060455,"2"
"Drews","17",20261017,"TCGA-BT-A0S7","BLCA","1",0.951856136322021,"1"
"Drews","17",20261017,"TCGA-BT-A20V","BLCA","1",0.999169826507568,"1"
"Drews","17",20261017,"TCGA-BT-A3PJ","BLCA","1",0.999874830245972,"1"
"Drews","17",20261017,"TCGA-BT-A42C","BLCA","1",0.999927878379822,"1"
"Drews","17",20261017,"TCGA-CU-A0YR","BLCA","1",0.999179661273956,"1"
"Drews","17",20261017,"TCGA-CU-A3KJ","BLCA","1",0.999806344509125,"1"
"Drews","17",20261017,"TCGA-CU-A3YL","BLCA","2",0.996011257171631,"1"
"Drews","17",20261017,"TCGA-DK-A3IK","BLCA","1",0.999738991260529,"1"
"Drews","17",20261017,"TCGA-DK-A3IL","BLCA","1",0.999823987483978,"1"
"Drews","17",20261017,"TCGA-DK-A3IM","BLCA","1",0.999898910522461,"1"
"Drews","17",20261017,"TCGA-DK-A3X2","BLCA","1",0.990115404129028,"1"
"Drews","17",20261017,"TCGA-DK-A6B1","BLCA","1",0.997807800769806,"1"
"Drews","17",20261017,"TCGA-DK-AA6U","BLCA","1",0.999990582466125,"1"
"Drews","17",20261017,"TCGA-E7-A3Y1","BLCA","2",0.0359566286206245,"2"
"Drews","17",20261017,"TCGA-E7-A5KE","BLCA","1",0.999960064888,"1"
"Drews","17",20261017,"TCGA-E7-A6ME","BLCA","1",0.999883413314819,"1"
"Drews","17",20261017,"TCGA-FD-A6TA","BLCA","1",0.999195277690887,"1"
"Drews","17",20261017,"TCGA-FJ-A3Z7","BLCA","1",0.998352646827698,"1"
"Drews","17",20261017,"TCGA-G2-A2EF","BLCA","1",0.999236702919006,"1"
"Drews","17",20261017,"TCGA-GD-A3OS","BLCA","1",0.999224781990051,"1"
"Drews","17",20261017,"TCGA-KQ-A41Q","BLCA","1",0.999894022941589,"1"
"Drews","17",20261017,"TCGA-UY-A78L","BLCA","1",0.997553169727325,"1"
"Drews","17",20261017,"TCGA-UY-A8OD","BLCA","1",0.999881029129028,"1"
"Drews","17",20261017,"TCGA-UY-A9PD","BLCA","1",0.999927282333374,"1"
"Drews","17",20261017,"TCGA-XF-A8HG","BLCA","1",0.995499670505524,"1"
"Drews","17",20261017,"TCGA-XF-A9SJ","BLCA","1",0.999678373336792,"1"
"Drews","17",20261017,"TCGA-XF-A9SK","BLCA","1",0.991250038146973,"1"
"Drews","17",20261017,"TCGA-XF-A9T6","BLCA","1",0.999099254608154,"1"
"Drews","17",20261017,"TCGA-XF-AAMY","BLCA","1",0.998720943927765,"1"
"Drews","17",20261017,"TCGA-ZF-A9R1","BLCA","1",0.999447286128998,"1"
"Drews","17",20261017,"TCGA-ZF-A9RF","BLCA","1",0.999073266983032,"1"
"Drews","17",20261017,"TCGA-ZF-AA4R","BLCA","1",0.999981999397278,"1"
"Drews","17",20261017,"TCGA-ZF-AA51","BLCA","1",0.999962568283081,"1"
"Drews","17",20261017,"TCGA-3C-AALI","BRCA","1",0.99983024597168,"1"
"Drews","17",20261017,"TCGA-3C-AALJ","BRCA","1",0.997667193412781,"1"
"Drews","17",20261017,"TCGA-A1-A0SN","BRCA","1",0.996525943279266,"1"
"Drews","17",20261017,"TCGA-A2-A0T3","BRCA","1",0.999042451381683,"1"
"Drews","17",20261017,"TCGA-A2-A0T7","BRCA","1",0.998732030391693,"1"
"Drews","17",20261017,"TCGA-A2-A1FW","BRCA","1",0.999983429908752,"1"
"Drews","17",20261017,"TCGA-A7-A0DB","BRCA","2",0.497204065322876,"2"
"Drews","17",20261017,"TCGA-A8-A06R","BRCA","1",0.999948620796204,"1"
"Drews","17",20261017,"TCGA-A8-A07L","BRCA","1",0.999959349632263,"1"
"Drews","17",20261017,"TCGA-A8-A07W","BRCA","1",0.999453961849213,"1"
"Drews","17",20261017,"TCGA-A8-A081","BRCA","1",0.999673962593079,"1"
"Drews","17",20261017,"TCGA-A8-A08G","BRCA","1",0.999908447265625,"1"
"Drews","17",20261017,"TCGA-A8-A08I","BRCA","1",0.994090855121613,"1"
"Drews","17",20261017,"TCGA-A8-A08J","BRCA","1",0.999630212783813,"1"
"Drews","17",20261017,"TCGA-A8-A094","BRCA","1",0.999777019023895,"1"
"Drews","17",20261017,"TCGA-A8-A096","BRCA","2",0.329581409692764,"2"
"Drews","17",20261017,"TCGA-A8-A099","BRCA","1",0.081666886806488,"2"
"Drews","17",20261017,"TCGA-A8-A09C","BRCA","1",0.970828413963318,"1"
"Drews","17",20261017,"TCGA-A8-A09M","BRCA","1",0.999961972236633,"1"
"Drews","17",20261017,"TCGA-A8-A0A6","BRCA","1",0.275774568319321,"2"
"Drews","17",20261017,"TCGA-AC-A2QH","BRCA","1",0.999376833438873,"1"
"Drews","17",20261017,"TCGA-AN-A03X","BRCA","1",0.967705249786377,"1"
"Drews","17",20261017,"TCGA-AN-A04C","BRCA","1",0.999957919120789,"1"
"Drews","17",20261017,"TCGA-AN-A0AR","BRCA","1",0.999894738197327,"1"
"Drews","17",20261017,"TCGA-AN-A0FW","BRCA","1",0.999775826931,"1"
"Drews","17",20261017,"TCGA-AO-A03L","BRCA","1",0.99975973367691,"1"
"Drews","17",20261017,"TCGA-AO-A0J6","BRCA","1",0.999951839447021,"1"
"Drews","17",20261017,"TCGA-AO-A1KR","BRCA","1",0.993771135807037,"1"
"Drews","17",20261017,"TCGA-AO-A1KS","BRCA","1",0.999078035354614,"1"
"Drews","17",20261017,"TCGA-AR-A0TP","BRCA","1",0.999753415584564,"1"
"Drews","17",20261017,"TCGA-AR-A0TR","BRCA","2",0.343137472867966,"2"
"Drews","17",20261017,"TCGA-AR-A0TW","BRCA","1",0.999418973922729,"1"
"Drews","17",20261017,"TCGA-AR-A0U3","BRCA","1",0.996215283870697,"1"
"Drews","17",20261017,"TCGA-AR-A1AQ","BRCA","1",0.994044244289398,"1"
"Drews","17",20261017,"TCGA-AR-A24Z","BRCA","1",0.999773919582367,"1"
"Drews","17",20261017,"TCGA-AR-A254","BRCA","1",0.998849511146545,"1"
"Drews","17",20261017,"TCGA-AR-A256","BRCA","1",0.999605476856232,"1"
"Drews","17",20261017,"TCGA-B6-A0I9","BRCA","1",0.999785840511322,"1"
"Drews","17",20261017,"TCGA-B6-A0IE","BRCA","1",0.997355699539185,"1"
"Drews","17",20261017,"TCGA-B6-A0WS","BRCA","1",0.931495726108551,"1"
"Drews","17",20261017,"TCGA-B6-A0WW","BRCA","1",0.999466121196747,"1"
"Drews","17",20261017,"TCGA-B6-A1KN","BRCA","1",0.999915242195129,"1"
"Drews","17",20261017,"TCGA-B6-A40C","BRCA","2",0.995155692100525,"1"
"Drews","17",20261017,"TCGA-BH-A0B9","BRCA","1",0.998801469802856,"1"
"Drews","17",20261017,"TCGA-BH-A0BR","BRCA","1",0.999508857727051,"1"
"Drews","17",20261017,"TCGA-BH-A0C7","BRCA","1",0.999061763286591,"1"
"Drews","17",20261017,"TCGA-BH-A0DZ","BRCA","1",0.999384760856628,"1"
"Drews","17",20261017,"TCGA-BH-A0EA","BRCA","2",0.0432902052998543,"2"
"Drews","17",20261017,"TCGA-BH-A0EE","BRCA","1",0.999800622463226,"1"
"Drews","17",20261017,"TCGA-BH-A0HQ","BRCA","2",0.219140589237213,"2"
"Drews","17",20261017,"TCGA-BH-A0W7","BRCA","1",0.434625953435898,"2"
"Drews","17",20261017,"TCGA-BH-A18J","BRCA","1",0.999782502651215,"1"
"Drews","17",20261017,"TCGA-BH-A18N","BRCA","2",0.927459001541138,"1"
"Drews","17",20261017,"TCGA-BH-A18Q","BRCA","1",0.999884963035583,"1"
"Drews","17",20261017,"TCGA-BH-A18R","BRCA","1",0.99912565946579,"1"
"Drews","17",20261017,"TCGA-BH-A1FC","BRCA","1",0.99996542930603,"1"
"Drews","17",20261017,"TCGA-BH-A1FN","BRCA","1",0.999893069267273,"1"
"Drews","17",20261017,"TCGA-BH-A5IZ","BRCA","1",0.999209761619568,"1"
"Drews","17",20261017,"TCGA-C8-A12T","BRCA","1",0.974075078964233,"1"
"Drews","17",20261017,"TCGA-C8-A12U","BRCA","1",0.999357402324677,"1"
"Drews","17",20261017,"TCGA-C8-A130","BRCA","1",0.999935507774353,"1"
"Drews","17",20261017,"TCGA-C8-A132","BRCA","1",0.998879730701447,"1"
"Drews","17",20261017,"TCGA-C8-A134","BRCA","1",0.999953985214233,"1"
"Drews","17",20261017,"TCGA-C8-A1HG","BRCA","1",0.999918580055237,"1"
"Drews","17",20261017,"TCGA-C8-A27B","BRCA","1",0.999974250793457,"1"
"Drews","17",20261017,"TCGA-D8-A140","BRCA","1",0.999878287315369,"1"
"Drews","17",20261017,"TCGA-D8-A1JG","BRCA","1",0.997156023979187,"1"
"Drews","17",20261017,"TCGA-D8-A1XJ","BRCA","1",0.999528169631958,"1"
"Drews","17",20261017,"TCGA-D8-A1XS","BRCA","1",0.98655092716217,"1"
"Drews","17",20261017,"TCGA-D8-A1XW","BRCA","1",0.992160022258759,"1"
"Drews","17",20261017,"TCGA-D8-A1XY","BRCA","1",0.834240436553955,"1"
"Drews","17",20261017,"TCGA-D8-A27M","BRCA","1",0.999183356761932,"1"
"Drews","17",20261017,"TCGA-E2-A150","BRCA","1",0.999989151954651,"1"
"Drews","17",20261017,"TCGA-E2-A158","BRCA","1",0.999937772750854,"1"
"Drews","17",20261017,"TCGA-E2-A15T","BRCA","1",0.988751590251923,"1"
"Drews","17",20261017,"TCGA-E2-A1BD","BRCA","2",0.0724992081522942,"2"
"Drews","17",20261017,"TCGA-E2-A1IE","BRCA","1",0.999011993408203,"1"
"Drews","17",20261017,"TCGA-E2-A1IG","BRCA","1",0.998342514038086,"1"
"Drews","17",20261017,"TCGA-E2-A56Z","BRCA","1",0.998669147491455,"1"
"Drews","17",20261017,"TCGA-E9-A1NC","BRCA","1",0.994789958000183,"1"
"Drews","17",20261017,"TCGA-E9-A1R2","BRCA","1",0.999745428562164,"1"
"Drews","17",20261017,"TCGA-E9-A1R6","BRCA","1",0.963068604469299,"1"
"Drews","17",20261017,"TCGA-E9-A1RD","BRCA","2",0.0189693160355091,"2"
"Drews","17",20261017,"TCGA-E9-A1RE","BRCA","1",0.999103367328644,"1"
"Drews","17",20261017,"TCGA-E9-A1RF","BRCA","1",0.999824106693268,"1"
"Drews","17",20261017,"TCGA-E9-A226","BRCA","1",0.996886074542999,"1"
"Drews","17",20261017,"TCGA-EW-A1OY","BRCA","1",0.999950051307678,"1"
"Drews","17",20261017,"TCGA-EW-A1PD","BRCA","1",0.999943137168884,"1"
"Drews","17",20261017,"TCGA-EW-A6SA","BRCA","1",0.999726116657257,"1"
"Drews","17",20261017,"TCGA-GM-A3XL","BRCA","1",0.99983012676239,"1"
"Drews","17",20261017,"TCGA-LD-A7W5","BRCA","1",0.991298377513885,"1"
"Drews","17",20261017,"TCGA-LL-A5YM","BRCA","1",0.956335723400116,"1"
"Drews","17",20261017,"TCGA-LL-A73Y","BRCA","1",0.996173799037933,"1"
"Drews","17",20261017,"TCGA-OL-A6VO","BRCA","1",0.999334871768951,"1"
"Drews","17",20261017,"TCGA-Z7-A8R6","BRCA","1",0.98812335729599,"1"
"Drews","17",20261017,"TCGA-C5-A1BL","CESC","1",0.894182980060577,"1"
"Drews","17",20261017,"TCGA-C5-A1M6","CESC","1",0.999775946140289,"1"
"Drews","17",20261017,"TCGA-C5-A2LY","CESC","1",0.983522832393646,"1"
"Drews","17",20261017,"TCGA-C5-A7UE","CESC","2",0.895717144012451,"1"
"Drews","17",20261017,"TCGA-C5-A8YQ","CESC","1",0.989048719406128,"1"
"Drews","17",20261017,"TCGA-DR-A0ZM","CESC","2",0.11779510974884,"2"
"Drews","17",20261017,"TCGA-DS-A0VN","CESC","1",0.920764982700348,"1"
"Drews","17",20261017,"TCGA-EX-A69M","CESC","2",0.976099967956543,"1"
"Drews","17",20261017,"TCGA-IR-A3LB","CESC","1",0.994949579238892,"1"
"Drews","17",20261017,"TCGA-UC-A7PD","CESC","1",0.631677210330963,"1"
"Drews","17",20261017,"TCGA-VS-A8EG","CESC","1",0.333093881607056,"2"
"Drews","17",20261017,"TCGA-VS-A8Q8","CESC","2",0.960199236869812,"1"
"Drews","17",20261017,"TCGA-VS-A8QA","CESC","1",0.995740056037903,"1"
"Drews","17",20261017,"TCGA-VS-A8QF","CESC","1",0.996270060539246,"1"
"Drews","17",20261017,"TCGA-VS-A9UT","CESC","1",0.998825967311859,"1"
"Drews","17",20261017,"TCGA-VS-A9V0","CESC","1",0.999930500984192,"1"
"Drews","17",20261017,"TCGA-W5-AA2T","CHOL","1",0.982681572437286,"1"
"Drews","17",20261017,"TCGA-A6-2675","COAD","1",0.969993770122528,"1"
"Drews","17",20261017,"TCGA-AA-3514","COAD","1",0.847006142139435,"1"
"Drews","17",20261017,"TCGA-AA-3517","COAD","1",0.968943178653717,"1"
"Drews","17",20261017,"TCGA-AA-3548","COAD","1",0.953712403774261,"1"
"Drews","17",20261017,"TCGA-AA-3660","COAD","1",0.981884658336639,"1"
"Drews","17",20261017,"TCGA-AA-3673","COAD","2",0.130152702331543,"2"
"Drews","17",20261017,"TCGA-AA-3854","COAD","1",0.850265681743622,"1"
"Drews","17",20261017,"TCGA-AA-A00Z","COAD","1",0.870573818683624,"1"
"Drews","17",20261017,"TCGA-AA-A01Z","COAD","1",0.994156241416931,"1"
"Drews","17",20261017,"TCGA-AZ-6603","COAD","2",0.991643607616425,"1"
"Drews","17",20261017,"TCGA-CK-5915","COAD","2",0.372378915548325,"2"
"Drews","17",20261017,"TCGA-CM-6675","COAD","1",0.995918095111847,"1"
"Drews","17",20261017,"TCGA-D5-6928","COAD","2",0.777143895626068,"1"
"Drews","17",20261017,"TCGA-DM-A28H","COAD","1",0.990409255027771,"1"
"Drews","17",20261017,"TCGA-G4-6294","COAD","1",0.924534142017365,"1"
"Drews","17",20261017,"TCGA-G4-6306","COAD","2",0.971178293228149,"1"
"Drews","17",20261017,"TCGA-G4-6311","COAD","1",0.990468800067902,"1"
"Drews","17",20261017,"TCGA-G4-6315","COAD","2",0.992800712585449,"1"
"Drews","17",20261017,"TCGA-G4-6322","COAD","1",0.851745665073395,"1"
"Drews","17",20261017,"TCGA-NH-A8F7","COAD","2",0.976804435253143,"1"
"Drews","17",20261017,"TCGA-QG-A5YX","COAD","2",0.650676667690277,"1"
"Drews","17",20261017,"TCGA-FA-A82F","DLBC","1",0.993133902549744,"1"
"Drews","17",20261017,"TCGA-2H-A9GF","ESCA","1",0.999982953071594,"1"
"Drews","17",20261017,"TCGA-2H-A9GQ","ESCA","1",0.999948263168335,"1"
"Drews","17",20261017,"TCGA-IG-A3I8","ESCA","1",0.99534660577774,"1"
"Drews","17",20261017,"TCGA-JY-A6FE","ESCA","1",0.999967813491821,"1"
"Drews","17",20261017,"TCGA-JY-A6FH","ESCA","1",0.999989748001099,"1"
"Drews","17",20261017,"TCGA-JY-A93E","ESCA","1",0.999657511711121,"1"
"Drews","17",20261017,"TCGA-L5-A43J","ESCA","1",0.997754275798798,"1"
"Drews","17",20261017,"TCGA-L5-A4OH","ESCA","1",0.999832630157471,"1"
"Drews","17",20261017,"TCGA-L5-A8NV","ESCA","1",0.999706089496613,"1"
"Drews","17",20261017,"TCGA-LN-A49M","ESCA","1",0.999792516231537,"1"
"Drews","17",20261017,"TCGA-LN-A4MQ","ESCA","1",0.999914646148682,"1"
"Drews","17",20261017,"TCGA-LN-A5U5","ESCA","1",0.999379515647888,"1"
"Drews","17",20261017,"TCGA-LN-A5U6","ESCA","1",0.999203145503998,"1"
"Drews","17",20261017,"TCGA-V5-A7RB","ESCA","1",0.997630834579468,"1"
"Drews","17",20261017,"TCGA-V5-A7RC","ESCA","1",0.99982362985611,"1"
"Drews","17",20261017,"TCGA-V5-AASW","ESCA","1",0.999707520008087,"1"
"Drews","17",20261017,"TCGA-VR-A8ER","ESCA","1",0.99994957447052,"1"
"Drews","17",20261017,"TCGA-VR-A8EW","ESCA","1",0.999864220619202,"1"
"Drews","17",20261017,"TCGA-06-0129","GBM","1",0.997094988822937,"1"
"Drews","17",20261017,"TCGA-06-5856","GBM","1",0.85177743434906,"1"
"Drews","17",20261017,"TCGA-26-1442","GBM","2",0.206280127167702,"2"
"Drews","17",20261017,"TCGA-27-1837","GBM","2",0.926801085472107,"1"
"Drews","17",20261017,"TCGA-27-2528","GBM","1",0.917963743209839,"1"
"Drews","17",20261017,"TCGA-76-4931","GBM","1",0.918200254440308,"1"
"Drews","17",20261017,"TCGA-BA-5149","HNSC","1",0.992752432823181,"1"
"Drews","17",20261017,"TCGA-BA-6872","HNSC","1",0.999009013175964,"1"
"Drews","17",20261017,"TCGA-CN-5363","HNSC","1",0.999634504318237,"1"
"Drews","17",20261017,"TCGA-CN-A49A","HNSC","1",0.99982076883316,"1"
"Drews","17",20261017,"TCGA-CR-7371","HNSC","1",0.970465660095215,"1"
"Drews","17",20261017,"TCGA-CR-7374","HNSC","1",0.998668789863586,"1"
"Drews","17",20261017,"TCGA-CV-5430","HNSC","1",0.999955296516418,"1"
"Drews","17",20261017,"TCGA-CV-6937","HNSC","1",0.987388491630554,"1"
"Drews","17",20261017,"TCGA-CV-6941","HNSC","1",0.82586133480072,"1"
"Drews","17",20261017,"TCGA-CV-7245","HNSC","1",0.989870965480804,"1"
"Drews","17",20261017,"TCGA-CV-7255","HNSC","1",0.996106326580048,"1"
"Drews","17",20261017,"TCGA-CV-7414","HNSC","1",0.987065076828003,"1"
"Drews","17",20261017,"TCGA-CV-7415","HNSC","1",0.999554932117462,"1"
"Drews","17",20261017,"TCGA-CV-7434","HNSC","1",0.995902001857758,"1"
"Drews","17",20261017,"TCGA-CV-7437","HNSC","1",0.999512672424316,"1"
"Drews","17",20261017,"TCGA-D6-6827","HNSC","1",0.994085192680359,"1"
"Drews","17",20261017,"TCGA-DQ-7591","HNSC","1",0.971337854862213,"1"
"Drews","17",20261017,"TCGA-F7-A624","HNSC","2",0.803465247154236,"1"
"Drews","17",20261017,"TCGA-MZ-A7D7","HNSC","1",0.998042225837708,"1"
"Drews","17",20261017,"TCGA-QK-A8Z9","HNSC","1",0.999492406845093,"1"
"Drews","17",20261017,"TCGA-QK-A8ZA","HNSC","1",0.999651432037354,"1"
"Drews","17",20261017,"TCGA-UF-A71A","HNSC","1",0.999826014041901,"1"
"Drews","17",20261017,"TCGA-UF-A71D","HNSC","1",0.992065489292145,"1"
"Drews","17",20261017,"TCGA-KL-8326","KICH","2",0.000381265213945881,"2"
"Drews","17",20261017,"TCGA-KL-8332","KICH","2",0.0181519761681557,"2"
"Drews","17",20261017,"TCGA-KL-8346","KICH","2",0.184087082743645,"2"
"Drews","17",20261017,"TCGA-KN-8429","KICH","2",0.0118877412751317,"2"
"Drews","17",20261017,"TCGA-KN-8434","KICH","2",0.0074213445186615,"2"
"Drews","17",20261017,"TCGA-KN-8436","KICH","2",0.0698908492922783,"2"
"Drews","17",20261017,"TCGA-KO-8408","KICH","2",0.0139585779979825,"2"
"Drews","17",20261017,"TCGA-A3-3383","KIRC","2",0.00212521082721651,"2"
"Drews","17",20261017,"TCGA-AK-3453","KIRC","2",0.0395599827170372,"2"
"Drews","17",20261017,"TCGA-B0-4710","KIRC","2",0.000457468559034169,"2"
"Drews","17",20261017,"TCGA-B2-4099","KIRC","2",0.0122162252664566,"2"
"Drews","17",20261017,"TCGA-B8-5549","KIRC","2",0.000145106110721827,"2"
"Drews","17",20261017,"TCGA-BP-4161","KIRC","2",0.00240926234982908,"2"
"Drews","17",20261017,"TCGA-CJ-4640","KIRC","2",0.00666353851556778,"2"
"Drews","17",20261017,"TCGA-CJ-4903","KIRC","2",0.000842323177494109,"2"
"Drews","17",20261017,"TCGA-CJ-5677","KIRC","2",0.257053405046463,"2"
"Drews","17",20261017,"TCGA-CJ-6027","KIRC","2",0.010499494150281,"2"
"Drews","17",20261017,"TCGA-CW-5580","KIRC","2",0.000699128955602646,"2"
"Drews","17",20261017,"TCGA-CZ-4864","KIRC","2",0.00050175073556602,"2"
"Drews","17",20261017,"TCGA-CZ-5457","KIRC","2",0.000360071833711118,"2"
"Drews","17",20261017,"TCGA-CZ-5985","KIRC","2",0.00128122139722109,"2"
"Drews","17",20261017,"TCGA-EU-5907","KIRC","2",0.000516816857270896,"2"
"Drews","17",20261017,"TCGA-2Z-A9JJ","KIRP","1",0.169705808162689,"2"
"Drews","17",20261017,"TCGA-2Z-A9JP","KIRP","2",0.00600870605558157,"2"
"Drews","17",20261017,"TCGA-A4-A4ZT","KIRP","2",0.0131445387378335,"2"
"Drews","17",20261017,"TCGA-B3-4104","KIRP","1",0.980884790420532,"1"
"Drews","17",20261017,"TCGA-B9-A69E","KIRP","1",0.00821251608431339,"2"
"Drews","17",20261017,"TCGA-BQ-5876","KIRP","2",0.00969659630209208,"2"
"Drews","17",20261017,"TCGA-BQ-5885","KIRP","2",0.0597467161715031,"2"
"Drews","17",20261017,"TCGA-P4-A5EB","KIRP","2",0.0421921536326408,"2"
"Drews","17",20261017,"TCGA-Q2-A5QZ","KIRP","1",0.453932136297226,"2"
"Drews","17",20261017,"TCGA-CS-5393","LGG","1",0.543207168579102,"1"
"Drews","17",20261017,"TCGA-CS-6666","LGG","1",0.530083477497101,"1"
"Drews","17",20261017,"TCGA-DH-A7US","LGG","2",0.0121715404093266,"2"
"Drews","17",20261017,"TCGA-DU-5855","LGG","2",0.0514509305357933,"2"
"Drews","17",20261017,"TCGA-DU-6399","LGG","2",0.123705461621284,"2"
"Drews","17",20261017,"TCGA-DU-6410","LGG","2",0.0701174363493919,"2"
"Drews","17",20261017,"TCGA-E1-5304","LGG","1",0.987577736377716,"1"
"Drews","17",20261017,"TCGA-E1-A7Z3","LGG","2",0.03433857858181,"2"
"Drews","17",20261017,"TCGA-FG-5962","LGG","2",0.00101451680529863,"2"
"Drews","17",20261017,"TCGA-FG-7634","LGG","2",0.00607337895780802,"2"
"Drews","17",20261017,"TCGA-FG-8191","LGG","2",0.0159127749502659,"2"
"Drews","17",20261017,"TCGA-FG-A87Q","LGG","1",0.0771774426102638,"2"
"Drews","17",20261017,"TCGA-HT-7693","LGG","2",0.144779324531555,"2"
"Drews","17",20261017,"TCGA-HT-7860","LGG","2",0.0125086391344666,"2"
"Drews","17",20261017,"TCGA-HT-7875","LGG","2",0.00173208024352789,"2"
"Drews","17",20261017,"TCGA-IK-7675","LGG","1",0.767493724822998,"1"
"Drews","17",20261017,"TCGA-QH-A6CY","LGG","2",0.00618833396583796,"2"
"Drews","17",20261017,"TCGA-QH-A6X5","LGG","2",0.014489920809865,"2"
"Drews","17",20261017,"TCGA-R8-A73M","LGG","2",0.0255803819745779,"2"
"Drews","17",20261017,"TCGA-S9-A6WO","LGG","2",0.00523460377007723,"2"
"Drews","17",20261017,"TCGA-S9-A7R8","LGG","1",0.0809150263667107,"2"
"Drews","17",20261017,"TCGA-TM-A84B","LGG","1",0.394400417804718,"2"
"Drews","17",20261017,"TCGA-TQ-A7RJ","LGG","2",0.523738026618958,"1"
"Drews","17",20261017,"TCGA-VM-A8CE","LGG","2",0.00301902554929256,"2"
"Drews","17",20261017,"TCGA-2Y-A9H0","LIHC","1",0.997721016407013,"1"
"Drews","17",20261017,"TCGA-2Y-A9H3","LIHC","1",0.958656013011932,"1"
"Drews","17",20261017,"TCGA-2Y-A9H7","LIHC","2",0.958282232284546,"1"
"Drews","17",20261017,"TCGA-2Y-A9HA","LIHC","1",0.988889217376709,"1"
"Drews","17",20261017,"TCGA-4R-AA8I","LIHC","1",0.911820888519287,"1"
"Drews","17",20261017,"TCGA-BC-A10Y","LIHC","1",0.977933526039124,"1"
"Drews","17",20261017,"TCGA-DD-A3A5","LIHC","1",0.958025455474854,"1"
"Drews","17",20261017,"TCGA-DD-A4NI","LIHC","2",0.0883109644055367,"2"
"Drews","17",20261017,"TCGA-DD-AACH","LIHC","1",0.999041855335236,"1"
"Drews","17",20261017,"TCGA-DD-AACX","LIHC","2",0.445944100618362,"2"
"Drews","17",20261017,"TCGA-DD-AADC","LIHC","1",0.992826104164124,"1"
"Drews","17",20261017,"TCGA-DD-AADF","LIHC","1",0.996058940887451,"1"
"Drews","17",20261017,"TCGA-DD-AADN","LIHC","1",0.935028076171875,"1"
"Drews","17",20261017,"TCGA-DD-AAVY","LIHC","2",0.118271559476852,"2"
"Drews","17",20261017,"TCGA-EP-A2KC","LIHC","2",0.530101358890533,"1"
"Drews","17",20261017,"TCGA-FV-A496","LIHC","1",0.966271281242371,"1"
"Drews","17",20261017,"TCGA-G3-A6UC","LIHC","1",0.635428786277771,"1"
"Drews","17",20261017,"TCGA-G3-A7M7","LIHC","2",0.275212645530701,"2"
"Drews","17",20261017,"TCGA-LG-A9QD","LIHC","2",0.0568468831479549,"2"
"Drews","17",20261017,"TCGA-RC-A6M3","LIHC","1",0.771558940410614,"1"
"Drews","17",20261017,"TCGA-ZP-A9D1","LIHC","2",0.845035791397095,"1"
"Drews","17",20261017,"TCGA-49-AAR0","LUAD","1",0.997455298900604,"1"
"Drews","17",20261017,"TCGA-50-6591","LUAD","1",0.99998664855957,"1"
"Drews","17",20261017,"TCGA-50-6594","LUAD","1",0.99882584810257,"1"
"Drews","17",20261017,"TCGA-50-8457","LUAD","2",0.779414534568787,"1"
"Drews","17",20261017,"TCGA-53-7624","LUAD","1",0.999969005584717,"1"
"Drews","17",20261017,"TCGA-55-1595","LUAD","1",0.999956607818604,"1"
"Drews","17",20261017,"TCGA-55-5899","LUAD","1",0.999740779399872,"1"
"Drews","17",20261017,"TCGA-55-6975","LUAD","1",0.999874591827393,"1"
"Drews","17",20261017,"TCGA-55-7907","LUAD","1",0.933846354484558,"1"
"Drews","17",20261017,"TCGA-55-7994","LUAD","1",0.988404989242554,"1"
"Drews","17",20261017,"TCGA-55-8094","LUAD","1",0.999852299690247,"1"
"Drews","17",20261017,"TCGA-55-A48Z","LUAD","1",0.998230993747711,"1"
"Drews","17",20261017,"TCGA-55-A490","LUAD","1",0.999920248985291,"1"
"Drews","17",20261017,"TCGA-62-A46Y","LUAD","2",0.501892626285553,"1"
"Drews","17",20261017,"TCGA-64-5774","LUAD","1",0.999356806278229,"1"
"Drews","17",20261017,"TCGA-67-3772","LUAD","1",0.963082790374756,"1"
"Drews","17",20261017,"TCGA-69-7980","LUAD","1",0.999537587165833,"1"
"Drews","17",20261017,"TCGA-78-7146","LUAD","1",0.99928891658783,"1"
"Drews","17",20261017,"TCGA-78-8662","LUAD","1",0.999909996986389,"1"
"Drews","17",20261017,"TCGA-86-6851","LUAD","1",0.999729096889496,"1"
"Drews","17",20261017,"TCGA-86-8056","LUAD","1",0.820946097373962,"1"
"Drews","17",20261017,"TCGA-86-8280","LUAD","1",0.999290943145752,"1"
"Drews","17",20261017,"TCGA-91-6840","LUAD","1",0.999769628047943,"1"
"Drews","17",20261017,"TCGA-95-7039","LUAD","1",0.998557865619659,"1"
"Drews","17",20261017,"TCGA-97-7547","LUAD","1",0.911395609378815,"1"
"Drews","17",20261017,"TCGA-L9-A444","LUAD","1",0.999854803085327,"1"
"Drews","17",20261017,"TCGA-MP-A4SW","LUAD","1",0.991957187652588,"1"
"Drews","17",20261017,"TCGA-18-3411","LUSC","1",0.998006522655487,"1"
"Drews","17",20261017,"TCGA-21-1080","LUSC","1",0.999768197536469,"1"
"Drews","17",20261017,"TCGA-21-5783","LUSC","1",0.99969744682312,"1"
"Drews","17",20261017,"TCGA-33-4587","LUSC","1",0.999732196331024,"1"
"Drews","17",20261017,"TCGA-33-AAS8","LUSC","1",0.99997341632843,"1"
"Drews","17",20261017,"TCGA-37-4135","LUSC","1",0.999967455863953,"1"
"Drews","17",20261017,"TCGA-37-5819","LUSC","1",0.999103367328644,"1"
"Drews","17",20261017,"TCGA-39-5035","LUSC","1",0.9974325299263,"1"
"Drews","17",20261017,"TCGA-39-5037","LUSC","1",0.999776184558868,"1"
"Drews","17",20261017,"TCGA-43-A56V","LUSC","1",0.999772489070892,"1"
"Drews","17",20261017,"TCGA-46-6025","LUSC","1",0.999748170375824,"1"
"Drews","17",20261017,"TCGA-56-8626","LUSC","1",0.991122722625732,"1"
"Drews","17",20261017,"TCGA-56-8628","LUSC","1",0.993246555328369,"1"
"Drews","17",20261017,"TCGA-60-2698","LUSC","1",0.99925571680069,"1"
"Drews","17",20261017,"TCGA-60-2726","LUSC","1",0.999922752380371,"1"
"Drews","17",20261017,"TCGA-63-A5MB","LUSC","1",0.999818384647369,"1"
"Drews","17",20261017,"TCGA-63-A5MH","LUSC","1",0.999043762683868,"1"
"Drews","17",20261017,"TCGA-63-A5MW","LUSC","1",0.99997091293335,"1"
"Drews","17",20261017,"TCGA-63-A5MY","LUSC","1",0.999985933303833,"1"
"Drews","17",20261017,"TCGA-66-2768","LUSC","1",0.999968647956848,"1"
"Drews","17",20261017,"TCGA-66-2791","LUSC","1",0.999899506568909,"1"
"Drews","17",20261017,"TCGA-66-2800","LUSC","1",0.999688744544983,"1"
"Drews","17",20261017,"TCGA-77-6843","LUSC","1",0.998885929584503,"1"
"Drews","17",20261017,"TCGA-77-8009","LUSC","1",0.999922037124634,"1"
"Drews","17",20261017,"TCGA-85-7696","LUSC","1",0.999804317951202,"1"
"Drews","17",20261017,"TCGA-85-8070","LUSC","1",0.999945282936096,"1"
"Drews","17",20261017,"TCGA-85-8351","LUSC","1",0.989782452583313,"1"
"Drews","17",20261017,"TCGA-85-A4QR","LUSC","1",0.999980211257935,"1"
"Drews","17",20261017,"TCGA-85-A510","LUSC","1",0.998424053192139,"1"
"Drews","17",20261017,"TCGA-94-A4VJ","LUSC","1",0.999463140964508,"1"
"Drews","17",20261017,"TCGA-96-A4JK","LUSC","1",0.998617172241211,"1"
"Drews","17",20261017,"TCGA-98-8020","LUSC","1",0.999707400798798,"1"
"Drews","17",20261017,"TCGA-98-8022","LUSC","1",0.999769389629364,"1"
"Drews","17",20261017,"TCGA-L3-A524","LUSC","1",0.999928712844849,"1"
"Drews","17",20261017,"TCGA-MQ-A4LJ","MESO","1",0.515626192092896,"1"
"Drews","17",20261017,"TCGA-TS-A7OZ","MESO","1",0.999548971652985,"1"
"Drews","17",20261017,"TCGA-UD-AAC7","MESO","1",0.996751189231873,"1"
"Drews","17",20261017,"TCGA-ZN-A9VU","MESO","2",0.16104619204998,"2"
"Drews","17",20261017,"TCGA-09-1674","OV","1",0.999902248382568,"1"
"Drews","17",20261017,"TCGA-09-2056","OV","1",0.999745786190033,"1"
"Drews","17",20261017,"TCGA-10-0928","OV","1",0.999748170375824,"1"
"Drews","17",20261017,"TCGA-13-0920","OV","1",0.999983549118042,"1"
"Drews","17",20261017,"TCGA-13-2060","OV","1",0.999985337257385,"1"
"Drews","17",20261017,"TCGA-20-1683","OV","1",0.999793708324432,"1"
"Drews","17",20261017,"TCGA-20-1687","OV","1",0.98376852273941,"1"
"Drews","17",20261017,"TCGA-23-1809","OV","1",0.999968290328979,"1"
"Drews","17",20261017,"TCGA-24-1417","OV","1",0.999973297119141,"1"
"Drews","17",20261017,"TCGA-24-1430","OV","1",0.997556090354919,"1"
"Drews","17",20261017,"TCGA-24-1552","OV","1",0.999989748001099,"1"
"Drews","17",20261017,"TCGA-24-1564","OV","1",0.99965238571167,"1"
"Drews","17",20261017,"TCGA-24-2035","OV","1",0.99962317943573,"1"
"Drews","17",20261017,"TCGA-24-2254","OV","1",0.999357402324677,"1"
"Drews","17",20261017,"TCGA-24-2289","OV","1",0.999983191490173,"1"
"Drews","17",20261017,"TCGA-24-2290","OV","1",0.999953508377075,"1"
"Drews","17",20261017,"TCGA-24-2298","OV","1",0.999464333057404,"1"
"Drews","17",20261017,"TCGA-25-2391","OV","1",0.999247074127197,"1"
"Drews","17",20261017,"TCGA-25-2398","OV","1",0.999662160873413,"1"
"Drews","17",20261017,"TCGA-29-1696","OV","1",0.998043656349182,"1"
"Drews","17",20261017,"TCGA-29-1701","OV","1",0.999967932701111,"1"
"Drews","17",20261017,"TCGA-29-1705","OV","1",0.999978184700012,"1"
"Drews","17",20261017,"TCGA-29-1763","OV","1",0.999621033668518,"1"
"Drews","17",20261017,"TCGA-29-1781","OV","1",0.998434007167816,"1"
"Drews","17",20261017,"TCGA-29-1784","OV","1",0.99998664855957,"1"
"Drews","17",20261017,"TCGA-30-1862","OV","1",0.999964594841003,"1"
"Drews","17",20261017,"TCGA-59-2352","OV","1",0.999835014343262,"1"
"Drews","17",20261017,"TCGA-61-1725","OV","1",0.99942821264267,"1"
"Drews","17",20261017,"TCGA-61-1907","OV","1",0.999909162521362,"1"
"Drews","17",20261017,"TCGA-61-2002","OV","1",0.996943533420563,"1"
"Drews","17",20261017,"TCGA-61-2003","OV","1",0.999585449695587,"1"
"Drews","17",20261017,"TCGA-61-2008","OV","1",0.999884724617004,"1"
"Drews","17",20261017,"TCGA-61-2109","OV","1",0.999930024147034,"1"
"Drews","17",20261017,"TCGA-3A-A9IB","PAAD","1",0.985072195529938,"1"
"Drews","17",20261017,"TCGA-3A-A9IZ","PAAD","1",0.998611807823181,"1"
"Drews","17",20261017,"TCGA-IB-A6UF","PAAD","1",0.995635807514191,"1"
"Drews","17",20261017,"TCGA-IB-AAUO","PAAD","1",0.951316058635712,"1"
"Drews","17",20261017,"TCGA-PZ-A5RE","PAAD","1",0.995724320411682,"1"
"Drews","17",20261017,"TCGA-QR-A6GU","PCPG","2",0.444731801748276,"2"
"Drews","17",20261017,"TCGA-QR-A6GX","PCPG","2",0.23242649435997,"2"
"Drews","17",20261017,"TCGA-QR-A6ZZ","PCPG","1",0.0111656989902258,"2"
"Drews","17",20261017,"TCGA-QT-A69Q","PCPG","2",0.0531177967786789,"2"
"Drews","17",20261017,"TCGA-S7-A7WN","PCPG","2",0.130191311240196,"2"
"Drews","17",20261017,"TCGA-SP-A6QD","PCPG","2",0.187041833996773,"2"
"Drews","17",20261017,"TCGA-SR-A6MR","PCPG","1",0.0601952783763409,"2"
"Drews","17",20261017,"TCGA-SR-A6MV","PCPG","2",0.0687723755836487,"2"
"Drews","17",20261017,"TCGA-W2-A7H7","PCPG","2",0.143675982952118,"2"
"Drews","17",20261017,"TCGA-WB-A81T","PCPG","2",0.0393962860107422,"2"
"Drews","17",20261017,"TCGA-CH-5737","PRAD","1",0.856034636497498,"1"
"Drews","17",20261017,"TCGA-CH-5765","PRAD","2",0.981446206569672,"1"
"Drews","17",20261017,"TCGA-EJ-5524","PRAD","1",0.930751800537109,"1"
"Drews","17",20261017,"TCGA-EJ-8469","PRAD","1",0.980839908123016,"1"
"Drews","17",20261017,"TCGA-EJ-A8FN","PRAD","1",0.76947420835495,"1"
"Drews","17",20261017,"TCGA-G9-6384","PRAD","2",0.0959451124072075,"2"
"Drews","17",20261017,"TCGA-HC-7080","PRAD","1",0.92814314365387,"1"
"Drews","17",20261017,"TCGA-HC-A4ZV","PRAD","1",0.999822437763214,"1"
"Drews","17",20261017,"TCGA-HC-A76W","PRAD","2",0.929055988788605,"1"
"Drews","17",20261017,"TCGA-HI-7168","PRAD","1",0.998524129390717,"1"
"Drews","17",20261017,"TCGA-KC-A4BV","PRAD","1",0.962467432022095,"1"
"Drews","17",20261017,"TCGA-KK-A7AQ","PRAD","1",0.997847676277161,"1"
"Drews","17",20261017,"TCGA-V1-A8WW","PRAD","1",0.9986851811409,"1"
"Drews","17",20261017,"TCGA-V1-A9O5","PRAD","1",0.998330295085907,"1"
"Drews","17",20261017,"TCGA-V1-A9ZR","PRAD","1",0.87303614616394,"1"
"Drews","17",20261017,"TCGA-XJ-A83H","PRAD","2",0.919065654277802,"1"
"Drews","17",20261017,"TCGA-YJ-A8SW","PRAD","1",0.99727588891983,"1"
"Drews","17",20261017,"TCGA-ZG-A9ND","PRAD","1",0.998186886310577,"1"
"Drews","17",20261017,"TCGA-AF-3913","READ","1",0.980012118816376,"1"
"Drews","17",20261017,"TCGA-AG-3878","READ","2",0.964077174663544,"1"
"Drews","17",20261017,"TCGA-AG-3881","READ","1",0.991958856582642,"1"
"Drews","17",20261017,"TCGA-AG-3896","READ","1",0.903368234634399,"1"
"Drews","17",20261017,"TCGA-AG-4022","READ","2",0.932457208633423,"1"
"Drews","17",20261017,"TCGA-AG-A02N","READ","2",0.116800963878632,"2"
"Drews","17",20261017,"TCGA-AG-A02X","READ","1",0.9902623295784,"1"
"Drews","17",20261017,"TCGA-G5-6572","READ","2",0.0330596826970577,"2"
"Drews","17",20261017,"TCGA-G5-6641","READ","1",0.672375321388245,"1"
"Drews","17",20261017,"TCGA-3B-A9HV","SARC","1",0.999662637710571,"1"
"Drews","17",20261017,"TCGA-3B-A9I1","SARC","1",0.980826079845428,"1"
"Drews","17",20261017,"TCGA-DX-A1KW","SARC","1",0.998610377311707,"1"
"Drews","17",20261017,"TCGA-DX-A23Y","SARC","1",0.999719083309174,"1"
"Drews","17",20261017,"TCGA-DX-A6BF","SARC","1",0.998561322689056,"1"
"Drews","17",20261017,"TCGA-DX-A7EF","SARC","1",0.999933242797852,"1"
"Drews","17",20261017,"TCGA-DX-AATS","SARC","1",0.999993801116943,"1"
"Drews","17",20261017,"TCGA-DX-AB2Q","SARC","1",0.999638795852661,"1"
"Drews","17",20261017,"TCGA-DX-AB35","SARC","1",0.998304009437561,"1"
"Drews","17",20261017,"TCGA-HB-A3YV","SARC","1",0.996424376964569,"1"
"Drews","17",20261017,"TCGA-HB-A43Z","SARC","1",0.997616291046143,"1"
"Drews","17",20261017,"TCGA-IS-A3KA","SARC","1",0.965901792049408,"1"
"Drews","17",20261017,"TCGA-JV-A5VF","SARC","1",0.999827980995178,"1"
"Drews","17",20261017,"TCGA-JV-A75J","SARC","1",0.999783217906952,"1"
"Drews","17",20261017,"TCGA-KD-A5QS","SARC","1",0.999898433685303,"1"
"Drews","17",20261017,"TCGA-PC-A5DK","SARC","2",0.879252791404724,"1"
"Drews","17",20261017,"TCGA-PC-A5DM","SARC","1",0.999513864517212,"1"
"Drews","17",20261017,"TCGA-QC-A7B5","SARC","2",0.982248783111572,"1"
"Drews","17",20261017,"TCGA-QQ-A5VD","SARC","2",0.992506802082062,"1"
"Drews","17",20261017,"TCGA-QQ-A8VH","SARC","1",0.999958038330078,"1"
"Drews","17",20261017,"TCGA-SG-A6Z7","SARC","1",0.999953746795654,"1"
"Drews","17",20261017,"TCGA-SI-A71O","SARC","1",0.999663591384888,"1"
"Drews","17",20261017,"TCGA-WK-A8XO","SARC","1",0.994227170944214,"1"
"Drews","17",20261017,"TCGA-Z4-AAPF","SARC","2",0.995124757289886,"1"
"Drews","17",20261017,"TCGA-BF-A3DJ","SKCM","2",0.898254454135895,"1"
"Drews","17",20261017,"TCGA-BF-AAP2","SKCM","1",0.951489567756653,"1"
"Drews","17",20261017,"TCGA-EB-A3XB","SKCM","2",0.484123438596725,"2"
"Drews","17",20261017,"TCGA-EB-A4OY","SKCM","1",0.967022061347961,"1"
"Drews","17",20261017,"TCGA-EB-A57M","SKCM","1",0.993317365646362,"1"
"Drews","17",20261017,"TCGA-EB-A82B","SKCM","1",0.984381437301636,"1"
"Drews","17",20261017,"TCGA-FR-A2OS","SKCM","1",0.947986781597137,"1"
"Drews","17",20261017,"TCGA-XV-AAZW","SKCM","1",0.889368295669556,"1"
"Drews","17",20261017,"TCGA-BR-6455","STAD","2",0.746016263961792,"1"
"Drews","17",20261017,"TCGA-BR-6456","STAD","1",0.999569714069366,"1"
"Drews","17",20261017,"TCGA-BR-6458","STAD","1",0.988401353359222,"1"
"Drews","17",20261017,"TCGA-BR-8077","STAD","1",0.999445617198944,"1"
"Drews","17",20261017,"TCGA-BR-8485","STAD","1",0.999790251255035,"1"
"Drews","17",20261017,"TCGA-BR-8486","STAD","1",0.997178554534912,"1"
"Drews","17",20261017,"TCGA-BR-A4J1","STAD","1",0.998746156692505,"1"
"Drews","17",20261017,"TCGA-BR-A4J6","STAD","1",0.463901787996292,"2"
"Drews","17",20261017,"TCGA-CD-5800","STAD","1",0.999897122383118,"1"
"Drews","17",20261017,"TCGA-D7-A4YY","STAD","1",0.899528205394745,"1"
"Drews","17",20261017,"TCGA-D7-A6EX","STAD","1",0.99736624956131,"1"
"Drews","17",20261017,"TCGA-EQ-A4SO","STAD","1",0.995109856128693,"1"
"Drews","17",20261017,"TCGA-FP-7829","STAD","1",0.991754293441772,"1"
"Drews","17",20261017,"TCGA-FP-8211","STAD","1",0.993926346302032,"1"
"Drews","17",20261017,"TCGA-HU-8249","STAD","1",0.993991196155548,"1"
"Drews","17",20261017,"TCGA-HU-A4GF","STAD","1",0.999351799488068,"1"
"Drews","17",20261017,"TCGA-HU-A4H2","STAD","1",0.999026656150818,"1"
"Drews","17",20261017,"TCGA-HU-A4HD","STAD","1",0.999523758888245,"1"
"Drews","17",20261017,"TCGA-IN-A6RN","STAD","1",0.999733984470367,"1"
"Drews","17",20261017,"TCGA-MX-A666","STAD","1",0.999669432640076,"1"
"Drews","17",20261017,"TCGA-VQ-A8E7","STAD","1",0.99964451789856,"1"
"Drews","17",20261017,"TCGA-VQ-A8PK","STAD","1",0.999948859214783,"1"
"Drews","17",20261017,"TCGA-VQ-A91A","STAD","1",0.999565064907074,"1"
"Drews","17",20261017,"TCGA-VQ-A91N","STAD","1",0.999805867671967,"1"
"Drews","17",20261017,"TCGA-VQ-A94O","STAD","1",0.999386668205261,"1"
"Drews","17",20261017,"TCGA-VQ-A94R","STAD","1",0.999368965625763,"1"
"Drews","17",20261017,"TCGA-VQ-AA6D","STAD","1",0.99998939037323,"1"
"Drews","17",20261017,"TCGA-2G-AAGO","TGCT","1",0.998795390129089,"1"
"Drews","17",20261017,"TCGA-2G-AAH3","TGCT","2",0.886790692806244,"1"
"Drews","17",20261017,"TCGA-2G-AAHL","TGCT","2",0.584977030754089,"1"
"Drews","17",20261017,"TCGA-S6-A8JW","TGCT","2",0.815971076488495,"1"
"Drews","17",20261017,"TCGA-EL-A3CX","THCA","2",0.0356619283556938,"2"
"Drews","17",20261017,"TCGA-EM-A3SY","THCA","2",0.00299285445362329,"2"
"Drews","17",20261017,"TCGA-5U-AB0D","THYM","1",0.928310990333557,"1"
"Drews","17",20261017,"TCGA-5B-A90C","UCEC","1",0.999927878379822,"1"
"Drews","17",20261017,"TCGA-A5-A0GJ","UCEC","1",0.947358369827271,"1"
"Drews","17",20261017,"TCGA-A5-A2K2","UCEC","1",0.99879777431488,"1"
"Drews","17",20261017,"TCGA-AJ-A2QM","UCEC","1",0.988718867301941,"1"
"Drews","17",20261017,"TCGA-AJ-A3BF","UCEC","1",0.999672293663025,"1"
"Drews","17",20261017,"TCGA-AJ-A3QS","UCEC","1",0.999029159545898,"1"
"Drews","17",20261017,"TCGA-AP-A05A","UCEC","1",0.999720633029938,"1"
"Drews","17",20261017,"TCGA-AP-A05D","UCEC","1",0.9999018907547,"1"
"Drews","17",20261017,"TCGA-AP-A05H","UCEC","1",0.999972224235535,"1"
"Drews","17",20261017,"TCGA-AX-A1C7","UCEC","1",0.999022364616394,"1"
"Drews","17",20261017,"TCGA-AX-A1C8","UCEC","1",0.99991250038147,"1"
"Drews","17",20261017,"TCGA-AX-A2IN","UCEC","2",0.996052980422974,"1"
"Drews","17",20261017,"TCGA-AX-A3FS","UCEC","2",0.989048957824707,"1"
"Drews","17",20261017,"TCGA-AX-A3G4","UCEC","1",0.999846696853638,"1"
"Drews","17",20261017,"TCGA-B5-A1N2","UCEC","1",0.999911665916443,"1"
"Drews","17",20261017,"TCGA-BG-A222","UCEC","2",0.364455044269562,"2"
"Drews","17",20261017,"TCGA-BK-A0C9","UCEC","2",0.186797261238098,"2"
"Drews","17",20261017,"TCGA-BK-A26L","UCEC","1",0.999669194221497,"1"
"Drews","17",20261017,"TCGA-BS-A0TI","UCEC","1",0.99555641412735,"1"
"Drews","17",20261017,"TCGA-D1-A0ZP","UCEC","1",0.998873293399811,"1"
"Drews","17",20261017,"TCGA-D1-A16N","UCEC","1",0.928233325481415,"1"
"Drews","17",20261017,"TCGA-D1-A1O0","UCEC","1",0.993513286113739,"1"
"Drews","17",20261017,"TCGA-D1-A3DH","UCEC","1",0.999396800994873,"1"
"Drews","17",20261017,"TCGA-DI-A2QU","UCEC","1",0.951672434806824,"1"
"Drews","17",20261017,"TCGA-DI-A2QY","UCEC","1",0.99951958656311,"1"
"Drews","17",20261017,"TCGA-EO-A3KW","UCEC","1",0.998518168926239,"1"
"Drews","17",20261017,"TCGA-EY-A1GO","UCEC","2",0.983238339424133,"1"
"Drews","17",20261017,"TCGA-EY-A212","UCEC","1",0.999915957450867,"1"
"Drews","17",20261017,"TCGA-EY-A2OO","UCEC","2",0.220720693469048,"2"
"Drews","17",20261017,"TCGA-EY-A3L3","UCEC","1",0.999520301818848,"1"
"Drews","17",20261017,"TCGA-EY-A547","UCEC","1",0.981005430221558,"1"
"Drews","17",20261017,"TCGA-FI-A2CY","UCEC","1",0.999737203121185,"1"
"Drews","17",20261017,"TCGA-H5-A2HR","UCEC","1",0.999454438686371,"1"
"Drews","17",20261017,"TCGA-SL-A6J9","UCEC","1",0.999800503253937,"1"
"Drews","17",20261017,"TCGA-N5-A4RT","UCS","1",0.999996423721313,"1"
"Drews","17",20261017,"TCGA-N8-A4PN","UCS","1",0.999618053436279,"1"
"Drews","17",20261017,"TCGA-N8-A4PO","UCS","1",0.999704420566559,"1"
"Drews","17",20261017,"TCGA-N9-A4PZ","UCS","1",0.9998619556427,"1"
"Drews","17",20261017,"TCGA-N9-A4Q1","UCS","1",0.999973177909851,"1"
"Drews","17",20261017,"TCGA-NA-A4QV","UCS","1",0.999928712844849,"1"
"Drews","17",20261017,"TCGA-NF-A5CP","UCS","1",0.999986052513123,"1"
"Drews","17",20261017,"TCGA-V4-A9EO","UVM","2",0.00397794879972935,"2"
"Drews","17",20261017,"TCGA-VD-A8K8","UVM","2",0.00962528958916664,"2"
"Drews","17",20261017,"TCGA-VD-A8KF","UVM","2",0.00197208882309496,"2"
"Drews","17",20261017,"TCGA-VD-A8KN","UVM","2",0.00472047226503491,"2"
"Drews","18",20261018,"TCGA-OR-A5J1","ACC","1",0.780775964260101,"1"
"Drews","18",20261018,"TCGA-OR-A5J5","ACC","2",0.818328201770782,"1"
"Drews","18",20261018,"TCGA-OR-A5K1","ACC","2",0.103846229612827,"2"
"Drews","18",20261018,"TCGA-OR-A5K2","ACC","1",0.975436449050903,"1"
"Drews","18",20261018,"TCGA-OR-A5KU","ACC","2",0.653316736221313,"1"
"Drews","18",20261018,"TCGA-OR-A5LG","ACC","1",0.46766185760498,"2"
"Drews","18",20261018,"TCGA-OR-A5LK","ACC","2",0.261447012424469,"2"
"Drews","18",20261018,"TCGA-OR-A5LN","ACC","2",0.0706584304571152,"2"
"Drews","18",20261018,"TCGA-4Z-AA7R","BLCA","1",0.999983549118042,"1"
"Drews","18",20261018,"TCGA-BL-A13J","BLCA","1",0.999987840652466,"1"
"Drews","18",20261018,"TCGA-BT-A20P","BLCA","1",0.705623745918274,"1"
"Drews","18",20261018,"TCGA-BT-A20V","BLCA","1",0.99979430437088,"1"
"Drews","18",20261018,"TCGA-BT-A2LA","BLCA","1",0.999971866607666,"1"
"Drews","18",20261018,"TCGA-CF-A1HR","BLCA","1",0.857519567012787,"1"
"Drews","18",20261018,"TCGA-DK-A1A5","BLCA","1",0.999338209629059,"1"
"Drews","18",20261018,"TCGA-DK-A1A6","BLCA","1",0.999042570590973,"1"
"Drews","18",20261018,"TCGA-DK-A1A7","BLCA","1",0.999846816062927,"1"
"Drews","18",20261018,"TCGA-DK-A2HX","BLCA","1",0.99957937002182,"1"
"Drews","18",20261018,"TCGA-DK-A3IL","BLCA","1",0.998975396156311,"1"
"Drews","18",20261018,"TCGA-DK-A3X1","BLCA","1",0.99906986951828,"1"
"Drews","18",20261018,"TCGA-DK-A6AV","BLCA","1",0.999935150146484,"1"
"Drews","18",20261018,"TCGA-DK-AA76","BLCA","1",0.999111950397491,"1"
"Drews","18",20261018,"TCGA-E5-A4U1","BLCA","1",0.999459564685822,"1"
"Drews","18",20261018,"TCGA-FD-A3SR","BLCA","1",0.999934077262878,"1"
"Drews","18",20261018,"TCGA-FJ-A3ZF","BLCA","1",0.999942183494568,"1"
"Drews","18",20261018,"TCGA-G2-A3IE","BLCA","1",0.982058107852936,"1"
"Drews","18",20261018,"TCGA-GD-A2C5","BLCA","1",0.999728262424469,"1"
"Drews","18",20261018,"TCGA-GD-A6C6","BLCA","1",0.999325037002563,"1"
"Drews","18",20261018,"TCGA-GV-A3JW","BLCA","1",0.999911189079285,"1"
"Drews","18",20261018,"TCGA-GV-A3JX","BLCA","1",0.999972224235535,"1"
"Drews","18",20261018,"TCGA-K4-A3WV","BLCA","1",0.99984872341156,"1"
"Drews","18",20261018,"TCGA-LT-A5Z6","BLCA","1",0.998887598514557,"1"
"Drews","18",20261018,"TCGA-UY-A78N","BLCA","1",0.926093935966492,"1"
"Drews","18",20261018,"TCGA-UY-A9PH","BLCA","1",0.999933958053589,"1"
"Drews","18",20261018,"TCGA-XF-A9SH","BLCA","1",0.599430561065674,"1"
"Drews","18",20261018,"TCGA-XF-A9SK","BLCA","1",0.980210602283478,"1"
"Drews","18",20261018,"TCGA-XF-A9ST","BLCA","1",0.998782575130463,"1"
"Drews","18",20261018,"TCGA-XF-A9T6","BLCA","1",0.998294174671173,"1"
"Drews","18",20261018,"TCGA-XF-AAMG","BLCA","1",0.999986886978149,"1"
"Drews","18",20261018,"TCGA-ZF-A9RM","BLCA","1",0.999714076519012,"1"
"Drews","18",20261018,"TCGA-ZF-AA5H","BLCA","1",0.999972701072693,"1"
"Drews","18",20261018,"TCGA-3C-AAAU","BRCA","1",0.962253332138062,"1"
"Drews","18",20261018,"TCGA-3C-AALK","BRCA","1",0.733365058898926,"1"
"Drews","18",20261018,"TCGA-A1-A0SI","BRCA","2",0.999072432518005,"1"
"Drews","18",20261018,"TCGA-A1-A0SK","BRCA","1",0.999944686889648,"1"
"Drews","18",20261018,"TCGA-A1-A0SM","BRCA","1",0.996069669723511,"1"
"Drews","18",20261018,"TCGA-A1-A0SO","BRCA","1",0.999974012374878,"1"
"Drews","18",20261018,"TCGA-A1-A0SP","BRCA","1",0.999671220779419,"1"
"Drews","18",20261018,"TCGA-A2-A0T2","BRCA","1",0.999866008758545,"1"
"Drews","18",20261018,"TCGA-A2-A0T5","BRCA","1",0.0797924622893333,"2"
"Drews","18",20261018,"TCGA-A2-A0T7","BRCA","1",0.999578416347504,"1"
"Drews","18",20261018,"TCGA-A2-A1FX","BRCA","1",0.99268251657486,"1"
"Drews","18",20261018,"TCGA-A7-A2KD","BRCA","1",0.999240517616272,"1"
"Drews","18",20261018,"TCGA-A8-A06N","BRCA","1",0.996306538581848,"1"
"Drews","18",20261018,"TCGA-A8-A06U","BRCA","1",0.99994421005249,"1"
"Drews","18",20261018,"TCGA-A8-A06Z","BRCA","1",0.997147500514984,"1"
"Drews","18",20261018,"TCGA-A8-A07G","BRCA","1",0.993531405925751,"1"
"Drews","18",20261018,"TCGA-A8-A095","BRCA","2",0.489396810531616,"2"
"Drews","18",20261018,"TCGA-A8-A09K","BRCA","1",0.996700823307037,"1"
"Drews","18",20261018,"TCGA-A8-A09W","BRCA","1",0.99968945980072,"1"
"Drews","18",20261018,"TCGA-AC-A3OD","BRCA","1",0.897042155265808,"1"
"Drews","18",20261018,"TCGA-AC-A5EH","BRCA","1",0.993396878242493,"1"
"Drews","18",20261018,"TCGA-AC-A7VB","BRCA","1",0.999881148338318,"1"
"Drews","18",20261018,"TCGA-AN-A04A","BRCA","1",0.999719202518463,"1"
"Drews","18",20261018,"TCGA-AN-A04C","BRCA","1",0.999975204467773,"1"
"Drews","18",20261018,"TCGA-AN-A0AR","BRCA","1",0.999865293502808,"1"
"Drews","18",20261018,"TCGA-AN-A0AS","BRCA","1",0.999339044094086,"1"
"Drews","18",20261018,"TCGA-AN-A0XN","BRCA","1",0.999185383319855,"1"
"Drews","18",20261018,"TCGA-AO-A03M","BRCA","1",0.997702896595001,"1"
"Drews","18",20261018,"TCGA-AO-A03N","BRCA","1",0.998450756072998,"1"
"Drews","18",20261018,"TCGA-AO-A03P","BRCA","1",0.99830150604248,"1"
"Drews","18",20261018,"TCGA-AO-A03T","BRCA","1",0.999010562896729,"1"
"Drews","18",20261018,"TCGA-AO-A0JE","BRCA","1",0.995528995990753,"1"
"Drews","18",20261018,"TCGA-AO-A124","BRCA","1",0.999982833862305,"1"
"Drews","18",20261018,"TCGA-AO-A12B","BRCA","2",0.117288336157799,"2"
"Drews","18",20261018,"TCGA-AQ-A54O","BRCA","1",0.909202218055725,"1"
"Drews","18",20261018,"TCGA-AR-A0TP","BRCA","1",0.999988436698914,"1"
"Drews","18",20261018,"TCGA-AR-A0U4","BRCA","1",0.99990975856781,"1"
"Drews","18",20261018,"TCGA-AR-A1AN","BRCA","1",0.748908638954163,"1"
"Drews","18",20261018,"TCGA-AR-A1AQ","BRCA","1",0.995363116264343,"1"
"Drews","18",20261018,"TCGA-AR-A24Q","BRCA","1",0.999801218509674,"1"
"Drews","18",20261018,"TCGA-AR-A255","BRCA","1",0.96522718667984,"1"
"Drews","18",20261018,"TCGA-B6-A0I9","BRCA","1",0.999935507774353,"1"
"Drews","18",20261018,"TCGA-B6-A0IN","BRCA","1",0.999478399753571,"1"
"Drews","18",20261018,"TCGA-BH-A0AU","BRCA","1",0.999301314353943,"1"
"Drews","18",20261018,"TCGA-BH-A0B4","BRCA","1",0.999734342098236,"1"
"Drews","18",20261018,"TCGA-BH-A0DD","BRCA","1",0.999528884887695,"1"
"Drews","18",20261018,"TCGA-BH-A0DG","BRCA","1",0.999249279499054,"1"
"Drews","18",20261018,"TCGA-BH-A0EA","BRCA","2",0.0622212551534176,"2"
"Drews","18",20261018,"TCGA-BH-A0GY","BRCA","1",0.999693155288696,"1"
"Drews","18",20261018,"TCGA-BH-A0HA","BRCA","2",0.803351283073425,"1"
"Drews","18",20261018,"TCGA-BH-A18J","BRCA","1",0.999894857406616,"1"
"Drews","18",20261018,"TCGA-BH-A18R","BRCA","1",0.998727381229401,"1"
"Drews","18",20261018,"TCGA-BH-A18U","BRCA","1",0.999140620231628,"1"
"Drews","18",20261018,"TCGA-BH-A1EO","BRCA","1",0.869579017162323,"1"
"Drews","18",20261018,"TCGA-BH-A1FC","BRCA","1",0.99981552362442,"1"
"Drews","18",20261018,"TCGA-BH-A1FD","BRCA","1",0.985419571399689,"1"
"Drews","18",20261018,"TCGA-BH-A1FE","BRCA","1",0.996418118476868,"1"
"Drews","18",20261018,"TCGA-BH-A202","BRCA","1",0.998046398162842,"1"
"Drews","18",20261018,"TCGA-BH-A5IZ","BRCA","1",0.99992036819458,"1"
"Drews","18",20261018,"TCGA-C8-A12T","BRCA","1",0.899551570415497,"1"
"Drews","18",20261018,"TCGA-D8-A140","BRCA","1",0.998960971832275,"1"
"Drews","18",20261018,"TCGA-D8-A1J8","BRCA","2",0.964174687862396,"1"
"Drews","18",20261018,"TCGA-D8-A1JA","BRCA","1",0.998965382575989,"1"
"Drews","18",20261018,"TCGA-D8-A1JD","BRCA","1",0.998343229293823,"1"
"Drews","18",20261018,"TCGA-D8-A1JJ","BRCA","1",0.999714910984039,"1"
"Drews","18",20261018,"TCGA-D8-A1JL","BRCA","1",0.999861240386963,"1"
"Drews","18",20261018,"TCGA-D8-A1JM","BRCA","1",0.99826318025589,"1"
"Drews","18",20261018,"TCGA-D8-A1XW","BRCA","1",0.998723924160004,"1"
"Drews","18",20261018,"TCGA-D8-A1Y1","BRCA","2",0.603554427623749,"1"
"Drews","18",20261018,"TCGA-D8-A1Y3","BRCA","1",0.999831676483154,"1"
"Drews","18",20261018,"TCGA-E2-A14P","BRCA","1",0.999954342842102,"1"
"Drews","18",20261018,"TCGA-E2-A14V","BRCA","1",0.999800980091095,"1"
"Drews","18",20261018,"TCGA-E2-A14X","BRCA","1",0.999948263168335,"1"
"Drews","18",20261018,"TCGA-E2-A150","BRCA","1",0.999989032745361,"1"
"Drews","18",20261018,"TCGA-E2-A156","BRCA","2",0.00385927897877991,"2"
"Drews","18",20261018,"TCGA-E2-A158","BRCA","1",0.999896764755249,"1"
"Drews","18",20261018,"TCGA-E2-A15H","BRCA","1",0.998659610748291,"1"
"Drews","18",20261018,"TCGA-E2-A15I","BRCA","2",0.139064282178879,"2"
"Drews","18",20261018,"TCGA-E2-A1IE","BRCA","1",0.999742090702057,"1"
"Drews","18",20261018,"TCGA-E2-A1II","BRCA","1",0.990921258926392,"1"
"Drews","18",20261018,"TCGA-E2-A1LG","BRCA","1",0.999142527580261,"1"
"Drews","18",20261018,"TCGA-E9-A1N9","BRCA","1",0.999508500099182,"1"
"Drews","18",20261018,"TCGA-E9-A1RF","BRCA","1",0.999743402004242,"1"
"Drews","18",20261018,"TCGA-E9-A1RG","BRCA","1",0.999578773975372,"1"
"Drews","18",20261018,"TCGA-E9-A229","BRCA","1",0.987832903862,"1"
"Drews","18",20261018,"TCGA-E9-A5UO","BRCA","1",0.999630689620972,"1"
"Drews","18",20261018,"TCGA-EW-A1J3","BRCA","1",0.96651154756546,"1"
"Drews","18",20261018,"TCGA-EW-A1OZ","BRCA","1",0.999871969223022,"1"
"Drews","18",20261018,"TCGA-EW-A1P8","BRCA","1",0.999829292297363,"1"
"Drews","18",20261018,"TCGA-GM-A2DA","BRCA","1",0.981353044509888,"1"
"Drews","18",20261018,"TCGA-OL-A5D8","BRCA","1",0.925667822360992,"1"
"Drews","18",20261018,"TCGA-S3-AA14","BRCA","1",0.95178085565567,"1"
"Drews","18",20261018,"TCGA-UU-A93S","BRCA","1",0.999912023544312,"1"
"Drews","18",20261018,"TCGA-V7-A7HQ","BRCA","2",0.66108101606369,"1"
"Drews","18",20261018,"TCGA-Z7-A8R5","BRCA","2",0.160155162215233,"2"
"Drews","18",20261018,"TCGA-4J-AA1J","CESC","1",0.985207080841064,"1"
"Drews","18",20261018,"TCGA-C5-A1BL","CESC","1",0.820023059844971,"1"
"Drews","18",20261018,"TCGA-C5-A2LY","CESC","1",0.950863182544708,"1"
"Drews","18",20261018,"TCGA-DS-A3LQ","CESC","1",0.991089820861816,"1"
"Drews","18",20261018,"TCGA-EA-A5FO","CESC","2",0.537964761257172,"1"
"Drews","18",20261018,"TCGA-EA-A5O9","CESC","1",0.980801165103912,"1"
"Drews","18",20261018,"TCGA-EK-A2RL","CESC","1",0.95577198266983,"1"
"Drews","18",20261018,"TCGA-IR-A3LA","CESC","1",0.997586727142334,"1"
"Drews","18",20261018,"TCGA-IR-A3LB","CESC","1",0.999720752239227,"1"
"Drews","18",20261018,"TCGA-JX-A3Q0","CESC","2",0.21460172533989,"2"
"Drews","18",20261018,"TCGA-VS-A8QF","CESC","1",0.998430550098419,"1"
"Drews","18",20261018,"TCGA-VS-A9U5","CESC","1",0.988282263278961,"1"
"Drews","18",20261018,"TCGA-VS-A9UL","CESC","1",0.99986457824707,"1"
"Drews","18",20261018,"TCGA-VS-A9UQ","CESC","1",0.994890093803406,"1"
"Drews","18",20261018,"TCGA-VS-A9UR","CESC","1",0.973976671695709,"1"
"Drews","18",20261018,"TCGA-ZJ-A8QR","CESC","1",0.977116525173187,"1"
"Drews","18",20261018,"TCGA-W5-AA2X","CHOL","1",0.99988865852356,"1"
"Drews","18",20261018,"TCGA-A6-2677","COAD","1",0.921298503875732,"1"
"Drews","18",20261018,"TCGA-A6-5660","COAD","1",0.948629796504974,"1"
"Drews","18",20261018,"TCGA-AA-3517","COAD","1",0.977680563926697,"1"
"Drews","18",20261018,"TCGA-AA-3666","COAD","1",0.986348986625671,"1"
"Drews","18",20261018,"TCGA-AA-3679","COAD","1",0.99142599105835,"1"
"Drews","18",20261018,"TCGA-AA-3837","COAD","2",0.209852233529091,"2"
"Drews","18",20261018,"TCGA-AA-3867","COAD","1",0.995829045772552,"1"
"Drews","18",20261018,"TCGA-AA-A022","COAD","2",0.688141644001007,"1"
"Drews","18",20261018,"TCGA-AD-6965","COAD","1",0.999075174331665,"1"
"Drews","18",20261018,"TCGA-CM-4746","COAD","2",0.599693477153778,"1"
"Drews","18",20261018,"TCGA-CM-5341","COAD","1",0.0547552295029163,"2"
"Drews","18",20261018,"TCGA-CM-6161","COAD","2",0.013452185317874,"2"
"Drews","18",20261018,"TCGA-D5-5537","COAD","2",0.226005882024765,"2"
"Drews","18",20261018,"TCGA-D5-6535","COAD","1",0.910225749015808,"1"
"Drews","18",20261018,"TCGA-F4-6704","COAD","1",0.994002044200897,"1"
"Drews","18",20261018,"TCGA-F4-6806","COAD","2",0.0144748268648982,"2"
"Drews","18",20261018,"TCGA-F4-6854","COAD","1",0.863976776599884,"1"
"Drews","18",20261018,"TCGA-G4-6309","COAD","2",0.258317887783051,"2"
"Drews","18",20261018,"TCGA-G4-6310","COAD","1",0.772862076759338,"1"
"Drews","18",20261018,"TCGA-G4-6323","COAD","2",0.000638520403299481,"2"
"Drews","18",20261018,"TCGA-NH-A50V","COAD","2",0.633318483829498,"1"
"Drews","18",20261018,"TCGA-GS-A9TY","DLBC","1",0.998021364212036,"1"
"Drews","18",20261018,"TCGA-2H-A9GF","ESCA","1",0.999992609024048,"1"
"Drews","18",20261018,"TCGA-2H-A9GH","ESCA","1",0.999945521354675,"1"
"Drews","18",20261018,"TCGA-2H-A9GN","ESCA","1",0.999918937683105,"1"
"Drews","18",20261018,"TCGA-IG-A8O2","ESCA","1",0.999193847179413,"1"
"Drews","18",20261018,"TCGA-JY-A6FE","ESCA","1",0.999982714653015,"1"
"Drews","18",20261018,"TCGA-L5-A4ON","ESCA","1",0.986957192420959,"1"
"Drews","18",20261018,"TCGA-L5-A8NE","ESCA","1",0.999269068241119,"1"
"Drews","18",20261018,"TCGA-L5-A8NW","ESCA","1",0.999518752098083,"1"
"Drews","18",20261018,"TCGA-LN-A49L","ESCA","1",0.999921917915344,"1"
"Drews","18",20261018,"TCGA-LN-A49M","ESCA","1",0.999838709831238,"1"
"Drews","18",20261018,"TCGA-LN-A49U","ESCA","1",0.996999561786652,"1"
"Drews","18",20261018,"TCGA-LN-A49Y","ESCA","1",0.999953508377075,"1"
"Drews","18",20261018,"TCGA-LN-A5U6","ESCA","1",0.999790608882904,"1"
"Drews","18",20261018,"TCGA-LN-A5U7","ESCA","1",0.999262869358063,"1"
"Drews","18",20261018,"TCGA-LN-A7HZ","ESCA","1",0.983038902282715,"1"
"Drews","18",20261018,"TCGA-R6-A6DN","ESCA","1",0.999884128570557,"1"
"Drews","18",20261018,"TCGA-VR-A8EP","ESCA","1",0.99968683719635,"1"
"Drews","18",20261018,"TCGA-VR-AA4D","ESCA","1",0.999756038188934,"1"
"Drews","18",20261018,"TCGA-06-0129","GBM","1",0.968290209770203,"1"
"Drews","18",20261018,"TCGA-06-2558","GBM","1",0.955757617950439,"1"
"Drews","18",20261018,"TCGA-26-5139","GBM","2",0.264066755771637,"2"
"Drews","18",20261018,"TCGA-27-2528","GBM","1",0.614913284778595,"1"
"Drews","18",20261018,"TCGA-28-2514","GBM","1",0.815237820148468,"1"
"Drews","18",20261018,"TCGA-28-5218","GBM","2",0.9693723320961,"1"
"Drews","18",20261018,"TCGA-BA-5149","HNSC","1",0.971834599971771,"1"
"Drews","18",20261018,"TCGA-BA-5559","HNSC","1",0.142083898186684,"2"
"Drews","18",20261018,"TCGA-BA-A8YP","HNSC","1",0.999996542930603,"1"
"Drews","18",20261018,"TCGA-CN-4730","HNSC","2",0.972708284854889,"1"
"Drews","18",20261018,"TCGA-CN-6024","HNSC","1",0.999347865581512,"1"
"Drews","18",20261018,"TCGA-CN-6997","HNSC","1",0.998876869678497,"1"
"Drews","18",20261018,"TCGA-CN-6998","HNSC","2",0.946257531642914,"1"
"Drews","18",20261018,"TCGA-CQ-A4CI","HNSC","1",0.998466372489929,"1"
"Drews","18",20261018,"TCGA-CR-6478","HNSC","1",0.998736798763275,"1"
"Drews","18",20261018,"TCGA-CR-7390","HNSC","1",0.9998539686203,"1"
"Drews","18",20261018,"TCGA-CV-5444","HNSC","1",0.999350488185883,"1"
"Drews","18",20261018,"TCGA-CV-6936","HNSC","1",0.990921556949615,"1"
"Drews","18",20261018,"TCGA-CV-7255","HNSC","1",0.999072432518005,"1"
"Drews","18",20261018,"TCGA-CV-7263","HNSC","2",0.993761241436005,"1"
"Drews","18",20261018,"TCGA-D6-A6EO","HNSC","1",0.995543539524078,"1"
"Drews","18",20261018,"TCGA-DQ-7591","HNSC","1",0.941633284091949,"1"
"Drews","18",20261018,"TCGA-HD-7754","HNSC","2",0.96643340587616,"1"
"Drews","18",20261018,"TCGA-HD-7832","HNSC","1",0.778866052627563,"1"
"Drews","18",20261018,"TCGA-IQ-A61G","HNSC","1",0.998749136924744,"1"
"Drews","18",20261018,"TCGA-KU-A66T","HNSC","1",0.999702155590057,"1"
"Drews","18",20261018,"TCGA-MT-A51X","HNSC","1",0.961062133312225,"1"
"Drews","18",20261018,"TCGA-QK-A8Z9","HNSC","1",0.999871730804443,"1"
"Drews","18",20261018,"TCGA-UF-A7JH","HNSC","1",0.920195698738098,"1"
"Drews","18",20261018,"TCGA-KL-8327","KICH","2",0.00892644375562668,"2"
"Drews","18",20261018,"TCGA-KL-8346","KICH","2",0.0888071954250336,"2"
"Drews","18",20261018,"TCGA-KM-8443","KICH","1",0.00596802076324821,"2"
"Drews","18",20261018,"TCGA-KN-8418","KICH","2",0.00677050091326237,"2"
"Drews","18",20261018,"TCGA-KN-8428","KICH","1",0.929799437522888,"1"
"Drews","18",20261018,"TCGA-KN-8432","KICH","2",0.00229351595044136,"2"
"Drews","18",20261018,"TCGA-KO-8408","KICH","2",0.0570753887295723,"2"
"Drews","18",20261018,"TCGA-A3-3317","KIRC","2",0.0122775882482529,"2"
"Drews","18",20261018,"TCGA-A3-3358","KIRC","2",0.000240329434745945,"2"
"Drews","18",20261018,"TCGA-A3-3382","KIRC","2",0.0198575910180807,"2"
"Drews","18",20261018,"TCGA-AK-3458","KIRC","2",0.122287705540657,"2"
"Drews","18",20261018,"TCGA-AS-3778","KIRC","2",0.0300468932837248,"2"
"Drews","18",20261018,"TCGA-B0-5713","KIRC","2",0.00147234159521759,"2"
"Drews","18",20261018,"TCGA-B2-4099","KIRC","2",0.00307559943757951,"2"
"Drews","18",20261018,"TCGA-B8-4143","KIRC","2",0.102627269923687,"2"
"Drews","18",20261018,"TCGA-B8-5549","KIRC","2",0.00307971052825451,"2"
"Drews","18",20261018,"TCGA-BP-4164","KIRC","2",0.0127036096528172,"2"
"Drews","18",20261018,"TCGA-BP-4963","KIRC","2",0.0113607179373503,"2"
"Drews","18",20261018,"TCGA-CJ-4640","KIRC","2",0.00511598819866776,"2"
"Drews","18",20261018,"TCGA-CJ-5683","KIRC","2",0.00385598791763186,"2"
"Drews","18",20261018,"TCGA-CJ-6033","KIRC","2",0.00188748491927981,"2"
"Drews","18",20261018,"TCGA-DV-5566","KIRC","2",0.00276681804098189,"2"
"Drews","18",20261018,"TCGA-A4-7287","KIRP","2",0.995546936988831,"1"
"Drews","18",20261018,"TCGA-A4-A5DU","KIRP","2",0.0278896149247885,"2"
"Drews","18",20261018,"TCGA-B3-4104","KIRP","1",0.983190417289734,"1"
"Drews","18",20261018,"TCGA-BQ-5876","KIRP","2",0.0181700438261032,"2"
"Drews","18",20261018,"TCGA-BQ-5878","KIRP","1",0.0420493632555008,"2"
"Drews","18",20261018,"TCGA-BQ-5892","KIRP","2",0.00103410659357905,"2"
"Drews","18",20261018,"TCGA-BQ-5894","KIRP","2",0.388194620609283,"2"
"Drews","18",20261018,"TCGA-G7-6793","KIRP","1",0.725147068500519,"1"
"Drews","18",20261018,"TCGA-Q2-A5QZ","KIRP","1",0.551109492778778,"1"
"Drews","18",20261018,"TCGA-DB-5277","LGG","1",0.99382072687149,"1"
"Drews","18",20261018,"TCGA-DH-5142","LGG","2",0.0210340823978186,"2"
"Drews","18",20261018,"TCGA-DH-A7UT","LGG","2",0.0864357128739357,"2"
"Drews","18",20261018,"TCGA-DH-A7UV","LGG","2",0.278719305992126,"2"
"Drews","18",20261018,"TCGA-DU-6410","LGG","2",0.0141569124534726,"2"
"Drews","18",20261018,"TCGA-DU-A5TY","LGG","1",0.209031909704208,"2"
"Drews","18",20261018,"TCGA-DU-A7T8","LGG","2",0.152263760566711,"2"
"Drews","18",20261018,"TCGA-DU-A7TA","LGG","1",0.360272079706192,"2"
"Drews","18",20261018,"TCGA-E1-A7YW","LGG","2",0.0655062422156334,"2"
"Drews","18",20261018,"TCGA-E1-A7Z3","LGG","2",0.0436233021318913,"2"
"Drews","18",20261018,"TCGA-FG-5962","LGG","2",0.00474149687215686,"2"
"Drews","18",20261018,"TCGA-FG-A6J3","LGG","1",0.822368144989014,"1"
"Drews","18",20261018,"TCGA-HT-7686","LGG","1",0.0647446811199188,"2"
"Drews","18",20261018,"TCGA-HT-7692","LGG","2",0.00135296548251063,"2"
"Drews","18",20261018,"TCGA-HT-7875","LGG","2",0.00102367915678769,"2"
"Drews","18",20261018,"TCGA-HT-A61B","LGG","1",0.0582387447357178,"2"
"Drews","18",20261018,"TCGA-HT-A61C","LGG","2",0.841142237186432,"1"
"Drews","18",20261018,"TCGA-IK-8125","LGG","2",0.00164739333558828,"2"
"Drews","18",20261018,"TCGA-P5-A5F4","LGG","2",0.0437840856611729,"2"
"Drews","18",20261018,"TCGA-P5-A733","LGG","2",0.136289551854134,"2"
"Drews","18",20261018,"TCGA-R8-A73M","LGG","2",0.00892671383917332,"2"
"Drews","18",20261018,"TCGA-S9-A6U6","LGG","2",0.00687849195674062,"2"
"Drews","18",20261018,"TCGA-TM-A7CF","LGG","1",0.229977712035179,"2"
"Drews","18",20261018,"TCGA-VM-A8CE","LGG","2",0.0105043705552816,"2"
"Drews","18",20261018,"TCGA-2Y-A9H3","LIHC","1",0.802806496620178,"1"
"Drews","18",20261018,"TCGA-2Y-A9HA","LIHC","1",0.989778578281403,"1"
"Drews","18",20261018,"TCGA-BC-A10Q","LIHC","2",0.726755082607269,"1"
"Drews","18",20261018,"TCGA-BC-A10Z","LIHC","1",0.977403879165649,"1"
"Drews","18",20261018,"TCGA-CC-5263","LIHC","1",0.999718368053436,"1"
"Drews","18",20261018,"TCGA-DD-A11B","LIHC","2",0.602301359176636,"1"
"Drews","18",20261018,"TCGA-DD-A1EI","LIHC","1",0.964768707752228,"1"
"Drews","18",20261018,"TCGA-DD-A3A7","LIHC","1",0.952505230903625,"1"
"Drews","18",20261018,"TCGA-DD-AACI","LIHC","1",0.751345574855804,"1"
"Drews","18",20261018,"TCGA-DD-AADD","LIHC","1",0.967936456203461,"1"
"Drews","18",20261018,"TCGA-DD-AADO","LIHC","1",0.990280210971832,"1"
"Drews","18",20261018,"TCGA-DD-AAVY","LIHC","2",0.313623607158661,"2"
"Drews","18",20261018,"TCGA-EP-A2KB","LIHC","2",0.338869214057922,"2"
"Drews","18",20261018,"TCGA-FV-A23B","LIHC","1",0.769514083862305,"1"
"Drews","18",20261018,"TCGA-RC-A6M3","LIHC","1",0.989025175571442,"1"
"Drews","18",20261018,"TCGA-RC-A7SK","LIHC","1",0.989466607570648,"1"
"Drews","18",20261018,"TCGA-UB-A7MD","LIHC","2",0.902914524078369,"1"
"Drews","18",20261018,"TCGA-UB-A7ME","LIHC","1",0.995250344276428,"1"
"Drews","18",20261018,"TCGA-WJ-A86L","LIHC","1",0.999420642852783,"1"
"Drews","18",20261018,"TCGA-WX-AA44","LIHC","1",0.987126529216766,"1"
"Drews","18",20261018,"TCGA-ZS-A9CF","LIHC","1",0.998362600803375,"1"
"Drews","18",20261018,"TCGA-05-4390","LUAD","1",0.999457061290741,"1"
"Drews","18",20261018,"TCGA-05-4415","LUAD","1",0.987921237945557,"1"
"Drews","18",20261018,"TCGA-05-5715","LUAD","1",0.927061319351196,"1"
"Drews","18",20261018,"TCGA-44-5644","LUAD","1",0.999969363212585,"1"
"Drews","18",20261018,"TCGA-44-6774","LUAD","1",0.998833477497101,"1"
"Drews","18",20261018,"TCGA-44-7660","LUAD","1",0.999951243400574,"1"
"Drews","18",20261018,"TCGA-44-A47A","LUAD","2",0.755352973937988,"1"
"Drews","18",20261018,"TCGA-50-7109","LUAD","1",0.998764634132385,"1"
"Drews","18",20261018,"TCGA-55-7903","LUAD","1",0.998502969741821,"1"
"Drews","18",20261018,"TCGA-55-7910","LUAD","1",0.999920606613159,"1"
"Drews","18",20261018,"TCGA-55-7994","LUAD","1",0.996991872787476,"1"
"Drews","18",20261018,"TCGA-55-7995","LUAD","1",0.999922156333923,"1"
"Drews","18",20261018,"TCGA-67-3772","LUAD","1",0.987042665481567,"1"
"Drews","18",20261018,"TCGA-67-3773","LUAD","1",0.232917979359627,"2"
"Drews","18",20261018,"TCGA-73-4668","LUAD","1",0.999883532524109,"1"
"Drews","18",20261018,"TCGA-73-4677","LUAD","2",0.917220532894135,"1"
"Drews","18",20261018,"TCGA-78-7146","LUAD","1",0.999896764755249,"1"
"Drews","18",20261018,"TCGA-78-7147","LUAD","1",0.999637842178345,"1"
"Drews","18",20261018,"TCGA-78-7220","LUAD","1",0.999884843826294,"1"
"Drews","18",20261018,"TCGA-78-7539","LUAD","1",0.993077158927917,"1"
"Drews","18",20261018,"TCGA-78-8662","LUAD","1",0.999955892562866,"1"
"Drews","18",20261018,"TCGA-86-8054","LUAD","1",0.999884963035583,"1"
"Drews","18",20261018,"TCGA-86-8279","LUAD","1",0.999963164329529,"1"
"Drews","18",20261018,"TCGA-86-8358","LUAD","1",0.999842166900635,"1"
"Drews","18",20261018,"TCGA-97-7546","LUAD","1",0.87547242641449,"1"
"Drews","18",20261018,"TCGA-97-8174","LUAD","1",0.517632484436035,"1"
"Drews","18",20261018,"TCGA-97-8547","LUAD","1",0.978774130344391,"1"
"Drews","18",20261018,"TCGA-18-3406","LUSC","1",0.956790685653687,"1"
"Drews","18",20261018,"TCGA-18-3421","LUSC","1",0.998405873775482,"1"
"Drews","18",20261018,"TCGA-18-4083","LUSC","1",0.999781548976898,"1"
"Drews","18",20261018,"TCGA-21-5787","LUSC","1",0.999222040176392,"1"
"Drews","18",20261018,"TCGA-22-4591","LUSC","1",0.999990701675415,"1"
"Drews","18",20261018,"TCGA-22-4595","LUSC","1",0.999994277954102,"1"
"Drews","18",20261018,"TCGA-22-4613","LUSC","1",0.999968886375427,"1"
"Drews","18",20261018,"TCGA-33-AASI","LUSC","1",0.999866127967834,"1"
"Drews","18",20261018,"TCGA-34-8456","LUSC","1",0.99750167131424,"1"
"Drews","18",20261018,"TCGA-37-4133","LUSC","1",0.99926894903183,"1"
"Drews","18",20261018,"TCGA-37-A5EN","LUSC","1",0.999726712703705,"1"
"Drews","18",20261018,"TCGA-43-6143","LUSC","1",0.999413251876831,"1"
"Drews","18",20261018,"TCGA-43-7658","LUSC","1",0.999811351299286,"1"
"Drews","18",20261018,"TCGA-56-7579","LUSC","1",0.999835133552551,"1"
"Drews","18",20261018,"TCGA-56-7730","LUSC","1",0.999341666698456,"1"
"Drews","18",20261018,"TCGA-56-8308","LUSC","1",0.998995959758759,"1"
"Drews","18",20261018,"TCGA-56-8622","LUSC","1",0.741148710250854,"1"
"Drews","18",20261018,"TCGA-60-2706","LUSC","1",0.999927043914795,"1"
"Drews","18",20261018,"TCGA-60-2711","LUSC","1",0.999967932701111,"1"
"Drews","18",20261018,"TCGA-60-2713","LUSC","1",0.999570310115814,"1"
"Drews","18",20261018,"TCGA-66-2795","LUSC","1",0.999411702156067,"1"
"Drews","18",20261018,"TCGA-68-8250","LUSC","1",0.999456584453583,"1"
"Drews","18",20261018,"TCGA-77-8133","LUSC","1",0.998957276344299,"1"
"Drews","18",20261018,"TCGA-77-8148","LUSC","1",0.999913573265076,"1"
"Drews","18",20261018,"TCGA-77-A5GF","LUSC","1",0.998385190963745,"1"
"Drews","18",20261018,"TCGA-92-8065","LUSC","1",0.97993016242981,"1"
"Drews","18",20261018,"TCGA-94-7033","LUSC","1",0.996704518795013,"1"
"Drews","18",20261018,"TCGA-94-7557","LUSC","1",0.999002993106842,"1"
"Drews","18",20261018,"TCGA-94-8491","LUSC","1",0.996866643428802,"1"
"Drews","18",20261018,"TCGA-94-A4VJ","LUSC","1",0.999461472034454,"1"
"Drews","18",20261018,"TCGA-98-8022","LUSC","1",0.998963356018066,"1"
"Drews","18",20261018,"TCGA-NC-A5HN","LUSC","1",0.985332071781158,"1"
"Drews","18",20261018,"TCGA-O2-A52N","LUSC","1",0.998674392700195,"1"
"Drews","18",20261018,"TCGA-O2-A52Q","LUSC","1",0.998228847980499,"1"
"Drews","18",20261018,"TCGA-TS-A8AY","MESO","1",0.961901247501373,"1"
"Drews","18",20261018,"TCGA-UD-AAC1","MESO","2",0.372329652309418,"2"
"Drews","18",20261018,"TCGA-UD-AAC7","MESO","1",0.998225033283234,"1"
"Drews","18",20261018,"TCGA-ZN-A9VU","MESO","2",0.483146399259567,"2"
"Drews","18",20261018,"TCGA-04-1357","OV","1",0.999477565288544,"1"
"Drews","18",20261018,"TCGA-09-2044","OV","1",0.999974727630615,"1"
"Drews","18",20261018,"TCGA-09-2056","OV","1",0.999920010566711,"1"
"Drews","18",20261018,"TCGA-13-0920","OV","1",0.999972581863403,"1"
"Drews","18",20261018,"TCGA-13-1481","OV","1",0.99997615814209,"1"
"Drews","18",20261018,"TCGA-13-1498","OV","1",0.999821364879608,"1"
"Drews","18",20261018,"TCGA-13-1506","OV","1",0.999947667121887,"1"
"Drews","18",20261018,"TCGA-20-1682","OV","1",0.999941110610962,"1"
"Drews","18",20261018,"TCGA-20-1683","OV","1",0.99984872341156,"1"
"Drews","18",20261018,"TCGA-23-1111","OV","1",0.991591453552246,"1"
"Drews","18",20261018,"TCGA-23-1114","OV","1",0.999990105628967,"1"
"Drews","18",20261018,"TCGA-23-1809","OV","1",0.999952673912048,"1"
"Drews","18",20261018,"TCGA-24-1434","OV","1",0.999931812286377,"1"
"Drews","18",20261018,"TCGA-24-1552","OV","1",0.999971866607666,"1"
"Drews","18",20261018,"TCGA-24-1846","OV","1",0.999829053878784,"1"
"Drews","18",20261018,"TCGA-24-2261","OV","1",0.999972462654114,"1"
"Drews","18",20261018,"TCGA-25-1315","OV","1",0.999987840652466,"1"
"Drews","18",20261018,"TCGA-25-1319","OV","1",0.999926567077637,"1"
"Drews","18",20261018,"TCGA-25-2397","OV","1",0.999985337257385,"1"
"Drews","18",20261018,"TCGA-29-1702","OV","1",0.999878644943237,"1"
"Drews","18",20261018,"TCGA-29-1763","OV","1",0.99946802854538,"1"
"Drews","18",20261018,"TCGA-29-1776","OV","1",0.999980092048645,"1"
"Drews","18",20261018,"TCGA-30-1718","OV","1",0.999979972839355,"1"
"Drews","18",20261018,"TCGA-30-1862","OV","1",0.999977707862854,"1"
"Drews","18",20261018,"TCGA-59-2363","OV","1",0.999859094619751,"1"
"Drews","18",20261018,"TCGA-5X-AA5U","OV","1",0.999507308006287,"1"
"Drews","18",20261018,"TCGA-61-1728","OV","1",0.999956011772156,"1"
"Drews","18",20261018,"TCGA-61-1740","OV","1",0.999973058700562,"1"
"Drews","18",20261018,"TCGA-61-2000","OV","1",0.999960780143738,"1"
"Drews","18",20261018,"TCGA-61-2008","OV","1",0.999731838703156,"1"
"Drews","18",20261018,"TCGA-61-2109","OV","1",0.999899983406067,"1"
"Drews","18",20261018,"TCGA-61-2111","OV","1",0.999969840049744,"1"
"Drews","18",20261018,"TCGA-WR-A838","OV","1",0.99985659122467,"1"
"Drews","18",20261018,"TCGA-2L-AAQE","PAAD","1",0.997480452060699,"1"
"Drews","18",20261018,"TCGA-3A-A9IS","PAAD","1",0.127976253628731,"2"
"Drews","18",20261018,"TCGA-FB-A78T","PAAD","1",0.350441157817841,"2"
"Drews","18",20261018,"TCGA-FB-AAPZ","PAAD","1",0.983326256275177,"1"
"Drews","18",20261018,"TCGA-HV-A5A6","PAAD","1",0.99961119890213,"1"
"Drews","18",20261018,"TCGA-P8-A6RX","PCPG","2",0.874827325344086,"1"
"Drews","18",20261018,"TCGA-QR-A70P","PCPG","2",0.0740852728486061,"2"
"Drews","18",20261018,"TCGA-QT-A5XK","PCPG","2",0.0781526267528534,"2"
"Drews","18",20261018,"TCGA-RM-A68W","PCPG","2",0.416076570749283,"2"
"Drews","18",20261018,"TCGA-RW-A68A","PCPG","2",0.0853244215250015,"2"
"Drews","18",20261018,"TCGA-RW-A68C","PCPG","2",0.0737195312976837,"2"
"Drews","18",20261018,"TCGA-S7-A7WN","PCPG","2",0.611455202102661,"1"
"Drews","18",20261018,"TCGA-S7-A7WQ","PCPG","2",0.0314060002565384,"2"
"Drews","18",20261018,"TCGA-W2-A7H5","PCPG","2",0.0261552836745977,"2"
"Drews","18",20261018,"TCGA-WB-A80K","PCPG","2",0.273881494998932,"2"
"Drews","18",20261018,"TCGA-CH-5769","PRAD","1",0.969148933887482,"1"
"Drews","18",20261018,"TCGA-EJ-5518","PRAD","1",0.975057065486908,"1"
"Drews","18",20261018,"TCGA-EJ-7789","PRAD","1",0.983335614204407,"1"
"Drews","18",20261018,"TCGA-EJ-8469","PRAD","1",0.985873699188232,"1"
"Drews","18",20261018,"TCGA-G9-6384","PRAD","2",0.350095927715302,"2"
"Drews","18",20261018,"TCGA-HC-7213","PRAD","1",0.998385667800903,"1"
"Drews","18",20261018,"TCGA-HC-A4ZV","PRAD","1",0.998182654380798,"1"
"Drews","18",20261018,"TCGA-J4-A67N","PRAD","1",0.783825814723969,"1"
"Drews","18",20261018,"TCGA-J9-A8CL","PRAD","1",0.994304120540619,"1"
"Drews","18",20261018,"TCGA-KC-A4BV","PRAD","1",0.976293861865997,"1"
"Drews","18",20261018,"TCGA-KK-A7AP","PRAD","1",0.991907000541687,"1"
"Drews","18",20261018,"TCGA-M7-A724","PRAD","1",0.948418080806732,"1"
"Drews","18",20261018,"TCGA-V1-A9O5","PRAD","1",0.995613932609558,"1"
"Drews","18",20261018,"TCGA-VN-A943","PRAD","1",0.842381179332733,"1"
"Drews","18",20261018,"TCGA-XJ-A83H","PRAD","2",0.873982012271881,"1"
"Drews","18",20261018,"TCGA-YL-A8HM","PRAD","1",0.998946130275726,"1"
"Drews","18",20261018,"TCGA-ZG-A8QY","PRAD","1",0.986842930316925,"1"
"Drews","18",20261018,"TCGA-ZG-A9KY","PRAD","1",0.996552705764771,"1"
"Drews","18",20261018,"TCGA-AF-2693","READ","1",0.990030884742737,"1"
"Drews","18",20261018,"TCGA-AG-3581","READ","2",0.966695427894592,"1"
"Drews","18",20261018,"TCGA-AG-3583","READ","2",0.923101782798767,"1"
"Drews","18",20261018,"TCGA-AG-3742","READ","1",0.895638167858124,"1"
"Drews","18",20261018,"TCGA-AG-3881","READ","1",0.993590354919434,"1"
"Drews","18",20261018,"TCGA-AG-3887","READ","2",0.872782647609711,"1"
"Drews","18",20261018,"TCGA-AG-A036","READ","2",0.999454915523529,"1"
"Drews","18",20261018,"TCGA-AH-6643","READ","1",0.541992366313934,"1"
"Drews","18",20261018,"TCGA-DT-5265","READ","1",0.976378321647644,"1"
"Drews","18",20261018,"TCGA-3B-A9HI","SARC","1",0.981208086013794,"1"
"Drews","18",20261018,"TCGA-3B-A9HS","SARC","1",0.999676108360291,"1"
"Drews","18",20261018,"TCGA-DX-A3M1","SARC","1",0.998904347419739,"1"
"Drews","18",20261018,"TCGA-DX-A3UA","SARC","1",0.997816801071167,"1"
"Drews","18",20261018,"TCGA-DX-A48N","SARC","1",0.999333918094635,"1"
"Drews","18",20261018,"TCGA-DX-A6Z0","SARC","1",0.999781548976898,"1"
"Drews","18",20261018,"TCGA-DX-A7EL","SARC","1",0.827724158763885,"1"
"Drews","18",20261018,"TCGA-DX-A8BH","SARC","1",0.993928909301758,"1"
"Drews","18",20261018,"TCGA-DX-A8BT","SARC","1",0.984203100204468,"1"
"Drews","18",20261018,"TCGA-DX-A8BV","SARC","1",0.999634265899658,"1"
"Drews","18",20261018,"TCGA-DX-AB2J","SARC","1",0.0862984880805016,"2"
"Drews","18",20261018,"TCGA-DX-AB2T","SARC","1",0.998797059059143,"1"
"Drews","18",20261018,"TCGA-DX-AB3B","SARC","1",0.698456823825836,"1"
"Drews","18",20261018,"TCGA-FX-A3NK","SARC","1",0.996193647384644,"1"
"Drews","18",20261018,"TCGA-IE-A4EJ","SARC","1",0.999278485774994,"1"
"Drews","18",20261018,"TCGA-JV-A5VF","SARC","1",0.999091267585754,"1"
"Drews","18",20261018,"TCGA-JV-A75J","SARC","1",0.996637344360352,"1"
"Drews","18",20261018,"TCGA-KD-A5QU","SARC","1",0.999423503875732,"1"
"Drews","18",20261018,"TCGA-LI-A67I","SARC","1",0.99893718957901,"1"
"Drews","18",20261018,"TCGA-MB-A8JL","SARC","1",0.999843835830688,"1"
"Drews","18",20261018,"TCGA-N1-A6IA","SARC","1",0.998857378959656,"1"
"Drews","18",20261018,"TCGA-SI-A71O","SARC","1",0.998350501060486,"1"
"Drews","18",20261018,"TCGA-WK-A8XO","SARC","1",0.974675476551056,"1"
"Drews","18",20261018,"TCGA-X6-A7WC","SARC","1",0.999868988990784,"1"
"Drews","18",20261018,"TCGA-BF-A5EO","SKCM","2",0.911650657653809,"1"
"Drews","18",20261018,"TCGA-EB-A42Z","SKCM","1",0.969869613647461,"1"
"Drews","18",20261018,"TCGA-EB-A4IS","SKCM","2",0.957642376422882,"1"
"Drews","18",20261018,"TCGA-EB-A553","SKCM","1",0.968566000461578,"1"
"Drews","18",20261018,"TCGA-EB-A57M","SKCM","1",0.999630570411682,"1"
"Drews","18",20261018,"TCGA-EB-A5SF","SKCM","1",0.248655527830124,"2"
"Drews","18",20261018,"TCGA-EB-A82B","SKCM","1",0.996976375579834,"1"
"Drews","18",20261018,"TCGA-EB-A85J","SKCM","2",0.898875653743744,"1"
"Drews","18",20261018,"TCGA-BR-6456","STAD","1",0.998750686645508,"1"
"Drews","18",20261018,"TCGA-BR-7197","STAD","1",0.999748647212982,"1"
"Drews","18",20261018,"TCGA-BR-8078","STAD","2",0.163995504379272,"2"
"Drews","18",20261018,"TCGA-BR-A4J1","STAD","1",0.999868631362915,"1"
"Drews","18",20261018,"TCGA-CG-4438","STAD","1",0.999833345413208,"1"
"Drews","18",20261018,"TCGA-CG-4443","STAD","1",0.999855637550354,"1"
"Drews","18",20261018,"TCGA-CG-4444","STAD","1",0.998025178909302,"1"
"Drews","18",20261018,"TCGA-CG-5723","STAD","2",0.435568481683731,"2"
"Drews","18",20261018,"TCGA-CG-5724","STAD","1",0.999909043312073,"1"
"Drews","18",20261018,"TCGA-CG-5725","STAD","1",0.999822437763214,"1"
"Drews","18",20261018,"TCGA-D7-A6EZ","STAD","1",0.867344558238983,"1"
"Drews","18",20261018,"TCGA-FP-7829","STAD","1",0.991696298122406,"1"
"Drews","18",20261018,"TCGA-HU-8249","STAD","1",0.989233613014221,"1"
"Drews","18",20261018,"TCGA-HU-A4H5","STAD","1",0.999132096767426,"1"
"Drews","18",20261018,"TCGA-HU-A4HD","STAD","1",0.999948024749756,"1"
"Drews","18",20261018,"TCGA-R5-A805","STAD","1",0.999086737632751,"1"
"Drews","18",20261018,"TCGA-VQ-A8DZ","STAD","1",0.999957084655762,"1"
"Drews","18",20261018,"TCGA-VQ-A8E0","STAD","1",0.999557197093964,"1"
"Drews","18",20261018,"TCGA-VQ-A8E3","STAD","1",0.987027645111084,"1"
"Drews","18",20261018,"TCGA-VQ-A8PJ","STAD","1",0.999366939067841,"1"
"Drews","18",20261018,"TCGA-VQ-A8PU","STAD","1",0.999108374118805,"1"
"Drews","18",20261018,"TCGA-VQ-A91V","STAD","1",0.998290598392487,"1"
"Drews","18",20261018,"TCGA-VQ-A91Z","STAD","1",0.999937772750854,"1"
"Drews","18",20261018,"TCGA-VQ-A928","STAD","1",0.945764243602753,"1"
"Drews","18",20261018,"TCGA-VQ-A92D","STAD","1",0.998462796211243,"1"
"Drews","18",20261018,"TCGA-VQ-A94O","STAD","1",0.999823272228241,"1"
"Drews","18",20261018,"TCGA-VQ-A94R","STAD","1",0.999287188053131,"1"
"Drews","18",20261018,"TCGA-2G-AAEW","TGCT","2",0.509389936923981,"1"
"Drews","18",20261018,"TCGA-2G-AAGO","TGCT","1",0.988286912441254,"1"
"Drews","18",20261018,"TCGA-2G-AAHL","TGCT","2",0.830284535884857,"1"
"Drews","18",20261018,"TCGA-XE-AANR","TGCT","2",0.726435720920563,"1"
"Drews","18",20261018,"TCGA-EL-A4KI","THCA","2",0.0269731152802706,"2"
"Drews","18",20261018,"TCGA-FY-A3I5","THCA","2",0.0020340783521533,"2"
"Drews","18",20261018,"TCGA-5K-AAAP","THYM","2",0.0596528984606266,"2"
"Drews","18",20261018,"TCGA-A5-A1OG","UCEC","1",0.998578310012817,"1"
"Drews","18",20261018,"TCGA-A5-A3LP","UCEC","1",0.999413728713989,"1"
"Drews","18",20261018,"TCGA-AJ-A23N","UCEC","1",0.999952435493469,"1"
"Drews","18",20261018,"TCGA-AP-A052","UCEC","1",0.9998939037323,"1"
"Drews","18",20261018,"TCGA-AP-A0L9","UCEC","1",0.999870777130127,"1"
"Drews","18",20261018,"TCGA-AX-A1C7","UCEC","1",0.999392032623291,"1"
"Drews","18",20261018,"TCGA-AX-A2H4","UCEC","1",0.996364176273346,"1"
"Drews","18",20261018,"TCGA-AX-A2HF","UCEC","1",0.998520910739899,"1"
"Drews","18",20261018,"TCGA-AX-A2IN","UCEC","2",0.997451364994049,"1"
"Drews","18",20261018,"TCGA-AX-A3GI","UCEC","1",0.999967098236084,"1"
"Drews","18",20261018,"TCGA-B5-A11S","UCEC","2",0.0282710306346416,"2"
"Drews","18",20261018,"TCGA-BK-A4ZD","UCEC","1",0.909624814987183,"1"
"Drews","18",20261018,"TCGA-BS-A0TI","UCEC","1",0.992398798465729,"1"
"Drews","18",20261018,"TCGA-BS-A0U5","UCEC","2",0.280387252569199,"2"
"Drews","18",20261018,"TCGA-D1-A0ZP","UCEC","1",0.999806344509125,"1"
"Drews","18",20261018,"TCGA-D1-A169","UCEC","2",0.79677015542984,"1"
"Drews","18",20261018,"TCGA-D1-A17R","UCEC","2",0.618163764476776,"1"
"Drews","18",20261018,"TCGA-D1-A1NU","UCEC","1",0.999940276145935,"1"
"Drews","18",20261018,"TCGA-D1-A1NX","UCEC","1",0.998330175876617,"1"
"Drews","18",20261018,"TCGA-D1-A3JP","UCEC","1",0.976069629192352,"1"
"Drews","18",20261018,"TCGA-DI-A1NN","UCEC","1",0.999524474143982,"1"
"Drews","18",20261018,"TCGA-EO-A22Y","UCEC","2",0.278896987438202,"2"
"Drews","18",20261018,"TCGA-EO-A3B1","UCEC","1",0.995217680931091,"1"
"Drews","18",20261018,"TCGA-EO-A3KU","UCEC","1",0.999753892421722,"1"
"Drews","18",20261018,"TCGA-EY-A1GC","UCEC","1",0.993718981742859,"1"
"Drews","18",20261018,"TCGA-EY-A1GM","UCEC","1",0.99933797121048,"1"
"Drews","18",20261018,"TCGA-EY-A214","UCEC","1",0.999705135822296,"1"
"Drews","18",20261018,"TCGA-EY-A2OQ","UCEC","1",0.993078529834747,"1"
"Drews","18",20261018,"TCGA-EY-A3L3","UCEC","1",0.997942388057709,"1"
"Drews","18",20261018,"TCGA-EY-A54A","UCEC","1",0.995676100254059,"1"
"Drews","18",20261018,"TCGA-FI-A2F9","UCEC","1",0.98803585767746,"1"
"Drews","18",20261018,"TCGA-FI-A3PV","UCEC","1",0.998987019062042,"1"
"Drews","18",20261018,"TCGA-KP-A3W0","UCEC","1",0.981253087520599,"1"
"Drews","18",20261018,"TCGA-SL-A6J9","UCEC","1",0.999662756919861,"1"
"Drews","18",20261018,"TCGA-N5-A4R8","UCS","1",0.999962687492371,"1"
"Drews","18",20261018,"TCGA-N5-A4RN","UCS","1",0.999838709831238,"1"
"Drews","18",20261018,"TCGA-N5-A4RT","UCS","1",0.99997353553772,"1"
"Drews","18",20261018,"TCGA-N7-A4Y8","UCS","1",0.994030237197876,"1"
"Drews","18",20261018,"TCGA-N8-A4PO","UCS","1",0.999851226806641,"1"
"Drews","18",20261018,"TCGA-NA-A5I1","UCS","1",0.999775469303131,"1"
"Drews","18",20261018,"TCGA-NG-A4VW","UCS","2",0.51487010717392,"1"
"Drews","18",20261018,"TCGA-V4-A9E7","UVM","2",0.029000248759985,"2"
"Drews","18",20261018,"TCGA-V4-A9EZ","UVM","2",0.725977540016174,"1"
"Drews","18",20261018,"TCGA-V4-A9F5","UVM","2",0.0518717393279076,"2"
"Drews","18",20261018,"TCGA-VD-A8KA","UVM","2",0.0925840735435486,"2"
"Drews","19",20261019,"TCGA-OR-A5J2","ACC","1",0.906515419483185,"1"
"Drews","19",20261019,"TCGA-OR-A5J5","ACC","2",0.971098065376282,"1"
"Drews","19",20261019,"TCGA-OR-A5JG","ACC","2",0.883080422878265,"1"
"Drews","19",20261019,"TCGA-OR-A5JM","ACC","1",0.997184932231903,"1"
"Drews","19",20261019,"TCGA-OR-A5KV","ACC","2",0.768811106681824,"1"
"Drews","19",20261019,"TCGA-OR-A5LA","ACC","2",0.00359405670315027,"2"
"Drews","19",20261019,"TCGA-OR-A5LH","ACC","1",0.163851678371429,"2"
"Drews","19",20261019,"TCGA-OR-A5LK","ACC","2",0.0880573093891144,"2"
"Drews","19",20261019,"TCGA-2F-A9KW","BLCA","1",0.999594032764435,"1"
"Drews","19",20261019,"TCGA-4Z-AA7M","BLCA","1",0.999838471412659,"1"
"Drews","19",20261019,"TCGA-4Z-AA81","BLCA","1",0.989906847476959,"1"
"Drews","19",20261019,"TCGA-4Z-AA82","BLCA","1",0.999785840511322,"1"
"Drews","19",20261019,"TCGA-4Z-AA87","BLCA","1",0.999923825263977,"1"
"Drews","19",20261019,"TCGA-BL-A13J","BLCA","1",0.999986290931702,"1"
"Drews","19",20261019,"TCGA-BT-A20W","BLCA","1",0.999883055686951,"1"
"Drews","19",20261019,"TCGA-BT-A3PJ","BLCA","1",0.998646438121796,"1"
"Drews","19",20261019,"TCGA-CF-A47S","BLCA","2",0.0976101532578468,"2"
"Drews","19",20261019,"TCGA-CF-A5UA","BLCA","1",0.927513062953949,"1"
"Drews","19",20261019,"TCGA-DK-A1A3","BLCA","1",0.99985671043396,"1"
"Drews","19",20261019,"TCGA-DK-A3X2","BLCA","1",0.995811700820923,"1"
"Drews","19",20261019,"TCGA-DK-A6B6","BLCA","1",0.988288640975952,"1"
"Drews","19",20261019,"TCGA-DK-AA6W","BLCA","1",0.999008357524872,"1"
"Drews","19",20261019,"TCGA-DK-AA71","BLCA","1",0.926991879940033,"1"
"Drews","19",20261019,"TCGA-E7-A3Y1","BLCA","2",0.147654816508293,"2"
"Drews","19",20261019,"TCGA-E7-A6ME","BLCA","1",0.999784767627716,"1"
"Drews","19",20261019,"TCGA-FJ-A3ZF","BLCA","1",0.999806106090546,"1"
"Drews","19",20261019,"TCGA-G2-A3VY","BLCA","1",0.999879598617554,"1"
"Drews","19",20261019,"TCGA-GC-A3RC","BLCA","1",0.995208084583282,"1"
"Drews","19",20261019,"TCGA-GC-A3YS","BLCA","1",0.999854445457458,"1"
"Drews","19",20261019,"TCGA-GU-AATO","BLCA","1",0.999084711074829,"1"
"Drews","19",20261019,"TCGA-GU-AATP","BLCA","1",0.999699354171753,"1"
"Drews","19",20261019,"TCGA-GV-A3JV","BLCA","1",0.380683600902557,"2"
"Drews","19",20261019,"TCGA-GV-A3JZ","BLCA","1",0.999970674514771,"1"
"Drews","19",20261019,"TCGA-K4-A3WV","BLCA","1",0.999911665916443,"1"
"Drews","19",20261019,"TCGA-K4-A6MB","BLCA","1",0.999993205070496,"1"
"Drews","19",20261019,"TCGA-LT-A5Z6","BLCA","1",0.999888896942139,"1"
"Drews","19",20261019,"TCGA-PQ-A6FI","BLCA","1",0.999721825122833,"1"
"Drews","19",20261019,"TCGA-UY-A78N","BLCA","1",0.989587783813477,"1"
"Drews","19",20261019,"TCGA-XF-A9SH","BLCA","1",0.851529777050018,"1"
"Drews","19",20261019,"TCGA-XF-AAML","BLCA","1",0.999958038330078,"1"
"Drews","19",20261019,"TCGA-YF-AA3L","BLCA","1",0.990423083305359,"1"
"Drews","19",20261019,"TCGA-A1-A0SF","BRCA","1",0.544694423675537,"1"
"Drews","19",20261019,"TCGA-A1-A0SO","BRCA","1",0.999969363212585,"1"
"Drews","19",20261019,"TCGA-A1-A0SP","BRCA","1",0.999871492385864,"1"
"Drews","19",20261019,"TCGA-A2-A0D0","BRCA","1",0.9999840259552,"1"
"Drews","19",20261019,"TCGA-A2-A0EY","BRCA","1",0.997554361820221,"1"
"Drews","19",20261019,"TCGA-A2-A0YE","BRCA","1",0.999970197677612,"1"
"Drews","19",20261019,"TCGA-A2-A1FX","BRCA","1",0.994883716106415,"1"
"Drews","19",20261019,"TCGA-A2-A1G4","BRCA","1",0.957905352115631,"1"
"Drews","19",20261019,"TCGA-A2-A259","BRCA","2",0.846728086471558,"1"
"Drews","19",20261019,"TCGA-A7-A0CE","BRCA","1",0.999876856803894,"1"
"Drews","19",20261019,"TCGA-A7-A0D9","BRCA","1",0.998072981834412,"1"
"Drews","19",20261019,"TCGA-A7-A13F","BRCA","1",0.981168746948242,"1"
"Drews","19",20261019,"TCGA-A7-A4SD","BRCA","1",0.999063789844513,"1"
"Drews","19",20261019,"TCGA-A7-A56D","BRCA","1",0.987360417842865,"1"
"Drews","19",20261019,"TCGA-A7-A5ZV","BRCA","1",0.999948740005493,"1"
"Drews","19",20261019,"TCGA-A7-A6VX","BRCA","1",0.999415397644043,"1"
"Drews","19",20261019,"TCGA-A7-A6VY","BRCA","1",0.999238014221191,"1"
"Drews","19",20261019,"TCGA-A8-A06N","BRCA","1",0.992973923683167,"1"
"Drews","19",20261019,"TCGA-A8-A06O","BRCA","1",0.999428331851959,"1"
"Drews","19",20261019,"TCGA-A8-A06X","BRCA","1",0.999918341636658,"1"
"Drews","19",20261019,"TCGA-A8-A07I","BRCA","1",0.999866366386414,"1"
"Drews","19",20261019,"TCGA-A8-A08R","BRCA","1",0.999988913536072,"1"
"Drews","19",20261019,"TCGA-A8-A097","BRCA","1",0.999892711639404,"1"
"Drews","19",20261019,"TCGA-A8-A09Q","BRCA","1",0.999724090099335,"1"
"Drews","19",20261019,"TCGA-A8-A0A1","BRCA","2",0.0531758889555931,"2"
"Drews","19",20261019,"TCGA-A8-A0A6","BRCA","1",0.39761221408844,"2"
"Drews","19",20261019,"TCGA-AC-A23E","BRCA","2",0.743082642555237,"1"
"Drews","19",20261019,"TCGA-AC-A2BM","BRCA","1",0.996116757392883,"1"
"Drews","19",20261019,"TCGA-AC-A3OD","BRCA","1",0.662912547588348,"1"
"Drews","19",20261019,"TCGA-AC-A62V","BRCA","1",0.992060899734497,"1"
"Drews","19",20261019,"TCGA-AN-A049","BRCA","1",0.999580323696136,"1"
"Drews","19",20261019,"TCGA-AN-A0AJ","BRCA","1",0.999942302703857,"1"
"Drews","19",20261019,"TCGA-AN-A0AL","BRCA","1",0.999718964099884,"1"
"Drews","19",20261019,"TCGA-AN-A0FL","BRCA","1",0.998982012271881,"1"
"Drews","19",20261019,"TCGA-AN-A0FW","BRCA","1",0.995927512645721,"1"
"Drews","19",20261019,"TCGA-AO-A03L","BRCA","1",0.999256432056427,"1"
"Drews","19",20261019,"TCGA-AO-A0JE","BRCA","1",0.989959418773651,"1"
"Drews","19",20261019,"TCGA-AO-A0JM","BRCA","1",0.999958634376526,"1"
"Drews","19",20261019,"TCGA-AQ-A04J","BRCA","1",0.999764502048492,"1"
"Drews","19",20261019,"TCGA-AR-A1AN","BRCA","1",0.787401974201202,"1"
"Drews","19",20261019,"TCGA-AR-A1AQ","BRCA","1",0.996856093406677,"1"
"Drews","19",20261019,"TCGA-AR-A24H","BRCA","1",0.999553978443146,"1"
"Drews","19",20261019,"TCGA-AR-A24X","BRCA","2",0.0332790799438953,"2"
"Drews","19",20261019,"TCGA-AR-A2LR","BRCA","1",0.999992251396179,"1"
"Drews","19",20261019,"TCGA-B6-A0IJ","BRCA","1",0.999982357025146,"1"
"Drews","19",20261019,"TCGA-B6-A0IN","BRCA","1",0.995988309383392,"1"
"Drews","19",20261019,"TCGA-B6-A0RP","BRCA","2",0.106513872742653,"2"
"Drews","19",20261019,"TCGA-BH-A0AZ","BRCA","1",0.917160749435425,"1"
"Drews","19",20261019,"TCGA-BH-A0B3","BRCA","1",0.999853610992432,"1"
"Drews","19",20261019,"TCGA-BH-A0B4","BRCA","1",0.993488073348999,"1"
"Drews","19",20261019,"TCGA-BH-A0B9","BRCA","1",0.999198973178864,"1"
"Drews","19",20261019,"TCGA-BH-A0BW","BRCA","1",0.999766886234283,"1"
"Drews","19",20261019,"TCGA-BH-A0C7","BRCA","1",0.999180376529694,"1"
"Drews","19",20261019,"TCGA-BH-A0GY","BRCA","1",0.998222529888153,"1"
"Drews","19",20261019,"TCGA-BH-A0HQ","BRCA","2",0.131694093346596,"2"
"Drews","19",20261019,"TCGA-BH-A0HX","BRCA","1",0.999802768230438,"1"
"Drews","19",20261019,"TCGA-BH-A0W7","BRCA","1",0.896688997745514,"1"
"Drews","19",20261019,"TCGA-BH-A1EY","BRCA","1",0.991789817810059,"1"
"Drews","19",20261019,"TCGA-BH-A1F6","BRCA","1",0.999826967716217,"1"
"Drews","19",20261019,"TCGA-C8-A12K","BRCA","1",0.999785244464874,"1"
"Drews","19",20261019,"TCGA-C8-A12M","BRCA","1",0.999337732791901,"1"
"Drews","19",20261019,"TCGA-C8-A12Z","BRCA","1",0.999399304389954,"1"
"Drews","19",20261019,"TCGA-C8-A132","BRCA","1",0.99253123998642,"1"
"Drews","19",20261019,"TCGA-C8-A134","BRCA","1",0.999935626983643,"1"
"Drews","19",20261019,"TCGA-C8-A1HK","BRCA","1",0.999742209911346,"1"
"Drews","19",20261019,"TCGA-C8-A1HO","BRCA","1",0.999536395072937,"1"
"Drews","19",20261019,"TCGA-C8-A26Z","BRCA","1",0.991856813430786,"1"
"Drews","19",20261019,"TCGA-D8-A147","BRCA","1",0.999937295913696,"1"
"Drews","19",20261019,"TCGA-D8-A1X9","BRCA","1",0.999525308609009,"1"
"Drews","19",20261019,"TCGA-D8-A1XJ","BRCA","1",0.999528408050537,"1"
"Drews","19",20261019,"TCGA-D8-A1XW","BRCA","1",0.995949864387512,"1"
"Drews","19",20261019,"TCGA-D8-A1Y3","BRCA","1",0.996840834617615,"1"
"Drews","19",20261019,"TCGA-E2-A109","BRCA","1",0.999993443489075,"1"
"Drews","19",20261019,"TCGA-E2-A14T","BRCA","1",0.999877214431763,"1"
"Drews","19",20261019,"TCGA-E2-A150","BRCA","1",0.999985337257385,"1"
"Drews","19",20261019,"TCGA-E2-A15K","BRCA","1",0.942962467670441,"1"
"Drews","19",20261019,"TCGA-E2-A15T","BRCA","1",0.993930459022522,"1"
"Drews","19",20261019,"TCGA-E2-A1IG","BRCA","1",0.996118903160095,"1"
"Drews","19",20261019,"TCGA-E2-A1L7","BRCA","1",0.999672651290894,"1"
"Drews","19",20261019,"TCGA-E9-A1NC","BRCA","1",0.998655200004578,"1"
"Drews","19",20261019,"TCGA-E9-A1NF","BRCA","1",0.93136191368103,"1"
"Drews","19",20261019,"TCGA-E9-A1R7","BRCA","1",0.998041391372681,"1"
"Drews","19",20261019,"TCGA-E9-A1RF","BRCA","1",0.999868154525757,"1"
"Drews","19",20261019,"TCGA-E9-A1RG","BRCA","1",0.999099135398865,"1"
"Drews","19",20261019,"TCGA-E9-A228","BRCA","1",0.999893546104431,"1"
"Drews","19",20261019,"TCGA-EW-A1P8","BRCA","1",0.998950064182281,"1"
"Drews","19",20261019,"TCGA-EW-A6S9","BRCA","1",0.999486207962036,"1"
"Drews","19",20261019,"TCGA-EW-A6SC","BRCA","1",0.993138253688812,"1"
"Drews","19",20261019,"TCGA-EW-A6SD","BRCA","1",0.999937295913696,"1"
"Drews","19",20261019,"TCGA-LL-A6FQ","BRCA","1",0.546560049057007,"1"
"Drews","19",20261019,"TCGA-OL-A5RV","BRCA","2",0.162669390439987,"2"
"Drews","19",20261019,"TCGA-OL-A5S0","BRCA","1",0.999689698219299,"1"
"Drews","19",20261019,"TCGA-S3-AA12","BRCA","1",0.984449446201324,"1"
"Drews","19",20261019,"TCGA-WT-AB41","BRCA","1",0.849812567234039,"1"
"Drews","19",20261019,"TCGA-WT-AB44","BRCA","2",0.100359208881855,"2"
"Drews","19",20261019,"TCGA-C5-A1BM","CESC","2",0.734306752681732,"1"
"Drews","19",20261019,"TCGA-C5-A1M8","CESC","1",0.998691856861115,"1"
"Drews","19",20261019,"TCGA-C5-A1M9","CESC","1",0.893828690052032,"1"
"Drews","19",20261019,"TCGA-C5-A1ME","CESC","1",0.960020482540131,"1"
"Drews","19",20261019,"TCGA-C5-A2LY","CESC","1",0.942311644554138,"1"
"Drews","19",20261019,"TCGA-C5-A7UH","CESC","1",0.946808815002441,"1"
"Drews","19",20261019,"TCGA-C5-A7X5","CESC","1",0.99949061870575,"1"
"Drews","19",20261019,"TCGA-C5-A8YQ","CESC","1",0.971003711223602,"1"
"Drews","19",20261019,"TCGA-C5-A901","CESC","2",0.998111724853516,"1"
"Drews","19",20261019,"TCGA-DS-A3LQ","CESC","1",0.995545268058777,"1"
"Drews","19",20261019,"TCGA-EK-A2RN","CESC","2",0.374624580144882,"2"
"Drews","19",20261019,"TCGA-VS-A8EG","CESC","1",0.814383387565613,"1"
"Drews","19",20261019,"TCGA-VS-A9U6","CESC","1",0.989559888839722,"1"
"Drews","19",20261019,"TCGA-VS-A9UD","CESC","1",0.995954036712646,"1"
"Drews","19",20261019,"TCGA-ZJ-A8QO","CESC","1",0.96554559469223,"1"
"Drews","19",20261019,"TCGA-ZJ-AAXB","CESC","1",0.999146938323975,"1"
"Drews","19",20261019,"TCGA-W5-AA2T","CHOL","1",0.980345666408539,"1"
"Drews","19",20261019,"TCGA-5M-AAT4","COAD","1",0.99255096912384,"1"
"Drews","19",20261019,"TCGA-A6-3807","COAD","1",0.98966121673584,"1"
"Drews","19",20261019,"TCGA-A6-5660","COAD","1",0.97193568944931,"1"
"Drews","19",20261019,"TCGA-AA-3517","COAD","1",0.919965088367462,"1"
"Drews","19",20261019,"TCGA-AA-3524","COAD","1",0.488866627216339,"2"
"Drews","19",20261019,"TCGA-AA-3660","COAD","1",0.94169557094574,"1"
"Drews","19",20261019,"TCGA-AA-3666","COAD","1",0.991749048233032,"1"
"Drews","19",20261019,"TCGA-AA-3685","COAD","1",0.993737101554871,"1"
"Drews","19",20261019,"TCGA-AA-3814","COAD","2",0.274958044290543,"2"
"Drews","19",20261019,"TCGA-AA-3819","COAD","2",0.711154401302338,"1"
"Drews","19",20261019,"TCGA-AA-3852","COAD","2",0.0278582461178303,"2"
"Drews","19",20261019,"TCGA-AA-A022","COAD","2",0.487151652574539,"2"
"Drews","19",20261019,"TCGA-AZ-6603","COAD","2",0.985745191574097,"1"
"Drews","19",20261019,"TCGA-CA-6719","COAD","1",0.999494791030884,"1"
"Drews","19",20261019,"TCGA-CK-6751","COAD","2",0.0210875477641821,"2"
"Drews","19",20261019,"TCGA-CM-6169","COAD","2",0.964491069316864,"1"
"Drews","19",20261019,"TCGA-CM-6675","COAD","1",0.997103035449982,"1"
"Drews","19",20261019,"TCGA-CM-6678","COAD","2",0.00650344416499138,"2"
"Drews","19",20261019,"TCGA-F4-6806","COAD","2",0.0107383886352181,"2"
"Drews","19",20261019,"TCGA-G4-6309","COAD","2",0.438899546861649,"2"
"Drews","19",20261019,"TCGA-G4-6626","COAD","1",0.992488265037537,"1"
"Drews","19",20261019,"TCGA-FF-8043","DLBC","1",0.930611133575439,"1"
"Drews","19",20261019,"TCGA-2H-A9GL","ESCA","1",0.999892473220825,"1"
"Drews","19",20261019,"TCGA-IG-A3I8","ESCA","1",0.996535420417786,"1"
"Drews","19",20261019,"TCGA-JY-A6FE","ESCA","1",0.999971508979797,"1"
"Drews","19",20261019,"TCGA-JY-A938","ESCA","1",0.999857664108276,"1"
"Drews","19",20261019,"TCGA-JY-A93F","ESCA","2",0.797418177127838,"1"
"Drews","19",20261019,"TCGA-L5-A43I","ESCA","1",0.999434888362885,"1"
"Drews","19",20261019,"TCGA-L5-A4OF","ESCA","1",0.999759137630463,"1"
"Drews","19",20261019,"TCGA-L5-A4OP","ESCA","1",0.997780025005341,"1"
"Drews","19",20261019,"TCGA-L5-A88V","ESCA","1",0.999920725822449,"1"
"Drews","19",20261019,"TCGA-L5-A88Z","ESCA","2",0.998502254486084,"1"
"Drews","19",20261019,"TCGA-L5-A8NR","ESCA","1",0.999740064144135,"1"
"Drews","19",20261019,"TCGA-LN-A49M","ESCA","1",0.999905586242676,"1"
"Drews","19",20261019,"TCGA-LN-A49V","ESCA","1",0.996316909790039,"1"
"Drews","19",20261019,"TCGA-LN-A5U6","ESCA","1",0.999937891960144,"1"
"Drews","19",20261019,"TCGA-R6-A8W8","ESCA","1",0.998468816280365,"1"
"Drews","19",20261019,"TCGA-VR-A8EU","ESCA","1",0.999959945678711,"1"
"Drews","19",20261019,"TCGA-VR-A8EW","ESCA","1",0.999902606010437,"1"
"Drews","19",20261019,"TCGA-Z6-A9VB","ESCA","1",0.99994957447052,"1"
"Drews","19",20261019,"TCGA-06-0882","GBM","1",0.0897773802280426,"2"
"Drews","19",20261019,"TCGA-06-5856","GBM","1",0.8832648396492,"1"
"Drews","19",20261019,"TCGA-19-5960","GBM","1",0.865526437759399,"1"
"Drews","19",20261019,"TCGA-27-1834","GBM","2",0.602540910243988,"1"
"Drews","19",20261019,"TCGA-27-2528","GBM","1",0.779416859149933,"1"
"Drews","19",20261019,"TCGA-32-2616","GBM","2",0.953594326972961,"1"
"Drews","19",20261019,"TCGA-BA-6871","HNSC","1",0.869726240634918,"1"
"Drews","19",20261019,"TCGA-BB-4224","HNSC","1",0.999244689941406,"1"
"Drews","19",20261019,"TCGA-CN-4741","HNSC","2",0.992391049861908,"1"
"Drews","19",20261019,"TCGA-CN-6011","HNSC","1",0.996163845062256,"1"
"Drews","19",20261019,"TCGA-CQ-6228","HNSC","1",0.99693489074707,"1"
"Drews","19",20261019,"TCGA-CR-6472","HNSC","1",0.984870195388794,"1"
"Drews","19",20261019,"TCGA-CR-7390","HNSC","1",0.999438583850861,"1"
"Drews","19",20261019,"TCGA-CV-5432","HNSC","1",0.996157348155975,"1"
"Drews","19",20261019,"TCGA-CV-5441","HNSC","1",0.976188480854034,"1"
"Drews","19",20261019,"TCGA-CV-5973","HNSC","1",0.987547516822815,"1"
"Drews","19",20261019,"TCGA-CV-6933","HNSC","1",0.999631524085999,"1"
"Drews","19",20261019,"TCGA-CV-6936","HNSC","1",0.996574401855469,"1"
"Drews","19",20261019,"TCGA-CV-6948","HNSC","1",0.999876856803894,"1"
"Drews","19",20261019,"TCGA-CV-7414","HNSC","1",0.98910516500473,"1"
"Drews","19",20261019,"TCGA-CV-A6K2","HNSC","2",0.513574242591858,"1"
"Drews","19",20261019,"TCGA-CX-A4AQ","HNSC","2",0.989753365516663,"1"
"Drews","19",20261019,"TCGA-F7-A61W","HNSC","1",0.997100412845612,"1"
"Drews","19",20261019,"TCGA-HD-7831","HNSC","1",0.987408638000488,"1"
"Drews","19",20261019,"TCGA-KU-A66T","HNSC","1",0.999857544898987,"1"
"Drews","19",20261019,"TCGA-MT-A51X","HNSC","1",0.954144895076752,"1"
"Drews","19",20261019,"TCGA-P3-A6T6","HNSC","1",0.901124179363251,"1"
"Drews","19",20261019,"TCGA-QK-A6IJ","HNSC","1",0.95484322309494,"1"
"Drews","19",20261019,"TCGA-T2-A6WZ","HNSC","1",0.997810304164886,"1"
"Drews","19",20261019,"TCGA-KL-8326","KICH","2",0.000223992683459073,"2"
"Drews","19",20261019,"TCGA-KL-8331","KICH","2",0.00289556500501931,"2"
"Drews","19",20261019,"TCGA-KL-8341","KICH","1",0.0816105902194977,"2"
"Drews","19",20261019,"TCGA-KL-8342","KICH","2",0.000895914738066494,"2"
"Drews","19",20261019,"TCGA-KN-8423","KICH","2",0.00162470573559403,"2"
"Drews","19",20261019,"TCGA-KN-8424","KICH","2",0.00140241149347275,"2"
"Drews","19",20261019,"TCGA-KO-8413","KICH","2",0.0150462547317147,"2"
"Drews","19",20261019,"TCGA-A3-3313","KIRC","1",0.0136286411434412,"2"
"Drews","19",20261019,"TCGA-A3-3317","KIRC","2",0.0872606039047241,"2"
"Drews","19",20261019,"TCGA-A3-3358","KIRC","2",0.000501130300108343,"2"
"Drews","19",20261019,"TCGA-A3-3382","KIRC","2",0.0111061809584498,"2"
"Drews","19",20261019,"TCGA-AK-3453","KIRC","2",0.0103044286370277,"2"
"Drews","19",20261019,"TCGA-B0-4810","KIRC","2",0.00127146020531654,"2"
"Drews","19",20261019,"TCGA-B0-5107","KIRC","2",0.0401359274983406,"2"
"Drews","19",20261019,"TCGA-B2-4099","KIRC","2",0.000708684674464166,"2"
"Drews","19",20261019,"TCGA-BP-4963","KIRC","2",0.0104356771335006,"2"
"Drews","19",20261019,"TCGA-BP-5175","KIRC","1",0.000282637833151966,"2"
"Drews","19",20261019,"TCGA-CJ-4640","KIRC","2",0.0015835938975215,"2"
"Drews","19",20261019,"TCGA-CJ-5679","KIRC","2",0.000613492913544178,"2"
"Drews","19",20261019,"TCGA-CZ-5456","KIRC","2",0.00814965460449457,"2"
"Drews","19",20261019,"TCGA-CZ-5462","KIRC","2",0.000406390201533213,"2"
"Drews","19",20261019,"TCGA-CZ-5989","KIRC","2",0.159827813506126,"2"
"Drews","19",20261019,"TCGA-2Z-A9JJ","KIRP","1",0.00960447452962399,"2"
"Drews","19",20261019,"TCGA-A4-7287","KIRP","2",0.967854380607605,"1"
"Drews","19",20261019,"TCGA-A4-A5DU","KIRP","2",0.0179434586316347,"2"
"Drews","19",20261019,"TCGA-AL-3466","KIRP","1",0.996676206588745,"1"
"Drews","19",20261019,"TCGA-B9-A69E","KIRP","1",0.00380271812900901,"2"
"Drews","19",20261019,"TCGA-DZ-6134","KIRP","2",0.0090629905462265,"2"
"Drews","19",20261019,"TCGA-EV-5902","KIRP","2",0.012910314835608,"2"
"Drews","19",20261019,"TCGA-P4-A5ED","KIRP","2",0.00235362234525383,"2"
"Drews","19",20261019,"TCGA-UZ-A9PZ","KIRP","2",0.0226243492215872,"2"
"Drews","19",20261019,"TCGA-CS-6670","LGG","2",0.00565421674400568,"2"
"Drews","19",20261019,"TCGA-DB-5275","LGG","1",0.0759455934166908,"2"
"Drews","19",20261019,"TCGA-DB-A4XE","LGG","2",0.0936650633811951,"2"
"Drews","19",20261019,"TCGA-DB-A4XG","LGG","2",0.00403782445937395,"2"
"Drews","19",20261019,"TCGA-DU-7013","LGG","2",0.851722300052643,"1"
"Drews","19",20261019,"TCGA-DU-7301","LGG","2",0.593142330646515,"1"
"Drews","19",20261019,"TCGA-DU-A5TW","LGG","2",0.274525374174118,"2"
"Drews","19",20261019,"TCGA-DU-A5TY","LGG","1",0.319966286420822,"2"
"Drews","19",20261019,"TCGA-DU-A7TA","LGG","1",0.10045026242733,"2"
"Drews","19",20261019,"TCGA-FG-6689","LGG","2",0.128259226679802,"2"
"Drews","19",20261019,"TCGA-FG-7634","LGG","2",0.00793469417840242,"2"
"Drews","19",20261019,"TCGA-FG-A4MX","LGG","2",0.17610539495945,"2"
"Drews","19",20261019,"TCGA-FG-A6IZ","LGG","2",0.0727282091975212,"2"
"Drews","19",20261019,"TCGA-FG-A6J1","LGG","2",0.00433366186916828,"2"
"Drews","19",20261019,"TCGA-HT-7471","LGG","2",0.0135054476559162,"2"
"Drews","19",20261019,"TCGA-HT-7693","LGG","2",0.288867145776749,"2"
"Drews","19",20261019,"TCGA-HT-7875","LGG","2",0.000980061944574118,"2"
"Drews","19",20261019,"TCGA-R8-A73M","LGG","2",0.00332544487901032,"2"
"Drews","19",20261019,"TCGA-S9-A6UB","LGG","2",0.00360589637421072,"2"
"Drews","19",20261019,"TCGA-S9-A7R8","LGG","1",0.526599645614624,"1"
"Drews","19",20261019,"TCGA-TM-A84B","LGG","1",0.413760811090469,"2"
"Drews","19",20261019,"TCGA-TM-A84F","LGG","2",0.0477977618575096,"2"
"Drews","19",20261019,"TCGA-TQ-A7RS","LGG","2",0.0119870593771338,"2"
"Drews","19",20261019,"TCGA-VV-A86M","LGG","2",0.398434042930603,"2"
"Drews","19",20261019,"TCGA-2Y-A9GY","LIHC","1",0.995582282543182,"1"
"Drews","19",20261019,"TCGA-2Y-A9H7","LIHC","2",0.984515905380249,"1"
"Drews","19",20261019,"TCGA-2Y-A9H9","LIHC","1",0.968272566795349,"1"
"Drews","19",20261019,"TCGA-BC-A10R","LIHC","1",0.869168102741241,"1"
"Drews","19",20261019,"TCGA-BC-A10T","LIHC","1",0.994677066802979,"1"
"Drews","19",20261019,"TCGA-BC-A10Z","LIHC","1",0.951248407363892,"1"
"Drews","19",20261019,"TCGA-BC-A5W4","LIHC","1",0.957975924015045,"1"
"Drews","19",20261019,"TCGA-BW-A5NP","LIHC","1",0.940486073493958,"1"
"Drews","19",20261019,"TCGA-DD-A11A","LIHC","1",0.988746345043182,"1"
"Drews","19",20261019,"TCGA-DD-A73F","LIHC","1",0.975941181182861,"1"
"Drews","19",20261019,"TCGA-DD-A73G","LIHC","1",0.8651003241539,"1"
"Drews","19",20261019,"TCGA-DD-AACD","LIHC","1",0.541312754154205,"1"
"Drews","19",20261019,"TCGA-DD-AADN","LIHC","1",0.990392684936523,"1"
"Drews","19",20261019,"TCGA-DD-AADO","LIHC","1",0.960553288459778,"1"
"Drews","19",20261019,"TCGA-DD-AAVX","LIHC","2",0.0138309737667441,"2"
"Drews","19",20261019,"TCGA-G3-A7M7","LIHC","2",0.300832241773605,"2"
"Drews","19",20261019,"TCGA-LG-A6GG","LIHC","1",0.912014484405518,"1"
"Drews","19",20261019,"TCGA-PD-A5DF","LIHC","1",0.981777250766754,"1"
"Drews","19",20261019,"TCGA-UB-A7MB","LIHC","1",0.994716227054596,"1"
"Drews","19",20261019,"TCGA-UB-A7MD","LIHC","2",0.985310077667236,"1"
"Drews","19",20261019,"TCGA-ZS-A9CG","LIHC","2",0.0804721564054489,"2"
"Drews","19",20261019,"TCGA-05-4396","LUAD","1",0.98283976316452,"1"
"Drews","19",20261019,"TCGA-05-4415","LUAD","1",0.977088212966919,"1"
"Drews","19",20261019,"TCGA-05-5715","LUAD","1",0.966981589794159,"1"
"Drews","19",20261019,"TCGA-38-4628","LUAD","1",0.999696969985962,"1"
"Drews","19",20261019,"TCGA-44-7670","LUAD","1",0.999939918518066,"1"
"Drews","19",20261019,"TCGA-44-8117","LUAD","1",0.998612999916077,"1"
"Drews","19",20261019,"TCGA-44-A4SU","LUAD","1",0.997023403644562,"1"
"Drews","19",20261019,"TCGA-49-AARQ","LUAD","1",0.99941349029541,"1"
"Drews","19",20261019,"TCGA-4B-A93V","LUAD","1",0.99873560667038,"1"
"Drews","19",20261019,"TCGA-50-5935","LUAD","1",0.90508496761322,"1"
"Drews","19",20261019,"TCGA-55-1594","LUAD","1",0.999971747398376,"1"
"Drews","19",20261019,"TCGA-55-6975","LUAD","1",0.999239683151245,"1"
"Drews","19",20261019,"TCGA-55-7903","LUAD","1",0.996958255767822,"1"
"Drews","19",20261019,"TCGA-55-7994","LUAD","1",0.996008515357971,"1"
"Drews","19",20261019,"TCGA-55-8615","LUAD","1",0.998339295387268,"1"
"Drews","19",20261019,"TCGA-55-A490","LUAD","1",0.999807894229889,"1"
"Drews","19",20261019,"TCGA-67-6217","LUAD","1",0.974633932113647,"1"
"Drews","19",20261019,"TCGA-73-4662","LUAD","1",0.989467084407806,"1"
"Drews","19",20261019,"TCGA-78-7150","LUAD","1",0.999939799308777,"1"
"Drews","19",20261019,"TCGA-78-7158","LUAD","2",0.831265270709991,"1"
"Drews","19",20261019,"TCGA-78-7161","LUAD","1",0.999451220035553,"1"
"Drews","19",20261019,"TCGA-78-8662","LUAD","1",0.999970555305481,"1"
"Drews","19",20261019,"TCGA-86-8056","LUAD","1",0.728052914142609,"1"
"Drews","19",20261019,"TCGA-91-6831","LUAD","1",0.999994516372681,"1"
"Drews","19",20261019,"TCGA-97-7547","LUAD","1",0.74970144033432,"1"
"Drews","19",20261019,"TCGA-97-A4M3","LUAD","1",0.993067264556885,"1"
"Drews","19",20261019,"TCGA-MP-A4T6","LUAD","1",0.952799499034882,"1"
"Drews","19",20261019,"TCGA-18-4721","LUSC","1",0.999346435070038,"1"
"Drews","19",20261019,"TCGA-21-5787","LUSC","1",0.990812003612518,"1"
"Drews","19",20261019,"TCGA-22-4601","LUSC","1",0.999841809272766,"1"
"Drews","19",20261019,"TCGA-22-5473","LUSC","1",0.995230734348297,"1"
"Drews","19",20261019,"TCGA-33-4547","LUSC","1",0.99982100725174,"1"
"Drews","19",20261019,"TCGA-33-4582","LUSC","1",0.999941229820251,"1"
"Drews","19",20261019,"TCGA-33-6737","LUSC","1",0.997389733791351,"1"
"Drews","19",20261019,"TCGA-33-AASB","LUSC","1",0.999988675117493,"1"
"Drews","19",20261019,"TCGA-39-5035","LUSC","1",0.992655515670776,"1"
"Drews","19",20261019,"TCGA-43-2581","LUSC","1",0.996302127838135,"1"
"Drews","19",20261019,"TCGA-43-A474","LUSC","1",0.999025225639343,"1"
"Drews","19",20261019,"TCGA-56-1622","LUSC","1",0.999390721321106,"1"
"Drews","19",20261019,"TCGA-56-7730","LUSC","1",0.998887479305267,"1"
"Drews","19",20261019,"TCGA-56-8083","LUSC","1",0.999527454376221,"1"
"Drews","19",20261019,"TCGA-56-8628","LUSC","1",0.991607785224915,"1"
"Drews","19",20261019,"TCGA-56-8629","LUSC","1",0.999875545501709,"1"
"Drews","19",20261019,"TCGA-58-8387","LUSC","1",0.999907255172729,"1"
"Drews","19",20261019,"TCGA-60-2711","LUSC","1",0.999955177307129,"1"
"Drews","19",20261019,"TCGA-60-2722","LUSC","1",0.999953389167786,"1"
"Drews","19",20261019,"TCGA-63-A5MH","LUSC","1",0.99878603219986,"1"
"Drews","19",20261019,"TCGA-66-2794","LUSC","1",0.998031795024872,"1"
"Drews","19",20261019,"TCGA-68-7755","LUSC","1",0.999716222286224,"1"
"Drews","19",20261019,"TCGA-77-7142","LUSC","1",0.998830735683441,"1"
"Drews","19",20261019,"TCGA-77-7337","LUSC","1",0.999588072299957,"1"
"Drews","19",20261019,"TCGA-77-8009","LUSC","1",0.99996280670166,"1"
"Drews","19",20261019,"TCGA-85-8351","LUSC","1",0.989312469959259,"1"
"Drews","19",20261019,"TCGA-85-A4QR","LUSC","1",0.999905824661255,"1"
"Drews","19",20261019,"TCGA-85-A5B5","LUSC","1",0.997599303722382,"1"
"Drews","19",20261019,"TCGA-90-7769","LUSC","1",0.996371507644653,"1"
"Drews","19",20261019,"TCGA-98-8022","LUSC","1",0.999335587024689,"1"
"Drews","19",20261019,"TCGA-LA-A446","LUSC","1",0.999196827411652,"1"
"Drews","19",20261019,"TCGA-NC-A5HD","LUSC","1",0.999776780605316,"1"
"Drews","19",20261019,"TCGA-NC-A5HN","LUSC","1",0.993807017803192,"1"
"Drews","19",20261019,"TCGA-NC-A5HR","LUSC","1",0.999923706054688,"1"
"Drews","19",20261019,"TCGA-MQ-A4LJ","MESO","1",0.647603332996368,"1"
"Drews","19",20261019,"TCGA-MQ-A4LP","MESO","1",0.993417263031006,"1"
"Drews","19",20261019,"TCGA-MQ-A6BS","MESO","1",0.985224783420563,"1"
"Drews","19",20261019,"TCGA-ZN-A9VU","MESO","2",0.368505001068115,"2"
"Drews","19",20261019,"TCGA-04-1357","OV","1",0.999226331710815,"1"
"Drews","19",20261019,"TCGA-09-2044","OV","1",0.999843001365662,"1"
"Drews","19",20261019,"TCGA-10-0928","OV","1",0.999444425106049,"1"
"Drews","19",20261019,"TCGA-13-0897","OV","1",0.999966979026794,"1"
"Drews","19",20261019,"TCGA-13-1481","OV","1",0.999989748001099,"1"
"Drews","19",20261019,"TCGA-13-1505","OV","1",0.999926686286926,"1"
"Drews","19",20261019,"TCGA-13-1511","OV","1",0.999229788780212,"1"
"Drews","19",20261019,"TCGA-13-1512","OV","1",0.999990701675415,"1"
"Drews","19",20261019,"TCGA-23-1027","OV","1",0.999964356422424,"1"
"Drews","19",20261019,"TCGA-23-2084","OV","1",0.999974966049194,"1"
"Drews","19",20261019,"TCGA-24-1424","OV","1",0.999997973442078,"1"
"Drews","19",20261019,"TCGA-24-1469","OV","1",0.999991297721863,"1"
"Drews","19",20261019,"TCGA-24-1552","OV","1",0.99990177154541,"1"
"Drews","19",20261019,"TCGA-24-1564","OV","1",0.999732792377472,"1"
"Drews","19",20261019,"TCGA-24-1616","OV","1",0.999682307243347,"1"
"Drews","19",20261019,"TCGA-24-1843","OV","1",0.999963641166687,"1"
"Drews","19",20261019,"TCGA-24-1847","OV","1",0.999097347259521,"1"
"Drews","19",20261019,"TCGA-24-1850","OV","1",0.999964594841003,"1"
"Drews","19",20261019,"TCGA-24-2271","OV","1",0.999435126781464,"1"
"Drews","19",20261019,"TCGA-24-2288","OV","1",0.999987125396729,"1"
"Drews","19",20261019,"TCGA-24-2298","OV","1",0.999817907810211,"1"
"Drews","19",20261019,"TCGA-25-1313","OV","1",0.999916076660156,"1"
"Drews","19",20261019,"TCGA-25-1315","OV","1",0.999970197677612,"1"
"Drews","19",20261019,"TCGA-29-1761","OV","1",0.999904751777649,"1"
"Drews","19",20261019,"TCGA-29-1781","OV","1",0.999212384223938,"1"
"Drews","19",20261019,"TCGA-29-1783","OV","1",0.999953746795654,"1"
"Drews","19",20261019,"TCGA-30-1718","OV","1",0.999920725822449,"1"
"Drews","19",20261019,"TCGA-30-1855","OV","1",0.999990701675415,"1"
"Drews","19",20261019,"TCGA-59-A5PD","OV","1",0.999998569488525,"1"
"Drews","19",20261019,"TCGA-5X-AA5U","OV","1",0.998246669769287,"1"
"Drews","19",20261019,"TCGA-61-1728","OV","1",0.999959707260132,"1"
"Drews","19",20261019,"TCGA-OY-A56P","OV","1",0.990518987178802,"1"
"Drews","19",20261019,"TCGA-WR-A838","OV","1",0.999795258045197,"1"
"Drews","19",20261019,"TCGA-FB-AAQ2","PAAD","1",0.999472081661224,"1"
"Drews","19",20261019,"TCGA-HV-A5A6","PAAD","1",0.999719202518463,"1"
"Drews","19",20261019,"TCGA-IB-7646","PAAD","1",0.968419671058655,"1"
"Drews","19",20261019,"TCGA-PZ-A5RE","PAAD","1",0.986781537532806,"1"
"Drews","19",20261019,"TCGA-S4-A8RO","PAAD","1",0.714434564113617,"1"
"Drews","19",20261019,"TCGA-QR-A6H6","PCPG","2",0.0499639585614204,"2"
"Drews","19",20261019,"TCGA-QR-A6ZZ","PCPG","1",0.0393595919013023,"2"
"Drews","19",20261019,"TCGA-QR-A70P","PCPG","2",0.406012117862701,"2"
"Drews","19",20261019,"TCGA-RM-A68W","PCPG","2",0.0635065212845802,"2"
"Drews","19",20261019,"TCGA-S7-A7WP","PCPG","2",0.0291457641869783,"2"
"Drews","19",20261019,"TCGA-SP-A6QK","PCPG","2",0.246526777744293,"2"
"Drews","19",20261019,"TCGA-SR-A6MP","PCPG","1",0.033319141715765,"2"
"Drews","19",20261019,"TCGA-W2-A7H7","PCPG","2",0.316818505525589,"2"
"Drews","19",20261019,"TCGA-WB-A819","PCPG","2",0.00994627457112074,"2"
"Drews","19",20261019,"TCGA-WB-A821","PCPG","2",0.0039738304913044,"2"
"Drews","19",20261019,"TCGA-2A-A8VX","PRAD","1",0.99660587310791,"1"
"Drews","19",20261019,"TCGA-CH-5765","PRAD","2",0.888523101806641,"1"
"Drews","19",20261019,"TCGA-CH-5769","PRAD","1",0.980159401893616,"1"
"Drews","19",20261019,"TCGA-EJ-5518","PRAD","1",0.98662531375885,"1"
"Drews","19",20261019,"TCGA-EJ-7331","PRAD","2",0.789192199707031,"1"
"Drews","19",20261019,"TCGA-EJ-A46F","PRAD","1",0.978476464748383,"1"
"Drews","19",20261019,"TCGA-HC-7213","PRAD","1",0.995956838130951,"1"
"Drews","19",20261019,"TCGA-HC-7748","PRAD","1",0.768800616264343,"1"
"Drews","19",20261019,"TCGA-HI-7168","PRAD","1",0.997676908969879,"1"
"Drews","19",20261019,"TCGA-KK-A59X","PRAD","1",0.985396802425385,"1"
"Drews","19",20261019,"TCGA-KK-A8IB","PRAD","1",0.981316447257996,"1"
"Drews","19",20261019,"TCGA-TP-A8TV","PRAD","1",0.999841451644897,"1"
"Drews","19",20261019,"TCGA-V1-A8WW","PRAD","1",0.998541712760925,"1"
"Drews","19",20261019,"TCGA-V1-A9ZR","PRAD","1",0.917067468166351,"1"
"Drews","19",20261019,"TCGA-XJ-A83H","PRAD","2",0.981226444244385,"1"
"Drews","19",20261019,"TCGA-YL-A8HM","PRAD","1",0.999889254570007,"1"
"Drews","19",20261019,"TCGA-YL-A8SO","PRAD","1",0.99616265296936,"1"
"Drews","19",20261019,"TCGA-ZG-A9N3","PRAD","1",0.999427437782288,"1"
"Drews","19",20261019,"TCGA-AG-3581","READ","2",0.890190780162811,"1"
"Drews","19",20261019,"TCGA-AG-3591","READ","1",0.974554657936096,"1"
"Drews","19",20261019,"TCGA-AG-3890","READ","1",0.990491449832916,"1"
"Drews","19",20261019,"TCGA-AG-3896","READ","1",0.910975456237793,"1"
"Drews","19",20261019,"TCGA-AG-A02X","READ","1",0.992855906486511,"1"
"Drews","19",20261019,"TCGA-CL-4957","READ","1",0.997480809688568,"1"
"Drews","19",20261019,"TCGA-DC-5869","READ","2",0.840209484100342,"1"
"Drews","19",20261019,"TCGA-DY-A1DG","READ","1",0.986974954605103,"1"
"Drews","19",20261019,"TCGA-F5-6813","READ","1",0.988003730773926,"1"
"Drews","19",20261019,"TCGA-3B-A9I1","SARC","1",0.969380974769592,"1"
"Drews","19",20261019,"TCGA-DX-A3LY","SARC","1",0.915580868721008,"1"
"Drews","19",20261019,"TCGA-DX-A3U5","SARC","1",0.997299015522003,"1"
"Drews","19",20261019,"TCGA-DX-A3UA","SARC","1",0.963249444961548,"1"
"Drews","19",20261019,"TCGA-DX-A6BF","SARC","1",0.992433428764343,"1"
"Drews","19",20261019,"TCGA-DX-A8BH","SARC","1",0.99946528673172,"1"
"Drews","19",20261019,"TCGA-DX-A8BR","SARC","1",0.97390604019165,"1"
"Drews","19",20261019,"TCGA-DX-A8BT","SARC","1",0.999075651168823,"1"
"Drews","19",20261019,"TCGA-DX-A8BU","SARC","1",0.999922037124634,"1"
"Drews","19",20261019,"TCGA-DX-AB2H","SARC","1",0.980848670005798,"1"
"Drews","19",20261019,"TCGA-DX-AB35","SARC","1",0.992833375930786,"1"
"Drews","19",20261019,"TCGA-DX-AB3A","SARC","1",0.998516976833344,"1"
"Drews","19",20261019,"TCGA-FX-A3TO","SARC","1",0.996206641197205,"1"
"Drews","19",20261019,"TCGA-HB-A43Z","SARC","1",0.998844385147095,"1"
"Drews","19",20261019,"TCGA-IE-A4EH","SARC","1",0.998831808567047,"1"
"Drews","19",20261019,"TCGA-IE-A4EJ","SARC","1",0.997206509113312,"1"
"Drews","19",20261019,"TCGA-JV-A5VE","SARC","1",0.994060695171356,"1"
"Drews","19",20261019,"TCGA-JV-A5VF","SARC","1",0.999663949012756,"1"
"Drews","19",20261019,"TCGA-LI-A9QH","SARC","1",0.999913573265076,"1"
"Drews","19",20261019,"TCGA-QC-A7B5","SARC","2",0.727066695690155,"1"
"Drews","19",20261019,"TCGA-SG-A6Z4","SARC","1",0.999719679355621,"1"
"Drews","19",20261019,"TCGA-SI-AA8C","SARC","1",0.994222342967987,"1"
"Drews","19",20261019,"TCGA-X6-A7W8","SARC","1",0.999813854694366,"1"
"Drews","19",20261019,"TCGA-X6-A8C4","SARC","1",0.999142289161682,"1"
"Drews","19",20261019,"TCGA-BF-A3DN","SKCM","2",0.956451892852783,"1"
"Drews","19",20261019,"TCGA-BF-AAP2","SKCM","1",0.966825664043427,"1"
"Drews","19",20261019,"TCGA-EB-A41B","SKCM","1",0.994762599468231,"1"
"Drews","19",20261019,"TCGA-EB-A430","SKCM","2",0.505219876766205,"1"
"Drews","19",20261019,"TCGA-EB-A5SF","SKCM","1",0.402575850486755,"2"
"Drews","19",20261019,"TCGA-ER-A19T","SKCM","1",0.999830961227417,"1"
"Drews","19",20261019,"TCGA-FR-A726","SKCM","1",0.988582968711853,"1"
"Drews","19",20261019,"TCGA-XV-A9W5","SKCM","1",0.994849741458893,"1"
"Drews","19",20261019,"TCGA-BR-4257","STAD","2",0.704394161701202,"1"
"Drews","19",20261019,"TCGA-BR-4357","STAD","1",0.999808609485626,"1"
"Drews","19",20261019,"TCGA-BR-6456","STAD","1",0.998948395252228,"1"
"Drews","19",20261019,"TCGA-BR-7197","STAD","1",0.998580932617188,"1"
"Drews","19",20261019,"TCGA-BR-8361","STAD","1",0.773524284362793,"1"
"Drews","19",20261019,"TCGA-BR-8485","STAD","1",0.999609410762787,"1"
"Drews","19",20261019,"TCGA-BR-8487","STAD","2",0.426252752542496,"2"
"Drews","19",20261019,"TCGA-BR-8687","STAD","1",0.998510420322418,"1"
"Drews","19",20261019,"TCGA-BR-A44U","STAD","1",0.985483825206757,"1"
"Drews","19",20261019,"TCGA-CD-8527","STAD","1",0.998774468898773,"1"
"Drews","19",20261019,"TCGA-CD-8535","STAD","1",0.999018907546997,"1"
"Drews","19",20261019,"TCGA-CG-4440","STAD","1",0.999143362045288,"1"
"Drews","19",20261019,"TCGA-CG-4449","STAD","1",0.999905228614807,"1"
"Drews","19",20261019,"TCGA-CG-5732","STAD","1",0.994623899459839,"1"
"Drews","19",20261019,"TCGA-D7-A4YY","STAD","1",0.94675350189209,"1"
"Drews","19",20261019,"TCGA-EQ-A4SO","STAD","1",0.99462366104126,"1"
"Drews","19",20261019,"TCGA-FP-8211","STAD","1",0.998258650302887,"1"
"Drews","19",20261019,"TCGA-HU-8243","STAD","1",0.999536991119385,"1"
"Drews","19",20261019,"TCGA-HU-A4HB","STAD","2",0.958113431930542,"1"
"Drews","19",20261019,"TCGA-IN-A6RI","STAD","1",0.99951159954071,"1"
"Drews","19",20261019,"TCGA-R5-A805","STAD","1",0.998014211654663,"1"
"Drews","19",20261019,"TCGA-VQ-A8DU","STAD","1",0.99986732006073,"1"
"Drews","19",20261019,"TCGA-VQ-A928","STAD","1",0.994058728218079,"1"
"Drews","19",20261019,"TCGA-VQ-A94O","STAD","1",0.999972701072693,"1"
"Drews","19",20261019,"TCGA-VQ-A94R","STAD","1",0.998050808906555,"1"
"Drews","19",20261019,"TCGA-VQ-A94U","STAD","1",0.872608780860901,"1"
"Drews","19",20261019,"TCGA-VQ-AA64","STAD","1",0.999966382980347,"1"
"Drews","19",20261019,"TCGA-2G-AAGV","TGCT","2",0.225634336471558,"2"
"Drews","19",20261019,"TCGA-2G-AAHL","TGCT","2",0.259147852659225,"2"
"Drews","19",20261019,"TCGA-YU-A90Y","TGCT","1",0.997249186038971,"1"
"Drews","19",20261019,"TCGA-ZM-AA0B","TGCT","1",0.928342640399933,"1"
"Drews","19",20261019,"TCGA-EL-A3CX","THCA","2",0.00144811812788248,"2"
"Drews","19",20261019,"TCGA-EL-A3GP","THCA","2",0.0281344410032034,"2"
"Drews","19",20261019,"TCGA-X7-A8M3","THYM","2",0.344600766897202,"2"
"Drews","19",20261019,"TCGA-A5-A0GE","UCEC","2",0.105348385870457,"2"
"Drews","19",20261019,"TCGA-A5-A1OG","UCEC","1",0.999575436115265,"1"
"Drews","19",20261019,"TCGA-AJ-A2QM","UCEC","1",0.981449961662292,"1"
"Drews","19",20261019,"TCGA-AJ-A3NF","UCEC","1",0.943438053131104,"1"
"Drews","19",20261019,"TCGA-AJ-A8CV","UCEC","2",0.0397291518747807,"2"
"Drews","19",20261019,"TCGA-AP-A052","UCEC","1",0.999762833118439,"1"
"Drews","19",20261019,"TCGA-AP-A0L9","UCEC","1",0.999987483024597,"1"
"Drews","19",20261019,"TCGA-AP-A0LI","UCEC","1",0.999539732933044,"1"
"Drews","19",20261019,"TCGA-AX-A1C7","UCEC","1",0.999259650707245,"1"
"Drews","19",20261019,"TCGA-AX-A2H4","UCEC","1",0.99520879983902,"1"
"Drews","19",20261019,"TCGA-AX-A2HD","UCEC","2",0.807135760784149,"1"
"Drews","19",20261019,"TCGA-AX-A3FX","UCEC","1",0.976360142230988,"1"
"Drews","19",20261019,"TCGA-AX-A3G7","UCEC","1",0.952048182487488,"1"
"Drews","19",20261019,"TCGA-AX-A3GI","UCEC","1",0.99986732006073,"1"
"Drews","19",20261019,"TCGA-B5-A0JS","UCEC","1",0.0660989210009575,"2"
"Drews","19",20261019,"TCGA-B5-A11S","UCEC","2",0.18326161801815,"2"
"Drews","19",20261019,"TCGA-BS-A0TI","UCEC","1",0.978588223457336,"1"
"Drews","19",20261019,"TCGA-BS-A0V8","UCEC","1",0.983508348464966,"1"
"Drews","19",20261019,"TCGA-D1-A17R","UCEC","2",0.450581014156342,"2"
"Drews","19",20261019,"TCGA-D1-A1NX","UCEC","1",0.996670424938202,"1"
"Drews","19",20261019,"TCGA-D1-A3JQ","UCEC","1",0.997729003429413,"1"
"Drews","19",20261019,"TCGA-DI-A1C3","UCEC","2",0.00423683086410165,"2"
"Drews","19",20261019,"TCGA-DI-A2QU","UCEC","1",0.961072266101837,"1"
"Drews","19",20261019,"TCGA-EO-A22T","UCEC","2",0.0560479760169983,"2"
"Drews","19",20261019,"TCGA-EO-A22Y","UCEC","2",0.416337251663208,"2"
"Drews","19",20261019,"TCGA-EY-A1GR","UCEC","1",0.99947327375412,"1"
"Drews","19",20261019,"TCGA-EY-A210","UCEC","1",0.982664167881012,"1"
"Drews","19",20261019,"TCGA-EY-A214","UCEC","1",0.999476253986359,"1"
"Drews","19",20261019,"TCGA-EY-A2OO","UCEC","2",0.0827948749065399,"2"
"Drews","19",20261019,"TCGA-EY-A3QX","UCEC","1",0.998419523239136,"1"
"Drews","19",20261019,"TCGA-H5-A2HR","UCEC","1",0.999229907989502,"1"
"Drews","19",20261019,"TCGA-KP-A3W4","UCEC","1",0.988300323486328,"1"
"Drews","19",20261019,"TCGA-PG-A914","UCEC","1",0.999951958656311,"1"
"Drews","19",20261019,"TCGA-PG-A915","UCEC","1",0.999322652816772,"1"
"Drews","19",20261019,"TCGA-N5-A4R8","UCS","1",0.999872446060181,"1"
"Drews","19",20261019,"TCGA-N5-A4RU","UCS","1",0.999857187271118,"1"
"Drews","19",20261019,"TCGA-N8-A4PP","UCS","1",0.999960780143738,"1"
"Drews","19",20261019,"TCGA-N9-A4Q1","UCS","1",0.999977946281433,"1"
"Drews","19",20261019,"TCGA-N9-A4Q4","UCS","1",0.999833941459656,"1"
"Drews","19",20261019,"TCGA-NA-A5I1","UCS","1",0.999920964241028,"1"
"Drews","19",20261019,"TCGA-ND-A4WF","UCS","1",0.999939560890198,"1"
"Drews","19",20261019,"TCGA-V4-A9E5","UVM","2",0.075223371386528,"2"
"Drews","19",20261019,"TCGA-V4-A9EO","UVM","2",0.00131000042892992,"2"
"Drews","19",20261019,"TCGA-V4-A9EX","UVM","2",0.519203007221222,"1"
"Drews","19",20261019,"TCGA-VD-A8KF","UVM","2",0.0145834963768721,"2"
"Drews","20",20261020,"TCGA-OR-A5JA","ACC","1",0.831480503082275,"1"
"Drews","20",20261020,"TCGA-OR-A5JC","ACC","1",0.0572951212525368,"2"
"Drews","20",20261020,"TCGA-OR-A5JI","ACC","2",0.00319521711207926,"2"
"Drews","20",20261020,"TCGA-OR-A5K0","ACC","1",0.896652936935425,"1"
"Drews","20",20261020,"TCGA-OR-A5K6","ACC","1",0.230752363801003,"2"
"Drews","20",20261020,"TCGA-OR-A5K9","ACC","1",0.706620097160339,"1"
"Drews","20",20261020,"TCGA-OR-A5LA","ACC","2",0.00979008246213198,"2"
"Drews","20",20261020,"TCGA-OR-A5LN","ACC","2",0.0114141954109073,"2"
"Drews","20",20261020,"TCGA-4Z-AA7M","BLCA","1",0.99985146522522,"1"
"Drews","20",20261020,"TCGA-4Z-AA7S","BLCA","1",0.978446125984192,"1"
"Drews","20",20261020,"TCGA-4Z-AA87","BLCA","1",0.999781429767609,"1"
"Drews","20",20261020,"TCGA-CF-A3MF","BLCA","2",0.626808524131775,"1"
"Drews","20",20261020,"TCGA-CU-A3YL","BLCA","2",0.991554439067841,"1"
"Drews","20",20261020,"TCGA-DK-A1AG","BLCA","1",0.802737832069397,"1"
"Drews","20",20261020,"TCGA-DK-A3IT","BLCA","1",0.999278604984283,"1"
"Drews","20",20261020,"TCGA-DK-A6B1","BLCA","1",0.998886048793793,"1"
"Drews","20",20261020,"TCGA-DK-AA6L","BLCA","1",0.999931454658508,"1"
"Drews","20",20261020,"TCGA-DK-AA6R","BLCA","1",0.999950408935547,"1"
"Drews","20",20261020,"TCGA-DK-AA6W","BLCA","1",0.999231100082397,"1"
"Drews","20",20261020,"TCGA-E5-A4U1","BLCA","1",0.99547415971756,"1"
"Drews","20",20261020,"TCGA-E7-A5KE","BLCA","1",0.999896287918091,"1"
"Drews","20",20261020,"TCGA-FD-A3SJ","BLCA","1",0.999935388565063,"1"
"Drews","20",20261020,"TCGA-FD-A6TA","BLCA","1",0.999385118484497,"1"
"Drews","20",20261020,"TCGA-FD-A6TD","BLCA","1",0.996849834918976,"1"
"Drews","20",20261020,"TCGA-GV-A3JV","BLCA","1",0.819582998752594,"1"
"Drews","20",20261020,"TCGA-GV-A3JZ","BLCA","1",0.999968647956848,"1"
"Drews","20",20261020,"TCGA-GV-A3QI","BLCA","1",0.99863213300705,"1"
"Drews","20",20261020,"TCGA-GV-A40E","BLCA","1",0.999650716781616,"1"
"Drews","20",20261020,"TCGA-K4-A3WV","BLCA","1",0.999845743179321,"1"
"Drews","20",20261020,"TCGA-KQ-A41N","BLCA","1",0.998698830604553,"1"
"Drews","20",20261020,"TCGA-UY-A9PH","BLCA","1",0.999784767627716,"1"
"Drews","20",20261020,"TCGA-XF-A9SV","BLCA","1",0.996416330337524,"1"
"Drews","20",20261020,"TCGA-XF-A9SZ","BLCA","1",0.998709559440613,"1"
"Drews","20",20261020,"TCGA-XF-AAML","BLCA","1",0.999252259731293,"1"
"Drews","20",20261020,"TCGA-XF-AAMY","BLCA","1",0.99857223033905,"1"
"Drews","20",20261020,"TCGA-XF-AAN2","BLCA","1",0.999726116657257,"1"
"Drews","20",20261020,"TCGA-XF-AAN7","BLCA","1",0.998695075511932,"1"
"Drews","20",20261020,"TCGA-YF-AA3L","BLCA","1",0.977369964122772,"1"
"Drews","20",20261020,"TCGA-YF-AA3M","BLCA","1",0.999814927577972,"1"
"Drews","20",20261020,"TCGA-ZF-A9RL","BLCA","1",0.998588263988495,"1"
"Drews","20",20261020,"TCGA-ZF-A9RM","BLCA","1",0.999603092670441,"1"
"Drews","20",20261020,"TCGA-A1-A0SF","BRCA","1",0.555355250835419,"1"
"Drews","20",20261020,"TCGA-A1-A0SN","BRCA","1",0.999384522438049,"1"
"Drews","20",20261020,"TCGA-A2-A04P","BRCA","1",0.999978065490723,"1"
"Drews","20",20261020,"TCGA-A2-A04X","BRCA","1",0.998717665672302,"1"
"Drews","20",20261020,"TCGA-A2-A0D0","BRCA","1",0.999986529350281,"1"
"Drews","20",20261020,"TCGA-A2-A0EP","BRCA","1",0.0253117699176073,"2"
"Drews","20",20261020,"TCGA-A2-A0YM","BRCA","1",0.99995744228363,"1"
"Drews","20",20261020,"TCGA-A2-A1FV","BRCA","1",0.878256678581238,"1"
"Drews","20",20261020,"TCGA-A7-A13F","BRCA","1",0.957050085067749,"1"
"Drews","20",20261020,"TCGA-A7-A26E","BRCA","2",0.324997305870056,"2"
"Drews","20",20261020,"TCGA-A7-A56D","BRCA","1",0.998400270938873,"1"
"Drews","20",20261020,"TCGA-A8-A06X","BRCA","1",0.999860167503357,"1"
"Drews","20",20261020,"TCGA-A8-A079","BRCA","1",0.999556005001068,"1"
"Drews","20",20261020,"TCGA-A8-A07C","BRCA","1",0.999958157539368,"1"
"Drews","20",20261020,"TCGA-A8-A07O","BRCA","1",0.999979019165039,"1"
"Drews","20",20261020,"TCGA-A8-A08I","BRCA","1",0.996849954128265,"1"
"Drews","20",20261020,"TCGA-A8-A08O","BRCA","1",0.996888101100922,"1"
"Drews","20",20261020,"TCGA-A8-A090","BRCA","1",0.986223518848419,"1"
"Drews","20",20261020,"TCGA-A8-A094","BRCA","1",0.999923467636108,"1"
"Drews","20",20261020,"TCGA-A8-A096","BRCA","2",0.0797130018472672,"2"
"Drews","20",20261020,"TCGA-A8-A09C","BRCA","1",0.965997815132141,"1"
"Drews","20",20261020,"TCGA-A8-A09Q","BRCA","1",0.999511241912842,"1"
"Drews","20",20261020,"TCGA-AC-A23C","BRCA","1",0.957305312156677,"1"
"Drews","20",20261020,"TCGA-AC-A2QH","BRCA","1",0.999363720417023,"1"
"Drews","20",20261020,"TCGA-AC-A62V","BRCA","1",0.991888105869293,"1"
"Drews","20",20261020,"TCGA-AC-A7VB","BRCA","1",0.999312520027161,"1"
"Drews","20",20261020,"TCGA-AN-A03Y","BRCA","1",0.997316658496857,"1"
"Drews","20",20261020,"TCGA-AN-A04A","BRCA","1",0.999155879020691,"1"
"Drews","20",20261020,"TCGA-AN-A04D","BRCA","1",0.999919176101685,"1"
"Drews","20",20261020,"TCGA-AN-A0AJ","BRCA","1",0.999826967716217,"1"
"Drews","20",20261020,"TCGA-AN-A0FV","BRCA","1",0.99990713596344,"1"
"Drews","20",20261020,"TCGA-AN-A0XS","BRCA","2",0.634136736392975,"1"
"Drews","20",20261020,"TCGA-AO-A03N","BRCA","1",0.97939521074295,"1"
"Drews","20",20261020,"TCGA-AO-A03O","BRCA","1",0.999808609485626,"1"
"Drews","20",20261020,"TCGA-AO-A03P","BRCA","1",0.992182075977325,"1"
"Drews","20",20261020,"TCGA-AO-A03T","BRCA","1",0.999527812004089,"1"
"Drews","20",20261020,"TCGA-AO-A124","BRCA","1",0.999931693077087,"1"
"Drews","20",20261020,"TCGA-AO-A1KS","BRCA","1",0.993950486183167,"1"
"Drews","20",20261020,"TCGA-AQ-A54O","BRCA","1",0.874123632907867,"1"
"Drews","20",20261020,"TCGA-AR-A0TW","BRCA","1",0.998135447502136,"1"
"Drews","20",20261020,"TCGA-AR-A0U3","BRCA","1",0.999212503433228,"1"
"Drews","20",20261020,"TCGA-AR-A24X","BRCA","2",0.0820584669709206,"2"
"Drews","20",20261020,"TCGA-AR-A255","BRCA","1",0.998751044273376,"1"
"Drews","20",20261020,"TCGA-B6-A0I1","BRCA","1",0.999688863754272,"1"
"Drews","20",20261020,"TCGA-B6-A0IA","BRCA","1",0.955312728881836,"1"
"Drews","20",20261020,"TCGA-BH-A0B9","BRCA","1",0.999037861824036,"1"
"Drews","20",20261020,"TCGA-BH-A0BP","BRCA","1",0.996632158756256,"1"
"Drews","20",20261020,"TCGA-BH-A0BS","BRCA","2",0.175873383879662,"2"
"Drews","20",20261020,"TCGA-BH-A0BW","BRCA","1",0.999957203865051,"1"
"Drews","20",20261020,"TCGA-BH-A0E2","BRCA","1",0.998993694782257,"1"
"Drews","20",20261020,"TCGA-BH-A0H7","BRCA","1",0.998510539531708,"1"
"Drews","20",20261020,"TCGA-BH-A0HB","BRCA","1",0.99949848651886,"1"
"Drews","20",20261020,"TCGA-BH-A0W7","BRCA","1",0.672558903694153,"1"
"Drews","20",20261020,"TCGA-BH-A1EN","BRCA","1",0.998399078845978,"1"
"Drews","20",20261020,"TCGA-BH-A1EO","BRCA","1",0.949770748615265,"1"
"Drews","20",20261020,"TCGA-BH-A1FE","BRCA","1",0.95597368478775,"1"
"Drews","20",20261020,"TCGA-BH-A1FL","BRCA","2",0.131907448172569,"2"
"Drews","20",20261020,"TCGA-C8-A12T","BRCA","1",0.995481252670288,"1"
"Drews","20",20261020,"TCGA-C8-A12U","BRCA","1",0.999177634716034,"1"
"Drews","20",20261020,"TCGA-C8-A12W","BRCA","1",0.999979496002197,"1"
"Drews","20",20261020,"TCGA-C8-A130","BRCA","1",0.999959826469421,"1"
"Drews","20",20261020,"TCGA-C8-A132","BRCA","1",0.999776542186737,"1"
"Drews","20",20261020,"TCGA-C8-A137","BRCA","1",0.999768555164337,"1"
"Drews","20",20261020,"TCGA-C8-A1HK","BRCA","1",0.999819457530975,"1"
"Drews","20",20261020,"TCGA-C8-A1HL","BRCA","1",0.999769628047943,"1"
"Drews","20",20261020,"TCGA-C8-A1HN","BRCA","1",0.999804079532623,"1"
"Drews","20",20261020,"TCGA-D8-A145","BRCA","2",0.882921516895294,"1"
"Drews","20",20261020,"TCGA-D8-A1X9","BRCA","1",0.999866485595703,"1"
"Drews","20",20261020,"TCGA-D8-A1XZ","BRCA","1",0.997932076454163,"1"
"Drews","20",20261020,"TCGA-D8-A1Y1","BRCA","2",0.663489103317261,"1"
"Drews","20",20261020,"TCGA-E2-A14T","BRCA","1",0.998426556587219,"1"
"Drews","20",20261020,"TCGA-E2-A14Z","BRCA","1",0.992736577987671,"1"
"Drews","20",20261020,"TCGA-E2-A1LL","BRCA","1",0.999505639076233,"1"
"Drews","20",20261020,"TCGA-E2-A2P6","BRCA","1",0.972034573554993,"1"
"Drews","20",20261020,"TCGA-E2-A56Z","BRCA","1",0.999279916286469,"1"
"Drews","20",20261020,"TCGA-E9-A1NC","BRCA","1",0.999584496021271,"1"
"Drews","20",20261020,"TCGA-E9-A1NF","BRCA","1",0.978825151920319,"1"
"Drews","20",20261020,"TCGA-E9-A1R5","BRCA","1",0.890967428684235,"1"
"Drews","20",20261020,"TCGA-E9-A1RE","BRCA","1",0.999676942825317,"1"
"Drews","20",20261020,"TCGA-E9-A1RF","BRCA","1",0.999869465827942,"1"
"Drews","20",20261020,"TCGA-E9-A22A","BRCA","1",0.998215317726135,"1"
"Drews","20",20261020,"TCGA-E9-A244","BRCA","1",0.999937176704407,"1"
"Drews","20",20261020,"TCGA-E9-A247","BRCA","1",0.99439263343811,"1"
"Drews","20",20261020,"TCGA-E9-A249","BRCA","2",0.0474266298115253,"2"
"Drews","20",20261020,"TCGA-E9-A24A","BRCA","2",0.141357421875,"2"
"Drews","20",20261020,"TCGA-E9-A5UO","BRCA","1",0.996064245700836,"1"
"Drews","20",20261020,"TCGA-EW-A1P0","BRCA","1",0.985457897186279,"1"
"Drews","20",20261020,"TCGA-EW-A1P3","BRCA","2",0.791014790534973,"1"
"Drews","20",20261020,"TCGA-EW-A1P8","BRCA","1",0.999853849411011,"1"
"Drews","20",20261020,"TCGA-GM-A2DF","BRCA","1",0.999975204467773,"1"
"Drews","20",20261020,"TCGA-GM-A2DL","BRCA","1",0.994415879249573,"1"
"Drews","20",20261020,"TCGA-OL-A66K","BRCA","2",0.2521011531353,"2"
"Drews","20",20261020,"TCGA-OL-A6VO","BRCA","1",0.99970155954361,"1"
"Drews","20",20261020,"TCGA-S3-AA12","BRCA","1",0.988368570804596,"1"
"Drews","20",20261020,"TCGA-V7-A7HQ","BRCA","2",0.7716304063797,"1"
"Drews","20",20261020,"TCGA-C5-A1BL","CESC","1",0.970963478088379,"1"
"Drews","20",20261020,"TCGA-C5-A1M6","CESC","1",0.999834895133972,"1"
"Drews","20",20261020,"TCGA-C5-A7UH","CESC","1",0.962006568908691,"1"
"Drews","20",20261020,"TCGA-C5-A7X5","CESC","1",0.999504446983337,"1"
"Drews","20",20261020,"TCGA-C5-A901","CESC","2",0.997504889965057,"1"
"Drews","20",20261020,"TCGA-DS-A0VN","CESC","1",0.957293927669525,"1"
"Drews","20",20261020,"TCGA-EK-A2RO","CESC","1",0.980639159679413,"1"
"Drews","20",20261020,"TCGA-HM-A6W2","CESC","1",0.962507247924805,"1"
"Drews","20",20261020,"TCGA-IR-A3LK","CESC","1",0.998866200447083,"1"
"Drews","20",20261020,"TCGA-Q1-A6DT","CESC","1",0.999968767166138,"1"
"Drews","20",20261020,"TCGA-VS-A8EH","CESC","1",0.97762805223465,"1"
"Drews","20",20261020,"TCGA-VS-A8EJ","CESC","1",0.999899983406067,"1"
"Drews","20",20261020,"TCGA-VS-A8QF","CESC","1",0.999044358730316,"1"
"Drews","20",20261020,"TCGA-VS-A9U7","CESC","1",0.770626783370972,"1"
"Drews","20",20261020,"TCGA-VS-A9UL","CESC","1",0.999807059764862,"1"
"Drews","20",20261020,"TCGA-VS-A9UO","CESC","1",0.999565184116364,"1"
"Drews","20",20261020,"TCGA-W5-AA38","CHOL","2",0.808534324169159,"1"
"Drews","20",20261020,"TCGA-A6-5660","COAD","1",0.792738020420074,"1"
"Drews","20",20261020,"TCGA-A6-6648","COAD","1",0.992221176624298,"1"
"Drews","20",20261020,"TCGA-AA-3679","COAD","1",0.996597349643707,"1"
"Drews","20",20261020,"TCGA-AA-3685","COAD","1",0.975476384162903,"1"
"Drews","20",20261020,"TCGA-AA-3819","COAD","2",0.617299556732178,"1"
"Drews","20",20261020,"TCGA-AA-3952","COAD","1",0.999588787555695,"1"
"Drews","20",20261020,"TCGA-AA-A00Z","COAD","1",0.912817060947418,"1"
"Drews","20",20261020,"TCGA-AZ-4308","COAD","1",0.995775520801544,"1"
"Drews","20",20261020,"TCGA-AZ-4615","COAD","2",0.0381418988108635,"2"
"Drews","20",20261020,"TCGA-CA-5797","COAD","1",0.974601209163666,"1"
"Drews","20",20261020,"TCGA-CA-6719","COAD","1",0.995369136333466,"1"
"Drews","20",20261020,"TCGA-CM-4746","COAD","2",0.611213326454163,"1"
"Drews","20",20261020,"TCGA-CM-6170","COAD","1",0.512248635292053,"1"
"Drews","20",20261020,"TCGA-D5-5537","COAD","2",0.215830713510513,"2"
"Drews","20",20261020,"TCGA-G4-6294","COAD","1",0.845075488090515,"1"
"Drews","20",20261020,"TCGA-G4-6299","COAD","1",0.990659892559052,"1"
"Drews","20",20261020,"TCGA-G4-6322","COAD","1",0.901140987873077,"1"
"Drews","20",20261020,"TCGA-G4-6323","COAD","2",0.00345331849530339,"2"
"Drews","20",20261020,"TCGA-NH-A6GB","COAD","1",0.9969322681427,"1"
"Drews","20",20261020,"TCGA-NH-A8F7","COAD","2",0.933014452457428,"1"
"Drews","20",20261020,"TCGA-QG-A5YX","COAD","2",0.941208064556122,"1"
"Drews","20",20261020,"TCGA-VB-A8QN","DLBC","1",0.992796003818512,"1"
"Drews","20",20261020,"TCGA-2H-A9GH","ESCA","1",0.999696135520935,"1"
"Drews","20",20261020,"TCGA-2H-A9GI","ESCA","1",0.995552957057953,"1"
"Drews","20",20261020,"TCGA-2H-A9GQ","ESCA","1",0.99992311000824,"1"
"Drews","20",20261020,"TCGA-IG-A3I8","ESCA","1",0.998384714126587,"1"
"Drews","20",20261020,"TCGA-JY-A938","ESCA","1",0.999639272689819,"1"
"Drews","20",20261020,"TCGA-L5-A43J","ESCA","1",0.99840372800827,"1"
"Drews","20",20261020,"TCGA-L5-A4OW","ESCA","1",0.999394774436951,"1"
"Drews","20",20261020,"TCGA-L5-A88V","ESCA","1",0.999951243400574,"1"
"Drews","20",20261020,"TCGA-LN-A49O","ESCA","1",0.997998654842377,"1"
"Drews","20",20261020,"TCGA-LN-A4A2","ESCA","1",0.999710142612457,"1"
"Drews","20",20261020,"TCGA-LN-A4MQ","ESCA","1",0.999935865402222,"1"
"Drews","20",20261020,"TCGA-R6-A6XG","ESCA","1",0.996797144412994,"1"
"Drews","20",20261020,"TCGA-V5-A7RB","ESCA","1",0.999911189079285,"1"
"Drews","20",20261020,"TCGA-V5-AASW","ESCA","1",0.999834537506104,"1"
"Drews","20",20261020,"TCGA-VR-A8EW","ESCA","1",0.999713122844696,"1"
"Drews","20",20261020,"TCGA-VR-A8EZ","ESCA","1",0.999365627765656,"1"
"Drews","20",20261020,"TCGA-VR-AA7B","ESCA","1",0.999995946884155,"1"
"Drews","20",20261020,"TCGA-XP-A8T6","ESCA","1",0.999942302703857,"1"
"Drews","20",20261020,"TCGA-06-0129","GBM","1",0.974015593528748,"1"
"Drews","20",20261020,"TCGA-06-5856","GBM","1",0.891573369503021,"1"
"Drews","20",20261020,"TCGA-26-1442","GBM","2",0.126728415489197,"2"
"Drews","20",20261020,"TCGA-28-5204","GBM","1",0.894947052001953,"1"
"Drews","20",20261020,"TCGA-28-5215","GBM","2",0.970506608486176,"1"
"Drews","20",20261020,"TCGA-76-4931","GBM","1",0.885813236236572,"1"
"Drews","20",20261020,"TCGA-BA-4075","HNSC","1",0.992451608181,"1"
"Drews","20",20261020,"TCGA-BA-7269","HNSC","1",0.999557197093964,"1"
"Drews","20",20261020,"TCGA-BA-A8YP","HNSC","1",0.999926924705505,"1"
"Drews","20",20261020,"TCGA-CN-6988","HNSC","1",0.99804151058197,"1"
"Drews","20",20261020,"TCGA-CN-6997","HNSC","1",0.9990513920784,"1"
"Drews","20",20261020,"TCGA-CN-A642","HNSC","2",0.43108281493187,"2"
"Drews","20",20261020,"TCGA-CQ-A4CI","HNSC","1",0.999092221260071,"1"
"Drews","20",20261020,"TCGA-CV-6937","HNSC","1",0.995152473449707,"1"
"Drews","20",20261020,"TCGA-CV-7178","HNSC","1",0.999749362468719,"1"
"Drews","20",20261020,"TCGA-CV-7255","HNSC","1",0.998846411705017,"1"
"Drews","20",20261020,"TCGA-CX-A4AQ","HNSC","2",0.994428277015686,"1"
"Drews","20",20261020,"TCGA-D6-A4Z9","HNSC","1",0.99921178817749,"1"
"Drews","20",20261020,"TCGA-D6-A4ZB","HNSC","1",0.999237179756165,"1"
"Drews","20",20261020,"TCGA-D6-A6EN","HNSC","2",0.438627272844315,"2"
"Drews","20",20261020,"TCGA-D6-A6EQ","HNSC","1",0.989166557788849,"1"
"Drews","20",20261020,"TCGA-D6-A6ES","HNSC","1",0.997894585132599,"1"
"Drews","20",20261020,"TCGA-F7-A61W","HNSC","1",0.999574601650238,"1"
"Drews","20",20261020,"TCGA-MT-A51X","HNSC","1",0.967398583889008,"1"
"Drews","20",20261020,"TCGA-MT-A7BN","HNSC","1",0.999461472034454,"1"
"Drews","20",20261020,"TCGA-MZ-A7D7","HNSC","1",0.995400965213776,"1"
"Drews","20",20261020,"TCGA-P3-A6T2","HNSC","2",0.93288642168045,"1"
"Drews","20",20261020,"TCGA-QK-A8ZA","HNSC","1",0.999899864196777,"1"
"Drews","20",20261020,"TCGA-UF-A71A","HNSC","1",0.999687790870667,"1"
"Drews","20",20261020,"TCGA-KL-8341","KICH","1",0.0775168016552925,"2"
"Drews","20",20261020,"TCGA-KL-8343","KICH","2",0.00149596517439932,"2"
"Drews","20",20261020,"TCGA-KL-8346","KICH","2",0.104728989303112,"2"
"Drews","20",20261020,"TCGA-KM-8443","KICH","1",0.00190554792061448,"2"
"Drews","20",20261020,"TCGA-KN-8421","KICH","2",0.0240014996379614,"2"
"Drews","20",20261020,"TCGA-KN-8429","KICH","2",0.0021404935978353,"2"
"Drews","20",20261020,"TCGA-KO-8413","KICH","2",0.00966792926192284,"2"
"Drews","20",20261020,"TCGA-A3-3317","KIRC","2",0.00818307511508465,"2"
"Drews","20",20261020,"TCGA-A3-3383","KIRC","2",0.00961908232420683,"2"
"Drews","20",20261020,"TCGA-AK-3453","KIRC","2",0.0519735515117645,"2"
"Drews","20",20261020,"TCGA-B0-5696","KIRC","2",0.000440442701801658,"2"
"Drews","20",20261020,"TCGA-B0-5703","KIRC","2",0.00030390260508284,"2"
"Drews","20",20261020,"TCGA-B8-5549","KIRC","2",0.000181330935447477,"2"
"Drews","20",20261020,"TCGA-BP-4963","KIRC","2",0.00787090323865414,"2"
"Drews","20",20261020,"TCGA-BP-4977","KIRC","2",0.00242746598087251,"2"
"Drews","20",20261020,"TCGA-BP-5178","KIRC","2",0.0118906991556287,"2"
"Drews","20",20261020,"TCGA-BP-5199","KIRC","2",0.00496294442564249,"2"
"Drews","20",20261020,"TCGA-BP-5200","KIRC","2",0.00195012125186622,"2"
"Drews","20",20261020,"TCGA-CZ-5457","KIRC","2",0.00248997728340328,"2"
"Drews","20",20261020,"TCGA-DV-5566","KIRC","2",0.00013953770394437,"2"
"Drews","20",20261020,"TCGA-DV-A4VX","KIRC","2",0.00634552072733641,"2"
"Drews","20",20261020,"TCGA-G6-A8L6","KIRC","2",0.0149550149217248,"2"
"Drews","20",20261020,"TCGA-4A-A93X","KIRP","2",0.0771906077861786,"2"
"Drews","20",20261020,"TCGA-A4-7287","KIRP","2",0.989797115325928,"1"
"Drews","20",20261020,"TCGA-A4-A5DU","KIRP","2",0.022091418504715,"2"
"Drews","20",20261020,"TCGA-B3-4104","KIRP","1",0.989190697669983,"1"
"Drews","20",20261020,"TCGA-BQ-7056","KIRP","2",0.22455058991909,"2"
"Drews","20",20261020,"TCGA-F9-A7VF","KIRP","2",0.00911193247884512,"2"
"Drews","20",20261020,"TCGA-G7-A8LC","KIRP","2",0.0383835360407829,"2"
"Drews","20",20261020,"TCGA-G7-A8LD","KIRP","1",0.992620587348938,"1"
"Drews","20",20261020,"TCGA-MH-A856","KIRP","1",0.00359014351852238,"2"
"Drews","20",20261020,"TCGA-DB-A4XG","LGG","2",0.00319936289452016,"2"
"Drews","20",20261020,"TCGA-DH-5142","LGG","2",0.38100928068161,"2"
"Drews","20",20261020,"TCGA-DU-6399","LGG","2",0.7407146692276,"1"
"Drews","20",20261020,"TCGA-DU-6410","LGG","2",0.0144738256931305,"2"
"Drews","20",20261020,"TCGA-DU-7019","LGG","1",0.0912805199623108,"2"
"Drews","20",20261020,"TCGA-DU-A7T6","LGG","1",0.396338015794754,"2"
"Drews","20",20261020,"TCGA-DU-A7T8","LGG","2",0.0699571669101715,"2"
"Drews","20",20261020,"TCGA-E1-A7YD","LGG","1",0.992686867713928,"1"
"Drews","20",20261020,"TCGA-FG-6690","LGG","2",0.0482078492641449,"2"
"Drews","20",20261020,"TCGA-FG-7641","LGG","2",0.00178991386201233,"2"
"Drews","20",20261020,"TCGA-HT-7471","LGG","2",0.00258721387945116,"2"
"Drews","20",20261020,"TCGA-HT-7480","LGG","2",0.000534138642251492,"2"
"Drews","20",20261020,"TCGA-HT-7875","LGG","2",0.00193465512711555,"2"
"Drews","20",20261020,"TCGA-HT-8011","LGG","2",0.862022042274475,"1"
"Drews","20",20261020,"TCGA-HT-A614","LGG","1",0.0976271629333496,"2"
"Drews","20",20261020,"TCGA-HW-8320","LGG","2",0.13969774544239,"2"
"Drews","20",20261020,"TCGA-P5-A5EZ","LGG","1",0.406577914953232,"2"
"Drews","20",20261020,"TCGA-P5-A730","LGG","2",0.0177033077925444,"2"
"Drews","20",20261020,"TCGA-QH-A6CW","LGG","2",0.663742899894714,"1"
"Drews","20",20261020,"TCGA-QH-A6CY","LGG","2",0.00355134112760425,"2"
"Drews","20",20261020,"TCGA-QH-A6X5","LGG","2",0.00211464450694621,"2"
"Drews","20",20261020,"TCGA-S9-A7R7","LGG","2",0.209977880120277,"2"
"Drews","20",20261020,"TCGA-TM-A7C5","LGG","2",0.0080224983394146,"2"
"Drews","20",20261020,"TCGA-VM-A8CA","LGG","2",0.0118357026949525,"2"
"Drews","20",20261020,"TCGA-2Y-A9H1","LIHC","1",0.478537112474442,"2"
"Drews","20",20261020,"TCGA-2Y-A9H3","LIHC","1",0.805835545063019,"1"
"Drews","20",20261020,"TCGA-2Y-A9H5","LIHC","1",0.905004501342773,"1"
"Drews","20",20261020,"TCGA-2Y-A9HA","LIHC","1",0.992001533508301,"1"
"Drews","20",20261020,"TCGA-2Y-A9HB","LIHC","1",0.181494012475014,"2"
"Drews","20",20261020,"TCGA-BC-A8YO","LIHC","1",0.998611927032471,"1"
"Drews","20",20261020,"TCGA-BD-A2L6","LIHC","2",0.982506632804871,"1"
"Drews","20",20261020,"TCGA-BW-A5NQ","LIHC","2",0.857543647289276,"1"
"Drews","20",20261020,"TCGA-DD-A11D","LIHC","1",0.125366985797882,"2"
"Drews","20",20261020,"TCGA-DD-A1EB","LIHC","1",0.567257940769196,"1"
"Drews","20",20261020,"TCGA-DD-AACE","LIHC","2",0.969993412494659,"1"
"Drews","20",20261020,"TCGA-DD-AADC","LIHC","1",0.996592581272125,"1"
"Drews","20",20261020,"TCGA-DD-AADD","LIHC","1",0.997071385383606,"1"
"Drews","20",20261020,"TCGA-DD-AADL","LIHC","1",0.997987389564514,"1"
"Drews","20",20261020,"TCGA-DD-AADP","LIHC","1",0.988447725772858,"1"
"Drews","20",20261020,"TCGA-DD-AAVW","LIHC","1",0.70926958322525,"1"
"Drews","20",20261020,"TCGA-ES-A2HT","LIHC","2",0.02237893268466,"2"
"Drews","20",20261020,"TCGA-FV-A23B","LIHC","1",0.739562571048737,"1"
"Drews","20",20261020,"TCGA-G3-A25Y","LIHC","1",0.990195572376251,"1"
"Drews","20",20261020,"TCGA-G3-AAUZ","LIHC","1",0.984553813934326,"1"
"Drews","20",20261020,"TCGA-WQ-AB4B","LIHC","2",0.634296715259552,"1"
"Drews","20",20261020,"TCGA-05-4422","LUAD","1",0.871361374855042,"1"
"Drews","20",20261020,"TCGA-05-4425","LUAD","2",0.973486006259918,"1"
"Drews","20",20261020,"TCGA-38-4629","LUAD","1",0.999673128128052,"1"
"Drews","20",20261020,"TCGA-44-7662","LUAD","1",0.999541401863098,"1"
"Drews","20",20261020,"TCGA-44-7669","LUAD","1",0.999121367931366,"1"
"Drews","20",20261020,"TCGA-50-5944","LUAD","1",0.966248273849487,"1"
"Drews","20",20261020,"TCGA-50-6591","LUAD","1",0.999894022941589,"1"
"Drews","20",20261020,"TCGA-50-7109","LUAD","1",0.996710777282715,"1"
"Drews","20",20261020,"TCGA-55-7576","LUAD","1",0.999338805675507,"1"
"Drews","20",20261020,"TCGA-55-7903","LUAD","1",0.999221682548523,"1"
"Drews","20",20261020,"TCGA-64-5779","LUAD","1",0.999108135700226,"1"
"Drews","20",20261020,"TCGA-67-3773","LUAD","1",0.593018114566803,"1"
"Drews","20",20261020,"TCGA-73-4677","LUAD","2",0.856247842311859,"1"
"Drews","20",20261020,"TCGA-78-7145","LUAD","1",0.999612987041473,"1"
"Drews","20",20261020,"TCGA-78-7147","LUAD","1",0.999666333198547,"1"
"Drews","20",20261020,"TCGA-78-7155","LUAD","1",0.99978107213974,"1"
"Drews","20",20261020,"TCGA-78-7161","LUAD","1",0.999948143959045,"1"
"Drews","20",20261020,"TCGA-78-7220","LUAD","1",0.99907386302948,"1"
"Drews","20",20261020,"TCGA-78-8662","LUAD","1",0.99989652633667,"1"
"Drews","20",20261020,"TCGA-91-6840","LUAD","1",0.998306274414062,"1"
"Drews","20",20261020,"TCGA-91-8499","LUAD","1",0.999358236789703,"1"
"Drews","20",20261020,"TCGA-95-7039","LUAD","1",0.995578825473785,"1"
"Drews","20",20261020,"TCGA-97-7546","LUAD","1",0.904826641082764,"1"
"Drews","20",20261020,"TCGA-97-8171","LUAD","1",0.825833022594452,"1"
"Drews","20",20261020,"TCGA-J2-A4AE","LUAD","1",0.66066586971283,"1"
"Drews","20",20261020,"TCGA-MP-A4T8","LUAD","1",0.996148943901062,"1"
"Drews","20",20261020,"TCGA-NJ-A4YP","LUAD","2",0.836212754249573,"1"
"Drews","20",20261020,"TCGA-21-1080","LUSC","1",0.999873280525208,"1"
"Drews","20",20261020,"TCGA-21-5783","LUSC","1",0.999819219112396,"1"
"Drews","20",20261020,"TCGA-21-5787","LUSC","1",0.996084332466125,"1"
"Drews","20",20261020,"TCGA-21-A5DI","LUSC","1",0.975834488868713,"1"
"Drews","20",20261020,"TCGA-22-4591","LUSC","1",0.999993562698364,"1"
"Drews","20",20261020,"TCGA-22-4593","LUSC","1",0.999632239341736,"1"
"Drews","20",20261020,"TCGA-22-5473","LUSC","1",0.99971467256546,"1"
"Drews","20",20261020,"TCGA-22-5491","LUSC","1",0.999279916286469,"1"
"Drews","20",20261020,"TCGA-33-AAS8","LUSC","1",0.999930024147034,"1"
"Drews","20",20261020,"TCGA-33-AASJ","LUSC","1",0.9980229139328,"1"
"Drews","20",20261020,"TCGA-34-8456","LUSC","1",0.997993350028992,"1"
"Drews","20",20261020,"TCGA-37-3789","LUSC","1",0.999863505363464,"1"
"Drews","20",20261020,"TCGA-39-5016","LUSC","1",0.995750308036804,"1"
"Drews","20",20261020,"TCGA-43-2581","LUSC","1",0.998022675514221,"1"
"Drews","20",20261020,"TCGA-43-6143","LUSC","1",0.999568164348602,"1"
"Drews","20",20261020,"TCGA-43-8118","LUSC","1",0.992333054542542,"1"
"Drews","20",20261020,"TCGA-56-7579","LUSC","1",0.999969720840454,"1"
"Drews","20",20261020,"TCGA-56-8628","LUSC","1",0.99470043182373,"1"
"Drews","20",20261020,"TCGA-56-A49D","LUSC","1",0.999701917171478,"1"
"Drews","20",20261020,"TCGA-58-A46L","LUSC","1",0.99989914894104,"1"
"Drews","20",20261020,"TCGA-60-2713","LUSC","1",0.999933838844299,"1"
"Drews","20",20261020,"TCGA-66-2756","LUSC","1",0.999882817268372,"1"
"Drews","20",20261020,"TCGA-66-2766","LUSC","1",0.99963915348053,"1"
"Drews","20",20261020,"TCGA-66-2768","LUSC","1",0.999890089035034,"1"
"Drews","20",20261020,"TCGA-66-2783","LUSC","1",0.999030947685242,"1"
"Drews","20",20261020,"TCGA-66-2793","LUSC","1",0.999918222427368,"1"
"Drews","20",20261020,"TCGA-66-2795","LUSC","1",0.999265134334564,"1"
"Drews","20",20261020,"TCGA-77-8148","LUSC","1",0.999973893165588,"1"
"Drews","20",20261020,"TCGA-85-A4QQ","LUSC","1",0.999287784099579,"1"
"Drews","20",20261020,"TCGA-90-A4EE","LUSC","1",0.923698008060455,"1"
"Drews","20",20261020,"TCGA-92-8065","LUSC","1",0.989879250526428,"1"
"Drews","20",20261020,"TCGA-98-A53A","LUSC","1",0.999961495399475,"1"
"Drews","20",20261020,"TCGA-LA-A7SW","LUSC","1",0.99987518787384,"1"
"Drews","20",20261020,"TCGA-NC-A5HT","LUSC","1",0.999601423740387,"1"
"Drews","20",20261020,"TCGA-MQ-A4LJ","MESO","1",0.199771702289581,"2"
"Drews","20",20261020,"TCGA-MQ-A6BS","MESO","1",0.827887177467346,"1"
"Drews","20",20261020,"TCGA-SC-A6LM","MESO","1",0.991391539573669,"1"
"Drews","20",20261020,"TCGA-TS-A8AY","MESO","1",0.806761384010315,"1"
"Drews","20",20261020,"TCGA-09-0364","OV","1",0.999907851219177,"1"
"Drews","20",20261020,"TCGA-09-1673","OV","1",0.99968421459198,"1"
"Drews","20",20261020,"TCGA-09-1674","OV","1",0.999965786933899,"1"
"Drews","20",20261020,"TCGA-10-0928","OV","1",0.999186813831329,"1"
"Drews","20",20261020,"TCGA-13-0800","OV","1",0.998244524002075,"1"
"Drews","20",20261020,"TCGA-13-0899","OV","1",0.999967575073242,"1"
"Drews","20",20261020,"TCGA-13-1498","OV","1",0.999735653400421,"1"
"Drews","20",20261020,"TCGA-13-1505","OV","1",0.999939918518066,"1"
"Drews","20",20261020,"TCGA-20-1682","OV","1",0.999987244606018,"1"
"Drews","20",20261020,"TCGA-20-1685","OV","1",0.999969601631165,"1"
"Drews","20",20261020,"TCGA-23-1027","OV","1",0.999669671058655,"1"
"Drews","20",20261020,"TCGA-23-1029","OV","1",0.999966502189636,"1"
"Drews","20",20261020,"TCGA-23-1123","OV","1",0.999923348426819,"1"
"Drews","20",20261020,"TCGA-24-1430","OV","1",0.999276101589203,"1"
"Drews","20",20261020,"TCGA-24-1551","OV","1",0.999208152294159,"1"
"Drews","20",20261020,"TCGA-24-2289","OV","1",0.999991178512573,"1"
"Drews","20",20261020,"TCGA-25-1315","OV","1",0.999974012374878,"1"
"Drews","20",20261020,"TCGA-25-2392","OV","1",0.999979257583618,"1"
"Drews","20",20261020,"TCGA-25-2397","OV","1",0.999557316303253,"1"
"Drews","20",20261020,"TCGA-29-1695","OV","1",0.999990344047546,"1"
"Drews","20",20261020,"TCGA-29-1696","OV","1",0.996810019016266,"1"
"Drews","20",20261020,"TCGA-29-1699","OV","1",0.999979853630066,"1"
"Drews","20",20261020,"TCGA-29-1702","OV","1",0.999973177909851,"1"
"Drews","20",20261020,"TCGA-29-1783","OV","1",0.999823033809662,"1"
"Drews","20",20261020,"TCGA-30-1718","OV","1",0.999974131584167,"1"
"Drews","20",20261020,"TCGA-30-1855","OV","1",0.999994158744812,"1"
"Drews","20",20261020,"TCGA-30-1857","OV","1",0.999858856201172,"1"
"Drews","20",20261020,"TCGA-59-2352","OV","1",0.999843001365662,"1"
"Drews","20",20261020,"TCGA-5X-AA5U","OV","1",0.999350130558014,"1"
"Drews","20",20261020,"TCGA-61-1738","OV","1",0.999735653400421,"1"
"Drews","20",20261020,"TCGA-61-2008","OV","1",0.99986743927002,"1"
"Drews","20",20261020,"TCGA-61-2095","OV","2",0.844598233699799,"1"
"Drews","20",20261020,"TCGA-WR-A838","OV","1",0.999816954135895,"1"
"Drews","20",20261020,"TCGA-3A-A9IC","PAAD","1",0.998404800891876,"1"
"Drews","20",20261020,"TCGA-FB-A78T","PAAD","1",0.499109417200089,"2"
"Drews","20",20261020,"TCGA-FB-AAPZ","PAAD","1",0.968691408634186,"1"
"Drews","20",20261020,"TCGA-HZ-A9TJ","PAAD","1",0.901598453521729,"1"
"Drews","20",20261020,"TCGA-IB-7646","PAAD","1",0.46338215470314,"2"
"Drews","20",20261020,"TCGA-QR-A7IN","PCPG","2",0.196610942482948,"2"
"Drews","20",20261020,"TCGA-S7-A7WP","PCPG","2",0.411128848791122,"2"
"Drews","20",20261020,"TCGA-SQ-A6I6","PCPG","2",0.0528600439429283,"2"
"Drews","20",20261020,"TCGA-SR-A6MP","PCPG","1",0.0907774120569229,"2"
"Drews","20",20261020,"TCGA-SR-A6MZ","PCPG","2",0.00255218660458922,"2"
"Drews","20",20261020,"TCGA-TT-A6YK","PCPG","2",0.0800470560789108,"2"
"Drews","20",20261020,"TCGA-TT-A6YP","PCPG","2",0.00696393102407455,"2"
"Drews","20",20261020,"TCGA-W2-A7HB","PCPG","2",0.0504614934325218,"2"
"Drews","20",20261020,"TCGA-WB-A814","PCPG","2",0.231813386082649,"2"
"Drews","20",20261020,"TCGA-WB-A821","PCPG","2",0.00614759139716625,"2"
"Drews","20",20261020,"TCGA-2A-A8W1","PRAD","1",0.984114408493042,"1"
"Drews","20",20261020,"TCGA-CH-5737","PRAD","1",0.555790722370148,"1"
"Drews","20",20261020,"TCGA-EJ-7782","PRAD","1",0.974939227104187,"1"
"Drews","20",20261020,"TCGA-G9-6496","PRAD","1",0.9906365275383,"1"
"Drews","20",20261020,"TCGA-HC-8265","PRAD","1",0.803279995918274,"1"
"Drews","20",20261020,"TCGA-HC-A631","PRAD","1",0.985600471496582,"1"
"Drews","20",20261020,"TCGA-HI-7171","PRAD","1",0.953436315059662,"1"
"Drews","20",20261020,"TCGA-KK-A7AQ","PRAD","1",0.996510922908783,"1"
"Drews","20",20261020,"TCGA-TP-A8TV","PRAD","1",0.996128559112549,"1"
"Drews","20",20261020,"TCGA-V1-A8WW","PRAD","1",0.999217391014099,"1"
"Drews","20",20261020,"TCGA-V1-A9OL","PRAD","1",0.999734103679657,"1"
"Drews","20",20261020,"TCGA-XJ-A83H","PRAD","2",0.905946671962738,"1"
"Drews","20",20261020,"TCGA-XK-AAJP","PRAD","1",0.997022449970245,"1"
"Drews","20",20261020,"TCGA-YL-A8S8","PRAD","1",0.997740983963013,"1"
"Drews","20",20261020,"TCGA-YL-A8SO","PRAD","1",0.997717976570129,"1"
"Drews","20",20261020,"TCGA-YL-A9WI","PRAD","1",0.993681073188782,"1"
"Drews","20",20261020,"TCGA-ZG-A8QY","PRAD","1",0.919122457504272,"1"
"Drews","20",20261020,"TCGA-ZG-A9N3","PRAD","1",0.999850392341614,"1"
"Drews","20",20261020,"TCGA-AG-3592","READ","1",0.964235961437225,"1"
"Drews","20",20261020,"TCGA-AG-3594","READ","1",0.997218370437622,"1"
"Drews","20",20261020,"TCGA-AG-3890","READ","1",0.906262516975403,"1"
"Drews","20",20261020,"TCGA-AG-A01J","READ","1",0.990939855575562,"1"
"Drews","20",20261020,"TCGA-AH-6643","READ","1",0.922264814376831,"1"
"Drews","20",20261020,"TCGA-DC-5869","READ","2",0.975616812705994,"1"
"Drews","20",20261020,"TCGA-DC-6682","READ","1",0.994126319885254,"1"
"Drews","20",20261020,"TCGA-DY-A1DG","READ","1",0.994873583316803,"1"
"Drews","20",20261020,"TCGA-DY-A1H8","READ","1",0.32080751657486,"2"
"Drews","20",20261020,"TCGA-3B-A9HI","SARC","1",0.979983508586884,"1"
"Drews","20",20261020,"TCGA-3B-A9HS","SARC","1",0.998088300228119,"1"
"Drews","20",20261020,"TCGA-3B-A9HV","SARC","1",0.999629616737366,"1"
"Drews","20",20261020,"TCGA-DX-A23Y","SARC","1",0.997281193733215,"1"
"Drews","20",20261020,"TCGA-DX-A2J0","SARC","1",0.989922821521759,"1"
"Drews","20",20261020,"TCGA-DX-A3U7","SARC","1",0.999005377292633,"1"
"Drews","20",20261020,"TCGA-DX-A48N","SARC","1",0.995237708091736,"1"
"Drews","20",20261020,"TCGA-DX-A6B8","SARC","1",0.99903666973114,"1"
"Drews","20",20261020,"TCGA-DX-A6BF","SARC","1",0.993892312049866,"1"
"Drews","20",20261020,"TCGA-DX-A6YV","SARC","1",0.999725520610809,"1"
"Drews","20",20261020,"TCGA-DX-A7EL","SARC","1",0.57058721780777,"1"
"Drews","20",20261020,"TCGA-DX-A8BJ","SARC","1",0.997099637985229,"1"
"Drews","20",20261020,"TCGA-DX-A8BK","SARC","1",0.973099946975708,"1"
"Drews","20",20261020,"TCGA-DX-A8BT","SARC","1",0.986627638339996,"1"
"Drews","20",20261020,"TCGA-DX-A8BV","SARC","1",0.997603237628937,"1"
"Drews","20",20261020,"TCGA-DX-AB2Q","SARC","1",0.999581396579742,"1"
"Drews","20",20261020,"TCGA-DX-AB2W","SARC","1",0.998188197612762,"1"
"Drews","20",20261020,"TCGA-DX-AB2X","SARC","1",0.998417019844055,"1"
"Drews","20",20261020,"TCGA-DX-AB3B","SARC","1",0.92831414937973,"1"
"Drews","20",20261020,"TCGA-FX-A3NK","SARC","1",0.97601717710495,"1"
"Drews","20",20261020,"TCGA-FX-A3RE","SARC","1",0.995685696601868,"1"
"Drews","20",20261020,"TCGA-JV-A5VF","SARC","1",0.997955560684204,"1"
"Drews","20",20261020,"TCGA-KF-A41W","SARC","1",0.999778687953949,"1"
"Drews","20",20261020,"TCGA-SI-AA8C","SARC","1",0.975959479808807,"1"
"Drews","20",20261020,"TCGA-BF-A3DJ","SKCM","2",0.982195317745209,"1"
"Drews","20",20261020,"TCGA-EB-A430","SKCM","2",0.308017760515213,"2"
"Drews","20",20261020,"TCGA-EB-A553","SKCM","1",0.833381950855255,"1"
"Drews","20",20261020,"TCGA-EB-A57M","SKCM","1",0.996639609336853,"1"
"Drews","20",20261020,"TCGA-EB-A5VU","SKCM","1",0.996842384338379,"1"
"Drews","20",20261020,"TCGA-XV-A9W5","SKCM","1",0.996152937412262,"1"
"Drews","20",20261020,"TCGA-XV-AAZW","SKCM","1",0.914766252040863,"1"
"Drews","20",20261020,"TCGA-XV-AAZY","SKCM","1",0.735622107982635,"1"
"Drews","20",20261020,"TCGA-BR-4362","STAD","2",0.941276788711548,"1"
"Drews","20",20261020,"TCGA-BR-4371","STAD","2",0.369157642126083,"2"
"Drews","20",20261020,"TCGA-BR-6456","STAD","1",0.998434126377106,"1"
"Drews","20",20261020,"TCGA-BR-7703","STAD","1",0.282300114631653,"2"
"Drews","20",20261020,"TCGA-BR-8487","STAD","2",0.498696863651276,"2"
"Drews","20",20261020,"TCGA-BR-A4CS","STAD","1",0.996805667877197,"1"
"Drews","20",20261020,"TCGA-BR-A4J1","STAD","1",0.997500717639923,"1"
"Drews","20",20261020,"TCGA-BR-A4PE","STAD","1",0.99469792842865,"1"
"Drews","20",20261020,"TCGA-CD-A4MJ","STAD","2",0.105094462633133,"2"
"Drews","20",20261020,"TCGA-CG-4301","STAD","1",0.972109615802765,"1"
"Drews","20",20261020,"TCGA-CG-4304","STAD","1",0.952720522880554,"1"
"Drews","20",20261020,"TCGA-CG-4475","STAD","1",0.999934434890747,"1"
"Drews","20",20261020,"TCGA-CG-5724","STAD","1",0.999732434749603,"1"
"Drews","20",20261020,"TCGA-CG-5725","STAD","1",0.999821960926056,"1"
"Drews","20",20261020,"TCGA-EQ-A4SO","STAD","1",0.993028581142426,"1"
"Drews","20",20261020,"TCGA-FP-8099","STAD","1",0.99914538860321,"1"
"Drews","20",20261020,"TCGA-HU-A4GH","STAD","1",0.999866127967834,"1"
"Drews","20",20261020,"TCGA-HU-A4HD","STAD","1",0.999591290950775,"1"
"Drews","20",20261020,"TCGA-IN-A6RS","STAD","1",0.987543940544128,"1"
"Drews","20",20261020,"TCGA-IN-AB1X","STAD","1",0.836313486099243,"1"
"Drews","20",20261020,"TCGA-IP-7968","STAD","1",0.999765694141388,"1"
"Drews","20",20261020,"TCGA-RD-A8N6","STAD","1",0.999855875968933,"1"
"Drews","20",20261020,"TCGA-VQ-A8PU","STAD","1",0.999853134155273,"1"
"Drews","20",20261020,"TCGA-VQ-A91V","STAD","1",0.999277174472809,"1"
"Drews","20",20261020,"TCGA-VQ-A925","STAD","1",0.999931335449219,"1"
"Drews","20",20261020,"TCGA-VQ-A92D","STAD","1",0.996459543704987,"1"
"Drews","20",20261020,"TCGA-VQ-AA64","STAD","1",0.999905228614807,"1"
"Drews","20",20261020,"TCGA-2G-AAFN","TGCT","1",0.99809867143631,"1"
"Drews","20",20261020,"TCGA-2G-AAHL","TGCT","2",0.755938172340393,"1"
"Drews","20",20261020,"TCGA-S6-A8JW","TGCT","2",0.262263894081116,"2"
"Drews","20",20261020,"TCGA-XE-AAOF","TGCT","2",0.560467779636383,"1"
"Drews","20",20261020,"TCGA-EL-A3CX","THCA","2",0.0508472807705402,"2"
"Drews","20",20261020,"TCGA-EM-A3AI","THCA","2",0.00205469084903598,"2"
"Drews","20",20261020,"TCGA-5U-AB0D","THYM","1",0.996199190616608,"1"
"Drews","20",20261020,"TCGA-A5-A1OG","UCEC","1",0.999022603034973,"1"
"Drews","20",20261020,"TCGA-A5-A2K4","UCEC","1",0.997951567173004,"1"
"Drews","20",20261020,"TCGA-AJ-A3EM","UCEC","1",0.995190858840942,"1"
"Drews","20",20261020,"TCGA-AJ-A3NG","UCEC","2",0.646290719509125,"1"
"Drews","20",20261020,"TCGA-AP-A05D","UCEC","1",0.999723851680756,"1"
"Drews","20",20261020,"TCGA-AX-A0IW","UCEC","1",0.999737560749054,"1"
"Drews","20",20261020,"TCGA-AX-A2HK","UCEC","1",0.999305129051208,"1"
"Drews","20",20261020,"TCGA-AX-A3FW","UCEC","1",0.979976177215576,"1"
"Drews","20",20261020,"TCGA-B5-A0JN","UCEC","1",0.999877095222473,"1"
"Drews","20",20261020,"TCGA-B5-A0JS","UCEC","1",0.00722045823931694,"2"
"Drews","20",20261020,"TCGA-B5-A0JV","UCEC","1",0.0383083745837212,"2"
"Drews","20",20261020,"TCGA-B5-A0K3","UCEC","1",0.999539017677307,"1"
"Drews","20",20261020,"TCGA-B5-A0KB","UCEC","1",0.996672391891479,"1"
"Drews","20",20261020,"TCGA-B5-A11I","UCEC","1",0.999981641769409,"1"
"Drews","20",20261020,"TCGA-B5-A3S1","UCEC","1",0.981361329555511,"1"
"Drews","20",20261020,"TCGA-BG-A0M6","UCEC","1",0.999843716621399,"1"
"Drews","20",20261020,"TCGA-D1-A169","UCEC","2",0.856809675693512,"1"
"Drews","20",20261020,"TCGA-D1-A16I","UCEC","1",0.999680876731873,"1"
"Drews","20",20261020,"TCGA-D1-A17R","UCEC","2",0.406762212514877,"2"
"Drews","20",20261020,"TCGA-D1-A1O0","UCEC","1",0.997625648975372,"1"
"Drews","20",20261020,"TCGA-D1-A3JQ","UCEC","1",0.997774660587311,"1"
"Drews","20",20261020,"TCGA-DI-A2QY","UCEC","1",0.996731519699097,"1"
"Drews","20",20261020,"TCGA-EY-A1GC","UCEC","1",0.994579553604126,"1"
"Drews","20",20261020,"TCGA-EY-A1GR","UCEC","1",0.999442994594574,"1"
"Drews","20",20261020,"TCGA-EY-A2OQ","UCEC","1",0.990878880023956,"1"
"Drews","20",20261020,"TCGA-EY-A547","UCEC","1",0.99291718006134,"1"
"Drews","20",20261020,"TCGA-EY-A72D","UCEC","1",0.99957412481308,"1"
"Drews","20",20261020,"TCGA-FI-A2CY","UCEC","1",0.999818980693817,"1"
"Drews","20",20261020,"TCGA-FI-A2EW","UCEC","1",0.992754638195038,"1"
"Drews","20",20261020,"TCGA-KP-A3VZ","UCEC","1",0.999922513961792,"1"
"Drews","20",20261020,"TCGA-KP-A3W0","UCEC","1",0.996954083442688,"1"
"Drews","20",20261020,"TCGA-KP-A3W4","UCEC","1",0.974211752414703,"1"
"Drews","20",20261020,"TCGA-PG-A914","UCEC","1",0.999939441680908,"1"
"Drews","20",20261020,"TCGA-PG-A915","UCEC","1",0.999375760555267,"1"
"Drews","20",20261020,"TCGA-N5-A4RN","UCS","1",0.999864101409912,"1"
"Drews","20",20261020,"TCGA-N5-A59F","UCS","1",0.997866690158844,"1"
"Drews","20",20261020,"TCGA-N6-A4VC","UCS","1",0.999695181846619,"1"
"Drews","20",20261020,"TCGA-N8-A4PQ","UCS","1",0.999404549598694,"1"
"Drews","20",20261020,"TCGA-N9-A4PZ","UCS","1",0.998968243598938,"1"
"Drews","20",20261020,"TCGA-N9-A4Q3","UCS","1",0.999713480472565,"1"
"Drews","20",20261020,"TCGA-ND-A4W6","UCS","1",0.999626278877258,"1"
"Drews","20",20261020,"TCGA-V4-A9E5","UVM","2",0.214742094278336,"2"
"Drews","20",20261020,"TCGA-V4-A9EK","UVM","1",0.0344157367944717,"2"
"Drews","20",20261020,"TCGA-V4-A9F5","UVM","2",0.00792013574391603,"2"
"Drews","20",20261020,"TCGA-VD-A8KN","UVM","2",0.00595651566982269,"2"
